hpt_bus,fault_bus,fault_type,r_fault,Vp,Vn,gate,iq,iq_ref,se_d,se_q,vdc_eq,vdc_min,v_load,clipped,dur,connect,reactive,limit,recover,survive,frt_pass,flags
7,2,sym3ph,0.3,0.6957,0.0,sym,0.27,0.3,-0.0244,-0.1996,0.8691,0.8691,0.6957,1,0.625,1,1,1,1,1,1,
7,2,sym3ph,0.6,0.8103,0.0,sym,0.27,0.1345,-0.0223,-0.1974,0.8746,0.8746,0.8103,1,0.625,1,0,1,1,1,0,
7,2,sym3ph,1.0,0.8636,0.0,sym,0.249,0.0546,0.0059,-0.1903,0.8706,0.8706,0.8663,0,0.625,1,0,1,1,1,0,
7,2,sym3ph,1.8,0.9007,0.0,normal,0.0135,0.0,0.0292,-0.0242,0.9312,0.9312,0.9007,0,0.625,1,1,1,1,1,1,
7,2,sym3ph,3.0,0.9209,0.0,normal,0.0129,0.0,0.0292,-0.0232,0.9318,0.9318,0.9209,0,0.625,1,1,1,1,1,1,
7,2,sym3ph,6.0,0.9364,0.0,normal,0.0128,0.0,0.0283,-0.0201,0.9351,0.9351,0.9364,0,0.625,1,1,1,1,1,1,
7,2,sym3ph,12.0,0.9444,0.0,normal,0.0127,0.0,0.0277,-0.018,0.9373,0.9373,0.9444,0,0.625,1,1,1,1,1,1,
7,2,sym3ph,30.0,0.9492,0.0,normal,0.0126,0.0,0.0273,-0.0167,0.9388,0.9388,0.9492,0,0.625,1,1,1,1,1,1,
7,3,sym3ph,0.3,0.3252,0.0,sym,0.27,0.3,0.0184,-0.1999,0.7988,0.7988,0.3339,1,0.3,1,1,1,1,1,1,
7,3,sym3ph,0.6,0.4831,0.0,sym,0.27,0.3,-0.005,-0.1999,0.8553,0.8553,0.4831,1,0.3,1,1,1,1,1,1,
7,3,sym3ph,1.8,0.6895,0.0,sym,0.27,0.3,-0.0238,-0.1997,0.8688,0.8688,0.6895,1,0.625,1,1,1,1,1,1,
7,3,sym3ph,3.0,0.7802,0.0,sym,0.27,0.1797,-0.0302,-0.1987,0.8729,0.8729,0.7802,1,0.625,1,1,1,1,1,1,
7,3,sym3ph,6.0,0.8603,0.0,sym,0.2511,0.0595,0.0041,-0.191,0.8734,0.8734,0.8622,0,0.625,1,0,1,1,1,0,
7,3,sym3ph,12.0,0.9038,0.0,normal,0.0134,0.0,0.0292,-0.0245,0.931,0.931,0.9038,0,0.625,1,1,1,1,1,1,
7,3,sym3ph,30.0,0.9325,0.0,normal,0.0128,0.0,0.0286,-0.0209,0.9341,0.9341,0.9325,0,0.625,1,1,1,1,1,1,
7,4,sym3ph,0.3,0.2342,0.0,sym,0.27,0.3,0.0256,-0.1999,0.7795,0.7795,0.2463,1,0.3,1,1,1,1,1,1,
7,4,sym3ph,0.6,0.3678,0.0,sym,0.27,0.3,0.0152,-0.1999,0.8125,0.8125,0.3749,1,0.3,1,1,1,1,1,1,
7,4,sym3ph,1.0,0.4876,0.0,sym,0.27,0.3,-0.0057,-0.1999,0.8557,0.8557,0.4876,1,0.3,1,1,1,1,1,1,
7,4,sym3ph,3.0,0.6978,0.0,sym,0.27,0.3,-0.0245,-0.1996,0.8692,0.8692,0.6978,1,0.625,1,1,1,1,1,1,
7,4,sym3ph,6.0,0.8104,0.0,sym,0.27,0.1344,-0.0223,-0.1974,0.8746,0.8746,0.8104,1,0.625,1,0,1,1,1,0,
7,4,sym3ph,12.0,0.8774,0.0,sym,0.2406,0.0339,0.0133,-0.1868,0.8594,0.8594,0.8837,0,0.625,1,0,1,1,1,0,
7,4,sym3ph,30.0,0.9207,0.0,normal,0.0129,0.0,0.0292,-0.0232,0.9318,0.9318,0.9207,0,0.625,1,1,1,1,1,1,
7,5,sym3ph,0.3,0.1819,0.0,sym,0.27,0.3,0.0281,-0.1999,0.7746,0.7747,0.1951,1,0.15,0,1,1,1,1,0,
7,5,sym3ph,0.6,0.2962,0.0,sym,0.27,0.3,0.021,-0.1999,0.7882,0.7882,0.306,1,0.3,1,1,1,1,1,1,
7,5,sym3ph,1.0,0.4075,0.0,sym,0.27,0.3,0.0118,-0.1999,0.8246,0.8246,0.4131,1,0.3,1,1,1,1,1,1,
7,5,sym3ph,1.8,0.5395,0.0,sym,0.27,0.3,-0.0089,-0.1999,0.86,0.86,0.5395,1,0.625,1,1,1,1,1,1,
7,5,sym3ph,3.0,0.6308,0.0,sym,0.27,0.3,-0.0103,-0.1998,0.8659,0.8659,0.6308,1,0.625,1,1,1,1,1,1,
7,5,sym3ph,6.0,0.7641,0.0,sym,0.27,0.2038,-0.0319,-0.199,0.8722,0.8722,0.7641,1,0.625,1,1,1,1,1,1,
7,5,sym3ph,12.0,0.8505,0.0,sym,0.2567,0.0742,-0.0018,-0.1928,0.8795,0.8795,0.8505,0,0.625,1,0,1,1,1,0,
7,5,sym3ph,30.0,0.9088,0.0,normal,0.0132,0.0,0.0293,-0.0246,0.9308,0.9308,0.9088,0,0.625,1,1,1,1,1,1,
7,6,sym3ph,0.3,0.1138,0.0,sym,0.27,0.3,0.0341,-0.1999,0.7632,0.7633,0.1299,1,0.15,0,1,1,1,1,0,
7,6,sym3ph,0.6,0.1996,0.0,sym,0.27,0.3,0.0272,-0.1999,0.7763,0.7764,0.2124,1,0.15,1,1,1,1,1,1,
7,6,sym3ph,1.0,0.2921,0.0,sym,0.27,0.3,0.0214,-0.1999,0.7874,0.7874,0.3022,1,0.3,1,1,1,1,1,1,
7,6,sym3ph,1.8,0.426,0.0,sym,0.27,0.3,0.0102,-0.1999,0.8299,0.8299,0.4308,1,0.3,1,1,1,1,1,1,
7,6,sym3ph,3.0,0.5441,0.0,sym,0.27,0.3,-0.0088,-0.1999,0.8603,0.8603,0.5441,1,0.625,1,1,1,1,1,1,
7,6,sym3ph,6.0,0.679,0.0,sym,0.27,0.3,-0.0219,-0.1997,0.8683,0.8683,0.679,1,0.625,1,1,1,1,1,1,
7,6,sym3ph,12.0,0.7977,0.0,sym,0.27,0.1535,-0.0261,-0.1981,0.8739,0.8739,0.7977,1,0.625,1,1,1,1,1,1,
7,6,sym3ph,30.0,0.8859,0.0,sym,0.2354,0.0212,0.0177,-0.1845,0.8528,0.8528,0.8942,0,0.625,1,0,1,1,1,0,
7,7,sym3ph,0.3,0.0921,0.0,sym,0.27,0.3,0.0365,-0.1999,0.7587,0.7588,0.1093,1,0.15,0,1,1,1,1,0,
7,7,sym3ph,0.6,0.17,0.0,sym,0.27,0.3,0.0285,-0.1999,0.7739,0.7739,0.1834,1,0.15,0,1,1,1,1,0,
7,7,sym3ph,1.0,0.2567,0.0,sym,0.27,0.3,0.0244,-0.1999,0.7817,0.7817,0.2682,1,0.3,1,1,1,1,1,1,
7,7,sym3ph,1.8,0.3876,0.0,sym,0.27,0.3,0.0135,-0.1999,0.8187,0.8187,0.3939,1,0.3,1,1,1,1,1,1,
7,7,sym3ph,3.0,0.5118,0.0,sym,0.27,0.3,-0.0089,-0.1999,0.8578,0.8578,0.5118,1,0.625,1,1,1,1,1,1,
7,7,sym3ph,6.0,0.6539,0.0,sym,0.27,0.3,-0.0155,-0.1998,0.8671,0.8671,0.6539,1,0.625,1,1,1,1,1,1,
7,7,sym3ph,12.0,0.783,0.0,sym,0.27,0.1756,-0.0299,-0.1987,0.8731,0.8731,0.783,1,0.625,1,1,1,1,1,1,
7,7,sym3ph,30.0,0.8797,0.0,sym,0.2392,0.0305,0.0145,-0.1861,0.8577,0.8577,0.8865,0,0.625,1,0,1,1,1,0,
7,8,sym3ph,0.3,0.4304,0.0,sym,0.27,0.3,0.0098,-0.1999,0.8313,0.8313,0.435,1,0.15,1,1,1,1,1,1,
7,8,sym3ph,0.6,0.4559,0.0,sym,0.27,0.3,0.0027,-0.1999,0.8475,0.8475,0.4571,1,0.15,1,1,1,1,1,1,
7,8,sym3ph,1.0,0.4871,0.0,sym,0.27,0.3,-0.0056,-0.1999,0.8557,0.8557,0.4871,1,0.15,1,1,1,1,1,1,
7,8,sym3ph,1.8,0.5398,0.0,sym,0.27,0.3,-0.0089,-0.1999,0.86,0.86,0.5398,1,0.3,1,1,1,1,1,1,
7,8,sym3ph,3.0,0.6018,0.0,sym,0.27,0.3,-0.007,-0.1999,0.8642,0.8642,0.6018,1,0.3,1,1,1,1,1,1,
7,8,sym3ph,6.0,0.7064,0.0,sym,0.27,0.2904,-0.0263,-0.1995,0.8697,0.8697,0.7064,1,0.625,1,1,1,1,1,1,
7,8,sym3ph,12.0,0.7948,0.0,sym,0.27,0.1579,-0.027,-0.1983,0.8737,0.8737,0.7948,1,0.625,1,1,1,1,1,1,
7,8,sym3ph,30.0,0.8814,0.0,sym,0.2381,0.0279,0.0154,-0.1856,0.8564,0.8564,0.8886,0,0.625,1,0,1,1,1,0,
7,9,sym3ph,0.3,0.5257,0.0,sym,0.27,0.3,-0.0092,-0.1999,0.859,0.859,0.5257,1,0.15,1,1,1,1,1,1,
7,9,sym3ph,0.6,0.5417,0.0,sym,0.27,0.3,-0.0088,-0.1999,0.8602,0.8602,0.5417,1,0.15,1,1,1,1,1,1,
7,9,sym3ph,1.0,0.5617,0.0,sym,0.27,0.3,-0.0081,-0.1999,0.8616,0.8616,0.5617,1,0.15,1,1,1,1,1,1,
7,9,sym3ph,1.8,0.5984,0.0,sym,0.27,0.3,-0.007,-0.1999,0.864,0.864,0.5984,1,0.3,1,1,1,1,1,1,
7,9,sym3ph,3.0,0.6481,0.0,sym,0.27,0.3,-0.0139,-0.1998,0.8668,0.8668,0.6481,1,0.3,1,1,1,1,1,1,
7,9,sym3ph,6.0,0.7299,0.0,sym,0.27,0.2551,-0.0333,-0.1993,0.8708,0.8708,0.7299,1,0.3,1,1,1,1,1,1,
7,9,sym3ph,12.0,0.8021,0.0,sym,0.27,0.1468,-0.0248,-0.1979,0.8741,0.8741,0.8021,1,0.625,1,0,1,1,1,0,
7,9,sym3ph,30.0,0.8826,0.0,sym,0.2374,0.0261,0.016,-0.1853,0.8554,0.8554,0.8902,0,0.625,1,0,1,1,1,0,
7,10,sym3ph,0.3,0.5906,0.0,sym,0.27,0.3,-0.0069,-0.1999,0.8635,0.8635,0.5906,1,0.15,1,1,1,1,1,1,
7,10,sym3ph,0.6,0.6032,0.0,sym,0.27,0.3,-0.007,-0.1999,0.8643,0.8643,0.6032,1,0.15,1,1,1,1,1,1,
7,10,sym3ph,1.0,0.619,0.0,sym,0.27,0.3,-0.0087,-0.1998,0.8652,0.8652,0.619,1,0.15,1,1,1,1,1,1,
7,10,sym3ph,1.8,0.6481,0.0,sym,0.27,0.3,-0.0139,-0.1998,0.8668,0.8668,0.6481,1,0.15,1,1,1,1,1,1,
7,10,sym3ph,3.0,0.6852,0.0,sym,0.27,0.3,-0.0231,-0.1997,0.8686,0.8686,0.6852,1,0.3,1,1,1,1,1,1,
7,10,sym3ph,6.0,0.7485,0.0,sym,0.27,0.2273,-0.0337,-0.1991,0.8716,0.8716,0.7485,1,0.3,1,1,1,1,1,1,
7,10,sym3ph,12.0,0.8123,0.0,sym,0.27,0.1315,-0.0213,-0.1973,0.8748,0.8748,0.8123,1,0.625,1,0,1,1,1,0,
7,10,sym3ph,30.0,0.8839,0.0,sym,0.2366,0.0241,0.0167,-0.185,0.8543,0.8543,0.8918,0,0.625,1,0,1,1,1,0,
7,11,sym3ph,0.3,0.5997,0.0,sym,0.27,0.3,-0.007,-0.1999,0.8641,0.8641,0.5997,1,0.15,1,1,1,1,1,1,
7,11,sym3ph,0.6,0.6122,0.0,sym,0.27,0.3,-0.0078,-0.1998,0.8648,0.8648,0.6122,1,0.15,1,1,1,1,1,1,
7,11,sym3ph,1.0,0.6275,0.0,sym,0.27,0.3,-0.0099,-0.1998,0.8657,0.8657,0.6275,1,0.15,1,1,1,1,1,1,
7,11,sym3ph,1.8,0.6553,0.0,sym,0.27,0.3,-0.016,-0.1998,0.8672,0.8672,0.6553,1,0.15,1,1,1,1,1,1,
7,11,sym3ph,3.0,0.6908,0.0,sym,0.27,0.3,-0.0241,-0.1997,0.8689,0.8689,0.6908,1,0.3,1,1,1,1,1,1,
7,11,sym3ph,6.0,0.7519,0.0,sym,0.27,0.2221,-0.0332,-0.1991,0.8717,0.8717,0.7519,1,0.3,1,1,1,1,1,1,
7,11,sym3ph,12.0,0.8143,0.0,sym,0.27,0.1286,-0.02,-0.1971,0.8749,0.8749,0.8143,1,0.625,1,0,1,1,1,0,
7,11,sym3ph,30.0,0.8843,0.0,sym,0.2363,0.0236,0.0169,-0.1849,0.8541,0.8541,0.8922,0,0.625,1,0,1,1,1,0,
7,12,sym3ph,0.3,0.6173,0.0,sym,0.27,0.3,-0.0085,-0.1998,0.8651,0.8651,0.6173,1,0.15,1,1,1,1,1,1,
7,12,sym3ph,0.6,0.6285,0.0,sym,0.27,0.3,-0.01,-0.1998,0.8657,0.8658,0.6285,1,0.15,1,1,1,1,1,1,
7,12,sym3ph,1.0,0.6425,0.0,sym,0.27,0.3,-0.0124,-0.1998,0.8665,0.8665,0.6425,1,0.15,1,1,1,1,1,1,
7,12,sym3ph,1.8,0.6682,0.0,sym,0.27,0.3,-0.0195,-0.1997,0.8678,0.8678,0.6682,1,0.15,1,1,1,1,1,1,
7,12,sym3ph,3.0,0.7007,0.0,sym,0.27,0.2989,-0.0247,-0.1996,0.8694,0.8694,0.7007,1,0.3,1,1,1,1,1,1,
7,12,sym3ph,6.0,0.7581,0.0,sym,0.27,0.2129,-0.0324,-0.1991,0.872,0.872,0.7581,1,0.3,1,1,1,1,1,1,
7,12,sym3ph,12.0,0.8177,0.0,sym,0.27,0.1234,-0.0181,-0.1968,0.8752,0.8752,0.8177,1,0.625,1,0,1,1,1,0,
7,12,sym3ph,30.0,0.8849,0.0,sym,0.236,0.0227,0.0172,-0.1848,0.8536,0.8536,0.8929,0,0.625,1,0,1,1,1,0,
7,13,sym3ph,0.3,0.6793,0.0,sym,0.27,0.3,-0.022,-0.1997,0.8684,0.8684,0.6793,1,0.15,1,1,1,1,1,1,
7,13,sym3ph,0.6,0.6871,0.0,sym,0.27,0.3,-0.0234,-0.1997,0.8687,0.8688,0.6871,1,0.15,1,1,1,1,1,1,
7,13,sym3ph,1.0,0.6962,0.0,sym,0.27,0.3,-0.0244,-0.1996,0.8692,0.8692,0.6962,1,0.15,1,1,1,1,1,1,
7,13,sym3ph,1.8,0.713,0.0,sym,0.27,0.2805,-0.0285,-0.1994,0.87,0.87,0.713,1,0.15,1,1,1,1,1,1,
7,13,sym3ph,3.0,0.7352,0.0,sym,0.27,0.2472,-0.0345,-0.1992,0.871,0.871,0.7352,1,0.3,1,1,1,1,1,1,
7,13,sym3ph,6.0,0.7789,0.0,sym,0.27,0.1816,-0.0304,-0.1988,0.8729,0.8729,0.7789,1,0.3,1,1,1,1,1,1,
7,13,sym3ph,12.0,0.829,0.0,sym,0.267,0.1065,-0.0125,-0.1957,0.8764,0.8764,0.829,0,0.625,1,0,1,1,1,0,
7,13,sym3ph,30.0,0.8866,0.0,sym,0.235,0.0201,0.0181,-0.1844,0.8523,0.8523,0.8951,0,0.625,1,0,1,1,1,0,
7,14,sym3ph,0.3,0.6998,0.0,sym,0.27,0.3,-0.0246,-0.1996,0.8693,0.8694,0.6998,1,0.15,1,1,1,1,1,1,
7,14,sym3ph,0.6,0.7062,0.0,sym,0.27,0.2907,-0.0262,-0.1995,0.8696,0.8697,0.7062,1,0.15,1,1,1,1,1,1,
7,14,sym3ph,1.0,0.7137,0.0,sym,0.27,0.2794,-0.0288,-0.1994,0.87,0.87,0.7137,1,0.15,1,1,1,1,1,1,
7,14,sym3ph,1.8,0.7278,0.0,sym,0.27,0.2582,-0.0327,-0.1993,0.8707,0.8707,0.7278,1,0.15,1,1,1,1,1,1,
7,14,sym3ph,3.0,0.7467,0.0,sym,0.27,0.2299,-0.0339,-0.1991,0.8715,0.8715,0.7467,1,0.3,1,1,1,1,1,1,
7,14,sym3ph,6.0,0.7858,0.0,sym,0.27,0.1713,-0.0296,-0.1986,0.8732,0.8732,0.7858,1,0.3,1,1,1,1,1,1,
7,14,sym3ph,12.0,0.8325,0.0,sym,0.2652,0.1012,-0.0109,-0.1953,0.8769,0.8769,0.8325,0,0.625,1,0,1,1,1,0,
7,14,sym3ph,30.0,0.887,0.0,sym,0.2347,0.0195,0.0183,-0.1843,0.8519,0.8519,0.8956,0,0.625,1,0,1,1,1,0,
7,15,sym3ph,0.3,0.7162,0.0,sym,0.27,0.2757,-0.0298,-0.1994,0.8701,0.8702,0.7162,1,0.15,1,1,1,1,1,1,
7,15,sym3ph,0.6,0.7219,0.0,sym,0.27,0.2672,-0.0312,-0.1994,0.8704,0.8704,0.7219,1,0.15,1,1,1,1,1,1,
7,15,sym3ph,1.0,0.7284,0.0,sym,0.27,0.2574,-0.0329,-0.1993,0.8707,0.8707,0.7284,1,0.15,1,1,1,1,1,1,
7,15,sym3ph,1.8,0.7406,0.0,sym,0.27,0.239,-0.0343,-0.1992,0.8712,0.8713,0.7406,1,0.15,1,1,1,1,1,1,
7,15,sym3ph,3.0,0.7576,0.0,sym,0.27,0.2136,-0.0325,-0.1991,0.872,0.872,0.7576,1,0.3,1,1,1,1,1,1,
7,15,sym3ph,6.0,0.7925,0.0,sym,0.27,0.1612,-0.0276,-0.1984,0.8736,0.8736,0.7925,1,0.3,1,1,1,1,1,1,
7,15,sym3ph,12.0,0.836,0.0,sym,0.2636,0.096,-0.0093,-0.1949,0.8773,0.8773,0.836,0,0.3,1,0,1,1,1,0,
7,15,sym3ph,30.0,0.8877,0.0,sym,0.2344,0.0185,0.0186,-0.1842,0.8514,0.8514,0.8964,0,0.625,1,0,1,1,1,0,
7,16,sym3ph,0.3,0.7329,0.0,sym,0.27,0.2506,-0.0341,-0.1992,0.8709,0.8709,0.7329,1,0.15,1,1,1,1,1,1,
7,16,sym3ph,0.6,0.738,0.0,sym,0.27,0.2431,-0.0345,-0.1992,0.8711,0.8712,0.738,1,0.15,1,1,1,1,1,1,
7,16,sym3ph,1.0,0.7436,0.0,sym,0.27,0.2346,-0.0342,-0.1992,0.8714,0.8714,0.7436,1,0.15,1,1,1,1,1,1,
7,16,sym3ph,1.8,0.7543,0.0,sym,0.27,0.2185,-0.0329,-0.1991,0.8718,0.8718,0.7543,1,0.15,1,1,1,1,1,1,
7,16,sym3ph,3.0,0.7696,0.0,sym,0.27,0.1957,-0.0316,-0.1989,0.8725,0.8725,0.7696,1,0.15,1,1,1,1,1,1,
7,16,sym3ph,6.0,0.8001,0.0,sym,0.27,0.1498,-0.0254,-0.198,0.874,0.874,0.8001,1,0.3,1,0,1,1,1,0,
7,16,sym3ph,12.0,0.8396,0.0,sym,0.262,0.0905,-0.0077,-0.1944,0.8778,0.8778,0.8396,0,0.3,1,0,1,1,1,0,
7,16,sym3ph,30.0,0.8886,0.0,sym,0.2338,0.0171,0.0191,-0.184,0.8507,0.8507,0.8976,0,0.625,1,0,1,1,1,0,
7,17,sym3ph,0.3,0.7636,0.0,sym,0.27,0.2046,-0.0319,-0.199,0.8722,0.8722,0.7636,1,0.15,1,1,1,1,1,1,
7,17,sym3ph,0.6,0.7668,0.0,sym,0.27,0.1997,-0.0318,-0.199,0.8723,0.8724,0.7668,1,0.15,1,1,1,1,1,1,
7,17,sym3ph,1.0,0.771,0.0,sym,0.27,0.1935,-0.0314,-0.1989,0.8725,0.8726,0.771,1,0.15,1,1,1,1,1,1,
7,17,sym3ph,1.8,0.779,0.0,sym,0.27,0.1815,-0.0304,-0.1988,0.8729,0.8729,0.779,1,0.15,1,1,1,1,1,1,
7,17,sym3ph,3.0,0.7899,0.0,sym,0.27,0.1652,-0.0284,-0.1985,0.8734,0.8735,0.7899,1,0.15,1,1,1,1,1,1,
7,17,sym3ph,6.0,0.8129,0.0,sym,0.27,0.1306,-0.0209,-0.1972,0.8748,0.8748,0.8129,1,0.3,1,0,1,1,1,0,
7,17,sym3ph,12.0,0.8454,0.0,sym,0.2593,0.0819,-0.0049,-0.1935,0.8787,0.8787,0.8454,0,0.3,1,0,1,1,1,0,
7,17,sym3ph,30.0,0.8898,0.0,sym,0.2332,0.0153,0.0197,-0.1837,0.8498,0.8498,0.899,0,0.625,1,0,1,1,1,0,
7,18,sym3ph,0.3,0.7751,0.0,sym,0.27,0.1874,-0.0307,-0.1988,0.8727,0.8727,0.7751,1,0.15,1,1,1,1,1,1,
7,18,sym3ph,0.6,0.7779,0.0,sym,0.27,0.1831,-0.0305,-0.1988,0.8728,0.8729,0.7779,1,0.15,1,1,1,1,1,1,
7,18,sym3ph,1.0,0.7815,0.0,sym,0.27,0.1777,-0.0301,-0.1987,0.873,0.873,0.7815,1,0.15,1,1,1,1,1,1,
7,18,sym3ph,1.8,0.7884,0.0,sym,0.27,0.1674,-0.0288,-0.1985,0.8734,0.8734,0.7884,1,0.15,1,1,1,1,1,1,
7,18,sym3ph,3.0,0.798,0.0,sym,0.27,0.153,-0.026,-0.1981,0.8739,0.8739,0.798,1,0.15,1,1,1,1,1,1,
7,18,sym3ph,6.0,0.8187,0.0,sym,0.27,0.1219,-0.0176,-0.1967,0.8753,0.8753,0.8187,1,0.3,1,0,1,1,1,0,
7,18,sym3ph,12.0,0.8484,0.0,sym,0.2578,0.0774,-0.0031,-0.1931,0.8791,0.8791,0.8484,0,0.3,1,0,1,1,1,0,
7,18,sym3ph,30.0,0.8907,0.0,sym,0.2326,0.014,0.0201,-0.1834,0.8491,0.8491,0.9002,0,0.625,1,0,1,1,1,0,
7,19,sym3ph,0.3,0.7692,0.0,sym,0.27,0.1963,-0.0316,-0.1989,0.8724,0.8724,0.7692,1,0.625,1,1,1,1,1,1,
7,19,sym3ph,0.6,0.833,0.0,sym,0.2649,0.1005,-0.0107,-0.1953,0.8769,0.8769,0.833,0,0.625,1,0,1,1,1,0,
7,19,sym3ph,1.0,0.8722,0.0,sym,0.2438,0.0418,0.0106,-0.1883,0.8633,0.8633,0.8771,0,0.625,1,0,1,1,1,0,
7,19,sym3ph,1.8,0.9033,0.0,normal,0.0134,0.0,0.0292,-0.0244,0.9311,0.9311,0.9033,0,0.625,1,1,1,1,1,1,
7,19,sym3ph,3.0,0.9218,0.0,normal,0.0129,0.0,0.0292,-0.0231,0.9319,0.9319,0.9218,0,0.625,1,1,1,1,1,1,
7,19,sym3ph,6.0,0.9367,0.0,normal,0.0128,0.0,0.0283,-0.02,0.9351,0.9351,0.9367,0,0.625,1,1,1,1,1,1,
7,19,sym3ph,12.0,0.9444,0.0,normal,0.0127,0.0,0.0277,-0.018,0.9373,0.9373,0.9444,0,0.625,1,1,1,1,1,1,
7,19,sym3ph,30.0,0.9492,0.0,normal,0.0126,0.0,0.0273,-0.0167,0.9388,0.9388,0.9492,0,0.625,1,1,1,1,1,1,
7,20,sym3ph,0.3,0.9108,0.0,normal,0.0131,0.0,0.0294,-0.0245,0.9308,0.9308,0.9108,0,0.15,1,1,1,1,1,1,
7,20,sym3ph,0.6,0.9141,0.0,normal,0.0131,0.0,0.0293,-0.0242,0.931,0.931,0.9141,0,0.3,1,1,1,1,1,1,
7,20,sym3ph,1.0,0.9181,0.0,normal,0.013,0.0,0.0293,-0.0236,0.9315,0.9315,0.9181,0,0.3,1,1,1,1,1,1,
7,20,sym3ph,1.8,0.9245,0.0,normal,0.0129,0.0,0.029,-0.0226,0.9324,0.9324,0.9245,0,0.3,1,1,1,1,1,1,
7,20,sym3ph,3.0,0.9309,0.0,normal,0.0128,0.0,0.0287,-0.0213,0.9338,0.9338,0.9309,0,0.625,1,1,1,1,1,1,
7,20,sym3ph,6.0,0.9392,0.0,normal,0.0128,0.0,0.0281,-0.0194,0.9358,0.9358,0.9392,0,0.625,1,1,1,1,1,1,
7,20,sym3ph,12.0,0.9451,0.0,normal,0.0127,0.0,0.0276,-0.0178,0.9375,0.9375,0.9451,0,0.625,1,1,1,1,1,1,
7,20,sym3ph,30.0,0.9493,0.0,normal,0.0126,0.0,0.0273,-0.0166,0.9388,0.9388,0.9493,0,0.625,1,1,1,1,1,1,
7,21,sym3ph,0.3,0.9192,0.0,normal,0.013,0.0,0.0292,-0.0234,0.9316,0.9316,0.9192,0,0.15,1,1,1,1,1,1,
7,21,sym3ph,0.6,0.9211,0.0,normal,0.0129,0.0,0.0292,-0.0232,0.9318,0.9319,0.9211,0,0.15,1,1,1,1,1,1,
7,21,sym3ph,1.0,0.9237,0.0,normal,0.0129,0.0,0.0291,-0.0227,0.9323,0.9323,0.9237,0,0.3,1,1,1,1,1,1,
7,21,sym3ph,1.8,0.9281,0.0,normal,0.0129,0.0,0.0288,-0.0218,0.9332,0.9332,0.9281,0,0.3,1,1,1,1,1,1,
7,21,sym3ph,3.0,0.9329,0.0,normal,0.0128,0.0,0.0286,-0.0209,0.9342,0.9342,0.9329,0,0.625,1,1,1,1,1,1,
7,21,sym3ph,6.0,0.9398,0.0,normal,0.0127,0.0,0.0281,-0.0192,0.936,0.936,0.9398,0,0.625,1,1,1,1,1,1,
7,21,sym3ph,12.0,0.9452,0.0,normal,0.0127,0.0,0.0276,-0.0178,0.9376,0.9376,0.9452,0,0.625,1,1,1,1,1,1,
7,21,sym3ph,30.0,0.9493,0.0,normal,0.0126,0.0,0.0273,-0.0166,0.9388,0.9388,0.9493,0,0.625,1,1,1,1,1,1,
7,22,sym3ph,0.3,0.9284,0.0,normal,0.0129,0.0,0.0288,-0.0218,0.9333,0.9333,0.9284,0,0.15,1,1,1,1,1,1,
7,22,sym3ph,0.6,0.9293,0.0,normal,0.0129,0.0,0.0288,-0.0216,0.9335,0.9335,0.9293,0,0.15,1,1,1,1,1,1,
7,22,sym3ph,1.0,0.9305,0.0,normal,0.0128,0.0,0.0287,-0.0213,0.9337,0.9337,0.9305,0,0.3,1,1,1,1,1,1,
7,22,sym3ph,1.8,0.9329,0.0,normal,0.0128,0.0,0.0286,-0.0209,0.9342,0.9342,0.9329,0,0.3,1,1,1,1,1,1,
7,22,sym3ph,3.0,0.9359,0.0,normal,0.0128,0.0,0.0284,-0.0202,0.9349,0.9349,0.9359,0,0.3,1,1,1,1,1,1,
7,22,sym3ph,6.0,0.9409,0.0,normal,0.0127,0.0,0.028,-0.019,0.9363,0.9363,0.9409,0,0.625,1,1,1,1,1,1,
7,22,sym3ph,12.0,0.9455,0.0,normal,0.0127,0.0,0.0276,-0.0177,0.9376,0.9376,0.9455,0,0.625,1,1,1,1,1,1,
7,22,sym3ph,30.0,0.9494,0.0,normal,0.0126,0.0,0.0273,-0.0166,0.9388,0.9388,0.9494,0,0.625,1,1,1,1,1,1,
7,23,sym3ph,0.3,0.5329,0.0,sym,0.27,0.3,-0.0091,-0.1999,0.8595,0.8595,0.5329,1,0.3,1,1,1,1,1,1,
7,23,sym3ph,1.0,0.6394,0.0,sym,0.27,0.3,-0.0116,-0.1998,0.8663,0.8663,0.6394,1,0.3,1,1,1,1,1,1,
7,23,sym3ph,1.8,0.7269,0.0,sym,0.27,0.2597,-0.0325,-0.1993,0.8706,0.8706,0.7269,1,0.625,1,1,1,1,1,1,
7,23,sym3ph,3.0,0.7961,0.0,sym,0.27,0.1559,-0.0266,-0.1982,0.8738,0.8738,0.7961,1,0.625,1,1,1,1,1,1,
7,23,sym3ph,6.0,0.8648,0.0,sym,0.2482,0.0528,0.0065,-0.1901,0.8696,0.8696,0.8679,0,0.625,1,0,1,1,1,0,
7,23,sym3ph,12.0,0.905,0.0,normal,0.0134,0.0,0.0293,-0.0245,0.931,0.931,0.905,0,0.625,1,1,1,1,1,1,
7,23,sym3ph,30.0,0.9327,0.0,normal,0.0128,0.0,0.0286,-0.0209,0.9342,0.9342,0.9327,0,0.625,1,1,1,1,1,1,
7,24,sym3ph,0.3,0.6918,0.0,sym,0.27,0.3,-0.0243,-0.1996,0.869,0.869,0.6918,1,0.15,1,1,1,1,1,1,
7,24,sym3ph,0.6,0.7161,0.0,sym,0.27,0.2759,-0.0297,-0.1994,0.8701,0.8701,0.7161,1,0.3,1,1,1,1,1,1,
7,24,sym3ph,1.0,0.7438,0.0,sym,0.27,0.2344,-0.0342,-0.1992,0.8714,0.8714,0.7438,1,0.3,1,1,1,1,1,1,
7,24,sym3ph,1.8,0.7857,0.0,sym,0.27,0.1715,-0.0296,-0.1986,0.8732,0.8732,0.7857,1,0.3,1,1,1,1,1,1,
7,24,sym3ph,3.0,0.8245,0.0,sym,0.2689,0.1133,-0.0146,-0.1961,0.8759,0.8759,0.8245,0,0.625,1,0,1,1,1,0,
7,24,sym3ph,6.0,0.8732,0.0,sym,0.2431,0.0402,0.0112,-0.188,0.8625,0.8625,0.8785,0,0.625,1,0,1,1,1,0,
7,24,sym3ph,12.0,0.9073,0.0,normal,0.0133,0.0,0.0293,-0.0246,0.9308,0.9308,0.9073,0,0.625,1,1,1,1,1,1,
7,24,sym3ph,30.0,0.9331,0.0,normal,0.0128,0.0,0.0285,-0.0208,0.9343,0.9343,0.9331,0,0.625,1,1,1,1,1,1,
7,25,sym3ph,0.3,0.7741,0.0,sym,0.27,0.1889,-0.0309,-0.1989,0.8727,0.8727,0.7741,1,0.15,1,1,1,1,1,1,
7,25,sym3ph,0.6,0.7853,0.0,sym,0.27,0.1721,-0.0297,-0.1986,0.8732,0.8732,0.7853,1,0.15,1,1,1,1,1,1,
7,25,sym3ph,1.0,0.7989,0.0,sym,0.27,0.1517,-0.0258,-0.1981,0.8739,0.8739,0.7989,1,0.3,1,1,1,1,1,1,
7,25,sym3ph,1.8,0.8213,0.0,sym,0.27,0.118,-0.0162,-0.1964,0.8755,0.8755,0.8213,1,0.3,1,0,1,1,1,0,
7,25,sym3ph,3.0,0.8458,0.0,sym,0.2591,0.0813,-0.0047,-0.1935,0.8787,0.8787,0.8458,0,0.3,1,0,1,1,1,0,
7,25,sym3ph,6.0,0.8809,0.0,sym,0.2384,0.0286,0.0151,-0.1858,0.8568,0.8568,0.888,0,0.625,1,0,1,1,1,0,
7,25,sym3ph,12.0,0.9095,0.0,normal,0.0132,0.0,0.0294,-0.0246,0.9308,0.9308,0.9095,0,0.625,1,1,1,1,1,1,
7,25,sym3ph,30.0,0.9335,0.0,normal,0.0128,0.0,0.0285,-0.0207,0.9344,0.9344,0.9335,0,0.625,1,1,1,1,1,1,
7,26,sym3ph,0.3,0.1746,0.0,sym,0.27,0.3,0.0284,-0.1999,0.7742,0.7742,0.1879,1,0.15,0,1,1,1,1,0,
7,26,sym3ph,0.6,0.2484,0.0,sym,0.27,0.3,0.0248,-0.1999,0.7808,0.7809,0.2601,1,0.15,1,1,1,1,1,1,
7,26,sym3ph,1.0,0.3299,0.0,sym,0.27,0.3,0.018,-0.1999,0.8004,0.8004,0.3383,1,0.3,1,1,1,1,1,1,
7,26,sym3ph,1.8,0.4503,0.0,sym,0.27,0.3,0.0043,-0.1999,0.8439,0.8439,0.4523,1,0.3,1,1,1,1,1,1,
7,26,sym3ph,3.0,0.5584,0.0,sym,0.27,0.3,-0.0083,-0.1999,0.8614,0.8614,0.5584,1,0.625,1,1,1,1,1,1,
7,26,sym3ph,6.0,0.6847,0.0,sym,0.27,0.3,-0.023,-0.1997,0.8686,0.8686,0.6847,1,0.625,1,1,1,1,1,1,
7,26,sym3ph,12.0,0.7995,0.0,sym,0.27,0.1508,-0.0256,-0.1981,0.874,0.874,0.7995,1,0.625,1,1,1,1,1,1,
7,26,sym3ph,30.0,0.8862,0.0,sym,0.2352,0.0207,0.0179,-0.1845,0.8525,0.8525,0.8946,0,0.625,1,0,1,1,1,0,
7,27,sym3ph,0.3,0.2493,0.0,sym,0.27,0.3,0.0248,-0.1999,0.7809,0.781,0.2609,1,0.15,1,1,1,1,1,1,
7,27,sym3ph,0.6,0.3096,0.0,sym,0.27,0.3,0.0197,-0.1999,0.7929,0.7929,0.3188,1,0.15,1,1,1,1,1,1,
7,27,sym3ph,1.0,0.3778,0.0,sym,0.27,0.3,0.0143,-0.1999,0.8157,0.8157,0.3845,1,0.3,1,1,1,1,1,1,
7,27,sym3ph,1.8,0.4817,0.0,sym,0.27,0.3,-0.0047,-0.1999,0.8552,0.8552,0.4817,1,0.3,1,1,1,1,1,1,
7,27,sym3ph,3.0,0.5761,0.0,sym,0.27,0.3,-0.0074,-0.1999,0.8626,0.8626,0.5761,1,0.3,1,1,1,1,1,1,
7,27,sym3ph,6.0,0.6924,0.0,sym,0.27,0.3,-0.0243,-0.1996,0.869,0.869,0.6924,1,0.625,1,1,1,1,1,1,
7,27,sym3ph,12.0,0.802,0.0,sym,0.27,0.147,-0.0249,-0.1979,0.8741,0.8741,0.802,1,0.625,1,0,1,1,1,0,
7,27,sym3ph,30.0,0.8867,0.0,sym,0.2349,0.02,0.0181,-0.1844,0.8522,0.8522,0.8952,0,0.625,1,0,1,1,1,0,
7,28,sym3ph,0.3,0.4589,0.0,sym,0.27,0.3,0.0019,-0.1999,0.8494,0.8494,0.4598,1,0.15,1,1,1,1,1,1,
7,28,sym3ph,0.6,0.4862,0.0,sym,0.27,0.3,-0.0055,-0.1999,0.8556,0.8556,0.4862,1,0.15,1,1,1,1,1,1,
7,28,sym3ph,1.0,0.5184,0.0,sym,0.27,0.3,-0.009,-0.1999,0.8584,0.8584,0.5184,1,0.15,1,1,1,1,1,1,
7,28,sym3ph,1.8,0.5697,0.0,sym,0.27,0.3,-0.0077,-0.1999,0.8621,0.8621,0.5697,1,0.3,1,1,1,1,1,1,
7,28,sym3ph,3.0,0.6285,0.0,sym,0.27,0.3,-0.01,-0.1998,0.8657,0.8657,0.6285,1,0.3,1,1,1,1,1,1,
7,28,sym3ph,6.0,0.7252,0.0,sym,0.27,0.2622,-0.0321,-0.1993,0.8706,0.8706,0.7252,1,0.625,1,1,1,1,1,1,
7,28,sym3ph,12.0,0.8101,0.0,sym,0.27,0.1349,-0.0224,-0.1975,0.8746,0.8746,0.8101,1,0.625,1,0,1,1,1,0,
7,28,sym3ph,30.0,0.8883,0.0,sym,0.234,0.0176,0.0189,-0.184,0.8509,0.8509,0.8972,0,0.625,1,0,1,1,1,0,
7,29,sym3ph,0.3,0.5486,0.0,sym,0.27,0.3,-0.0086,-0.1999,0.8607,0.8607,0.5486,1,0.15,1,1,1,1,1,1,
7,29,sym3ph,0.6,0.564,0.0,sym,0.27,0.3,-0.008,-0.1999,0.8618,0.8618,0.564,1,0.15,1,1,1,1,1,1,
7,29,sym3ph,1.0,0.5833,0.0,sym,0.27,0.3,-0.007,-0.1999,0.863,0.8631,0.5833,1,0.15,1,1,1,1,1,1,
7,29,sym3ph,1.8,0.6183,0.0,sym,0.27,0.3,-0.0086,-0.1998,0.8652,0.8652,0.6183,1,0.3,1,1,1,1,1,1,
7,29,sym3ph,3.0,0.6654,0.0,sym,0.27,0.3,-0.0188,-0.1998,0.8677,0.8677,0.6654,1,0.3,1,1,1,1,1,1,
7,29,sym3ph,6.0,0.7465,0.0,sym,0.27,0.2302,-0.034,-0.1991,0.8715,0.8715,0.7465,1,0.625,1,1,1,1,1,1,
7,29,sym3ph,12.0,0.8165,0.0,sym,0.27,0.1252,-0.0187,-0.1969,0.8751,0.8751,0.8165,1,0.625,1,0,1,1,1,0,
7,29,sym3ph,30.0,0.8896,0.0,sym,0.2333,0.0156,0.0196,-0.1837,0.8499,0.8499,0.8988,0,0.625,1,0,1,1,1,0,
7,30,sym3ph,0.3,0.5815,0.0,sym,0.27,0.3,-0.0071,-0.1999,0.8629,0.8629,0.5815,1,0.15,1,1,1,1,1,1,
7,30,sym3ph,0.6,0.5943,0.0,sym,0.27,0.3,-0.0069,-0.1999,0.8637,0.8638,0.5943,1,0.15,1,1,1,1,1,1,
7,30,sym3ph,1.0,0.6108,0.0,sym,0.27,0.3,-0.0075,-0.1998,0.8647,0.8647,0.6108,1,0.15,1,1,1,1,1,1,
7,30,sym3ph,1.8,0.6422,0.0,sym,0.27,0.3,-0.0123,-0.1998,0.8665,0.8665,0.6422,1,0.3,1,1,1,1,1,1,
7,30,sym3ph,3.0,0.6851,0.0,sym,0.27,0.3,-0.0231,-0.1997,0.8686,0.8686,0.6851,1,0.3,1,1,1,1,1,1,
7,30,sym3ph,6.0,0.7576,0.0,sym,0.27,0.2136,-0.0325,-0.1991,0.872,0.872,0.7576,1,0.3,1,1,1,1,1,1,
7,30,sym3ph,12.0,0.8206,0.0,sym,0.27,0.1191,-0.0166,-0.1965,0.8754,0.8754,0.8206,1,0.625,1,0,1,1,1,0,
7,30,sym3ph,30.0,0.8905,0.0,sym,0.2327,0.0143,0.02,-0.1835,0.8492,0.8492,0.8999,0,0.625,1,0,1,1,1,0,
7,31,sym3ph,0.3,0.6423,0.0,sym,0.27,0.3,-0.0124,-0.1998,0.8665,0.8665,0.6423,1,0.15,1,1,1,1,1,1,
7,31,sym3ph,0.6,0.6518,0.0,sym,0.27,0.3,-0.0149,-0.1998,0.867,0.867,0.6518,1,0.15,1,1,1,1,1,1,
7,31,sym3ph,1.0,0.6644,0.0,sym,0.27,0.3,-0.0185,-0.1998,0.8676,0.8676,0.6644,1,0.15,1,1,1,1,1,1,
7,31,sym3ph,1.8,0.6882,0.0,sym,0.27,0.3,-0.0236,-0.1997,0.8688,0.8688,0.6882,1,0.15,1,1,1,1,1,1,
7,31,sym3ph,3.0,0.719,0.0,sym,0.27,0.2715,-0.0305,-0.1994,0.8703,0.8703,0.719,1,0.3,1,1,1,1,1,1,
7,31,sym3ph,6.0,0.7737,0.0,sym,0.27,0.1895,-0.031,-0.1989,0.8726,0.8726,0.7737,1,0.3,1,1,1,1,1,1,
7,31,sym3ph,12.0,0.8273,0.0,sym,0.2677,0.109,-0.0133,-0.1959,0.8762,0.8762,0.8273,0,0.625,1,0,1,1,1,0,
7,31,sym3ph,30.0,0.8915,0.0,sym,0.2322,0.0127,0.0206,-0.1832,0.8485,0.8485,0.9012,0,0.625,1,0,1,1,1,0,
7,32,sym3ph,0.3,0.6603,0.0,sym,0.27,0.3,-0.0174,-0.1998,0.8674,0.8674,0.6603,1,0.15,1,1,1,1,1,1,
7,32,sym3ph,0.6,0.6692,0.0,sym,0.27,0.3,-0.0198,-0.1997,0.8679,0.8679,0.6692,1,0.15,1,1,1,1,1,1,
7,32,sym3ph,1.0,0.6803,0.0,sym,0.27,0.3,-0.0222,-0.1997,0.8684,0.8684,0.6803,1,0.15,1,1,1,1,1,1,
7,32,sym3ph,1.8,0.7012,0.0,sym,0.27,0.2982,-0.0248,-0.1996,0.8694,0.8694,0.7012,1,0.15,1,1,1,1,1,1,
7,32,sym3ph,3.0,0.7286,0.0,sym,0.27,0.257,-0.0329,-0.1993,0.8707,0.8707,0.7286,1,0.3,1,1,1,1,1,1,
7,32,sym3ph,6.0,0.7783,0.0,sym,0.27,0.1825,-0.0304,-0.1988,0.8729,0.8729,0.7783,1,0.3,1,1,1,1,1,1,
7,32,sym3ph,12.0,0.8295,0.0,sym,0.2667,0.1057,-0.0123,-0.1956,0.8765,0.8765,0.8295,0,0.625,1,0,1,1,1,0,
7,32,sym3ph,30.0,0.8918,0.0,sym,0.232,0.0123,0.0207,-0.1832,0.8483,0.8483,0.9016,0,0.625,1,0,1,1,1,0,
7,33,sym3ph,0.3,0.6821,0.0,sym,0.27,0.3,-0.0225,-0.1997,0.8685,0.8685,0.6821,1,0.15,1,1,1,1,1,1,
7,33,sym3ph,0.6,0.6893,0.0,sym,0.27,0.3,-0.0238,-0.1997,0.8688,0.8689,0.6893,1,0.15,1,1,1,1,1,1,
7,33,sym3ph,1.0,0.6986,0.0,sym,0.27,0.3,-0.0245,-0.1996,0.8693,0.8693,0.6986,1,0.15,1,1,1,1,1,1,
7,33,sym3ph,1.8,0.716,0.0,sym,0.27,0.276,-0.0297,-0.1994,0.8701,0.8702,0.716,1,0.15,1,1,1,1,1,1,
7,33,sym3ph,3.0,0.7396,0.0,sym,0.27,0.2406,-0.0344,-0.1992,0.8712,0.8712,0.7396,1,0.3,1,1,1,1,1,1,
7,33,sym3ph,6.0,0.7834,0.0,sym,0.27,0.1749,-0.0299,-0.1987,0.8731,0.8731,0.7834,1,0.3,1,1,1,1,1,1,
7,33,sym3ph,12.0,0.8313,0.0,sym,0.2658,0.103,-0.0115,-0.1955,0.8767,0.8767,0.8313,0,0.625,1,0,1,1,1,0,
7,33,sym3ph,30.0,0.8921,0.0,sym,0.2318,0.0119,0.0208,-0.1831,0.8481,0.8481,0.9019,0,0.625,1,0,1,1,1,0,
7,2,1ph_g,0.3,0.8653,0.0921,asym,0.0693,0.052,-0.0684,-0.0218,0.9827,0.9827,0.8653,0,0.625,1,1,1,1,1,1,
7,2,1ph_g,0.6,0.9041,0.0519,normal,0.0137,0.0,0.029,-0.0235,0.932,0.932,0.9041,0,0.625,1,1,1,1,1,1,
7,2,1ph_g,1.0,0.9221,0.0328,normal,0.0132,0.0,0.0288,-0.022,0.9331,0.9331,0.9221,0,0.625,1,1,1,1,1,1,
7,2,1ph_g,1.8,0.9351,0.0189,normal,0.0127,0.0,0.0283,-0.0191,0.9356,0.9356,0.9351,0,0.625,1,1,1,1,1,1,
7,2,1ph_g,3.0,0.9419,0.0116,normal,0.0127,0.0,0.0278,-0.0179,0.9372,0.9372,0.9419,0,0.625,1,1,1,1,1,1,
7,2,1ph_g,6.0,0.9471,0.0059,normal,0.0126,0.0,0.0274,-0.0168,0.9385,0.9385,0.9471,0,0.625,1,1,1,1,1,1,
7,2,1ph_g,12.0,0.9497,0.003,normal,0.0126,0.0,0.0272,-0.0163,0.9391,0.9391,0.9497,0,0.625,1,1,1,1,1,1,
7,2,1ph_g,30.0,0.9513,0.0012,normal,0.0126,0.0,0.0271,-0.0159,0.9395,0.9395,0.9513,0,0.625,1,1,1,1,1,1,
7,3,1ph_g,0.3,0.7396,0.2172,asym,0.2257,0.2406,-0.0566,-0.062,0.9446,0.9446,0.7396,0,0.625,1,1,1,1,1,1,
7,3,1ph_g,0.6,0.7926,0.166,asym,0.1726,0.1611,-0.0637,-0.0578,0.9537,0.9537,0.7926,0,0.625,1,1,1,1,1,1,
7,3,1ph_g,1.8,0.8633,0.0942,asym,0.0718,0.0551,-0.0686,-0.0236,0.9815,0.9815,0.8633,0,0.625,1,1,1,1,1,1,
7,3,1ph_g,3.0,0.894,0.0625,asym,0.0421,0.009,-0.0645,-0.0056,0.9934,0.9934,0.894,0,0.625,1,1,1,1,1,1,
7,3,1ph_g,6.0,0.9211,0.0339,normal,0.0132,0.0,0.0289,-0.0222,0.9329,0.9329,0.9211,0,0.625,1,1,1,1,1,1,
7,3,1ph_g,12.0,0.9362,0.0177,normal,0.0127,0.0,0.0282,-0.0189,0.9359,0.9359,0.9362,0,0.625,1,1,1,1,1,1,
7,3,1ph_g,30.0,0.9458,0.0073,normal,0.0126,0.0,0.0275,-0.0171,0.9381,0.9381,0.9458,0,0.625,1,1,1,1,1,1,
7,4,1ph_g,0.3,0.7097,0.2458,asym,0.24,0.2854,-0.0554,-0.0623,0.9418,0.9418,0.7097,1,0.625,1,1,1,1,1,1,
7,4,1ph_g,0.6,0.7538,0.2036,asym,0.2159,0.2193,-0.0577,-0.0615,0.9463,0.9463,0.7538,0,0.625,1,1,1,1,1,1,
7,4,1ph_g,1.0,0.7942,0.1644,asym,0.1707,0.1587,-0.0642,-0.0575,0.9541,0.9541,0.7942,0,0.625,1,1,1,1,1,1,
7,4,1ph_g,3.0,0.8661,0.0914,asym,0.0684,0.0509,-0.0683,-0.0212,0.9831,0.9831,0.8661,0,0.625,1,1,1,1,1,1,
7,4,1ph_g,6.0,0.9041,0.0518,normal,0.0137,0.0,0.029,-0.0235,0.932,0.932,0.9041,0,0.625,1,1,1,1,1,1,
7,4,1ph_g,12.0,0.9268,0.0278,normal,0.013,0.0,0.0287,-0.021,0.9338,0.9338,0.9268,0,0.625,1,1,1,1,1,1,
7,4,1ph_g,30.0,0.9418,0.0116,normal,0.0127,0.0,0.0278,-0.0179,0.9372,0.9372,0.9418,0,0.625,1,1,1,1,1,1,
7,5,1ph_g,0.3,0.6929,0.2619,asym,0.24,0.3,-0.0544,-0.0619,0.9414,0.9414,0.6929,1,0.625,1,1,1,1,1,1,
7,5,1ph_g,0.6,0.7299,0.2265,asym,0.2317,0.2551,-0.056,-0.0623,0.9434,0.9434,0.7299,0,0.625,1,1,1,1,1,1,
7,5,1ph_g,1.0,0.7671,0.1908,asym,0.2051,0.1993,-0.0598,-0.0604,0.9484,0.9484,0.7671,0,0.625,1,1,1,1,1,1,
7,5,1ph_g,1.8,0.812,0.1468,asym,0.1532,0.1319,-0.0683,-0.051,0.9594,0.9594,0.812,0,0.625,1,1,1,1,1,1,
7,5,1ph_g,3.0,0.8434,0.1145,asym,0.1014,0.0849,-0.0717,-0.038,0.9714,0.9714,0.8434,0,0.625,1,1,1,1,1,1,
7,5,1ph_g,6.0,0.8886,0.0683,asym,0.0456,0.0171,-0.0652,-0.0076,0.9921,0.9921,0.8886,0,0.625,1,1,1,1,1,1,
7,5,1ph_g,12.0,0.9178,0.0375,normal,0.0133,0.0,0.0289,-0.0227,0.9326,0.9326,0.9178,0,0.625,1,1,1,1,1,1,
7,5,1ph_g,30.0,0.9378,0.0159,normal,0.0127,0.0,0.0281,-0.0186,0.9363,0.9363,0.9378,0,0.625,1,1,1,1,1,1,
7,6,1ph_g,0.3,0.6693,0.2851,asym,0.24,0.3,-0.0535,-0.0624,0.9401,0.9401,0.6693,1,0.625,1,1,1,1,1,1,
7,6,1ph_g,0.6,0.6959,0.26,asym,0.24,0.3,-0.0546,-0.0618,0.9415,0.9415,0.6959,1,0.625,1,1,1,1,1,1,
7,6,1ph_g,1.0,0.726,0.2319,asym,0.2341,0.261,-0.0558,-0.0624,0.943,0.943,0.726,0,0.625,1,1,1,1,1,1,
7,6,1ph_g,1.8,0.7711,0.1895,asym,0.2017,0.1933,-0.0605,-0.0602,0.949,0.949,0.7711,0,0.625,1,1,1,1,1,1,
7,6,1ph_g,3.0,0.8121,0.1496,asym,0.1537,0.1319,-0.0683,-0.0514,0.9592,0.9592,0.8121,0,0.625,1,1,1,1,1,1,
7,6,1ph_g,6.0,0.8591,0.1011,asym,0.0788,0.0614,-0.0694,-0.028,0.9787,0.9787,0.8591,0,0.625,1,1,1,1,1,1,
7,6,1ph_g,12.0,0.8997,0.0587,asym,0.0398,0.0004,-0.064,-0.0044,0.9943,0.9943,0.8997,0,0.625,1,1,1,1,1,1,
7,6,1ph_g,30.0,0.9297,0.0259,normal,0.0129,0.0,0.0286,-0.0204,0.9344,0.9344,0.9297,0,0.625,1,1,1,1,1,1,
7,7,1ph_g,0.3,0.6604,0.2941,asym,0.24,0.3,-0.053,-0.0626,0.9396,0.9396,0.6604,1,0.625,1,1,1,1,1,1,
7,7,1ph_g,0.6,0.6834,0.2729,asym,0.24,0.3,-0.0541,-0.0621,0.9409,0.9409,0.6834,1,0.625,1,1,1,1,1,1,
7,7,1ph_g,1.0,0.7106,0.2483,asym,0.24,0.2841,-0.0554,-0.0624,0.9418,0.9418,0.7106,1,0.625,1,1,1,1,1,1,
7,7,1ph_g,1.8,0.7543,0.2089,asym,0.2166,0.2186,-0.0577,-0.0617,0.9462,0.9462,0.7543,0,0.625,1,1,1,1,1,1,
7,7,1ph_g,3.0,0.7978,0.1681,asym,0.1688,0.1532,-0.0649,-0.0572,0.9545,0.9545,0.7978,0,0.625,1,1,1,1,1,1,
7,7,1ph_g,6.0,0.8489,0.1159,asym,0.0952,0.0766,-0.0715,-0.0365,0.9728,0.9728,0.8489,0,0.625,1,1,1,1,1,1,
7,7,1ph_g,12.0,0.8941,0.0685,asym,0.043,0.0089,-0.065,-0.0065,0.9929,0.9929,0.8941,0,0.625,1,1,1,1,1,1,
7,7,1ph_g,30.0,0.9274,0.0306,normal,0.013,0.0,0.0286,-0.0208,0.934,0.934,0.9274,0,0.625,1,1,1,1,1,1,
7,8,1ph_g,0.3,0.7785,0.1755,asym,0.1914,0.1823,-0.0621,-0.0593,0.9507,0.9507,0.7785,0,0.625,1,1,1,1,1,1,
7,8,1ph_g,0.6,0.7866,0.1679,asym,0.1791,0.1702,-0.0627,-0.0585,0.9525,0.9525,0.7866,0,0.625,1,1,1,1,1,1,
7,8,1ph_g,1.0,0.7965,0.1587,asym,0.1673,0.1553,-0.0652,-0.0569,0.9548,0.9548,0.7965,0,0.625,1,1,1,1,1,1,
7,8,1ph_g,1.8,0.8134,0.1432,asym,0.1504,0.1298,-0.0688,-0.05,0.9602,0.9602,0.8134,0,0.625,1,1,1,1,1,1,
7,8,1ph_g,3.0,0.8337,0.1243,asym,0.1192,0.0995,-0.0715,-0.0415,0.9678,0.9678,0.8337,0,0.625,1,1,1,1,1,1,
7,8,1ph_g,6.0,0.8686,0.091,asym,0.066,0.0471,-0.0681,-0.0199,0.984,0.984,0.8686,0,0.625,1,1,1,1,1,1,
7,8,1ph_g,12.0,0.8986,0.0605,asym,0.0403,0.002,-0.0641,-0.0047,0.994,0.994,0.8986,0,0.625,1,1,1,1,1,1,
7,8,1ph_g,30.0,0.9281,0.0289,normal,0.013,0.0,0.0286,-0.0207,0.9341,0.9341,0.9281,0,0.625,1,1,1,1,1,1,
7,9,1ph_g,0.3,0.8103,0.1433,asym,0.1534,0.1345,-0.0681,-0.0511,0.9593,0.9593,0.8103,0,0.625,1,1,1,1,1,1,
7,9,1ph_g,0.6,0.8154,0.1385,asym,0.146,0.1268,-0.0693,-0.0488,0.9613,0.9613,0.8154,0,0.625,1,1,1,1,1,1,
7,9,1ph_g,1.0,0.8219,0.1325,asym,0.1365,0.1172,-0.0704,-0.0457,0.9639,0.9639,0.8219,0,0.625,1,1,1,1,1,1,
7,9,1ph_g,1.8,0.8337,0.1214,asym,0.1179,0.0994,-0.0715,-0.0411,0.9681,0.9681,0.8337,0,0.625,1,1,1,1,1,1,
7,9,1ph_g,3.0,0.8499,0.1064,asym,0.0903,0.0752,-0.0706,-0.0346,0.9742,0.9742,0.8499,0,0.625,1,1,1,1,1,1,
7,9,1ph_g,6.0,0.877,0.0809,asym,0.0558,0.0345,-0.067,-0.0141,0.9879,0.9879,0.877,0,0.625,1,1,1,1,1,1,
7,9,1ph_g,12.0,0.9012,0.0565,normal,0.0137,0.0,0.0289,-0.0232,0.9322,0.9322,0.9012,0,0.625,1,1,1,1,1,1,
7,9,1ph_g,30.0,0.9285,0.0279,normal,0.013,0.0,0.0286,-0.0207,0.9342,0.9342,0.9285,0,0.625,1,1,1,1,1,1,
7,10,1ph_g,0.3,0.8318,0.1215,asym,0.1204,0.1022,-0.0713,-0.0417,0.9676,0.9676,0.8318,0,0.625,1,1,1,1,1,1,
7,10,1ph_g,0.6,0.8359,0.1177,asym,0.1133,0.0962,-0.0716,-0.0401,0.9691,0.9691,0.8359,0,0.625,1,1,1,1,1,1,
7,10,1ph_g,1.0,0.841,0.1128,asym,0.1039,0.0885,-0.0717,-0.0383,0.9709,0.9709,0.841,0,0.625,1,1,1,1,1,1,
7,10,1ph_g,1.8,0.8505,0.104,asym,0.0888,0.0743,-0.0703,-0.0337,0.9748,0.9748,0.8505,0,0.625,1,1,1,1,1,1,
7,10,1ph_g,3.0,0.8626,0.0927,asym,0.0721,0.0562,-0.0685,-0.0237,0.9815,0.9815,0.8626,0,0.625,1,1,1,1,1,1,
7,10,1ph_g,6.0,0.8835,0.0732,asym,0.0495,0.0248,-0.0659,-0.0099,0.9906,0.9906,0.8835,0,0.625,1,1,1,1,1,1,
7,10,1ph_g,12.0,0.9048,0.0521,normal,0.0137,0.0,0.029,-0.0235,0.932,0.932,0.9048,0,0.625,1,1,1,1,1,1,
7,10,1ph_g,30.0,0.929,0.027,normal,0.0129,0.0,0.0286,-0.0206,0.9342,0.9342,0.929,0,0.625,1,1,1,1,1,1,
7,11,1ph_g,0.3,0.8348,0.1186,asym,0.1152,0.0978,-0.0715,-0.0405,0.9687,0.9687,0.8348,0,0.625,1,1,1,1,1,1,
7,11,1ph_g,0.6,0.8389,0.1147,asym,0.1078,0.0917,-0.0717,-0.0391,0.9702,0.9702,0.8389,0,0.625,1,1,1,1,1,1,
7,11,1ph_g,1.0,0.8438,0.1101,asym,0.0991,0.0843,-0.0715,-0.0374,0.9719,0.9719,0.8438,0,0.625,1,1,1,1,1,1,
7,11,1ph_g,1.8,0.8528,0.1016,asym,0.0855,0.0707,-0.0699,-0.0317,0.9761,0.9761,0.8528,0,0.625,1,1,1,1,1,1,
7,11,1ph_g,3.0,0.8645,0.0908,asym,0.0697,0.0533,-0.0683,-0.022,0.9826,0.9826,0.8645,0,0.625,1,1,1,1,1,1,
7,11,1ph_g,6.0,0.8846,0.072,asym,0.0486,0.0231,-0.0656,-0.0093,0.991,0.991,0.8846,0,0.625,1,1,1,1,1,1,
7,11,1ph_g,12.0,0.9055,0.0514,normal,0.0136,0.0,0.029,-0.0235,0.932,0.932,0.9055,0,0.625,1,1,1,1,1,1,
7,11,1ph_g,30.0,0.9291,0.0269,normal,0.0129,0.0,0.0286,-0.0205,0.9343,0.9343,0.9291,0,0.625,1,1,1,1,1,1,
7,12,1ph_g,0.3,0.8406,0.1129,asym,0.1045,0.0891,-0.0717,-0.0385,0.9708,0.9708,0.8406,0,0.625,1,1,1,1,1,1,
7,12,1ph_g,0.6,0.8442,0.1094,asym,0.0984,0.0837,-0.0714,-0.0372,0.9721,0.9721,0.8442,0,0.625,1,1,1,1,1,1,
7,12,1ph_g,1.0,0.8488,0.1052,asym,0.0911,0.0768,-0.0706,-0.035,0.9739,0.9739,0.8488,0,0.625,1,1,1,1,1,1,
7,12,1ph_g,1.8,0.8571,0.0974,asym,0.0795,0.0643,-0.0693,-0.0282,0.9785,0.9785,0.8571,0,0.625,1,1,1,1,1,1,
7,12,1ph_g,3.0,0.8678,0.0875,asym,0.0657,0.0483,-0.0679,-0.0195,0.9842,0.9842,0.8678,0,0.625,1,1,1,1,1,1,
7,12,1ph_g,6.0,0.8867,0.0698,asym,0.0469,0.0199,-0.0653,-0.0082,0.9917,0.9917,0.8867,0,0.625,1,1,1,1,1,1,
7,12,1ph_g,12.0,0.9066,0.0501,normal,0.0136,0.0,0.029,-0.0235,0.932,0.932,0.9066,0,0.625,1,1,1,1,1,1,
7,12,1ph_g,30.0,0.9293,0.0266,normal,0.0129,0.0,0.0286,-0.0205,0.9343,0.9343,0.9293,0,0.625,1,1,1,1,1,1,
7,13,1ph_g,0.3,0.8612,0.0919,asym,0.0731,0.0582,-0.0686,-0.0243,0.981,0.981,0.8612,0,0.625,1,1,1,1,1,1,
7,13,1ph_g,0.6,0.8637,0.0894,asym,0.0699,0.0544,-0.0683,-0.022,0.9825,0.9825,0.8637,0,0.625,1,1,1,1,1,1,
7,13,1ph_g,1.0,0.8667,0.0866,asym,0.0664,0.0499,-0.0679,-0.0198,0.984,0.984,0.8667,0,0.625,1,1,1,1,1,1,
7,13,1ph_g,1.8,0.8722,0.0815,asym,0.0599,0.0417,-0.0673,-0.0163,0.9863,0.9863,0.8722,0,0.625,1,1,1,1,1,1,
7,13,1ph_g,3.0,0.8795,0.0748,asym,0.0524,0.0308,-0.0664,-0.0116,0.9894,0.9894,0.8795,0,0.625,1,1,1,1,1,1,
7,13,1ph_g,6.0,0.8939,0.0614,asym,0.042,0.0091,-0.0644,-0.0055,0.9935,0.9935,0.8939,0,0.625,1,1,1,1,1,1,
7,13,1ph_g,12.0,0.9105,0.0453,normal,0.0135,0.0,0.029,-0.0235,0.932,0.932,0.9105,0,0.625,1,1,1,1,1,1,
7,13,1ph_g,30.0,0.9299,0.0255,normal,0.0129,0.0,0.0286,-0.0204,0.9344,0.9344,0.9299,0,0.625,1,1,1,1,1,1,
7,14,1ph_g,0.3,0.868,0.0848,asym,0.0645,0.0479,-0.0676,-0.0189,0.9846,0.9846,0.868,0,0.625,1,1,1,1,1,1,
7,14,1ph_g,0.6,0.8701,0.0828,asym,0.062,0.0448,-0.0674,-0.0175,0.9855,0.9855,0.8701,0,0.625,1,1,1,1,1,1,
7,14,1ph_g,1.0,0.8726,0.0804,asym,0.0593,0.0411,-0.0672,-0.0159,0.9866,0.9866,0.8726,0,0.625,1,1,1,1,1,1,
7,14,1ph_g,1.8,0.8772,0.0761,asym,0.0544,0.0342,-0.0666,-0.0129,0.9886,0.9886,0.8772,0,0.625,1,1,1,1,1,1,
7,14,1ph_g,3.0,0.8834,0.0703,asym,0.049,0.0249,-0.0656,-0.0094,0.9909,0.9909,0.8834,0,0.625,1,1,1,1,1,1,
7,14,1ph_g,6.0,0.8963,0.0584,asym,0.0408,0.0056,-0.0641,-0.0048,0.994,0.994,0.8963,0,0.625,1,1,1,1,1,1,
7,14,1ph_g,12.0,0.9118,0.0436,normal,0.0134,0.0,0.029,-0.0235,0.932,0.932,0.9118,0,0.625,1,1,1,1,1,1,
7,14,1ph_g,30.0,0.9301,0.0251,normal,0.0129,0.0,0.0286,-0.0203,0.9345,0.9345,0.9301,0,0.625,1,1,1,1,1,1,
7,15,1ph_g,0.3,0.8735,0.0793,asym,0.0583,0.0398,-0.067,-0.0153,0.987,0.987,0.8735,0,0.625,1,1,1,1,1,1,
7,15,1ph_g,0.6,0.8753,0.0775,asym,0.0563,0.037,-0.0668,-0.0141,0.9878,0.9878,0.8753,0,0.625,1,1,1,1,1,1,
7,15,1ph_g,1.0,0.8775,0.0755,asym,0.054,0.0338,-0.0666,-0.0127,0.9887,0.9887,0.8775,0,0.625,1,1,1,1,1,1,
7,15,1ph_g,1.8,0.8815,0.0717,asym,0.0504,0.0277,-0.0659,-0.0103,0.9903,0.9903,0.8815,0,0.625,1,1,1,1,1,1,
7,15,1ph_g,3.0,0.8871,0.0665,asym,0.046,0.0194,-0.0651,-0.0076,0.992,0.992,0.8871,0,0.625,1,1,1,1,1,1,
7,15,1ph_g,6.0,0.8986,0.0558,asym,0.0398,0.0021,-0.0638,-0.0042,0.9944,0.9944,0.8986,0,0.625,1,1,1,1,1,1,
7,15,1ph_g,12.0,0.9129,0.0421,normal,0.0134,0.0,0.029,-0.0234,0.9321,0.9321,0.9129,0,0.625,1,1,1,1,1,1,
7,15,1ph_g,30.0,0.9303,0.0247,normal,0.0129,0.0,0.0286,-0.0203,0.9345,0.9345,0.9303,0,0.625,1,1,1,1,1,1,
7,16,1ph_g,0.3,0.879,0.0737,asym,0.0525,0.0315,-0.0664,-0.0116,0.9894,0.9894,0.879,0,0.625,1,1,1,1,1,1,
7,16,1ph_g,0.6,0.8807,0.0721,asym,0.051,0.029,-0.066,-0.0106,0.99,0.99,0.8807,0,0.625,1,1,1,1,1,1,
7,16,1ph_g,1.0,0.8825,0.0704,asym,0.0495,0.0262,-0.0657,-0.0097,0.9907,0.9907,0.8825,0,0.625,1,1,1,1,1,1,
7,16,1ph_g,1.8,0.8861,0.067,asym,0.0467,0.0209,-0.0651,-0.0079,0.9918,0.9918,0.8861,0,0.625,1,1,1,1,1,1,
7,16,1ph_g,3.0,0.8911,0.0623,asym,0.0434,0.0134,-0.0647,-0.0061,0.993,0.993,0.8911,0,0.625,1,1,1,1,1,1,
7,16,1ph_g,6.0,0.901,0.053,normal,0.0137,0.0,0.0289,-0.0233,0.9322,0.9322,0.901,0,0.625,1,1,1,1,1,1,
7,16,1ph_g,12.0,0.9142,0.0406,normal,0.0134,0.0,0.029,-0.0232,0.9322,0.9322,0.9142,0,0.625,1,1,1,1,1,1,
7,16,1ph_g,30.0,0.9306,0.0242,normal,0.0129,0.0,0.0285,-0.0202,0.9346,0.9346,0.9306,0,0.625,1,1,1,1,1,1,
7,17,1ph_g,0.3,0.8892,0.0634,asym,0.0444,0.0162,-0.0649,-0.0067,0.9926,0.9926,0.8892,0,0.625,1,1,1,1,1,1,
7,17,1ph_g,0.6,0.8903,0.0623,asym,0.0437,0.0146,-0.0647,-0.0063,0.9929,0.9929,0.8903,0,0.625,1,1,1,1,1,1,
7,17,1ph_g,1.0,0.8917,0.061,asym,0.0429,0.0125,-0.0645,-0.0058,0.9932,0.9932,0.8917,0,0.625,1,1,1,1,1,1,
7,17,1ph_g,1.8,0.8943,0.0584,asym,0.0415,0.0085,-0.0642,-0.005,0.9938,0.9938,0.8943,0,0.625,1,1,1,1,1,1,
7,17,1ph_g,3.0,0.8979,0.055,asym,0.0399,0.0032,-0.0638,-0.0042,0.9944,0.9944,0.8979,0,0.625,1,1,1,1,1,1,
7,17,1ph_g,6.0,0.9054,0.0479,normal,0.0136,0.0,0.029,-0.0236,0.9319,0.9319,0.9054,0,0.625,1,1,1,1,1,1,
7,17,1ph_g,12.0,0.9162,0.0378,normal,0.0133,0.0,0.0289,-0.0229,0.9324,0.9324,0.9162,0,0.625,1,1,1,1,1,1,
7,17,1ph_g,30.0,0.9311,0.0233,normal,0.0129,0.0,0.0285,-0.0201,0.9347,0.9347,0.9311,0,0.625,1,1,1,1,1,1,
7,18,1ph_g,0.3,0.893,0.0596,asym,0.0421,0.0105,-0.0643,-0.0054,0.9935,0.9935,0.893,0,0.625,1,1,1,1,1,1,
7,18,1ph_g,0.6,0.894,0.0586,asym,0.0416,0.0091,-0.0642,-0.0051,0.9937,0.9937,0.894,0,0.625,1,1,1,1,1,1,
7,18,1ph_g,1.0,0.8952,0.0575,asym,0.0411,0.0073,-0.0641,-0.0048,0.9939,0.9939,0.8952,0,0.625,1,1,1,1,1,1,
7,18,1ph_g,1.8,0.8974,0.0553,asym,0.0401,0.0039,-0.0638,-0.0043,0.9943,0.9943,0.8974,0,0.625,1,1,1,1,1,1,
7,18,1ph_g,3.0,0.9005,0.0522,normal,0.0137,0.0,0.0289,-0.0233,0.9322,0.9322,0.9005,0,0.625,1,1,1,1,1,1,
7,18,1ph_g,6.0,0.9073,0.0458,normal,0.0136,0.0,0.029,-0.0236,0.9319,0.9319,0.9073,0,0.625,1,1,1,1,1,1,
7,18,1ph_g,12.0,0.9172,0.0366,normal,0.0133,0.0,0.0289,-0.0228,0.9325,0.9325,0.9172,0,0.625,1,1,1,1,1,1,
7,18,1ph_g,30.0,0.9314,0.0229,normal,0.0128,0.0,0.0285,-0.02,0.9347,0.9347,0.9314,0,0.625,1,1,1,1,1,1,
7,19,1ph_g,0.3,0.8909,0.0621,asym,0.0434,0.0137,-0.0647,-0.0062,0.993,0.993,0.8909,0,0.625,1,1,1,1,1,1,
7,19,1ph_g,0.6,0.912,0.0414,normal,0.0134,0.0,0.029,-0.0235,0.932,0.932,0.912,0,0.625,1,1,1,1,1,1,
7,19,1ph_g,1.0,0.9251,0.0284,normal,0.0131,0.0,0.0287,-0.0214,0.9336,0.9336,0.9251,0,0.625,1,1,1,1,1,1,
7,19,1ph_g,1.8,0.936,0.0174,normal,0.0127,0.0,0.0282,-0.019,0.9358,0.9358,0.936,0,0.625,1,1,1,1,1,1,
7,19,1ph_g,3.0,0.9422,0.011,normal,0.0127,0.0,0.0278,-0.0178,0.9373,0.9373,0.9422,0,0.625,1,1,1,1,1,1,
7,19,1ph_g,6.0,0.9472,0.0057,normal,0.0126,0.0,0.0274,-0.0168,0.9385,0.9385,0.9472,0,0.625,1,1,1,1,1,1,
7,19,1ph_g,12.0,0.9498,0.0029,normal,0.0126,0.0,0.0272,-0.0163,0.9391,0.9391,0.9498,0,0.625,1,1,1,1,1,1,
7,19,1ph_g,30.0,0.9513,0.0012,normal,0.0126,0.0,0.0271,-0.0159,0.9395,0.9395,0.9513,0,0.625,1,1,1,1,1,1,
7,20,1ph_g,0.3,0.9385,0.0141,normal,0.0127,0.0,0.028,-0.0186,0.9364,0.9364,0.9385,0,0.625,1,1,1,1,1,1,
7,20,1ph_g,0.6,0.9396,0.0128,normal,0.0127,0.0,0.028,-0.0184,0.9366,0.9366,0.9396,0,0.625,1,1,1,1,1,1,
7,20,1ph_g,1.0,0.941,0.0115,normal,0.0127,0.0,0.0279,-0.0181,0.9369,0.9369,0.941,0,0.625,1,1,1,1,1,1,
7,20,1ph_g,1.8,0.9431,0.0093,normal,0.0127,0.0,0.0277,-0.0177,0.9374,0.9374,0.9431,0,0.625,1,1,1,1,1,1,
7,20,1ph_g,3.0,0.9452,0.0072,normal,0.0126,0.0,0.0275,-0.0172,0.938,0.938,0.9452,0,0.625,1,1,1,1,1,1,
7,20,1ph_g,6.0,0.948,0.0046,normal,0.0126,0.0,0.0273,-0.0167,0.9387,0.9387,0.948,0,0.625,1,1,1,1,1,1,
7,20,1ph_g,12.0,0.95,0.0026,normal,0.0126,0.0,0.0272,-0.0162,0.9392,0.9392,0.95,0,0.625,1,1,1,1,1,1,
7,20,1ph_g,30.0,0.9514,0.0011,normal,0.0126,0.0,0.0271,-0.0159,0.9395,0.9395,0.9514,0,0.625,1,1,1,1,1,1,
7,21,1ph_g,0.3,0.9413,0.0113,normal,0.0127,0.0,0.0278,-0.018,0.937,0.937,0.9413,0,0.625,1,1,1,1,1,1,
7,21,1ph_g,0.6,0.942,0.0105,normal,0.0127,0.0,0.0278,-0.0179,0.9372,0.9372,0.942,0,0.625,1,1,1,1,1,1,
7,21,1ph_g,1.0,0.9428,0.0096,normal,0.0127,0.0,0.0277,-0.0177,0.9374,0.9374,0.9428,0,0.625,1,1,1,1,1,1,
7,21,1ph_g,1.8,0.9443,0.0081,normal,0.0126,0.0,0.0276,-0.0174,0.9377,0.9377,0.9443,0,0.625,1,1,1,1,1,1,
7,21,1ph_g,3.0,0.9459,0.0065,normal,0.0126,0.0,0.0275,-0.0171,0.9381,0.9381,0.9459,0,0.625,1,1,1,1,1,1,
7,21,1ph_g,6.0,0.9482,0.0043,normal,0.0126,0.0,0.0273,-0.0166,0.9387,0.9387,0.9482,0,0.625,1,1,1,1,1,1,
7,21,1ph_g,12.0,0.95,0.0025,normal,0.0126,0.0,0.0272,-0.0162,0.9392,0.9392,0.95,0,0.625,1,1,1,1,1,1,
7,21,1ph_g,30.0,0.9514,0.0011,normal,0.0126,0.0,0.0271,-0.0159,0.9395,0.9395,0.9514,0,0.625,1,1,1,1,1,1,
7,22,1ph_g,0.3,0.9444,0.0083,normal,0.0126,0.0,0.0276,-0.0174,0.9378,0.9378,0.9444,0,0.625,1,1,1,1,1,1,
7,22,1ph_g,0.6,0.9447,0.0079,normal,0.0126,0.0,0.0276,-0.0173,0.9379,0.9379,0.9447,0,0.625,1,1,1,1,1,1,
7,22,1ph_g,1.0,0.9451,0.0074,normal,0.0126,0.0,0.0276,-0.0173,0.9379,0.9379,0.9451,0,0.625,1,1,1,1,1,1,
7,22,1ph_g,1.8,0.9459,0.0065,normal,0.0126,0.0,0.0275,-0.0171,0.9381,0.9381,0.9459,0,0.625,1,1,1,1,1,1,
7,22,1ph_g,3.0,0.9469,0.0055,normal,0.0126,0.0,0.0274,-0.0169,0.9384,0.9384,0.9469,0,0.625,1,1,1,1,1,1,
7,22,1ph_g,6.0,0.9486,0.0039,normal,0.0126,0.0,0.0273,-0.0165,0.9388,0.9388,0.9486,0,0.625,1,1,1,1,1,1,
7,22,1ph_g,12.0,0.9501,0.0024,normal,0.0126,0.0,0.0272,-0.0162,0.9392,0.9392,0.9501,0,0.625,1,1,1,1,1,1,
7,22,1ph_g,30.0,0.9514,0.0011,normal,0.0126,0.0,0.0271,-0.0159,0.9395,0.9395,0.9514,0,0.625,1,1,1,1,1,1,
7,23,1ph_g,0.3,0.8128,0.1406,asym,0.1502,0.1309,-0.0688,-0.0498,0.9603,0.9603,0.8128,0,0.625,1,1,1,1,1,1,
7,23,1ph_g,1.0,0.8475,0.1068,asym,0.0932,0.0788,-0.0709,-0.0357,0.9734,0.9734,0.8475,0,0.625,1,1,1,1,1,1,
7,23,1ph_g,1.8,0.8765,0.0783,asym,0.0556,0.0353,-0.0668,-0.0138,0.988,0.988,0.8765,0,0.625,1,1,1,1,1,1,
7,23,1ph_g,3.0,0.8996,0.0553,asym,0.0394,0.0006,-0.0637,-0.004,0.9945,0.9945,0.8996,0,0.625,1,1,1,1,1,1,
7,23,1ph_g,6.0,0.9226,0.0317,normal,0.0131,0.0,0.0288,-0.0219,0.9332,0.9332,0.9226,0,0.625,1,1,1,1,1,1,
7,23,1ph_g,12.0,0.9366,0.0171,normal,0.0127,0.0,0.0282,-0.0189,0.936,0.936,0.9366,0,0.625,1,1,1,1,1,1,
7,23,1ph_g,30.0,0.9458,0.0072,normal,0.0126,0.0,0.0275,-0.0171,0.9382,0.9382,0.9458,0,0.625,1,1,1,1,1,1,
7,24,1ph_g,0.3,0.8652,0.0876,asym,0.0681,0.0522,-0.068,-0.0208,0.9833,0.9833,0.8652,0,0.625,1,1,1,1,1,1,
7,24,1ph_g,0.6,0.8733,0.0794,asym,0.0584,0.0401,-0.0671,-0.0154,0.987,0.987,0.8733,0,0.625,1,1,1,1,1,1,
7,24,1ph_g,1.0,0.8825,0.0702,asym,0.0495,0.0263,-0.0657,-0.0097,0.9907,0.9907,0.8825,0,0.625,1,1,1,1,1,1,
7,24,1ph_g,1.8,0.8964,0.0566,asym,0.0406,0.0054,-0.0639,-0.0046,0.9941,0.9941,0.8964,0,0.625,1,1,1,1,1,1,
7,24,1ph_g,3.0,0.9092,0.044,normal,0.0135,0.0,0.029,-0.0236,0.9319,0.9319,0.9092,0,0.625,1,1,1,1,1,1,
7,24,1ph_g,6.0,0.9255,0.0279,normal,0.013,0.0,0.0287,-0.0213,0.9336,0.9336,0.9255,0,0.625,1,1,1,1,1,1,
7,24,1ph_g,12.0,0.9373,0.016,normal,0.0127,0.0,0.0281,-0.0188,0.9361,0.9361,0.9373,0,0.625,1,1,1,1,1,1,
7,24,1ph_g,30.0,0.946,0.007,normal,0.0126,0.0,0.0275,-0.0171,0.9382,0.9382,0.946,0,0.625,1,1,1,1,1,1,
7,25,1ph_g,0.3,0.8925,0.0603,asym,0.0424,0.0112,-0.0644,-0.0056,0.9934,0.9934,0.8925,0,0.625,1,1,1,1,1,1,
7,25,1ph_g,0.6,0.8963,0.0564,asym,0.0406,0.0056,-0.0639,-0.0045,0.9941,0.9941,0.8963,0,0.625,1,1,1,1,1,1,
7,25,1ph_g,1.0,0.9007,0.0517,normal,0.0137,0.0,0.0289,-0.0233,0.9322,0.9322,0.9007,0,0.625,1,1,1,1,1,1,
7,25,1ph_g,1.8,0.9082,0.0443,normal,0.0135,0.0,0.029,-0.0237,0.9319,0.9319,0.9082,0,0.625,1,1,1,1,1,1,
7,25,1ph_g,3.0,0.9164,0.0363,normal,0.0133,0.0,0.0289,-0.0229,0.9324,0.9324,0.9164,0,0.625,1,1,1,1,1,1,
7,25,1ph_g,6.0,0.9281,0.0249,normal,0.0129,0.0,0.0287,-0.0209,0.934,0.934,0.9281,0,0.625,1,1,1,1,1,1,
7,25,1ph_g,12.0,0.9381,0.0149,normal,0.0127,0.0,0.0281,-0.0186,0.9363,0.9363,0.9381,0,0.625,1,1,1,1,1,1,
7,25,1ph_g,30.0,0.9461,0.0068,normal,0.0126,0.0,0.0275,-0.017,0.9382,0.9382,0.9461,0,0.625,1,1,1,1,1,1,
7,26,1ph_g,0.3,0.6915,0.263,asym,0.24,0.3,-0.0543,-0.0619,0.9413,0.9413,0.6915,1,0.625,1,1,1,1,1,1,
7,26,1ph_g,0.6,0.7144,0.2413,asym,0.2397,0.2784,-0.0555,-0.0626,0.9419,0.9419,0.7144,0,0.625,1,1,1,1,1,1,
7,26,1ph_g,1.0,0.7406,0.2168,asym,0.2252,0.2392,-0.0566,-0.062,0.9447,0.9447,0.7406,0,0.625,1,1,1,1,1,1,
7,26,1ph_g,1.8,0.7805,0.1792,asym,0.1905,0.1792,-0.0623,-0.0594,0.9508,0.9508,0.7805,0,0.625,1,1,1,1,1,1,
7,26,1ph_g,3.0,0.8175,0.1435,asym,0.1456,0.1238,-0.0695,-0.0488,0.9613,0.9613,0.8175,0,0.625,1,1,1,1,1,1,
7,26,1ph_g,6.0,0.8611,0.0985,asym,0.0756,0.0583,-0.069,-0.026,0.98,0.98,0.8611,0,0.625,1,1,1,1,1,1,
7,26,1ph_g,12.0,0.9002,0.0577,normal,0.0138,0.0,0.0289,-0.0231,0.9323,0.9323,0.9002,0,0.625,1,1,1,1,1,1,
7,26,1ph_g,30.0,0.9298,0.0257,normal,0.0129,0.0,0.0286,-0.0204,0.9344,0.9344,0.9298,0,0.625,1,1,1,1,1,1,
7,27,1ph_g,0.3,0.7173,0.2371,asym,0.2381,0.274,-0.0556,-0.0625,0.9422,0.9422,0.7173,0,0.625,1,1,1,1,1,1,
7,27,1ph_g,0.6,0.7362,0.2192,asym,0.2276,0.2456,-0.0563,-0.0621,0.9442,0.9442,0.7362,0,0.625,1,1,1,1,1,1,
7,27,1ph_g,1.0,0.7581,0.1986,asym,0.2125,0.2129,-0.0584,-0.0612,0.947,0.947,0.7581,0,0.625,1,1,1,1,1,1,
7,27,1ph_g,1.8,0.7922,0.1665,asym,0.1731,0.1617,-0.0636,-0.0579,0.9536,0.9536,0.7922,0,0.625,1,1,1,1,1,1,
7,27,1ph_g,3.0,0.824,0.136,asym,0.1354,0.114,-0.0707,-0.0453,0.9642,0.9642,0.824,0,0.625,1,1,1,1,1,1,
7,27,1ph_g,6.0,0.864,0.095,asym,0.0714,0.0541,-0.0686,-0.0234,0.9817,0.9817,0.864,0,0.625,1,1,1,1,1,1,
7,27,1ph_g,12.0,0.9011,0.0565,normal,0.0137,0.0,0.0289,-0.0232,0.9322,0.9322,0.9011,0,0.625,1,1,1,1,1,1,
7,27,1ph_g,30.0,0.93,0.0254,normal,0.0129,0.0,0.0286,-0.0204,0.9344,0.9344,0.93,0,0.625,1,1,1,1,1,1,
7,28,1ph_g,0.3,0.7883,0.165,asym,0.1763,0.1676,-0.0629,-0.0582,0.953,0.953,0.7883,0,0.625,1,1,1,1,1,1,
7,28,1ph_g,0.6,0.7973,0.1561,asym,0.1661,0.1541,-0.0657,-0.0567,0.955,0.955,0.7973,0,0.625,1,1,1,1,1,1,
7,28,1ph_g,1.0,0.8077,0.146,asym,0.156,0.1384,-0.0677,-0.0524,0.9584,0.9584,0.8077,0,0.625,1,1,1,1,1,1,
7,28,1ph_g,1.8,0.8243,0.1304,asym,0.1332,0.1135,-0.0709,-0.0444,0.9649,0.9649,0.8243,0,0.625,1,1,1,1,1,1,
7,28,1ph_g,3.0,0.8434,0.1125,asym,0.1006,0.0849,-0.0716,-0.0377,0.9716,0.9716,0.8434,0,0.625,1,1,1,1,1,1,
7,28,1ph_g,6.0,0.8756,0.081,asym,0.057,0.0366,-0.0671,-0.0147,0.9874,0.9874,0.8756,0,0.625,1,1,1,1,1,1,
7,28,1ph_g,12.0,0.9041,0.0519,normal,0.0137,0.0,0.029,-0.0235,0.932,0.932,0.9041,0,0.625,1,1,1,1,1,1,
7,28,1ph_g,30.0,0.9305,0.0244,normal,0.0129,0.0,0.0285,-0.0202,0.9345,0.9345,0.9305,0,0.625,1,1,1,1,1,1,
7,29,1ph_g,0.3,0.818,0.1351,asym,0.1417,0.123,-0.0697,-0.0476,0.9623,0.9623,0.818,0,0.625,1,1,1,1,1,1,
7,29,1ph_g,0.6,0.8231,0.13,asym,0.1344,0.1153,-0.0707,-0.0447,0.9646,0.9646,0.8231,0,0.625,1,1,1,1,1,1,
7,29,1ph_g,1.0,0.8294,0.1238,asym,0.1247,0.1058,-0.0712,-0.0425,0.9667,0.9667,0.8294,0,0.625,1,1,1,1,1,1,
7,29,1ph_g,1.8,0.8408,0.1129,asym,0.1043,0.0888,-0.0717,-0.0384,0.9709,0.9709,0.8408,0,0.625,1,1,1,1,1,1,
7,29,1ph_g,3.0,0.8561,0.0984,asym,0.0809,0.0658,-0.0694,-0.029,0.9779,0.9779,0.8561,0,0.625,1,1,1,1,1,1,
7,29,1ph_g,6.0,0.883,0.0727,asym,0.0497,0.0256,-0.0659,-0.01,0.9905,0.9905,0.883,0,0.625,1,1,1,1,1,1,
7,29,1ph_g,12.0,0.9063,0.0488,normal,0.0136,0.0,0.029,-0.0236,0.9319,0.9319,0.9063,0,0.625,1,1,1,1,1,1,
7,29,1ph_g,30.0,0.931,0.0236,normal,0.0129,0.0,0.0285,-0.0201,0.9346,0.9346,0.931,0,0.625,1,1,1,1,1,1,
7,30,1ph_g,0.3,0.8289,0.1241,asym,0.1255,0.1066,-0.0712,-0.0426,0.9666,0.9666,0.8289,0,0.625,1,1,1,1,1,1,
7,30,1ph_g,0.6,0.8331,0.1199,asym,0.118,0.1003,-0.0714,-0.0411,0.9681,0.9681,0.8331,0,0.625,1,1,1,1,1,1,
7,30,1ph_g,1.0,0.8385,0.1147,asym,0.1083,0.0922,-0.0716,-0.0391,0.9701,0.9701,0.8385,0,0.625,1,1,1,1,1,1,
7,30,1ph_g,1.8,0.8487,0.1049,asym,0.091,0.0769,-0.0706,-0.0349,0.974,0.974,0.8487,0,0.625,1,1,1,1,1,1,
7,30,1ph_g,3.0,0.8627,0.0916,asym,0.0715,0.0559,-0.0685,-0.0233,0.9817,0.9817,0.8627,0,0.625,1,1,1,1,1,1,
7,30,1ph_g,6.0,0.8867,0.0688,asym,0.0467,0.02,-0.0652,-0.0081,0.9918,0.9918,0.8867,0,0.625,1,1,1,1,1,1,
7,30,1ph_g,12.0,0.9077,0.0471,normal,0.0136,0.0,0.029,-0.0236,0.9319,0.9319,0.9077,0,0.625,1,1,1,1,1,1,
7,30,1ph_g,30.0,0.9313,0.0232,normal,0.0128,0.0,0.0285,-0.0201,0.9347,0.9347,0.9313,0,0.625,1,1,1,1,1,1,
7,31,1ph_g,0.3,0.849,0.1039,asym,0.0904,0.0765,-0.0705,-0.0345,0.9742,0.9742,0.849,0,0.625,1,1,1,1,1,1,
7,31,1ph_g,0.6,0.8521,0.1007,asym,0.0859,0.0718,-0.0699,-0.0319,0.976,0.976,0.8521,0,0.625,1,1,1,1,1,1,
7,31,1ph_g,1.0,0.8563,0.0965,asym,0.0801,0.0656,-0.0693,-0.0285,0.9783,0.9783,0.8563,0,0.625,1,1,1,1,1,1,
7,31,1ph_g,1.8,0.8641,0.0889,asym,0.0694,0.0539,-0.0682,-0.0217,0.9827,0.9827,0.8641,0,0.625,1,1,1,1,1,1,
7,31,1ph_g,3.0,0.8742,0.0792,asym,0.0577,0.0387,-0.067,-0.0149,0.9872,0.9872,0.8742,0,0.625,1,1,1,1,1,1,
7,31,1ph_g,6.0,0.8923,0.062,asym,0.0428,0.0116,-0.0646,-0.0059,0.9932,0.9932,0.8923,0,0.625,1,1,1,1,1,1,
7,31,1ph_g,12.0,0.9101,0.0441,normal,0.0135,0.0,0.029,-0.0236,0.9319,0.9319,0.9101,0,0.625,1,1,1,1,1,1,
7,31,1ph_g,30.0,0.9316,0.0225,normal,0.0128,0.0,0.0285,-0.02,0.9348,0.9348,0.9316,0,0.625,1,1,1,1,1,1,
7,32,1ph_g,0.3,0.8549,0.098,asym,0.0821,0.0677,-0.0695,-0.0297,0.9775,0.9775,0.8549,0,0.625,1,1,1,1,1,1,
7,32,1ph_g,0.6,0.8579,0.0949,asym,0.0779,0.0632,-0.069,-0.0271,0.9792,0.9792,0.8579,0,0.625,1,1,1,1,1,1,
7,32,1ph_g,1.0,0.8615,0.0912,asym,0.0726,0.0577,-0.0685,-0.0239,0.9813,0.9813,0.8615,0,0.625,1,1,1,1,1,1,
7,32,1ph_g,1.8,0.8684,0.0844,asym,0.064,0.0473,-0.0676,-0.0186,0.9848,0.9848,0.8684,0,0.625,1,1,1,1,1,1,
7,32,1ph_g,3.0,0.8775,0.0757,asym,0.0541,0.0338,-0.0666,-0.0127,0.9887,0.9887,0.8775,0,0.625,1,1,1,1,1,1,
7,32,1ph_g,6.0,0.8939,0.0601,asym,0.0418,0.0092,-0.0643,-0.0053,0.9936,0.9936,0.8939,0,0.625,1,1,1,1,1,1,
7,32,1ph_g,12.0,0.9108,0.0432,normal,0.0135,0.0,0.029,-0.0236,0.9319,0.9319,0.9108,0,0.625,1,1,1,1,1,1,
7,32,1ph_g,30.0,0.9317,0.0223,normal,0.0128,0.0,0.0285,-0.02,0.9348,0.9348,0.9317,0,0.625,1,1,1,1,1,1,
7,33,1ph_g,0.3,0.8621,0.0909,asym,0.0719,0.0569,-0.0684,-0.0235,0.9816,0.9816,0.8621,0,0.625,1,1,1,1,1,1,
7,33,1ph_g,0.6,0.8645,0.0883,asym,0.0689,0.0533,-0.0681,-0.0213,0.983,0.983,0.8645,0,0.625,1,1,1,1,1,1,
7,33,1ph_g,1.0,0.8676,0.0851,asym,0.065,0.0486,-0.0677,-0.0191,0.9844,0.9844,0.8676,0,0.625,1,1,1,1,1,1,
7,33,1ph_g,1.8,0.8734,0.0794,asym,0.0584,0.04,-0.067,-0.0154,0.987,0.987,0.8734,0,0.625,1,1,1,1,1,1,
7,33,1ph_g,3.0,0.8812,0.0718,asym,0.0506,0.0283,-0.066,-0.0104,0.9902,0.9902,0.8812,0,0.625,1,1,1,1,1,1,
7,33,1ph_g,6.0,0.8956,0.0579,asym,0.041,0.0066,-0.0641,-0.0048,0.9939,0.9939,0.8956,0,0.625,1,1,1,1,1,1,
7,33,1ph_g,12.0,0.9115,0.0423,normal,0.0134,0.0,0.029,-0.0236,0.9319,0.9319,0.9115,0,0.625,1,1,1,1,1,1,
7,33,1ph_g,30.0,0.9318,0.0221,normal,0.0128,0.0,0.0285,-0.0199,0.9348,0.9348,0.9318,0,0.625,1,1,1,1,1,1,
14,2,sym3ph,0.3,0.6573,0.0,sym,0.27,0.3,-0.0166,-0.1998,0.8673,0.8673,0.6573,1,0.625,1,1,1,1,1,1,
14,2,sym3ph,0.6,0.7779,0.0,sym,0.27,0.1832,-0.0305,-0.1988,0.8728,0.8728,0.7779,1,0.625,1,1,1,1,1,1,
14,2,sym3ph,1.0,0.8333,0.0,sym,0.2648,0.1001,-0.0106,-0.1952,0.877,0.877,0.8333,0,0.625,1,0,1,1,1,0,
14,2,sym3ph,1.8,0.8726,0.0,sym,0.2435,0.041,0.0109,-0.1882,0.8629,0.8629,0.8778,0,0.625,1,0,1,1,1,0,
14,2,sym3ph,3.0,0.8933,0.0,sym,0.2312,0.0101,0.0214,-0.1828,0.8473,0.8473,0.9033,0,0.625,1,0,1,1,1,0,
14,2,sym3ph,6.0,0.9051,0.0,normal,0.0134,0.0,0.0293,-0.0245,0.931,0.931,0.9051,0,0.625,1,1,1,1,1,1,
14,2,sym3ph,12.0,0.9133,0.0,normal,0.0131,0.0,0.0293,-0.0243,0.931,0.931,0.9133,0,0.625,1,1,1,1,1,1,
14,2,sym3ph,30.0,0.9183,0.0,normal,0.013,0.0,0.0293,-0.0236,0.9315,0.9315,0.9183,0,0.625,1,1,1,1,1,1,
14,3,sym3ph,0.3,0.3376,0.0,sym,0.27,0.3,0.0174,-0.1999,0.803,0.803,0.3457,1,0.3,1,1,1,1,1,1,
14,3,sym3ph,0.6,0.4835,0.0,sym,0.27,0.3,-0.0051,-0.1999,0.8554,0.8554,0.4835,1,0.3,1,1,1,1,1,1,
14,3,sym3ph,1.8,0.6507,0.0,sym,0.27,0.3,-0.0146,-0.1998,0.8669,0.8669,0.6507,1,0.625,1,1,1,1,1,1,
14,3,sym3ph,3.0,0.7464,0.0,sym,0.27,0.2305,-0.034,-0.1991,0.8715,0.8715,0.7464,1,0.625,1,1,1,1,1,1,
14,3,sym3ph,6.0,0.8299,0.0,sym,0.2665,0.1052,-0.0121,-0.1956,0.8765,0.8765,0.8299,0,0.625,1,0,1,1,1,0,
14,3,sym3ph,12.0,0.8759,0.0,sym,0.2416,0.0362,0.0125,-0.1873,0.8605,0.8605,0.8817,0,0.625,1,0,1,1,1,0,
14,3,sym3ph,30.0,0.901,0.0,normal,0.0135,0.0,0.0292,-0.0242,0.9312,0.9312,0.901,0,0.625,1,1,1,1,1,1,
14,4,sym3ph,0.3,0.2567,0.0,sym,0.27,0.3,0.0244,-0.1999,0.7817,0.7817,0.2681,1,0.3,1,1,1,1,1,1,
14,4,sym3ph,0.6,0.3764,0.0,sym,0.27,0.3,0.0144,-0.1999,0.8152,0.8152,0.3832,1,0.3,1,1,1,1,1,1,
14,4,sym3ph,1.0,0.4877,0.0,sym,0.27,0.3,-0.0057,-0.1999,0.8557,0.8557,0.4877,1,0.3,1,1,1,1,1,1,
14,4,sym3ph,3.0,0.6596,0.0,sym,0.27,0.3,-0.0172,-0.1998,0.8674,0.8674,0.6596,1,0.625,1,1,1,1,1,1,
14,4,sym3ph,6.0,0.7779,0.0,sym,0.27,0.1831,-0.0305,-0.1988,0.8728,0.8728,0.7779,1,0.625,1,1,1,1,1,1,
14,4,sym3ph,12.0,0.8475,0.0,sym,0.2583,0.0788,-0.0037,-0.1932,0.879,0.879,0.8475,0,0.625,1,0,1,1,1,0,
14,4,sym3ph,30.0,0.8931,0.0,sym,0.2313,0.0104,0.0213,-0.1828,0.8474,0.8474,0.9031,0,0.625,1,0,1,1,1,0,
14,5,sym3ph,0.3,0.2123,0.0,sym,0.27,0.3,0.0266,-0.1999,0.7775,0.7775,0.2248,1,0.15,1,1,1,1,1,1,
14,5,sym3ph,0.6,0.3114,0.0,sym,0.27,0.3,0.0195,-0.1999,0.7936,0.7936,0.3206,1,0.3,1,1,1,1,1,1,
14,5,sym3ph,1.0,0.4131,0.0,sym,0.27,0.3,0.0114,-0.1999,0.8262,0.8262,0.4184,1,0.3,1,1,1,1,1,1,
14,5,sym3ph,1.8,0.527,0.0,sym,0.27,0.3,-0.0092,-0.1999,0.8591,0.8591,0.527,1,0.625,1,1,1,1,1,1,
14,5,sym3ph,3.0,0.5914,0.0,sym,0.27,0.3,-0.0069,-0.1999,0.8635,0.8635,0.5914,1,0.625,1,1,1,1,1,1,
14,5,sym3ph,6.0,0.7295,0.0,sym,0.27,0.2557,-0.0332,-0.1993,0.8708,0.8708,0.7295,1,0.625,1,1,1,1,1,1,
14,5,sym3ph,12.0,0.8198,0.0,sym,0.27,0.1204,-0.017,-0.1966,0.8754,0.8754,0.8198,1,0.625,1,0,1,1,1,0,
14,5,sym3ph,30.0,0.8809,0.0,sym,0.2384,0.0286,0.0151,-0.1858,0.8568,0.8568,0.888,0,0.625,1,0,1,1,1,0,
14,6,sym3ph,0.3,0.1589,0.0,sym,0.27,0.3,0.0288,-0.1999,0.7734,0.7734,0.1724,1,0.15,0,1,1,1,1,0,
14,6,sym3ph,0.6,0.2272,0.0,sym,0.27,0.3,0.0259,-0.1999,0.7788,0.7789,0.2394,1,0.15,1,1,1,1,1,1,
14,6,sym3ph,1.0,0.3079,0.0,sym,0.27,0.3,0.0198,-0.1999,0.7922,0.7922,0.3172,1,0.3,1,1,1,1,1,1,
14,6,sym3ph,1.8,0.4302,0.0,sym,0.27,0.3,0.0098,-0.1999,0.8312,0.8312,0.4348,1,0.3,1,1,1,1,1,1,
14,6,sym3ph,3.0,0.5302,0.0,sym,0.27,0.3,-0.0092,-0.1999,0.8593,0.8593,0.5302,1,0.625,1,1,1,1,1,1,
14,6,sym3ph,6.0,0.6396,0.0,sym,0.27,0.3,-0.0116,-0.1998,0.8663,0.8663,0.6396,1,0.625,1,1,1,1,1,1,
14,6,sym3ph,12.0,0.7646,0.0,sym,0.27,0.203,-0.0319,-0.199,0.8722,0.8722,0.7646,1,0.625,1,1,1,1,1,1,
14,6,sym3ph,30.0,0.8562,0.0,sym,0.2536,0.0657,0.0016,-0.1918,0.8773,0.8773,0.8569,0,0.625,1,0,1,1,1,0,
14,7,sym3ph,0.3,0.1436,0.0,sym,0.27,0.3,0.0304,-0.1999,0.7703,0.7703,0.1579,1,0.15,0,1,1,1,1,0,
14,7,sym3ph,0.6,0.2029,0.0,sym,0.27,0.3,0.0271,-0.1999,0.7766,0.7767,0.2156,1,0.15,1,1,1,1,1,1,
14,7,sym3ph,1.0,0.2765,0.0,sym,0.27,0.3,0.0229,-0.1999,0.7845,0.7845,0.2873,1,0.3,1,1,1,1,1,1,
14,7,sym3ph,1.8,0.3947,0.0,sym,0.27,0.3,0.0129,-0.1999,0.8208,0.8208,0.4008,1,0.3,1,1,1,1,1,1,
14,7,sym3ph,3.0,0.5076,0.0,sym,0.27,0.3,-0.0084,-0.1999,0.8575,0.8575,0.5076,1,0.625,1,1,1,1,1,1,
14,7,sym3ph,6.0,0.6127,0.0,sym,0.27,0.3,-0.0078,-0.1998,0.8648,0.8648,0.6127,1,0.625,1,1,1,1,1,1,
14,7,sym3ph,12.0,0.7492,0.0,sym,0.27,0.2262,-0.0336,-0.1991,0.8716,0.8716,0.7492,1,0.625,1,1,1,1,1,1,
14,7,sym3ph,30.0,0.8498,0.0,sym,0.2571,0.0753,-0.0022,-0.1929,0.8794,0.8794,0.8498,0,0.625,1,0,1,1,1,0,
14,8,sym3ph,0.3,0.1071,0.0,sym,0.27,0.3,0.0348,-0.1999,0.7619,0.7619,0.1235,1,0.15,0,1,1,1,1,0,
14,8,sym3ph,0.6,0.1432,0.0,sym,0.27,0.3,0.0304,-0.1999,0.7702,0.7703,0.1575,1,0.15,0,1,1,1,1,0,
14,8,sym3ph,1.0,0.1914,0.0,sym,0.27,0.3,0.0278,-0.1999,0.7753,0.7754,0.2044,1,0.15,1,1,1,1,1,1,
14,8,sym3ph,1.8,0.2772,0.0,sym,0.27,0.3,0.0229,-0.1999,0.7846,0.7846,0.288,1,0.3,1,1,1,1,1,1,
14,8,sym3ph,3.0,0.3778,0.0,sym,0.27,0.3,0.0143,-0.1999,0.8157,0.8157,0.3845,1,0.3,1,1,1,1,1,1,
14,8,sym3ph,6.0,0.5298,0.0,sym,0.27,0.3,-0.0092,-0.1999,0.8593,0.8593,0.5298,1,0.625,1,1,1,1,1,1,
14,8,sym3ph,12.0,0.6556,0.0,sym,0.27,0.3,-0.0161,-0.1998,0.8672,0.8672,0.6556,1,0.625,1,1,1,1,1,1,
14,8,sym3ph,30.0,0.8023,0.0,sym,0.27,0.1466,-0.0248,-0.1979,0.8741,0.8741,0.8023,1,0.625,1,0,1,1,1,0,
14,9,sym3ph,0.3,0.0903,0.0,sym,0.27,0.3,0.0367,-0.1999,0.7583,0.7584,0.1075,1,0.15,0,1,1,1,1,0,
14,9,sym3ph,0.6,0.1199,0.0,sym,0.27,0.3,0.0335,-0.1999,0.7644,0.7645,0.1357,1,0.15,0,1,1,1,1,0,
14,9,sym3ph,1.0,0.16,0.0,sym,0.27,0.3,0.0287,-0.1999,0.7734,0.7735,0.1736,1,0.15,0,1,1,1,1,0,
14,9,sym3ph,1.8,0.2348,0.0,sym,0.27,0.3,0.0255,-0.1999,0.7795,0.7795,0.2468,1,0.3,1,1,1,1,1,1,
14,9,sym3ph,3.0,0.3295,0.0,sym,0.27,0.3,0.018,-0.1999,0.8003,0.8003,0.3379,1,0.3,1,1,1,1,1,1,
14,9,sym3ph,6.0,0.4867,0.0,sym,0.27,0.3,-0.0055,-0.1999,0.8557,0.8557,0.4867,1,0.3,1,1,1,1,1,1,
14,9,sym3ph,12.0,0.6097,0.0,sym,0.27,0.3,-0.0073,-0.1998,0.8647,0.8647,0.6097,1,0.625,1,1,1,1,1,1,
14,9,sym3ph,30.0,0.7761,0.0,sym,0.27,0.1859,-0.0306,-0.1988,0.8728,0.8728,0.7761,1,0.625,1,1,1,1,1,1,
14,10,sym3ph,0.3,0.0718,0.0,sym,0.27,0.3,0.0387,-0.1999,0.7545,0.7545,0.09,1,0.15,0,1,1,1,1,0,
14,10,sym3ph,0.6,0.0997,0.0,sym,0.27,0.3,0.0357,-0.1999,0.7603,0.7603,0.1165,1,0.15,0,1,1,1,1,0,
14,10,sym3ph,1.0,0.1357,0.0,sym,0.27,0.3,0.0313,-0.1999,0.7685,0.7686,0.1504,1,0.15,0,1,1,1,1,0,
14,10,sym3ph,1.8,0.2036,0.0,sym,0.27,0.3,0.027,-0.1999,0.7767,0.7768,0.2163,1,0.15,1,1,1,1,1,1,
14,10,sym3ph,3.0,0.2908,0.0,sym,0.27,0.3,0.0215,-0.1999,0.7871,0.7871,0.3009,1,0.3,1,1,1,1,1,1,
14,10,sym3ph,6.0,0.4416,0.0,sym,0.27,0.3,0.0067,-0.1999,0.8384,0.8384,0.4447,1,0.3,1,1,1,1,1,1,
14,10,sym3ph,12.0,0.5796,0.0,sym,0.27,0.3,-0.0072,-0.1999,0.8628,0.8628,0.5796,1,0.625,1,1,1,1,1,1,
14,10,sym3ph,30.0,0.7513,0.0,sym,0.27,0.223,-0.0333,-0.1991,0.8717,0.8717,0.7513,1,0.625,1,1,1,1,1,1,
14,11,sym3ph,0.3,0.0688,0.0,sym,0.27,0.3,0.0391,-0.1999,0.7538,0.7539,0.0872,1,0.15,0,1,1,1,1,0,
14,11,sym3ph,0.6,0.0967,0.0,sym,0.27,0.3,0.036,-0.1999,0.7597,0.7597,0.1136,1,0.15,0,1,1,1,1,0,
14,11,sym3ph,1.0,0.1322,0.0,sym,0.27,0.3,0.0319,-0.1999,0.7675,0.7676,0.1472,1,0.15,0,1,1,1,1,0,
14,11,sym3ph,1.8,0.1992,0.0,sym,0.27,0.3,0.0273,-0.1999,0.7762,0.7763,0.212,1,0.15,1,1,1,1,1,1,
14,11,sym3ph,3.0,0.2852,0.0,sym,0.27,0.3,0.0221,-0.1999,0.786,0.786,0.2956,1,0.3,1,1,1,1,1,1,
14,11,sym3ph,6.0,0.435,0.0,sym,0.27,0.3,0.0091,-0.1999,0.8331,0.8331,0.4393,1,0.3,1,1,1,1,1,1,
14,11,sym3ph,12.0,0.575,0.0,sym,0.27,0.3,-0.0074,-0.1999,0.8625,0.8625,0.575,1,0.625,1,1,1,1,1,1,
14,11,sym3ph,30.0,0.7471,0.0,sym,0.27,0.2294,-0.0339,-0.1991,0.8715,0.8715,0.7471,1,0.625,1,1,1,1,1,1,
14,12,sym3ph,0.3,0.0656,0.0,sym,0.27,0.3,0.0394,-0.1999,0.7532,0.7532,0.0842,1,0.15,0,1,1,1,1,0,
14,12,sym3ph,0.6,0.0915,0.0,sym,0.27,0.3,0.0366,-0.1999,0.7586,0.7586,0.1087,1,0.15,0,1,1,1,1,0,
14,12,sym3ph,1.0,0.126,0.0,sym,0.27,0.3,0.0327,-0.1999,0.7659,0.766,0.1414,1,0.15,0,1,1,1,1,0,
14,12,sym3ph,1.8,0.1911,0.0,sym,0.27,0.3,0.0278,-0.1999,0.7753,0.7753,0.2042,1,0.15,1,1,1,1,1,1,
14,12,sym3ph,3.0,0.2748,0.0,sym,0.27,0.3,0.0231,-0.1999,0.7842,0.7842,0.2856,1,0.3,1,1,1,1,1,1,
14,12,sym3ph,6.0,0.4228,0.0,sym,0.27,0.3,0.0105,-0.1999,0.829,0.829,0.4278,1,0.3,1,1,1,1,1,1,
14,12,sym3ph,12.0,0.5663,0.0,sym,0.27,0.3,-0.0079,-0.1999,0.8619,0.8619,0.5663,1,0.625,1,1,1,1,1,1,
14,12,sym3ph,30.0,0.7391,0.0,sym,0.27,0.2413,-0.0344,-0.1992,0.8712,0.8712,0.7391,1,0.625,1,1,1,1,1,1,
14,13,sym3ph,0.3,0.0415,0.0,sym,0.27,0.3,0.0415,-0.1999,0.7492,0.7492,0.0611,1,0.15,1,1,1,1,0,0,VDC_LOW
14,13,sym3ph,0.6,0.0676,0.0,sym,0.27,0.3,0.0392,-0.1999,0.7536,0.7536,0.086,1,0.15,0,1,1,1,1,0,
14,13,sym3ph,1.0,0.0987,0.0,sym,0.27,0.3,0.0358,-0.1999,0.7601,0.7601,0.1155,1,0.15,0,1,1,1,1,0,
14,13,sym3ph,1.8,0.1569,0.0,sym,0.27,0.3,0.029,-0.1999,0.773,0.7731,0.1705,1,0.15,0,1,1,1,1,0,
14,13,sym3ph,3.0,0.2326,0.0,sym,0.27,0.3,0.0257,-0.1999,0.7793,0.7793,0.2446,1,0.3,1,1,1,1,1,1,
14,13,sym3ph,6.0,0.3738,0.0,sym,0.27,0.3,0.0147,-0.1999,0.8144,0.8144,0.3807,1,0.3,1,1,1,1,1,1,
14,13,sym3ph,12.0,0.5294,0.0,sym,0.27,0.3,-0.0092,-0.1999,0.8592,0.8592,0.5294,1,0.625,1,1,1,1,1,1,
14,13,sym3ph,30.0,0.7076,0.0,sym,0.27,0.2886,-0.0266,-0.1995,0.8697,0.8697,0.7076,1,0.625,1,1,1,1,1,1,
14,14,sym3ph,0.3,0.0274,0.0,sym,0.27,0.3,0.043,-0.1999,0.7463,0.7463,0.0477,1,0.15,1,1,1,1,0,0,VDC_LOW
14,14,sym3ph,0.6,0.054,0.0,sym,0.27,0.3,0.0406,-0.1999,0.751,0.751,0.0731,1,0.15,0,1,1,1,1,0,
14,14,sym3ph,1.0,0.0857,0.0,sym,0.27,0.3,0.0372,-0.1999,0.7574,0.7575,0.1032,1,0.15,0,1,1,1,1,0,
14,14,sym3ph,1.8,0.1428,0.0,sym,0.27,0.3,0.0305,-0.1999,0.7701,0.7702,0.1571,1,0.15,0,1,1,1,1,0,
14,14,sym3ph,3.0,0.2162,0.0,sym,0.27,0.3,0.0264,-0.1999,0.7778,0.7778,0.2286,1,0.3,1,1,1,1,1,1,
14,14,sym3ph,6.0,0.3549,0.0,sym,0.27,0.3,0.0161,-0.1999,0.8086,0.8086,0.3624,1,0.3,1,1,1,1,1,1,
14,14,sym3ph,12.0,0.5144,0.0,sym,0.27,0.3,-0.009,-0.1999,0.858,0.858,0.5144,1,0.625,1,1,1,1,1,1,
14,14,sym3ph,30.0,0.6956,0.0,sym,0.27,0.3,-0.0244,-0.1996,0.8691,0.8691,0.6956,1,0.625,1,1,1,1,1,1,
14,15,sym3ph,0.3,0.0871,0.0,sym,0.27,0.3,0.037,-0.1999,0.7577,0.7577,0.1045,1,0.15,0,1,1,1,1,0,
14,15,sym3ph,0.6,0.1082,0.0,sym,0.27,0.3,0.0347,-0.1999,0.7621,0.7622,0.1245,1,0.15,0,1,1,1,1,0,
14,15,sym3ph,1.0,0.1337,0.0,sym,0.27,0.3,0.0316,-0.1999,0.7679,0.768,0.1486,1,0.15,0,1,1,1,1,0,
14,15,sym3ph,1.8,0.1823,0.0,sym,0.27,0.3,0.0281,-0.1999,0.7747,0.7747,0.1955,1,0.15,0,1,1,1,1,0,
14,15,sym3ph,3.0,0.2473,0.0,sym,0.27,0.3,0.0249,-0.1999,0.7807,0.7807,0.259,1,0.3,1,1,1,1,1,1,
14,15,sym3ph,6.0,0.3735,0.0,sym,0.27,0.3,0.0147,-0.1999,0.8143,0.8143,0.3804,1,0.3,1,1,1,1,1,1,
14,15,sym3ph,12.0,0.5241,0.0,sym,0.27,0.3,-0.0091,-0.1999,0.8588,0.8588,0.5241,1,0.3,1,1,1,1,1,1,
14,15,sym3ph,30.0,0.6976,0.0,sym,0.27,0.3,-0.0245,-0.1996,0.8692,0.8692,0.6976,1,0.625,1,1,1,1,1,1,
14,16,sym3ph,0.3,0.1487,0.0,sym,0.27,0.3,0.0298,-0.1999,0.7714,0.7714,0.1627,1,0.15,0,1,1,1,1,0,
14,16,sym3ph,0.6,0.1671,0.0,sym,0.27,0.3,0.0286,-0.1999,0.7737,0.7738,0.1805,1,0.15,0,1,1,1,1,0,
14,16,sym3ph,1.0,0.1882,0.0,sym,0.27,0.3,0.0279,-0.1999,0.775,0.775,0.2014,1,0.15,1,1,1,1,1,1,
14,16,sym3ph,1.8,0.229,0.0,sym,0.27,0.3,0.0258,-0.1999,0.779,0.779,0.2412,1,0.15,1,1,1,1,1,1,
14,16,sym3ph,3.0,0.2853,0.0,sym,0.27,0.3,0.0221,-0.1999,0.7861,0.7861,0.2957,1,0.15,1,1,1,1,1,1,
14,16,sym3ph,6.0,0.3969,0.0,sym,0.27,0.3,0.0127,-0.1999,0.8215,0.8215,0.4029,1,0.3,1,1,1,1,1,1,
14,16,sym3ph,12.0,0.5349,0.0,sym,0.27,0.3,-0.0091,-0.1999,0.8597,0.8597,0.5349,1,0.3,1,1,1,1,1,1,
14,16,sym3ph,30.0,0.7005,0.0,sym,0.27,0.2992,-0.0246,-0.1996,0.8694,0.8694,0.7005,1,0.625,1,1,1,1,1,1,
14,17,sym3ph,0.3,0.2627,0.0,sym,0.27,0.3,0.024,-0.1999,0.7824,0.7825,0.274,1,0.15,1,1,1,1,1,1,
14,17,sym3ph,0.6,0.2727,0.0,sym,0.27,0.3,0.0232,-0.1999,0.7839,0.7839,0.2837,1,0.15,1,1,1,1,1,1,
14,17,sym3ph,1.0,0.2862,0.0,sym,0.27,0.3,0.022,-0.1999,0.7862,0.7863,0.2966,1,0.15,1,1,1,1,1,1,
14,17,sym3ph,1.8,0.3132,0.0,sym,0.27,0.3,0.0194,-0.1999,0.7943,0.7943,0.3223,1,0.15,1,1,1,1,1,1,
14,17,sym3ph,3.0,0.3521,0.0,sym,0.27,0.3,0.0163,-0.1999,0.8078,0.8078,0.3597,1,0.15,1,1,1,1,1,1,
14,17,sym3ph,6.0,0.4362,0.0,sym,0.27,0.3,0.0087,-0.1999,0.834,0.834,0.4403,1,0.3,1,1,1,1,1,1,
14,17,sym3ph,12.0,0.551,0.0,sym,0.27,0.3,-0.0086,-0.1999,0.8608,0.8608,0.551,1,0.3,1,1,1,1,1,1,
14,17,sym3ph,30.0,0.7039,0.0,sym,0.27,0.2941,-0.0256,-0.1996,0.8695,0.8695,0.7039,1,0.625,1,1,1,1,1,1,
14,18,sym3ph,0.3,0.3026,0.0,sym,0.27,0.3,0.0203,-0.1999,0.79,0.7901,0.3122,1,0.15,1,1,1,1,1,1,
14,18,sym3ph,0.6,0.3115,0.0,sym,0.27,0.3,0.0195,-0.1999,0.7936,0.7937,0.3206,1,0.15,1,1,1,1,1,1,
14,18,sym3ph,1.0,0.3233,0.0,sym,0.27,0.3,0.0185,-0.1999,0.7981,0.7981,0.332,1,0.15,1,1,1,1,1,1,
14,18,sym3ph,1.8,0.3468,0.0,sym,0.27,0.3,0.0166,-0.1999,0.8061,0.8062,0.3546,1,0.15,1,1,1,1,1,1,
14,18,sym3ph,3.0,0.381,0.0,sym,0.27,0.3,0.014,-0.1999,0.8167,0.8167,0.3876,1,0.15,1,1,1,1,1,1,
14,18,sym3ph,6.0,0.4561,0.0,sym,0.27,0.3,0.0027,-0.1999,0.8476,0.8476,0.4573,1,0.3,1,1,1,1,1,1,
14,18,sym3ph,12.0,0.5606,0.0,sym,0.27,0.3,-0.0081,-0.1999,0.8615,0.8615,0.5606,1,0.3,1,1,1,1,1,1,
14,18,sym3ph,30.0,0.7069,0.0,sym,0.27,0.2896,-0.0264,-0.1995,0.8697,0.8697,0.7069,1,0.625,1,1,1,1,1,1,
14,19,sym3ph,0.3,0.7348,0.0,sym,0.27,0.2478,-0.0345,-0.1992,0.871,0.871,0.7348,1,0.625,1,1,1,1,1,1,
14,19,sym3ph,0.6,0.8015,0.0,sym,0.27,0.1477,-0.025,-0.198,0.8741,0.8741,0.8015,1,0.625,1,0,1,1,1,0,
14,19,sym3ph,1.0,0.8421,0.0,sym,0.2608,0.0869,-0.0066,-0.194,0.8782,0.8782,0.8421,0,0.625,1,0,1,1,1,0,
14,19,sym3ph,1.8,0.8754,0.0,sym,0.2418,0.0369,0.0123,-0.1874,0.8609,0.8609,0.8811,0,0.625,1,0,1,1,1,0,
14,19,sym3ph,3.0,0.8942,0.0,sym,0.2306,0.0087,0.0218,-0.1825,0.8466,0.8466,0.9045,0,0.625,1,0,1,1,1,0,
14,19,sym3ph,6.0,0.9053,0.0,normal,0.0134,0.0,0.0293,-0.0246,0.9309,0.9309,0.9053,0,0.625,1,1,1,1,1,1,
14,19,sym3ph,12.0,0.9134,0.0,normal,0.0131,0.0,0.0293,-0.0243,0.931,0.931,0.9134,0,0.625,1,1,1,1,1,1,
14,19,sym3ph,30.0,0.9183,0.0,normal,0.013,0.0,0.0293,-0.0236,0.9315,0.9315,0.9183,0,0.625,1,1,1,1,1,1,
14,20,sym3ph,0.3,0.883,0.0,sym,0.2371,0.0255,0.0162,-0.1853,0.8551,0.8551,0.8906,0,0.15,1,0,1,1,1,0,
14,20,sym3ph,0.6,0.8863,0.0,sym,0.2351,0.0205,0.018,-0.1844,0.8524,0.8524,0.8948,0,0.3,1,0,1,1,1,0,
14,20,sym3ph,1.0,0.8904,0.0,sym,0.2328,0.0144,0.02,-0.1835,0.8493,0.8493,0.8998,0,0.3,1,0,1,1,1,0,
14,20,sym3ph,1.8,0.8969,0.0,sym,0.2291,0.0046,0.0231,-0.1818,0.8448,0.8448,0.9078,0,0.3,1,0,1,1,1,0,
14,20,sym3ph,3.0,0.9017,0.0,normal,0.0135,0.0,0.0292,-0.0243,0.9312,0.9312,0.9017,0,0.625,1,1,1,1,1,1,
14,20,sym3ph,6.0,0.9079,0.0,normal,0.0132,0.0,0.0293,-0.0246,0.9308,0.9308,0.9079,0,0.625,1,1,1,1,1,1,
14,20,sym3ph,12.0,0.914,0.0,normal,0.0131,0.0,0.0293,-0.0242,0.931,0.931,0.914,0,0.625,1,1,1,1,1,1,
14,20,sym3ph,30.0,0.9184,0.0,normal,0.013,0.0,0.0293,-0.0236,0.9315,0.9315,0.9184,0,0.625,1,1,1,1,1,1,
14,21,sym3ph,0.3,0.8915,0.0,sym,0.2322,0.0127,0.0206,-0.1832,0.8485,0.8485,0.9012,0,0.15,1,0,1,1,1,0,
14,21,sym3ph,0.6,0.8935,0.0,sym,0.231,0.0097,0.0215,-0.1827,0.8471,0.8471,0.9037,0,0.15,1,0,1,1,1,0,
14,21,sym3ph,1.0,0.8961,0.0,sym,0.2295,0.0058,0.0227,-0.182,0.8454,0.8454,0.9068,0,0.3,1,0,1,1,1,0,
14,21,sym3ph,1.8,0.8982,0.0,sym,0.2283,0.0027,0.0237,-0.1814,0.844,0.844,0.9093,0,0.3,1,0,1,1,1,0,
14,21,sym3ph,3.0,0.9014,0.0,normal,0.0135,0.0,0.0292,-0.0243,0.9312,0.9312,0.9014,0,0.625,1,1,1,1,1,1,
14,21,sym3ph,6.0,0.9086,0.0,normal,0.0132,0.0,0.0293,-0.0246,0.9308,0.9308,0.9086,0,0.625,1,1,1,1,1,1,
14,21,sym3ph,12.0,0.9142,0.0,normal,0.0131,0.0,0.0293,-0.0242,0.9311,0.9311,0.9142,0,0.625,1,1,1,1,1,1,
14,21,sym3ph,30.0,0.9184,0.0,normal,0.013,0.0,0.0293,-0.0236,0.9315,0.9315,0.9184,0,0.625,1,1,1,1,1,1,
14,22,sym3ph,0.3,0.8986,0.0,sym,0.2281,0.0022,0.0238,-0.1813,0.8437,0.8438,0.9098,0,0.15,1,0,1,1,1,0,
14,22,sym3ph,0.6,0.8991,0.0,sym,0.2278,0.0013,0.0241,-0.1812,0.8434,0.8434,0.9104,0,0.15,1,0,1,1,1,0,
14,22,sym3ph,1.0,0.9002,0.0,normal,0.0135,0.0,0.0292,-0.0242,0.9313,0.9313,0.9002,0,0.3,1,1,1,1,1,1,
14,22,sym3ph,1.8,0.9014,0.0,normal,0.0135,0.0,0.0292,-0.0243,0.9312,0.9312,0.9014,0,0.3,1,1,1,1,1,1,
14,22,sym3ph,3.0,0.9045,0.0,normal,0.0134,0.0,0.0292,-0.0245,0.931,0.931,0.9045,0,0.3,1,1,1,1,1,1,
14,22,sym3ph,6.0,0.9097,0.0,normal,0.0132,0.0,0.0294,-0.0246,0.9308,0.9308,0.9097,0,0.625,1,1,1,1,1,1,
14,22,sym3ph,12.0,0.9145,0.0,normal,0.0131,0.0,0.0293,-0.0241,0.9311,0.9311,0.9145,0,0.625,1,1,1,1,1,1,
14,22,sym3ph,30.0,0.9185,0.0,normal,0.013,0.0,0.0293,-0.0236,0.9315,0.9315,0.9185,0,0.625,1,1,1,1,1,1,
14,23,sym3ph,0.3,0.5223,0.0,sym,0.27,0.3,-0.0091,-0.1999,0.8587,0.8587,0.5223,1,0.3,1,1,1,1,1,1,
14,23,sym3ph,1.0,0.5982,0.0,sym,0.27,0.3,-0.007,-0.1999,0.864,0.864,0.5982,1,0.3,1,1,1,1,1,1,
14,23,sym3ph,1.8,0.6903,0.0,sym,0.27,0.3,-0.024,-0.1997,0.8689,0.8689,0.6903,1,0.625,1,1,1,1,1,1,
14,23,sym3ph,3.0,0.763,0.0,sym,0.27,0.2055,-0.032,-0.199,0.8722,0.8722,0.763,1,0.625,1,1,1,1,1,1,
14,23,sym3ph,6.0,0.8345,0.0,sym,0.2643,0.0983,-0.01,-0.1951,0.8771,0.8771,0.8345,0,0.625,1,0,1,1,1,0,
14,23,sym3ph,12.0,0.8771,0.0,sym,0.2408,0.0344,0.0131,-0.1869,0.8596,0.8596,0.8832,0,0.625,1,0,1,1,1,0,
14,23,sym3ph,30.0,0.9012,0.0,normal,0.0135,0.0,0.0292,-0.0242,0.9312,0.9312,0.9012,0,0.625,1,1,1,1,1,1,
14,24,sym3ph,0.3,0.6532,0.0,sym,0.27,0.3,-0.0153,-0.1998,0.867,0.8671,0.6532,1,0.15,1,1,1,1,1,1,
14,24,sym3ph,0.6,0.6789,0.0,sym,0.27,0.3,-0.0219,-0.1997,0.8683,0.8683,0.6789,1,0.3,1,1,1,1,1,1,
14,24,sym3ph,1.0,0.7081,0.0,sym,0.27,0.2879,-0.0268,-0.1995,0.8697,0.8697,0.7081,1,0.3,1,1,1,1,1,1,
14,24,sym3ph,1.8,0.7521,0.0,sym,0.27,0.2219,-0.0332,-0.1991,0.8717,0.8717,0.7521,1,0.3,1,1,1,1,1,1,
14,24,sym3ph,3.0,0.7926,0.0,sym,0.27,0.1611,-0.0276,-0.1984,0.8736,0.8736,0.7926,1,0.625,1,1,1,1,1,1,
14,24,sym3ph,6.0,0.8432,0.0,sym,0.2603,0.0852,-0.0062,-0.1939,0.8784,0.8784,0.8432,0,0.625,1,0,1,1,1,0,
14,24,sym3ph,12.0,0.8794,0.0,sym,0.2394,0.0309,0.0143,-0.1862,0.8579,0.8579,0.8861,0,0.625,1,0,1,1,1,0,
14,24,sym3ph,30.0,0.9016,0.0,normal,0.0135,0.0,0.0292,-0.0243,0.9312,0.9312,0.9016,0,0.625,1,1,1,1,1,1,
14,25,sym3ph,0.3,0.7399,0.0,sym,0.27,0.2401,-0.0344,-0.1992,0.8712,0.8712,0.7399,1,0.15,1,1,1,1,1,1,
14,25,sym3ph,0.6,0.7516,0.0,sym,0.27,0.2225,-0.0333,-0.1991,0.8717,0.8717,0.7516,1,0.15,1,1,1,1,1,1,
14,25,sym3ph,1.0,0.7659,0.0,sym,0.27,0.2012,-0.0319,-0.199,0.8723,0.8723,0.7659,1,0.3,1,1,1,1,1,1,
14,25,sym3ph,1.8,0.7893,0.0,sym,0.27,0.1661,-0.0285,-0.1985,0.8734,0.8734,0.7893,1,0.3,1,1,1,1,1,1,
14,25,sym3ph,3.0,0.8148,0.0,sym,0.27,0.1278,-0.0196,-0.1971,0.8749,0.8749,0.8148,1,0.3,1,0,1,1,1,0,
14,25,sym3ph,6.0,0.8511,0.0,sym,0.2564,0.0734,-0.0015,-0.1927,0.8796,0.8796,0.8511,0,0.625,1,0,1,1,1,0,
14,25,sym3ph,12.0,0.8817,0.0,sym,0.2379,0.0275,0.0155,-0.1856,0.8562,0.8562,0.889,0,0.625,1,0,1,1,1,0,
14,25,sym3ph,30.0,0.902,0.0,normal,0.0135,0.0,0.0292,-0.0243,0.9312,0.9312,0.902,0,0.625,1,1,1,1,1,1,
14,26,sym3ph,0.3,0.2064,0.0,sym,0.27,0.3,0.0269,-0.1999,0.777,0.777,0.2191,1,0.15,1,1,1,1,1,1,
14,26,sym3ph,0.6,0.2692,0.0,sym,0.27,0.3,0.0235,-0.1999,0.7834,0.7834,0.2803,1,0.15,1,1,1,1,1,1,
14,26,sym3ph,1.0,0.3419,0.0,sym,0.27,0.3,0.0171,-0.1999,0.8045,0.8045,0.3499,1,0.3,1,1,1,1,1,1,
14,26,sym3ph,1.8,0.4529,0.0,sym,0.27,0.3,0.0036,-0.1999,0.8456,0.8456,0.4545,1,0.3,1,1,1,1,1,1,
14,26,sym3ph,3.0,0.5401,0.0,sym,0.27,0.3,-0.0089,-0.1999,0.8601,0.8601,0.5401,1,0.625,1,1,1,1,1,1,
14,26,sym3ph,6.0,0.6456,0.0,sym,0.27,0.3,-0.0132,-0.1998,0.8666,0.8666,0.6456,1,0.625,1,1,1,1,1,1,
14,26,sym3ph,12.0,0.7665,0.0,sym,0.27,0.2002,-0.0319,-0.199,0.8723,0.8723,0.7665,1,0.625,1,1,1,1,1,1,
14,26,sym3ph,30.0,0.8565,0.0,sym,0.2534,0.0652,0.0019,-0.1917,0.877,0.877,0.8574,0,0.625,1,0,1,1,1,0,
14,27,sym3ph,0.3,0.27,0.0,sym,0.27,0.3,0.0235,-0.1999,0.7835,0.7835,0.281,1,0.15,1,1,1,1,1,1,
14,27,sym3ph,0.6,0.3235,0.0,sym,0.27,0.3,0.0185,-0.1999,0.7981,0.7982,0.3322,1,0.15,1,1,1,1,1,1,
14,27,sym3ph,1.0,0.3857,0.0,sym,0.27,0.3,0.0136,-0.1999,0.8181,0.8181,0.3921,1,0.3,1,1,1,1,1,1,
14,27,sym3ph,1.8,0.4822,0.0,sym,0.27,0.3,-0.0049,-0.1999,0.8552,0.8552,0.4822,1,0.3,1,1,1,1,1,1,
14,27,sym3ph,3.0,0.5525,0.0,sym,0.27,0.3,-0.0085,-0.1999,0.861,0.861,0.5525,1,0.3,1,1,1,1,1,1,
14,27,sym3ph,6.0,0.6538,0.0,sym,0.27,0.3,-0.0155,-0.1998,0.8671,0.8671,0.6538,1,0.625,1,1,1,1,1,1,
14,27,sym3ph,12.0,0.7691,0.0,sym,0.27,0.1964,-0.0316,-0.1989,0.8724,0.8724,0.7691,1,0.625,1,1,1,1,1,1,
14,27,sym3ph,30.0,0.857,0.0,sym,0.2531,0.0645,0.0022,-0.1916,0.8765,0.8765,0.858,0,0.625,1,0,1,1,1,0,
14,28,sym3ph,0.3,0.4609,0.0,sym,0.27,0.3,0.0013,-0.1999,0.8507,0.8507,0.4615,1,0.15,1,1,1,1,1,1,
14,28,sym3ph,0.6,0.4864,0.0,sym,0.27,0.3,-0.0055,-0.1999,0.8556,0.8557,0.4864,1,0.15,1,1,1,1,1,1,
14,28,sym3ph,1.0,0.5122,0.0,sym,0.27,0.3,-0.0089,-0.1999,0.8579,0.8579,0.5122,1,0.15,1,1,1,1,1,1,
14,28,sym3ph,1.8,0.5481,0.0,sym,0.27,0.3,-0.0087,-0.1999,0.8606,0.8606,0.5481,1,0.3,1,1,1,1,1,1,
14,28,sym3ph,3.0,0.5896,0.0,sym,0.27,0.3,-0.0069,-0.1999,0.8634,0.8634,0.5896,1,0.3,1,1,1,1,1,1,
14,28,sym3ph,6.0,0.6885,0.0,sym,0.27,0.3,-0.0237,-0.1997,0.8688,0.8688,0.6885,1,0.625,1,1,1,1,1,1,
14,28,sym3ph,12.0,0.7776,0.0,sym,0.27,0.1836,-0.0305,-0.1988,0.8728,0.8728,0.7776,1,0.625,1,1,1,1,1,1,
14,28,sym3ph,30.0,0.8587,0.0,sym,0.2521,0.062,0.0032,-0.1913,0.8748,0.8748,0.8602,0,0.625,1,0,1,1,1,0,
14,29,sym3ph,0.3,0.5333,0.0,sym,0.27,0.3,-0.0091,-0.1999,0.8595,0.8596,0.5333,1,0.15,1,1,1,1,1,1,
14,29,sym3ph,0.6,0.544,0.0,sym,0.27,0.3,-0.0088,-0.1999,0.8603,0.8604,0.544,1,0.15,1,1,1,1,1,1,
14,29,sym3ph,1.0,0.5575,0.0,sym,0.27,0.3,-0.0083,-0.1999,0.8613,0.8613,0.5575,1,0.15,1,1,1,1,1,1,
14,29,sym3ph,1.8,0.5821,0.0,sym,0.27,0.3,-0.007,-0.1999,0.863,0.863,0.5821,1,0.3,1,1,1,1,1,1,
14,29,sym3ph,3.0,0.6251,0.0,sym,0.27,0.3,-0.0096,-0.1998,0.8655,0.8655,0.6251,1,0.3,1,1,1,1,1,1,
14,29,sym3ph,6.0,0.711,0.0,sym,0.27,0.2836,-0.0278,-0.1995,0.8699,0.8699,0.711,1,0.625,1,1,1,1,1,1,
14,29,sym3ph,12.0,0.7843,0.0,sym,0.27,0.1736,-0.0298,-0.1986,0.8731,0.8731,0.7843,1,0.625,1,1,1,1,1,1,
14,29,sym3ph,30.0,0.86,0.0,sym,0.2513,0.06,0.0039,-0.1911,0.8736,0.8736,0.8619,0,0.625,1,0,1,1,1,0,
14,30,sym3ph,0.3,0.5563,0.0,sym,0.27,0.3,-0.0084,-0.1999,0.8612,0.8613,0.5563,1,0.15,1,1,1,1,1,1,
14,30,sym3ph,0.6,0.5652,0.0,sym,0.27,0.3,-0.0079,-0.1999,0.8618,0.8619,0.5652,1,0.15,1,1,1,1,1,1,
14,30,sym3ph,1.0,0.5768,0.0,sym,0.27,0.3,-0.0074,-0.1999,0.8626,0.8626,0.5768,1,0.15,1,1,1,1,1,1,
14,30,sym3ph,1.8,0.6006,0.0,sym,0.27,0.3,-0.007,-0.1999,0.8641,0.8641,0.6006,1,0.3,1,1,1,1,1,1,
14,30,sym3ph,3.0,0.646,0.0,sym,0.27,0.3,-0.0134,-0.1998,0.8667,0.8667,0.646,1,0.3,1,1,1,1,1,1,
14,30,sym3ph,6.0,0.7226,0.0,sym,0.27,0.2661,-0.0314,-0.1993,0.8704,0.8704,0.7226,1,0.3,1,1,1,1,1,1,
14,30,sym3ph,12.0,0.7885,0.0,sym,0.27,0.1672,-0.0288,-0.1985,0.8734,0.8734,0.7885,1,0.625,1,1,1,1,1,1,
14,30,sym3ph,30.0,0.8609,0.0,sym,0.2507,0.0586,0.0044,-0.1909,0.8729,0.8729,0.863,0,0.625,1,0,1,1,1,0,
14,31,sym3ph,0.3,0.6007,0.0,sym,0.27,0.3,-0.007,-0.1999,0.8641,0.8641,0.6007,1,0.15,1,1,1,1,1,1,
14,31,sym3ph,0.6,0.6104,0.0,sym,0.27,0.3,-0.0075,-0.1998,0.8647,0.8647,0.6104,1,0.15,1,1,1,1,1,1,
14,31,sym3ph,1.0,0.624,0.0,sym,0.27,0.3,-0.0094,-0.1998,0.8655,0.8655,0.624,1,0.15,1,1,1,1,1,1,
14,31,sym3ph,1.8,0.6493,0.0,sym,0.27,0.3,-0.0142,-0.1998,0.8668,0.8669,0.6493,1,0.15,1,1,1,1,1,1,
14,31,sym3ph,3.0,0.6819,0.0,sym,0.27,0.3,-0.0225,-0.1997,0.8685,0.8685,0.6819,1,0.3,1,1,1,1,1,1,
14,31,sym3ph,6.0,0.7395,0.0,sym,0.27,0.2407,-0.0344,-0.1992,0.8712,0.8712,0.7395,1,0.3,1,1,1,1,1,1,
14,31,sym3ph,12.0,0.7956,0.0,sym,0.27,0.1567,-0.0268,-0.1982,0.8737,0.8737,0.7956,1,0.625,1,1,1,1,1,1,
14,31,sym3ph,30.0,0.862,0.0,sym,0.2501,0.057,0.005,-0.1907,0.872,0.872,0.8643,0,0.625,1,0,1,1,1,0,
14,32,sym3ph,0.3,0.6195,0.0,sym,0.27,0.3,-0.0088,-0.1998,0.8652,0.8653,0.6195,1,0.15,1,1,1,1,1,1,
14,32,sym3ph,0.6,0.6291,0.0,sym,0.27,0.3,-0.0101,-0.1998,0.8658,0.8658,0.6291,1,0.15,1,1,1,1,1,1,
14,32,sym3ph,1.0,0.6409,0.0,sym,0.27,0.3,-0.0119,-0.1998,0.8664,0.8664,0.6409,1,0.15,1,1,1,1,1,1,
14,32,sym3ph,1.8,0.6631,0.0,sym,0.27,0.3,-0.0182,-0.1998,0.8675,0.8676,0.6631,1,0.15,1,1,1,1,1,1,
14,32,sym3ph,3.0,0.6921,0.0,sym,0.27,0.3,-0.0243,-0.1996,0.869,0.869,0.6921,1,0.3,1,1,1,1,1,1,
14,32,sym3ph,6.0,0.7444,0.0,sym,0.27,0.2334,-0.0342,-0.1992,0.8714,0.8714,0.7444,1,0.3,1,1,1,1,1,1,
14,32,sym3ph,12.0,0.7978,0.0,sym,0.27,0.1532,-0.0261,-0.1981,0.8739,0.8739,0.7978,1,0.625,1,1,1,1,1,1,
14,32,sym3ph,30.0,0.8623,0.0,sym,0.2499,0.0565,0.0052,-0.1906,0.8717,0.8717,0.8647,0,0.625,1,0,1,1,1,0,
14,33,sym3ph,0.3,0.6429,0.0,sym,0.27,0.3,-0.0125,-0.1998,0.8665,0.8665,0.6429,1,0.15,1,1,1,1,1,1,
14,33,sym3ph,0.6,0.6505,0.0,sym,0.27,0.3,-0.0145,-0.1998,0.8669,0.8669,0.6505,1,0.15,1,1,1,1,1,1,
14,33,sym3ph,1.0,0.6603,0.0,sym,0.27,0.3,-0.0174,-0.1998,0.8674,0.8674,0.6603,1,0.15,1,1,1,1,1,1,
14,33,sym3ph,1.8,0.6788,0.0,sym,0.27,0.3,-0.0219,-0.1997,0.8683,0.8684,0.6788,1,0.15,1,1,1,1,1,1,
14,33,sym3ph,3.0,0.7037,0.0,sym,0.27,0.2945,-0.0255,-0.1996,0.8695,0.8695,0.7037,1,0.3,1,1,1,1,1,1,
14,33,sym3ph,6.0,0.7497,0.0,sym,0.27,0.2255,-0.0335,-0.1991,0.8716,0.8716,0.7497,1,0.3,1,1,1,1,1,1,
14,33,sym3ph,12.0,0.7997,0.0,sym,0.27,0.1504,-0.0255,-0.198,0.874,0.874,0.7997,1,0.625,1,1,1,1,1,1,
14,33,sym3ph,30.0,0.8626,0.0,sym,0.2497,0.0562,0.0053,-0.1906,0.8715,0.8715,0.8651,0,0.625,1,0,1,1,1,0,
14,2,1ph_g,0.3,0.832,0.0959,asym,0.1085,0.102,-0.0707,-0.0386,0.9703,0.9703,0.832,0,0.625,1,1,1,1,1,1,
14,2,1ph_g,0.6,0.8721,0.0536,asym,0.0526,0.0419,-0.0652,-0.0102,0.9901,0.9901,0.8721,0,0.625,1,1,1,1,1,1,
14,2,1ph_g,1.0,0.8944,0.0338,sym,0.2285,0.0083,0.0238,-0.1821,0.8434,0.8434,0.9056,0,0.625,1,0,1,1,1,0,
14,2,1ph_g,1.8,0.9037,0.0194,normal,0.0135,0.0,0.0291,-0.0241,0.9314,0.9314,0.9037,0,0.625,1,1,1,1,1,1,
14,2,1ph_g,3.0,0.9107,0.0119,normal,0.0132,0.0,0.0292,-0.0241,0.9313,0.9313,0.9107,0,0.625,1,1,1,1,1,1,
14,2,1ph_g,6.0,0.9161,0.006,normal,0.0131,0.0,0.0292,-0.0238,0.9314,0.9314,0.9161,0,0.625,1,1,1,1,1,1,
14,2,1ph_g,12.0,0.9188,0.003,normal,0.013,0.0,0.0292,-0.0234,0.9317,0.9317,0.9188,0,0.625,1,1,1,1,1,1,
14,2,1ph_g,30.0,0.9205,0.0012,normal,0.0129,0.0,0.0292,-0.0232,0.9318,0.9318,0.9205,0,0.625,1,1,1,1,1,1,
14,3,1ph_g,0.3,0.7247,0.2047,asym,0.2309,0.263,-0.0556,-0.0616,0.9437,0.9437,0.7247,0,0.625,1,1,1,1,1,1,
14,3,1ph_g,0.6,0.7735,0.157,asym,0.1903,0.1898,-0.0617,-0.0588,0.9509,0.9509,0.7735,0,0.625,1,1,1,1,1,1,
14,3,1ph_g,1.8,0.8298,0.098,asym,0.1125,0.1052,-0.0707,-0.0393,0.9695,0.9695,0.8298,0,0.625,1,1,1,1,1,1,
14,3,1ph_g,3.0,0.8616,0.0646,asym,0.0644,0.0576,-0.0665,-0.0175,0.9853,0.9853,0.8616,0,0.625,1,1,1,1,1,1,
14,3,1ph_g,6.0,0.8933,0.035,sym,0.2291,0.01,0.0233,-0.1824,0.844,0.844,0.9043,0,0.625,1,0,1,1,1,0,
14,3,1ph_g,12.0,0.9048,0.0182,normal,0.0135,0.0,0.0291,-0.0242,0.9314,0.9314,0.9048,0,0.625,1,1,1,1,1,1,
14,3,1ph_g,30.0,0.9147,0.0075,normal,0.0131,0.0,0.0292,-0.0239,0.9313,0.9313,0.9147,0,0.625,1,1,1,1,1,1,
14,4,1ph_g,0.3,0.698,0.2303,asym,0.24,0.3,-0.0547,-0.0614,0.9418,0.9418,0.698,1,0.625,1,1,1,1,1,1,
14,4,1ph_g,0.6,0.7376,0.1922,asym,0.2226,0.2436,-0.0564,-0.0611,0.9453,0.9453,0.7376,0,0.625,1,1,1,1,1,1,
14,4,1ph_g,1.0,0.7749,0.1556,asym,0.188,0.1876,-0.0618,-0.0587,0.9512,0.9512,0.7749,0,0.625,1,1,1,1,1,1,
14,4,1ph_g,3.0,0.8328,0.0951,asym,0.1069,0.1009,-0.0707,-0.0383,0.9706,0.9706,0.8328,0,0.625,1,1,1,1,1,1,
14,4,1ph_g,6.0,0.8722,0.0535,asym,0.0526,0.0418,-0.0652,-0.0102,0.9901,0.9901,0.8722,0,0.625,1,1,1,1,1,1,
14,4,1ph_g,12.0,0.8993,0.0286,sym,0.226,0.0011,0.0257,-0.1808,0.8406,0.8406,0.9113,0,0.625,1,0,1,1,1,0,
14,4,1ph_g,30.0,0.9106,0.0119,normal,0.0132,0.0,0.0292,-0.0241,0.9313,0.9313,0.9106,0,0.625,1,1,1,1,1,1,
14,5,1ph_g,0.3,0.6835,0.2441,asym,0.24,0.3,-0.0541,-0.0617,0.9411,0.9411,0.6835,1,0.625,1,1,1,1,1,1,
14,5,1ph_g,0.6,0.7159,0.2132,asym,0.2358,0.2761,-0.0553,-0.0617,0.9428,0.9428,0.7159,0,0.625,1,1,1,1,1,1,
14,5,1ph_g,1.0,0.7499,0.1804,asym,0.2139,0.2252,-0.0576,-0.0606,0.9469,0.9469,0.7499,0,0.625,1,1,1,1,1,1,
14,5,1ph_g,1.8,0.7884,0.1417,asym,0.1687,0.1674,-0.064,-0.0569,0.9544,0.9544,0.7884,0,0.625,1,1,1,1,1,1,
14,5,1ph_g,3.0,0.8106,0.1183,asym,0.144,0.1342,-0.069,-0.0476,0.962,0.962,0.8106,0,0.625,1,1,1,1,1,1,
14,5,1ph_g,6.0,0.856,0.0707,asym,0.0714,0.066,-0.0673,-0.0219,0.9824,0.9824,0.856,0,0.625,1,1,1,1,1,1,
14,5,1ph_g,12.0,0.8899,0.0387,sym,0.2308,0.0151,0.0219,-0.1832,0.846,0.846,0.9002,0,0.625,1,0,1,1,1,0,
14,5,1ph_g,30.0,0.9065,0.0164,normal,0.0134,0.0,0.0291,-0.0242,0.9314,0.9314,0.9065,0,0.625,1,1,1,1,1,1,
14,6,1ph_g,0.3,0.6637,0.2639,asym,0.24,0.3,-0.0534,-0.0621,0.94,0.94,0.6637,1,0.625,1,1,1,1,1,1,
14,6,1ph_g,0.6,0.6854,0.2437,asym,0.24,0.3,-0.0542,-0.0617,0.9411,0.9411,0.6854,1,0.625,1,1,1,1,1,1,
14,6,1ph_g,1.0,0.7121,0.2188,asym,0.238,0.2818,-0.0553,-0.0619,0.9423,0.9423,0.7121,0,0.625,1,1,1,1,1,1,
14,6,1ph_g,1.8,0.7534,0.1795,asym,0.2115,0.2198,-0.0581,-0.0604,0.9473,0.9473,0.7534,0,0.625,1,1,1,1,1,1,
14,6,1ph_g,3.0,0.788,0.1449,asym,0.17,0.168,-0.0638,-0.0571,0.9542,0.9542,0.788,0,0.625,1,1,1,1,1,1,
14,6,1ph_g,6.0,0.8255,0.105,asym,0.1215,0.1117,-0.0705,-0.0413,0.9676,0.9676,0.8255,0,0.625,1,1,1,1,1,1,
14,6,1ph_g,12.0,0.8675,0.0604,asym,0.0582,0.0487,-0.066,-0.0139,0.9877,0.9877,0.8675,0,0.625,1,1,1,1,1,1,
14,6,1ph_g,30.0,0.8994,0.0265,sym,0.226,0.0009,0.0257,-0.1808,0.8407,0.8407,0.9115,0,0.625,1,0,1,1,1,0,
14,7,1ph_g,0.3,0.6554,0.2728,asym,0.24,0.3,-0.0529,-0.0624,0.9395,0.9395,0.6554,1,0.625,1,1,1,1,1,1,
14,7,1ph_g,0.6,0.6737,0.2562,asym,0.24,0.3,-0.0538,-0.0619,0.9405,0.9405,0.6737,1,0.625,1,1,1,1,1,1,
14,7,1ph_g,1.0,0.6976,0.2347,asym,0.24,0.3,-0.0547,-0.0615,0.9417,0.9417,0.6976,1,0.625,1,1,1,1,1,1,
14,7,1ph_g,1.8,0.7376,0.1984,asym,0.2237,0.2436,-0.0564,-0.0614,0.9451,0.9451,0.7376,0,0.625,1,1,1,1,1,1,
14,7,1ph_g,3.0,0.7773,0.1604,asym,0.187,0.184,-0.0621,-0.0589,0.9513,0.9513,0.7773,0,0.625,1,1,1,1,1,1,
14,7,1ph_g,6.0,0.8151,0.1198,asym,0.1394,0.1274,-0.0696,-0.0464,0.9631,0.9631,0.8151,0,0.625,1,1,1,1,1,1,
14,7,1ph_g,12.0,0.8617,0.0701,asym,0.066,0.0574,-0.067,-0.0186,0.9846,0.9846,0.8617,0,0.625,1,1,1,1,1,1,
14,7,1ph_g,30.0,0.8998,0.0312,sym,0.2255,0.0003,0.0261,-0.1806,0.84,0.84,0.9121,0,0.625,1,0,1,1,1,0,
14,8,1ph_g,0.3,0.6449,0.2824,asym,0.24,0.3,-0.0525,-0.0627,0.9389,0.9389,0.6449,1,0.625,1,1,1,1,1,1,
14,8,1ph_g,0.6,0.6559,0.2721,asym,0.24,0.3,-0.0529,-0.0624,0.9395,0.9395,0.6559,1,0.625,1,1,1,1,1,1,
14,8,1ph_g,1.0,0.6711,0.2581,asym,0.24,0.3,-0.0537,-0.062,0.9404,0.9404,0.6711,1,0.625,1,1,1,1,1,1,
14,8,1ph_g,1.8,0.6993,0.2324,asym,0.24,0.3,-0.0548,-0.0615,0.9418,0.9418,0.6993,1,0.625,1,1,1,1,1,1,
14,8,1ph_g,3.0,0.7335,0.2006,asym,0.2261,0.2497,-0.056,-0.0614,0.9446,0.9446,0.7335,0,0.625,1,1,1,1,1,1,
14,8,1ph_g,6.0,0.7864,0.1493,asym,0.1728,0.1704,-0.0632,-0.0576,0.9536,0.9536,0.7864,0,0.625,1,1,1,1,1,1,
14,8,1ph_g,12.0,0.8301,0.1034,asym,0.1145,0.1048,-0.0708,-0.0399,0.969,0.969,0.8301,0,0.625,1,1,1,1,1,1,
14,8,1ph_g,30.0,0.8836,0.0493,sym,0.2339,0.0246,0.0193,-0.1846,0.8498,0.8498,0.8927,0,0.625,1,0,1,1,1,0,
14,9,1ph_g,0.3,0.6396,0.2874,asym,0.24,0.3,-0.0524,-0.0628,0.9386,0.9386,0.6396,1,0.625,1,1,1,1,1,1,
14,9,1ph_g,0.6,0.6488,0.2787,asym,0.24,0.3,-0.0527,-0.0626,0.9391,0.9391,0.6488,1,0.625,1,1,1,1,1,1,
14,9,1ph_g,1.0,0.6615,0.2669,asym,0.24,0.3,-0.0532,-0.0622,0.9399,0.9399,0.6615,1,0.625,1,1,1,1,1,1,
14,9,1ph_g,1.8,0.6857,0.2446,asym,0.24,0.3,-0.0542,-0.0617,0.9412,0.9412,0.6857,1,0.625,1,1,1,1,1,1,
14,9,1ph_g,3.0,0.7173,0.2155,asym,0.2355,0.274,-0.0554,-0.0618,0.9428,0.9428,0.7173,0,0.625,1,1,1,1,1,1,
14,9,1ph_g,6.0,0.7714,0.1643,asym,0.1948,0.1929,-0.0614,-0.059,0.9503,0.9503,0.7714,0,0.625,1,1,1,1,1,1,
14,9,1ph_g,12.0,0.8146,0.1194,asym,0.1398,0.1281,-0.0695,-0.0465,0.963,0.963,0.8146,0,0.625,1,1,1,1,1,1,
14,9,1ph_g,30.0,0.8712,0.0588,asym,0.0547,0.0432,-0.0657,-0.0119,0.989,0.989,0.8712,0,0.625,1,1,1,1,1,1,
14,10,1ph_g,0.3,0.6326,0.2942,asym,0.24,0.3,-0.0523,-0.0631,0.9381,0.9381,0.6326,1,0.625,1,1,1,1,1,1,
14,10,1ph_g,0.6,0.6424,0.2847,asym,0.24,0.3,-0.0525,-0.0628,0.9387,0.9387,0.6424,1,0.625,1,1,1,1,1,1,
14,10,1ph_g,1.0,0.6539,0.2739,asym,0.24,0.3,-0.0528,-0.0624,0.9394,0.9394,0.6539,1,0.625,1,1,1,1,1,1,
14,10,1ph_g,1.8,0.6757,0.2537,asym,0.24,0.3,-0.0539,-0.0619,0.9406,0.9406,0.6757,1,0.625,1,1,1,1,1,1,
14,10,1ph_g,3.0,0.7045,0.2272,asym,0.24,0.2932,-0.0551,-0.0618,0.9419,0.9419,0.7045,1,0.625,1,1,1,1,1,1,
14,10,1ph_g,6.0,0.756,0.1789,asym,0.2098,0.2159,-0.0585,-0.0603,0.9476,0.9476,0.756,0,0.625,1,1,1,1,1,1,
14,10,1ph_g,12.0,0.8045,0.13,asym,0.1542,0.1433,-0.0675,-0.0512,0.959,0.959,0.8045,0,0.625,1,1,1,1,1,1,
14,10,1ph_g,30.0,0.8629,0.0679,asym,0.0642,0.0557,-0.0667,-0.0176,0.9852,0.9852,0.8629,0,0.625,1,1,1,1,1,1,
14,11,1ph_g,0.3,0.6319,0.2948,asym,0.24,0.3,-0.0523,-0.0631,0.9381,0.9381,0.6319,1,0.625,1,1,1,1,1,1,
14,11,1ph_g,0.6,0.6418,0.2853,asym,0.24,0.3,-0.0525,-0.0628,0.9387,0.9387,0.6418,1,0.625,1,1,1,1,1,1,
14,11,1ph_g,1.0,0.6531,0.2745,asym,0.24,0.3,-0.0528,-0.0624,0.9394,0.9394,0.6531,1,0.625,1,1,1,1,1,1,
14,11,1ph_g,1.8,0.6746,0.2546,asym,0.24,0.3,-0.0538,-0.0619,0.9406,0.9406,0.6746,1,0.625,1,1,1,1,1,1,
14,11,1ph_g,3.0,0.7029,0.2286,asym,0.24,0.2956,-0.055,-0.0617,0.9419,0.9419,0.7029,1,0.625,1,1,1,1,1,1,
14,11,1ph_g,6.0,0.754,0.1806,asym,0.2114,0.219,-0.0582,-0.0605,0.9473,0.9473,0.754,0,0.625,1,1,1,1,1,1,
14,11,1ph_g,12.0,0.803,0.1313,asym,0.1557,0.1455,-0.0673,-0.052,0.9585,0.9585,0.803,0,0.625,1,1,1,1,1,1,
14,11,1ph_g,30.0,0.8615,0.0692,asym,0.066,0.0578,-0.0669,-0.0185,0.9846,0.9846,0.8615,0,0.625,1,1,1,1,1,1,
14,12,1ph_g,0.3,0.6323,0.2943,asym,0.24,0.3,-0.0523,-0.0631,0.9381,0.9381,0.6323,1,0.625,1,1,1,1,1,1,
14,12,1ph_g,0.6,0.641,0.2859,asym,0.24,0.3,-0.0524,-0.0628,0.9386,0.9386,0.641,1,0.625,1,1,1,1,1,1,
14,12,1ph_g,1.0,0.6518,0.2756,asym,0.24,0.3,-0.0528,-0.0625,0.9393,0.9393,0.6518,1,0.625,1,1,1,1,1,1,
14,12,1ph_g,1.8,0.6725,0.2563,asym,0.24,0.3,-0.0537,-0.062,0.9405,0.9405,0.6725,1,0.625,1,1,1,1,1,1,
14,12,1ph_g,3.0,0.7,0.231,asym,0.24,0.3,-0.0548,-0.0615,0.9418,0.9418,0.7,1,0.625,1,1,1,1,1,1,
14,12,1ph_g,6.0,0.7502,0.1838,asym,0.2143,0.2247,-0.0575,-0.0608,0.9468,0.9468,0.7502,0,0.625,1,1,1,1,1,1,
14,12,1ph_g,12.0,0.8001,0.1338,asym,0.1588,0.1498,-0.067,-0.0534,0.9574,0.9574,0.8001,0,0.625,1,1,1,1,1,1,
14,12,1ph_g,30.0,0.8589,0.0716,asym,0.0691,0.0617,-0.0672,-0.0204,0.9834,0.9834,0.8589,0,0.625,1,1,1,1,1,1,
14,13,1ph_g,0.3,0.6285,0.2976,asym,0.24,0.3,-0.0522,-0.0632,0.9379,0.9379,0.6285,1,0.625,1,1,1,1,1,1,
14,13,1ph_g,0.6,0.6349,0.2915,asym,0.24,0.3,-0.0523,-0.063,0.9383,0.9383,0.6349,1,0.625,1,1,1,1,1,1,
14,13,1ph_g,1.0,0.6442,0.2827,asym,0.24,0.3,-0.0525,-0.0627,0.9388,0.9388,0.6442,1,0.625,1,1,1,1,1,1,
14,13,1ph_g,1.8,0.662,0.266,asym,0.24,0.3,-0.0533,-0.0622,0.9399,0.9399,0.662,1,0.625,1,1,1,1,1,1,
14,13,1ph_g,3.0,0.6862,0.2437,asym,0.24,0.3,-0.0542,-0.0617,0.9412,0.9412,0.6862,1,0.625,1,1,1,1,1,1,
14,13,1ph_g,6.0,0.7334,0.1998,asym,0.226,0.2499,-0.056,-0.0614,0.9446,0.9446,0.7334,0,0.625,1,1,1,1,1,1,
14,13,1ph_g,12.0,0.7872,0.1474,asym,0.1715,0.1693,-0.0634,-0.0574,0.9539,0.9539,0.7872,0,0.625,1,1,1,1,1,1,
14,13,1ph_g,30.0,0.8482,0.0834,asym,0.0839,0.0776,-0.0688,-0.03,0.9771,0.9771,0.8482,0,0.625,1,1,1,1,1,1,
14,14,1ph_g,0.3,0.6244,0.3016,asym,0.24,0.3,-0.0522,-0.0633,0.9376,0.9376,0.6244,1,0.625,1,1,1,1,1,1,
14,14,1ph_g,0.6,0.6309,0.2953,asym,0.24,0.3,-0.0523,-0.0631,0.938,0.938,0.6309,1,0.625,1,1,1,1,1,1,
14,14,1ph_g,1.0,0.64,0.2867,asym,0.24,0.3,-0.0524,-0.0628,0.9386,0.9386,0.64,1,0.625,1,1,1,1,1,1,
14,14,1ph_g,1.8,0.6572,0.2706,asym,0.24,0.3,-0.053,-0.0623,0.9396,0.9396,0.6572,1,0.625,1,1,1,1,1,1,
14,14,1ph_g,3.0,0.6803,0.2493,asym,0.24,0.3,-0.054,-0.0618,0.9409,0.9409,0.6803,1,0.625,1,1,1,1,1,1,
14,14,1ph_g,6.0,0.7264,0.207,asym,0.2304,0.2604,-0.0556,-0.0617,0.9438,0.9438,0.7264,0,0.625,1,1,1,1,1,1,
14,14,1ph_g,12.0,0.7815,0.1539,asym,0.1794,0.1777,-0.0623,-0.0583,0.9525,0.9525,0.7815,0,0.625,1,1,1,1,1,1,
14,14,1ph_g,30.0,0.8441,0.0885,asym,0.0901,0.0839,-0.0697,-0.0337,0.9746,0.9746,0.8441,0,0.625,1,1,1,1,1,1,
14,15,1ph_g,0.3,0.6458,0.2802,asym,0.24,0.3,-0.0525,-0.0626,0.9389,0.9389,0.6458,1,0.625,1,1,1,1,1,1,
14,15,1ph_g,0.6,0.652,0.2742,asym,0.24,0.3,-0.0528,-0.0625,0.9393,0.9393,0.652,1,0.625,1,1,1,1,1,1,
14,15,1ph_g,1.0,0.6595,0.267,asym,0.24,0.3,-0.0531,-0.0622,0.9398,0.9398,0.6595,1,0.625,1,1,1,1,1,1,
14,15,1ph_g,1.8,0.6739,0.2535,asym,0.24,0.3,-0.0538,-0.0619,0.9406,0.9406,0.6739,1,0.625,1,1,1,1,1,1,
14,15,1ph_g,3.0,0.6939,0.2349,asym,0.24,0.3,-0.0546,-0.0615,0.9416,0.9416,0.6939,1,0.625,1,1,1,1,1,1,
14,15,1ph_g,6.0,0.7347,0.1972,asym,0.2249,0.2479,-0.0561,-0.0613,0.9449,0.9449,0.7347,0,0.625,1,1,1,1,1,1,
14,15,1ph_g,12.0,0.7856,0.1485,asym,0.1733,0.1716,-0.0631,-0.0576,0.9535,0.9535,0.7856,0,0.625,1,1,1,1,1,1,
14,15,1ph_g,30.0,0.8449,0.0871,asym,0.0887,0.0827,-0.0695,-0.0328,0.9752,0.9752,0.8449,0,0.625,1,1,1,1,1,1,
14,16,1ph_g,0.3,0.6665,0.2595,asym,0.24,0.3,-0.0535,-0.0621,0.9402,0.9402,0.6665,1,0.625,1,1,1,1,1,1,
14,16,1ph_g,0.6,0.6722,0.254,asym,0.24,0.3,-0.0538,-0.0619,0.9405,0.9405,0.6722,1,0.625,1,1,1,1,1,1,
14,16,1ph_g,1.0,0.6786,0.2478,asym,0.24,0.3,-0.054,-0.0618,0.9408,0.9408,0.6786,1,0.625,1,1,1,1,1,1,
14,16,1ph_g,1.8,0.691,0.2361,asym,0.24,0.3,-0.0544,-0.0616,0.9414,0.9414,0.691,1,0.625,1,1,1,1,1,1,
14,16,1ph_g,3.0,0.7084,0.22,asym,0.2395,0.2873,-0.0552,-0.0618,0.942,0.942,0.7084,0,0.625,1,1,1,1,1,1,
14,16,1ph_g,6.0,0.7441,0.1869,asym,0.2183,0.2339,-0.0568,-0.061,0.9461,0.9461,0.7441,0,0.625,1,1,1,1,1,1,
14,16,1ph_g,12.0,0.79,0.1429,asym,0.1678,0.1651,-0.0643,-0.0568,0.9546,0.9546,0.79,0,0.625,1,1,1,1,1,1,
14,16,1ph_g,30.0,0.846,0.0853,asym,0.0869,0.081,-0.0692,-0.0318,0.9759,0.9759,0.846,0,0.625,1,1,1,1,1,1,
14,17,1ph_g,0.3,0.7044,0.2217,asym,0.24,0.2934,-0.0551,-0.0617,0.9419,0.9419,0.7044,1,0.625,1,1,1,1,1,1,
14,17,1ph_g,0.6,0.7079,0.218,asym,0.2395,0.2881,-0.0551,-0.0618,0.9421,0.9421,0.7079,0,0.625,1,1,1,1,1,1,
14,17,1ph_g,1.0,0.7125,0.2134,asym,0.2372,0.2813,-0.0552,-0.0617,0.9425,0.9425,0.7125,0,0.625,1,1,1,1,1,1,
14,17,1ph_g,1.8,0.7212,0.2047,asym,0.2324,0.2681,-0.0554,-0.0615,0.9435,0.9435,0.7212,0,0.625,1,1,1,1,1,1,
14,17,1ph_g,3.0,0.7335,0.1929,asym,0.2248,0.2498,-0.056,-0.0612,0.9449,0.9449,0.7335,0,0.625,1,1,1,1,1,1,
14,17,1ph_g,6.0,0.76,0.1679,asym,0.2049,0.21,-0.0594,-0.0595,0.9487,0.9487,0.76,0,0.625,1,1,1,1,1,1,
14,17,1ph_g,12.0,0.797,0.1328,asym,0.1607,0.1545,-0.0667,-0.0546,0.9566,0.9566,0.797,0,0.625,1,1,1,1,1,1,
14,17,1ph_g,30.0,0.8475,0.0822,asym,0.0843,0.0788,-0.0688,-0.0302,0.977,0.977,0.8475,0,0.625,1,1,1,1,1,1,
14,18,1ph_g,0.3,0.7177,0.2083,asym,0.2344,0.2734,-0.0553,-0.0616,0.9431,0.9431,0.7177,0,0.625,1,1,1,1,1,1,
14,18,1ph_g,0.6,0.7208,0.2051,asym,0.2327,0.2689,-0.0553,-0.0615,0.9434,0.9434,0.7208,0,0.625,1,1,1,1,1,1,
14,18,1ph_g,1.0,0.7247,0.201,asym,0.2303,0.2629,-0.0555,-0.0614,0.9439,0.9439,0.7247,0,0.625,1,1,1,1,1,1,
14,18,1ph_g,1.8,0.7324,0.1934,asym,0.2255,0.2514,-0.0559,-0.0612,0.9448,0.9448,0.7324,0,0.625,1,1,1,1,1,1,
14,18,1ph_g,3.0,0.7432,0.1829,asym,0.2181,0.2352,-0.0567,-0.0608,0.9461,0.9461,0.7432,0,0.625,1,1,1,1,1,1,
14,18,1ph_g,6.0,0.7669,0.1604,asym,0.1977,0.1996,-0.0608,-0.0589,0.9499,0.9499,0.7669,0,0.625,1,1,1,1,1,1,
14,18,1ph_g,12.0,0.8005,0.1286,asym,0.1568,0.1492,-0.0669,-0.0524,0.9581,0.9581,0.8005,0,0.625,1,1,1,1,1,1,
14,18,1ph_g,30.0,0.8486,0.0806,asym,0.0826,0.0772,-0.0686,-0.0292,0.9776,0.9776,0.8486,0,0.625,1,1,1,1,1,1,
14,19,1ph_g,0.3,0.8583,0.0648,asym,0.0676,0.0625,-0.0668,-0.019,0.9842,0.9842,0.8583,0,0.625,1,1,1,1,1,1,
14,19,1ph_g,0.6,0.884,0.0429,sym,0.2341,0.024,0.0192,-0.1845,0.8501,0.8501,0.893,0,0.625,1,0,1,1,1,0,
14,19,1ph_g,1.0,0.8975,0.0294,sym,0.227,0.0037,0.025,-0.1813,0.8417,0.8417,0.9093,0,0.625,1,0,1,1,1,0,
14,19,1ph_g,1.8,0.9046,0.018,normal,0.0135,0.0,0.0291,-0.0242,0.9314,0.9314,0.9046,0,0.625,1,1,1,1,1,1,
14,19,1ph_g,3.0,0.911,0.0113,normal,0.0132,0.0,0.0292,-0.0242,0.9313,0.9313,0.911,0,0.625,1,1,1,1,1,1,
14,19,1ph_g,6.0,0.9162,0.0059,normal,0.0131,0.0,0.0292,-0.0238,0.9314,0.9314,0.9162,0,0.625,1,1,1,1,1,1,
14,19,1ph_g,12.0,0.9189,0.003,normal,0.013,0.0,0.0292,-0.0234,0.9317,0.9317,0.9189,0,0.625,1,1,1,1,1,1,
14,19,1ph_g,30.0,0.9205,0.0012,normal,0.0129,0.0,0.0292,-0.0232,0.9318,0.9318,0.9205,0,0.625,1,1,1,1,1,1,
14,20,1ph_g,0.3,0.9072,0.0145,normal,0.0134,0.0,0.0291,-0.0242,0.9313,0.9313,0.9072,0,0.625,1,1,1,1,1,1,
14,20,1ph_g,0.6,0.9084,0.0133,normal,0.0133,0.0,0.0292,-0.0242,0.9313,0.9313,0.9084,0,0.625,1,1,1,1,1,1,
14,20,1ph_g,1.0,0.9098,0.0119,normal,0.0133,0.0,0.0292,-0.0242,0.9313,0.9313,0.9098,0,0.625,1,1,1,1,1,1,
14,20,1ph_g,1.8,0.912,0.0097,normal,0.0132,0.0,0.0292,-0.0242,0.9312,0.9312,0.912,0,0.625,1,1,1,1,1,1,
14,20,1ph_g,3.0,0.9142,0.0075,normal,0.0131,0.0,0.0292,-0.024,0.9313,0.9313,0.9142,0,0.625,1,1,1,1,1,1,
14,20,1ph_g,6.0,0.917,0.0047,normal,0.013,0.0,0.0292,-0.0237,0.9315,0.9315,0.917,0,0.625,1,1,1,1,1,1,
14,20,1ph_g,12.0,0.9191,0.0027,normal,0.013,0.0,0.0292,-0.0234,0.9317,0.9317,0.9191,0,0.625,1,1,1,1,1,1,
14,20,1ph_g,30.0,0.9205,0.0012,normal,0.0129,0.0,0.0292,-0.0232,0.9318,0.9318,0.9205,0,0.625,1,1,1,1,1,1,
14,21,1ph_g,0.3,0.9101,0.0117,normal,0.0133,0.0,0.0292,-0.0242,0.9313,0.9313,0.9101,0,0.625,1,1,1,1,1,1,
14,21,1ph_g,0.6,0.9108,0.0109,normal,0.0132,0.0,0.0292,-0.0242,0.9312,0.9312,0.9108,0,0.625,1,1,1,1,1,1,
14,21,1ph_g,1.0,0.9117,0.01,normal,0.0132,0.0,0.0292,-0.0242,0.9312,0.9312,0.9117,0,0.625,1,1,1,1,1,1,
14,21,1ph_g,1.8,0.9132,0.0084,normal,0.0131,0.0,0.0293,-0.0241,0.9312,0.9312,0.9132,0,0.625,1,1,1,1,1,1,
14,21,1ph_g,3.0,0.9149,0.0068,normal,0.0131,0.0,0.0292,-0.0239,0.9313,0.9313,0.9149,0,0.625,1,1,1,1,1,1,
14,21,1ph_g,6.0,0.9173,0.0044,normal,0.013,0.0,0.0292,-0.0236,0.9315,0.9315,0.9173,0,0.625,1,1,1,1,1,1,
14,21,1ph_g,12.0,0.9191,0.0026,normal,0.013,0.0,0.0292,-0.0234,0.9317,0.9317,0.9191,0,0.625,1,1,1,1,1,1,
14,21,1ph_g,30.0,0.9206,0.0011,normal,0.0129,0.0,0.0292,-0.0232,0.9318,0.9318,0.9206,0,0.625,1,1,1,1,1,1,
14,22,1ph_g,0.3,0.9133,0.0085,normal,0.0131,0.0,0.0292,-0.0241,0.9312,0.9312,0.9133,0,0.625,1,1,1,1,1,1,
14,22,1ph_g,0.6,0.9136,0.0081,normal,0.0131,0.0,0.0292,-0.024,0.9313,0.9313,0.9136,0,0.625,1,1,1,1,1,1,
14,22,1ph_g,1.0,0.9141,0.0076,normal,0.0131,0.0,0.0292,-0.024,0.9313,0.9313,0.9141,0,0.625,1,1,1,1,1,1,
14,22,1ph_g,1.8,0.9149,0.0068,normal,0.0131,0.0,0.0292,-0.0239,0.9313,0.9313,0.9149,0,0.625,1,1,1,1,1,1,
14,22,1ph_g,3.0,0.9159,0.0057,normal,0.0131,0.0,0.0292,-0.0238,0.9314,0.9314,0.9159,0,0.625,1,1,1,1,1,1,
14,22,1ph_g,6.0,0.9176,0.004,normal,0.013,0.0,0.0292,-0.0236,0.9315,0.9315,0.9176,0,0.625,1,1,1,1,1,1,
14,22,1ph_g,12.0,0.9192,0.0025,normal,0.013,0.0,0.0292,-0.0234,0.9317,0.9317,0.9192,0,0.625,1,1,1,1,1,1,
14,22,1ph_g,30.0,0.9206,0.0011,normal,0.0129,0.0,0.0292,-0.0232,0.9318,0.9318,0.9206,0,0.625,1,1,1,1,1,1,
14,23,1ph_g,0.3,0.7897,0.135,asym,0.1659,0.1655,-0.0648,-0.0564,0.955,0.955,0.7897,0,0.625,1,1,1,1,1,1,
14,23,1ph_g,1.0,0.814,0.1115,asym,0.1379,0.129,-0.0697,-0.0452,0.9638,0.9638,0.814,0,0.625,1,1,1,1,1,1,
14,23,1ph_g,1.8,0.8434,0.0817,asym,0.0884,0.0848,-0.0691,-0.0323,0.9754,0.9754,0.8434,0,0.625,1,1,1,1,1,1,
14,23,1ph_g,3.0,0.8673,0.0573,asym,0.0575,0.049,-0.0658,-0.0133,0.988,0.988,0.8673,0,0.625,1,1,1,1,1,1,
14,23,1ph_g,6.0,0.8949,0.0327,sym,0.2283,0.0076,0.0239,-0.182,0.8431,0.8431,0.9062,0,0.625,1,0,1,1,1,0,
14,23,1ph_g,12.0,0.9052,0.0176,normal,0.0134,0.0,0.0291,-0.0242,0.9314,0.9314,0.9052,0,0.625,1,1,1,1,1,1,
14,23,1ph_g,30.0,0.9148,0.0074,normal,0.0131,0.0,0.0292,-0.0239,0.9314,0.9314,0.9148,0,0.625,1,1,1,1,1,1,
14,24,1ph_g,0.3,0.8318,0.0916,asym,0.1066,0.1023,-0.0706,-0.0382,0.9706,0.9706,0.8318,0,0.625,1,1,1,1,1,1,
14,24,1ph_g,0.6,0.8402,0.083,asym,0.0925,0.0898,-0.0696,-0.0345,0.9739,0.9739,0.8402,0,0.625,1,1,1,1,1,1,
14,24,1ph_g,1.0,0.8497,0.0733,asym,0.0789,0.0755,-0.0679,-0.0266,0.9793,0.9793,0.8497,0,0.625,1,1,1,1,1,1,
14,24,1ph_g,1.8,0.864,0.059,asym,0.0607,0.054,-0.0661,-0.0152,0.9868,0.9868,0.864,0,0.625,1,1,1,1,1,1,
14,24,1ph_g,3.0,0.8811,0.0456,sym,0.2357,0.0284,0.0178,-0.1852,0.8522,0.8522,0.8895,0,0.625,1,0,1,1,1,0,
14,24,1ph_g,6.0,0.8979,0.0288,sym,0.2268,0.0032,0.0251,-0.1812,0.8415,0.8415,0.9097,0,0.625,1,0,1,1,1,0,
14,24,1ph_g,12.0,0.906,0.0165,normal,0.0134,0.0,0.0291,-0.0242,0.9314,0.9314,0.906,0,0.625,1,1,1,1,1,1,
14,24,1ph_g,30.0,0.9149,0.0072,normal,0.0131,0.0,0.0292,-0.0239,0.9314,0.9314,0.9149,0,0.625,1,1,1,1,1,1,
14,25,1ph_g,0.3,0.86,0.0628,asym,0.0653,0.0599,-0.0665,-0.0178,0.985,0.985,0.86,0,0.625,1,1,1,1,1,1,
14,25,1ph_g,0.6,0.8639,0.0587,asym,0.0607,0.0541,-0.066,-0.0152,0.9868,0.9868,0.8639,0,0.625,1,1,1,1,1,1,
14,25,1ph_g,1.0,0.8686,0.0538,asym,0.0555,0.0471,-0.0655,-0.012,0.9889,0.9889,0.8686,0,0.625,1,1,1,1,1,1,
14,25,1ph_g,1.8,0.8801,0.0459,sym,0.2364,0.0299,0.0173,-0.1855,0.8529,0.8529,0.8882,0,0.625,1,0,1,1,1,0,
14,25,1ph_g,3.0,0.8885,0.0376,sym,0.2317,0.0173,0.0212,-0.1836,0.8471,0.8471,0.8984,0,0.625,1,0,1,1,1,0,
14,25,1ph_g,6.0,0.8994,0.0257,sym,0.2261,0.0009,0.0256,-0.1808,0.8408,0.8408,0.9115,0,0.625,1,0,1,1,1,0,
14,25,1ph_g,12.0,0.9068,0.0154,normal,0.0134,0.0,0.0291,-0.0242,0.9313,0.9313,0.9068,0,0.625,1,1,1,1,1,1,
14,25,1ph_g,30.0,0.9151,0.007,normal,0.0131,0.0,0.0292,-0.0239,0.9314,0.9314,0.9151,0,0.625,1,1,1,1,1,1,
14,26,1ph_g,0.3,0.6827,0.2444,asym,0.24,0.3,-0.0541,-0.0617,0.941,0.941,0.6827,1,0.625,1,1,1,1,1,1,
14,26,1ph_g,0.6,0.7022,0.2264,asym,0.24,0.2968,-0.055,-0.0616,0.9419,0.9419,0.7022,1,0.625,1,1,1,1,1,1,
14,26,1ph_g,1.0,0.7255,0.2045,asym,0.2304,0.2618,-0.0556,-0.0616,0.9438,0.9438,0.7255,0,0.625,1,1,1,1,1,1,
14,26,1ph_g,1.8,0.7622,0.1696,asym,0.2037,0.2067,-0.0597,-0.0595,0.9489,0.9489,0.7622,0,0.625,1,1,1,1,1,1,
14,26,1ph_g,3.0,0.7919,0.1402,asym,0.1658,0.1622,-0.0651,-0.0564,0.955,0.955,0.7919,0,0.625,1,1,1,1,1,1,
14,26,1ph_g,6.0,0.8277,0.1022,asym,0.1172,0.1085,-0.0706,-0.0404,0.9685,0.9685,0.8277,0,0.625,1,1,1,1,1,1,
14,26,1ph_g,12.0,0.8682,0.0595,asym,0.0574,0.0478,-0.0659,-0.0134,0.988,0.988,0.8682,0,0.625,1,1,1,1,1,1,
14,26,1ph_g,30.0,0.9009,0.0264,normal,0.0136,0.0,0.0291,-0.0239,0.9316,0.9316,0.9009,0,0.625,1,1,1,1,1,1,
14,27,1ph_g,0.3,0.7052,0.2217,asym,0.24,0.2921,-0.0551,-0.0617,0.9419,0.9419,0.7052,1,0.625,1,1,1,1,1,1,
14,27,1ph_g,0.6,0.7219,0.206,asym,0.2323,0.2672,-0.0554,-0.0616,0.9435,0.9435,0.7219,0,0.625,1,1,1,1,1,1,
14,27,1ph_g,1.0,0.7416,0.1874,asym,0.2197,0.2376,-0.0566,-0.061,0.9458,0.9458,0.7416,0,0.625,1,1,1,1,1,1,
14,27,1ph_g,1.8,0.7731,0.1575,asym,0.1908,0.1904,-0.0616,-0.0588,0.9509,0.9509,0.7731,0,0.625,1,1,1,1,1,1,
14,27,1ph_g,3.0,0.7966,0.1345,asym,0.1614,0.1551,-0.0667,-0.055,0.9563,0.9563,0.7966,0,0.625,1,1,1,1,1,1,
14,27,1ph_g,6.0,0.8306,0.0986,asym,0.1117,0.1041,-0.0708,-0.0392,0.9696,0.9696,0.8306,0,0.625,1,1,1,1,1,1,
14,27,1ph_g,12.0,0.8691,0.0582,asym,0.0563,0.0464,-0.0658,-0.0127,0.9884,0.9884,0.8691,0,0.625,1,1,1,1,1,1,
14,27,1ph_g,30.0,0.9011,0.0261,normal,0.0136,0.0,0.0291,-0.024,0.9316,0.9316,0.9011,0,0.625,1,1,1,1,1,1,
14,28,1ph_g,0.3,0.7696,0.1555,asym,0.1939,0.1956,-0.0613,-0.0587,0.9505,0.9505,0.7696,0,0.625,1,1,1,1,1,1,
14,28,1ph_g,0.6,0.7778,0.1472,asym,0.1811,0.1833,-0.0621,-0.0584,0.9522,0.9522,0.7778,0,0.625,1,1,1,1,1,1,
14,28,1ph_g,1.0,0.7862,0.139,asym,0.1698,0.1707,-0.0636,-0.057,0.9542,0.9542,0.7862,0,0.625,1,1,1,1,1,1,
14,28,1ph_g,1.8,0.7975,0.1285,asym,0.1591,0.1537,-0.0667,-0.0537,0.9572,0.9572,0.7975,0,0.625,1,1,1,1,1,1,
14,28,1ph_g,3.0,0.8107,0.1162,asym,0.1431,0.1339,-0.0691,-0.0473,0.9622,0.9622,0.8107,0,0.625,1,1,1,1,1,1,
14,28,1ph_g,6.0,0.8426,0.0842,asym,0.0902,0.0861,-0.0694,-0.0335,0.9747,0.9747,0.8426,0,0.625,1,1,1,1,1,1,
14,28,1ph_g,12.0,0.8721,0.0536,asym,0.0526,0.0419,-0.0652,-0.0102,0.9901,0.9901,0.8721,0,0.625,1,1,1,1,1,1,
14,28,1ph_g,30.0,0.9001,0.025,normal,0.0136,0.0,0.029,-0.0239,0.9316,0.9316,0.9001,0,0.625,1,1,1,1,1,1,
14,29,1ph_g,0.3,0.7934,0.1311,asym,0.1626,0.1599,-0.0663,-0.0555,0.9559,0.9559,0.7934,0,0.625,1,1,1,1,1,1,
14,29,1ph_g,0.6,0.7969,0.1275,asym,0.1592,0.1546,-0.0666,-0.0537,0.9571,0.9571,0.7969,0,0.625,1,1,1,1,1,1,
14,29,1ph_g,1.0,0.8012,0.1233,asym,0.155,0.1481,-0.0672,-0.0514,0.9588,0.9588,0.8012,0,0.625,1,1,1,1,1,1,
14,29,1ph_g,1.8,0.809,0.116,asym,0.145,0.1364,-0.0688,-0.0477,0.9618,0.9618,0.809,0,0.625,1,1,1,1,1,1,
14,29,1ph_g,3.0,0.8223,0.1031,asym,0.125,0.1165,-0.0703,-0.0418,0.9669,0.9669,0.8223,0,0.625,1,1,1,1,1,1,
14,29,1ph_g,6.0,0.8502,0.0756,asym,0.0791,0.0747,-0.0681,-0.0269,0.9791,0.9791,0.8502,0,0.625,1,1,1,1,1,1,
14,29,1ph_g,12.0,0.8744,0.0505,asym,0.0505,0.0384,-0.0647,-0.0088,0.991,0.991,0.8744,0,0.625,1,1,1,1,1,1,
14,29,1ph_g,30.0,0.9018,0.0243,normal,0.0136,0.0,0.0291,-0.024,0.9315,0.9315,0.9018,0,0.625,1,1,1,1,1,1,
14,30,1ph_g,0.3,0.8009,0.1234,asym,0.1552,0.1486,-0.0671,-0.0515,0.9587,0.9587,0.8009,0,0.625,1,1,1,1,1,1,
14,30,1ph_g,0.6,0.8038,0.1205,asym,0.1524,0.1443,-0.0677,-0.0501,0.9598,0.9598,0.8038,0,0.625,1,1,1,1,1,1,
14,30,1ph_g,1.0,0.8075,0.117,asym,0.1471,0.1387,-0.0686,-0.0483,0.9613,0.9613,0.8075,0,0.625,1,1,1,1,1,1,
14,30,1ph_g,1.8,0.815,0.1098,asym,0.1363,0.1275,-0.07,-0.0444,0.9644,0.9644,0.815,0,0.625,1,1,1,1,1,1,
14,30,1ph_g,3.0,0.8292,0.0959,asym,0.1123,0.1062,-0.0706,-0.0393,0.9695,0.9695,0.8292,0,0.625,1,1,1,1,1,1,
14,30,1ph_g,6.0,0.854,0.0715,asym,0.0736,0.069,-0.0675,-0.0234,0.9814,0.9814,0.854,0,0.625,1,1,1,1,1,1,
14,30,1ph_g,12.0,0.8796,0.0488,sym,0.2365,0.0307,0.0172,-0.1856,0.8531,0.8531,0.8876,0,0.625,1,0,1,1,1,0,
14,30,1ph_g,30.0,0.9003,0.0238,normal,0.0136,0.0,0.0291,-0.024,0.9316,0.9316,0.9003,0,0.625,1,1,1,1,1,1,
14,31,1ph_g,0.3,0.8153,0.1087,asym,0.1356,0.127,-0.0701,-0.044,0.9647,0.9647,0.8153,0,0.625,1,1,1,1,1,1,
14,31,1ph_g,0.6,0.8181,0.1058,asym,0.1315,0.1228,-0.0702,-0.0431,0.9656,0.9656,0.8181,0,0.625,1,1,1,1,1,1,
14,31,1ph_g,1.0,0.8225,0.1013,asym,0.1239,0.1163,-0.0703,-0.0416,0.9671,0.9671,0.8225,0,0.625,1,1,1,1,1,1,
14,31,1ph_g,1.8,0.8306,0.0932,asym,0.1091,0.1041,-0.0706,-0.0386,0.9702,0.9702,0.8306,0,0.625,1,1,1,1,1,1,
14,31,1ph_g,3.0,0.8411,0.0828,asym,0.0913,0.0884,-0.0695,-0.034,0.9743,0.9743,0.8411,0,0.625,1,1,1,1,1,1,
14,31,1ph_g,6.0,0.8598,0.0645,asym,0.0662,0.0603,-0.0667,-0.0183,0.9847,0.9847,0.8598,0,0.625,1,1,1,1,1,1,
14,31,1ph_g,12.0,0.882,0.0457,sym,0.2352,0.027,0.0183,-0.185,0.8514,0.8514,0.8906,0,0.625,1,0,1,1,1,0,
14,31,1ph_g,30.0,0.9001,0.0232,normal,0.0136,0.0,0.0291,-0.024,0.9316,0.9316,0.9001,0,0.625,1,1,1,1,1,1,
14,32,1ph_g,0.3,0.8211,0.1028,asym,0.1264,0.1184,-0.0703,-0.0421,0.9666,0.9666,0.8211,0,0.625,1,1,1,1,1,1,
14,32,1ph_g,0.6,0.8242,0.0995,asym,0.1209,0.1138,-0.0703,-0.041,0.9678,0.9678,0.8242,0,0.625,1,1,1,1,1,1,
14,32,1ph_g,1.0,0.828,0.0956,asym,0.1139,0.108,-0.0705,-0.0396,0.9692,0.9692,0.828,0,0.625,1,1,1,1,1,1,
14,32,1ph_g,1.8,0.8351,0.0884,asym,0.1009,0.0974,-0.0705,-0.0371,0.9718,0.9718,0.8351,0,0.625,1,1,1,1,1,1,
14,32,1ph_g,3.0,0.8444,0.0792,asym,0.0864,0.0833,-0.0688,-0.0312,0.9762,0.9762,0.8444,0,0.625,1,1,1,1,1,1,
14,32,1ph_g,6.0,0.8614,0.0625,asym,0.0639,0.0579,-0.0664,-0.0171,0.9855,0.9855,0.8614,0,0.625,1,1,1,1,1,1,
14,32,1ph_g,12.0,0.8828,0.0447,sym,0.2348,0.0259,0.0186,-0.1848,0.8509,0.8509,0.8915,0,0.625,1,0,1,1,1,0,
14,32,1ph_g,30.0,0.9002,0.023,normal,0.0136,0.0,0.0291,-0.024,0.9316,0.9316,0.9002,0,0.625,1,1,1,1,1,1,
14,33,1ph_g,0.3,0.8286,0.0951,asym,0.1128,0.1072,-0.0705,-0.0393,0.9694,0.9694,0.8286,0,0.625,1,1,1,1,1,1,
14,33,1ph_g,0.6,0.831,0.0924,asym,0.1081,0.1034,-0.0706,-0.0384,0.9704,0.9704,0.831,0,0.625,1,1,1,1,1,1,
14,33,1ph_g,1.0,0.8342,0.0891,asym,0.1023,0.0987,-0.0705,-0.0374,0.9715,0.9715,0.8342,0,0.625,1,1,1,1,1,1,
14,33,1ph_g,1.8,0.8402,0.083,asym,0.0924,0.0897,-0.0696,-0.0345,0.9739,0.9739,0.8402,0,0.625,1,1,1,1,1,1,
14,33,1ph_g,3.0,0.8483,0.075,asym,0.0809,0.0776,-0.0682,-0.0279,0.9784,0.9784,0.8483,0,0.625,1,1,1,1,1,1,
14,33,1ph_g,6.0,0.8632,0.0603,asym,0.0617,0.0552,-0.0662,-0.0158,0.9864,0.9864,0.8632,0,0.625,1,1,1,1,1,1,
14,33,1ph_g,12.0,0.8834,0.0438,sym,0.2344,0.0249,0.0189,-0.1847,0.8505,0.8505,0.8923,0,0.625,1,0,1,1,1,0,
14,33,1ph_g,30.0,0.9003,0.0228,normal,0.0136,0.0,0.0291,-0.024,0.9316,0.9316,0.9003,0,0.625,1,1,1,1,1,1,
25,2,sym3ph,0.3,0.7236,0.0,sym,0.27,0.2646,-0.0317,-0.1993,0.8705,0.8705,0.7236,1,0.625,1,1,1,1,1,1,
25,2,sym3ph,0.6,0.8337,0.0,sym,0.2646,0.0995,-0.0104,-0.1952,0.877,0.877,0.8337,0,0.625,1,0,1,1,1,0,
25,2,sym3ph,1.0,0.8853,0.0,sym,0.2357,0.0221,0.0174,-0.1847,0.8533,0.8533,0.8934,0,0.625,1,0,1,1,1,0,
25,2,sym3ph,1.8,0.9214,0.0,normal,0.0129,0.0,0.0292,-0.0231,0.9319,0.9319,0.9214,0,0.625,1,1,1,1,1,1,
25,2,sym3ph,3.0,0.9411,0.0,normal,0.0127,0.0,0.028,-0.0189,0.9363,0.9363,0.9411,0,0.625,1,1,1,1,1,1,
25,2,sym3ph,6.0,0.9563,0.0,normal,0.0125,0.0,0.0267,-0.0145,0.941,0.941,0.9563,0,0.625,1,1,1,1,1,1,
25,2,sym3ph,12.0,0.9641,0.0,normal,0.0131,0.0,0.0259,-0.0121,0.9436,0.9436,0.9641,0,0.625,1,1,1,1,1,1,
25,2,sym3ph,30.0,0.9688,0.0,normal,0.0138,0.0,0.0253,-0.01,0.9458,0.9458,0.9688,0,0.625,1,1,1,1,1,1,
25,3,sym3ph,0.3,0.3225,0.0,sym,0.27,0.3,0.0186,-0.1999,0.7978,0.7978,0.3313,1,0.3,1,1,1,1,1,1,
25,3,sym3ph,0.6,0.4863,0.0,sym,0.27,0.3,-0.0055,-0.1999,0.8556,0.8556,0.4863,1,0.3,1,1,1,1,1,1,
25,3,sym3ph,1.8,0.7177,0.0,sym,0.27,0.2734,-0.0302,-0.1994,0.8702,0.8702,0.7177,1,0.625,1,1,1,1,1,1,
25,3,sym3ph,3.0,0.8046,0.0,sym,0.27,0.1431,-0.0241,-0.1978,0.8743,0.8743,0.8046,1,0.625,1,0,1,1,1,0,
25,3,sym3ph,6.0,0.8821,0.0,sym,0.2377,0.0269,0.0157,-0.1855,0.8558,0.8558,0.8895,0,0.625,1,0,1,1,1,0,
25,3,sym3ph,12.0,0.9245,0.0,normal,0.0129,0.0,0.029,-0.0226,0.9324,0.9324,0.9245,0,0.625,1,1,1,1,1,1,
25,3,sym3ph,30.0,0.9525,0.0,normal,0.0126,0.0,0.027,-0.0157,0.9398,0.9398,0.9525,0,0.625,1,1,1,1,1,1,
25,4,sym3ph,0.3,0.5103,0.0,sym,0.27,0.3,-0.0087,-0.1999,0.8577,0.8577,0.5103,1,0.3,1,1,1,1,1,1,
25,4,sym3ph,0.6,0.5847,0.0,sym,0.27,0.3,-0.007,-0.1999,0.8631,0.8631,0.5847,1,0.3,1,1,1,1,1,1,
25,4,sym3ph,1.0,0.6632,0.0,sym,0.27,0.3,-0.0182,-0.1998,0.8676,0.8676,0.6632,1,0.3,1,1,1,1,1,1,
25,4,sym3ph,3.0,0.818,0.0,sym,0.27,0.123,-0.0179,-0.1968,0.8752,0.8752,0.818,1,0.625,1,0,1,1,1,0,
25,4,sym3ph,6.0,0.886,0.0,sym,0.2353,0.021,0.0178,-0.1845,0.8527,0.8527,0.8943,0,0.625,1,0,1,1,1,0,
25,4,sym3ph,12.0,0.9256,0.0,normal,0.0129,0.0,0.029,-0.0223,0.9327,0.9327,0.9256,0,0.625,1,1,1,1,1,1,
25,4,sym3ph,30.0,0.9527,0.0,normal,0.0126,0.0,0.027,-0.0156,0.9399,0.9399,0.9527,0,0.625,1,1,1,1,1,1,
25,5,sym3ph,0.3,0.6079,0.0,sym,0.27,0.3,-0.007,-0.1998,0.8645,0.8646,0.6079,1,0.15,1,1,1,1,1,1,
25,5,sym3ph,0.6,0.6624,0.0,sym,0.27,0.3,-0.018,-0.1998,0.8675,0.8675,0.6624,1,0.3,1,1,1,1,1,1,
25,5,sym3ph,1.0,0.7153,0.0,sym,0.27,0.277,-0.0295,-0.1994,0.8701,0.8701,0.7153,1,0.3,1,1,1,1,1,1,
25,5,sym3ph,1.8,0.7811,0.0,sym,0.27,0.1784,-0.0301,-0.1987,0.873,0.873,0.7811,1,0.625,1,1,1,1,1,1,
25,5,sym3ph,3.0,0.831,0.0,sym,0.266,0.1035,-0.0116,-0.1955,0.8766,0.8766,0.831,0,0.625,1,0,1,1,1,0,
25,5,sym3ph,6.0,0.8899,0.0,sym,0.2331,0.0152,0.0197,-0.1836,0.8497,0.8497,0.8992,0,0.625,1,0,1,1,1,0,
25,5,sym3ph,12.0,0.9267,0.0,normal,0.0129,0.0,0.0289,-0.0221,0.9329,0.9329,0.9267,0,0.625,1,1,1,1,1,1,
25,5,sym3ph,30.0,0.9529,0.0,normal,0.0126,0.0,0.027,-0.0156,0.9399,0.9399,0.9529,0,0.625,1,1,1,1,1,1,
25,6,sym3ph,0.3,0.7477,0.0,sym,0.27,0.2285,-0.0338,-0.1991,0.8715,0.8716,0.7477,1,0.15,1,1,1,1,1,1,
25,6,sym3ph,0.6,0.7678,0.0,sym,0.27,0.1983,-0.0317,-0.199,0.8724,0.8724,0.7678,1,0.15,1,1,1,1,1,1,
25,6,sym3ph,1.0,0.7907,0.0,sym,0.27,0.1639,-0.0281,-0.1984,0.8735,0.8735,0.7907,1,0.3,1,1,1,1,1,1,
25,6,sym3ph,1.8,0.8258,0.0,sym,0.2684,0.1113,-0.014,-0.196,0.876,0.876,0.8258,0,0.3,1,0,1,1,1,0,
25,6,sym3ph,3.0,0.8587,0.0,sym,0.2521,0.062,0.0031,-0.1913,0.8749,0.8749,0.8601,0,0.625,1,0,1,1,1,0,
25,6,sym3ph,6.0,0.8973,0.0,sym,0.2288,0.004,0.0233,-0.1817,0.8445,0.8445,0.9083,0,0.625,1,0,1,1,1,0,
25,6,sym3ph,12.0,0.9289,0.0,normal,0.0129,0.0,0.0288,-0.0217,0.9334,0.9334,0.9289,0,0.625,1,1,1,1,1,1,
25,6,sym3ph,30.0,0.9533,0.0,normal,0.0126,0.0,0.0269,-0.0154,0.9401,0.9401,0.9533,0,0.625,1,1,1,1,1,1,
25,7,sym3ph,0.3,0.7864,0.0,sym,0.27,0.1704,-0.0294,-0.1986,0.8732,0.8733,0.7864,1,0.15,1,1,1,1,1,1,
25,7,sym3ph,0.6,0.7982,0.0,sym,0.27,0.1527,-0.026,-0.1981,0.8739,0.8739,0.7982,1,0.15,1,1,1,1,1,1,
25,7,sym3ph,1.0,0.8129,0.0,sym,0.27,0.1306,-0.0209,-0.1972,0.8748,0.8748,0.8129,1,0.3,1,0,1,1,1,0,
25,7,sym3ph,1.8,0.8382,0.0,sym,0.2626,0.0927,-0.0083,-0.1946,0.8776,0.8776,0.8382,0,0.3,1,0,1,1,1,0,
25,7,sym3ph,3.0,0.8648,0.0,sym,0.2482,0.0528,0.0066,-0.1901,0.8695,0.8695,0.8679,0,0.625,1,0,1,1,1,0,
25,7,sym3ph,6.0,0.8986,0.0,sym,0.2281,0.0021,0.0238,-0.1813,0.8437,0.8437,0.9098,0,0.625,1,0,1,1,1,0,
25,7,sym3ph,12.0,0.929,0.0,normal,0.0129,0.0,0.0288,-0.0216,0.9334,0.9334,0.929,0,0.625,1,1,1,1,1,1,
25,7,sym3ph,30.0,0.9533,0.0,normal,0.0126,0.0,0.0269,-0.0155,0.9401,0.9401,0.9533,0,0.625,1,1,1,1,1,1,
25,8,sym3ph,0.3,0.8611,0.0,sym,0.2506,0.0583,0.0045,-0.1908,0.8727,0.8727,0.8633,0,0.15,1,0,1,1,1,0,
25,8,sym3ph,0.6,0.8652,0.0,sym,0.248,0.0522,0.0068,-0.19,0.8692,0.8692,0.8684,0,0.15,1,0,1,1,1,0,
25,8,sym3ph,1.0,0.8704,0.0,sym,0.2448,0.0444,0.0097,-0.1887,0.8647,0.8647,0.875,0,0.15,1,0,1,1,1,0,
25,8,sym3ph,1.8,0.8797,0.0,sym,0.2392,0.0305,0.0145,-0.1862,0.8577,0.8577,0.8864,0,0.3,1,0,1,1,1,0,
25,8,sym3ph,3.0,0.8915,0.0,sym,0.2322,0.0127,0.0206,-0.1832,0.8485,0.8485,0.9012,0,0.3,1,0,1,1,1,0,
25,8,sym3ph,6.0,0.9128,0.0,normal,0.0131,0.0,0.0294,-0.0243,0.9309,0.9309,0.9128,0,0.625,1,1,1,1,1,1,
25,8,sym3ph,12.0,0.9333,0.0,normal,0.0128,0.0,0.0285,-0.0208,0.9343,0.9343,0.9333,0,0.625,1,1,1,1,1,1,
25,8,sym3ph,30.0,0.954,0.0,normal,0.0126,0.0,0.0269,-0.0152,0.9403,0.9403,0.954,0,0.625,1,1,1,1,1,1,
25,9,sym3ph,0.3,0.8809,0.0,sym,0.2384,0.0286,0.0151,-0.1858,0.8568,0.8568,0.888,0,0.15,1,0,1,1,1,0,
25,9,sym3ph,0.6,0.8835,0.0,sym,0.2368,0.0247,0.0165,-0.1851,0.8547,0.8547,0.8913,0,0.15,1,0,1,1,1,0,
25,9,sym3ph,1.0,0.8869,0.0,sym,0.2348,0.0197,0.0182,-0.1843,0.852,0.852,0.8955,0,0.15,1,0,1,1,1,0,
25,9,sym3ph,1.8,0.8935,0.0,sym,0.231,0.0097,0.0215,-0.1827,0.8471,0.8471,0.9036,0,0.3,1,0,1,1,1,0,
25,9,sym3ph,3.0,0.902,0.0,normal,0.0135,0.0,0.0292,-0.0243,0.9312,0.9312,0.902,0,0.3,1,1,1,1,1,1,
25,9,sym3ph,6.0,0.9192,0.0,normal,0.013,0.0,0.0292,-0.0234,0.9316,0.9316,0.9192,0,0.3,1,1,1,1,1,1,
25,9,sym3ph,12.0,0.9356,0.0,normal,0.0128,0.0,0.0284,-0.0203,0.9349,0.9349,0.9356,0,0.625,1,1,1,1,1,1,
25,9,sym3ph,30.0,0.9545,0.0,normal,0.0126,0.0,0.0268,-0.0151,0.9404,0.9404,0.9545,0,0.625,1,1,1,1,1,1,
25,10,sym3ph,0.3,0.8945,0.0,sym,0.2305,0.0082,0.022,-0.1824,0.8464,0.8465,0.9048,0,0.15,1,0,1,1,1,0,
25,10,sym3ph,0.6,0.8967,0.0,sym,0.2292,0.0049,0.023,-0.1818,0.8449,0.845,0.9075,0,0.15,1,0,1,1,1,0,
25,10,sym3ph,1.0,0.8996,0.0,sym,0.2275,0.0006,0.0243,-0.181,0.843,0.8431,0.911,0,0.15,1,0,1,1,1,0,
25,10,sym3ph,1.8,0.9038,0.0,normal,0.0134,0.0,0.0292,-0.0245,0.931,0.9311,0.9038,0,0.15,1,1,1,1,1,1,
25,10,sym3ph,3.0,0.9111,0.0,normal,0.0131,0.0,0.0294,-0.0245,0.9308,0.9308,0.9111,0,0.3,1,1,1,1,1,1,
25,10,sym3ph,6.0,0.9241,0.0,normal,0.0129,0.0,0.0291,-0.0226,0.9324,0.9324,0.9241,0,0.3,1,1,1,1,1,1,
25,10,sym3ph,12.0,0.9383,0.0,normal,0.0128,0.0,0.0282,-0.0196,0.9356,0.9356,0.9383,0,0.625,1,1,1,1,1,1,
25,10,sym3ph,30.0,0.9549,0.0,normal,0.0126,0.0,0.0268,-0.015,0.9406,0.9406,0.9549,0,0.625,1,1,1,1,1,1,
25,11,sym3ph,0.3,0.8963,0.0,sym,0.2294,0.0055,0.0228,-0.182,0.8452,0.8452,0.907,0,0.15,1,0,1,1,1,0,
25,11,sym3ph,0.6,0.8985,0.0,sym,0.2281,0.0022,0.0238,-0.1813,0.8437,0.8438,0.9097,0,0.15,1,0,1,1,1,0,
25,11,sym3ph,1.0,0.9001,0.0,normal,0.0135,0.0,0.0292,-0.0242,0.9313,0.9313,0.9001,0,0.15,1,1,1,1,1,1,
25,11,sym3ph,1.8,0.9054,0.0,normal,0.0134,0.0,0.0293,-0.0246,0.9309,0.9309,0.9054,0,0.15,1,1,1,1,1,1,
25,11,sym3ph,3.0,0.9123,0.0,normal,0.0131,0.0,0.0294,-0.0244,0.9309,0.9309,0.9123,0,0.3,1,1,1,1,1,1,
25,11,sym3ph,6.0,0.9249,0.0,normal,0.0129,0.0,0.029,-0.0225,0.9325,0.9325,0.9249,0,0.3,1,1,1,1,1,1,
25,11,sym3ph,12.0,0.9388,0.0,normal,0.0128,0.0,0.0281,-0.0195,0.9357,0.9357,0.9388,0,0.625,1,1,1,1,1,1,
25,11,sym3ph,30.0,0.955,0.0,normal,0.0126,0.0,0.0268,-0.0149,0.9406,0.9406,0.955,0,0.625,1,1,1,1,1,1,
25,12,sym3ph,0.3,0.8999,0.0,sym,0.2273,0.0002,0.0244,-0.181,0.8429,0.8429,0.9113,0,0.15,1,0,1,1,1,0,
25,12,sym3ph,0.6,0.9007,0.0,normal,0.0135,0.0,0.0292,-0.0242,0.9312,0.9313,0.9007,0,0.15,1,1,1,1,1,1,
25,12,sym3ph,1.0,0.9033,0.0,normal,0.0134,0.0,0.0292,-0.0244,0.9311,0.9311,0.9033,0,0.15,1,1,1,1,1,1,
25,12,sym3ph,1.8,0.9081,0.0,normal,0.0132,0.0,0.0293,-0.0246,0.9308,0.9308,0.9081,0,0.15,1,1,1,1,1,1,
25,12,sym3ph,3.0,0.9145,0.0,normal,0.0131,0.0,0.0293,-0.0241,0.9311,0.9311,0.9145,0,0.3,1,1,1,1,1,1,
25,12,sym3ph,6.0,0.9264,0.0,normal,0.0129,0.0,0.0289,-0.0222,0.9328,0.9328,0.9264,0,0.3,1,1,1,1,1,1,
25,12,sym3ph,12.0,0.9396,0.0,normal,0.0127,0.0,0.0281,-0.0193,0.9359,0.9359,0.9396,0,0.625,1,1,1,1,1,1,
25,12,sym3ph,30.0,0.9552,0.0,normal,0.0126,0.0,0.0268,-0.0149,0.9407,0.9407,0.9552,0,0.625,1,1,1,1,1,1,
25,13,sym3ph,0.3,0.9125,0.0,normal,0.0131,0.0,0.0294,-0.0244,0.9309,0.9309,0.9125,0,0.15,1,1,1,1,1,1,
25,13,sym3ph,0.6,0.9139,0.0,normal,0.0131,0.0,0.0293,-0.0242,0.931,0.931,0.9139,0,0.15,1,1,1,1,1,1,
25,13,sym3ph,1.0,0.9155,0.0,normal,0.013,0.0,0.0293,-0.024,0.9312,0.9312,0.9155,0,0.15,1,1,1,1,1,1,
25,13,sym3ph,1.8,0.9187,0.0,normal,0.013,0.0,0.0292,-0.0235,0.9315,0.9316,0.9187,0,0.15,1,1,1,1,1,1,
25,13,sym3ph,3.0,0.9229,0.0,normal,0.0129,0.0,0.0291,-0.0229,0.9321,0.9321,0.9229,0,0.3,1,1,1,1,1,1,
25,13,sym3ph,6.0,0.9318,0.0,normal,0.0128,0.0,0.0286,-0.0211,0.934,0.934,0.9318,0,0.3,1,1,1,1,1,1,
25,13,sym3ph,12.0,0.9426,0.0,normal,0.0127,0.0,0.0278,-0.0185,0.9368,0.9368,0.9426,0,0.625,1,1,1,1,1,1,
25,13,sym3ph,30.0,0.9558,0.0,normal,0.0125,0.0,0.0267,-0.0147,0.9408,0.9408,0.9558,0,0.625,1,1,1,1,1,1,
25,14,sym3ph,0.3,0.9173,0.0,normal,0.013,0.0,0.0293,-0.0238,0.9314,0.9314,0.9173,0,0.15,1,1,1,1,1,1,
25,14,sym3ph,0.6,0.9184,0.0,normal,0.013,0.0,0.0293,-0.0236,0.9315,0.9315,0.9184,0,0.15,1,1,1,1,1,1,
25,14,sym3ph,1.0,0.9198,0.0,normal,0.013,0.0,0.0292,-0.0233,0.9317,0.9317,0.9198,0,0.15,1,1,1,1,1,1,
25,14,sym3ph,1.8,0.9223,0.0,normal,0.0129,0.0,0.0291,-0.023,0.932,0.932,0.9223,0,0.15,1,1,1,1,1,1,
25,14,sym3ph,3.0,0.9259,0.0,normal,0.0129,0.0,0.029,-0.0223,0.9327,0.9327,0.9259,0,0.3,1,1,1,1,1,1,
25,14,sym3ph,6.0,0.9337,0.0,normal,0.0128,0.0,0.0285,-0.0207,0.9344,0.9344,0.9337,0,0.3,1,1,1,1,1,1,
25,14,sym3ph,12.0,0.9436,0.0,normal,0.0127,0.0,0.0278,-0.0182,0.9371,0.9371,0.9436,0,0.625,1,1,1,1,1,1,
25,14,sym3ph,30.0,0.956,0.0,normal,0.0125,0.0,0.0267,-0.0147,0.9409,0.9409,0.956,0,0.625,1,1,1,1,1,1,
25,15,sym3ph,0.3,0.9209,0.0,normal,0.0129,0.0,0.0292,-0.0232,0.9318,0.9318,0.9209,0,0.15,1,1,1,1,1,1,
25,15,sym3ph,0.6,0.9219,0.0,normal,0.0129,0.0,0.0292,-0.023,0.932,0.932,0.9219,0,0.15,1,1,1,1,1,1,
25,15,sym3ph,1.0,0.9231,0.0,normal,0.0129,0.0,0.0291,-0.0229,0.9321,0.9322,0.9231,0,0.15,1,1,1,1,1,1,
25,15,sym3ph,1.8,0.9253,0.0,normal,0.0129,0.0,0.029,-0.0224,0.9326,0.9326,0.9253,0,0.15,1,1,1,1,1,1,
25,15,sym3ph,3.0,0.9285,0.0,normal,0.0129,0.0,0.0288,-0.0217,0.9333,0.9333,0.9285,0,0.3,1,1,1,1,1,1,
25,15,sym3ph,6.0,0.9354,0.0,normal,0.0128,0.0,0.0284,-0.0203,0.9348,0.9348,0.9354,0,0.3,1,1,1,1,1,1,
25,15,sym3ph,12.0,0.9445,0.0,normal,0.0127,0.0,0.0277,-0.018,0.9373,0.9373,0.9445,0,0.3,1,1,1,1,1,1,
25,15,sym3ph,30.0,0.9562,0.0,normal,0.0125,0.0,0.0267,-0.0146,0.941,0.941,0.9562,0,0.625,1,1,1,1,1,1,
25,16,sym3ph,0.3,0.9245,0.0,normal,0.0129,0.0,0.029,-0.0226,0.9324,0.9324,0.9245,0,0.15,1,1,1,1,1,1,
25,16,sym3ph,0.6,0.9254,0.0,normal,0.0129,0.0,0.029,-0.0224,0.9326,0.9326,0.9254,0,0.15,1,1,1,1,1,1,
25,16,sym3ph,1.0,0.9264,0.0,normal,0.0129,0.0,0.0289,-0.0222,0.9328,0.9329,0.9264,0,0.15,1,1,1,1,1,1,
25,16,sym3ph,1.8,0.9283,0.0,normal,0.0129,0.0,0.0288,-0.0218,0.9333,0.9333,0.9283,0,0.15,1,1,1,1,1,1,
25,16,sym3ph,3.0,0.9312,0.0,normal,0.0128,0.0,0.0287,-0.0212,0.9338,0.9339,0.9312,0,0.15,1,1,1,1,1,1,
25,16,sym3ph,6.0,0.9372,0.0,normal,0.0128,0.0,0.0283,-0.0199,0.9353,0.9353,0.9372,0,0.3,1,1,1,1,1,1,
25,16,sym3ph,12.0,0.9455,0.0,normal,0.0127,0.0,0.0276,-0.0177,0.9376,0.9376,0.9455,0,0.3,1,1,1,1,1,1,
25,16,sym3ph,30.0,0.9565,0.0,normal,0.0125,0.0,0.0267,-0.0145,0.941,0.941,0.9565,0,0.625,1,1,1,1,1,1,
25,17,sym3ph,0.3,0.9315,0.0,normal,0.0128,0.0,0.0286,-0.0211,0.9339,0.9339,0.9315,0,0.15,1,1,1,1,1,1,
25,17,sym3ph,0.6,0.9321,0.0,normal,0.0128,0.0,0.0286,-0.021,0.934,0.934,0.9321,0,0.15,1,1,1,1,1,1,
25,17,sym3ph,1.0,0.9328,0.0,normal,0.0128,0.0,0.0286,-0.0209,0.9342,0.9342,0.9328,0,0.15,1,1,1,1,1,1,
25,17,sym3ph,1.8,0.9342,0.0,normal,0.0128,0.0,0.0285,-0.0205,0.9345,0.9346,0.9342,0,0.15,1,1,1,1,1,1,
25,17,sym3ph,3.0,0.9362,0.0,normal,0.0128,0.0,0.0283,-0.0201,0.935,0.935,0.9362,0,0.15,1,1,1,1,1,1,
25,17,sym3ph,6.0,0.9406,0.0,normal,0.0127,0.0,0.028,-0.019,0.9362,0.9362,0.9406,0,0.3,1,1,1,1,1,1,
25,17,sym3ph,12.0,0.9472,0.0,normal,0.0126,0.0,0.0275,-0.0172,0.9382,0.9382,0.9472,0,0.3,1,1,1,1,1,1,
25,17,sym3ph,30.0,0.9569,0.0,normal,0.0125,0.0,0.0266,-0.0144,0.9412,0.9412,0.9569,0,0.625,1,1,1,1,1,1,
25,18,sym3ph,0.3,0.934,0.0,normal,0.0128,0.0,0.0285,-0.0206,0.9345,0.9345,0.934,0,0.15,1,1,1,1,1,1,
25,18,sym3ph,0.6,0.9345,0.0,normal,0.0128,0.0,0.0285,-0.0205,0.9346,0.9346,0.9345,0,0.15,1,1,1,1,1,1,
25,18,sym3ph,1.0,0.9351,0.0,normal,0.0128,0.0,0.0284,-0.0204,0.9347,0.9348,0.9351,0,0.15,1,1,1,1,1,1,
25,18,sym3ph,1.8,0.9363,0.0,normal,0.0128,0.0,0.0283,-0.0201,0.935,0.9351,0.9363,0,0.15,1,1,1,1,1,1,
25,18,sym3ph,3.0,0.938,0.0,normal,0.0128,0.0,0.0282,-0.0197,0.9355,0.9355,0.938,0,0.15,1,1,1,1,1,1,
25,18,sym3ph,6.0,0.942,0.0,normal,0.0127,0.0,0.0279,-0.0187,0.9366,0.9366,0.942,0,0.3,1,1,1,1,1,1,
25,18,sym3ph,12.0,0.9479,0.0,normal,0.0126,0.0,0.0274,-0.017,0.9384,0.9384,0.9479,0,0.3,1,1,1,1,1,1,
25,18,sym3ph,30.0,0.9571,0.0,normal,0.0125,0.0,0.0266,-0.0143,0.9412,0.9412,0.9571,0,0.625,1,1,1,1,1,1,
25,19,sym3ph,0.3,0.794,0.0,sym,0.27,0.159,-0.0272,-0.1983,0.8736,0.8736,0.794,1,0.625,1,1,1,1,1,1,
25,19,sym3ph,0.6,0.8556,0.0,sym,0.254,0.0666,0.0013,-0.1919,0.8779,0.8779,0.8562,0,0.625,1,0,1,1,1,0,
25,19,sym3ph,1.0,0.8936,0.0,sym,0.231,0.0096,0.0215,-0.1827,0.8471,0.8471,0.9037,0,0.625,1,0,1,1,1,0,
25,19,sym3ph,1.8,0.924,0.0,normal,0.0129,0.0,0.0291,-0.0227,0.9323,0.9323,0.924,0,0.625,1,1,1,1,1,1,
25,19,sym3ph,3.0,0.9421,0.0,normal,0.0127,0.0,0.0279,-0.0187,0.9366,0.9366,0.9421,0,0.625,1,1,1,1,1,1,
25,19,sym3ph,6.0,0.9566,0.0,normal,0.0125,0.0,0.0267,-0.0145,0.9411,0.9411,0.9566,0,0.625,1,1,1,1,1,1,
25,19,sym3ph,12.0,0.9642,0.0,normal,0.0131,0.0,0.0259,-0.012,0.9436,0.9436,0.9642,0,0.625,1,1,1,1,1,1,
25,19,sym3ph,30.0,0.9688,0.0,normal,0.0138,0.0,0.0253,-0.01,0.9459,0.9459,0.9688,0,0.625,1,1,1,1,1,1,
25,20,sym3ph,0.3,0.9313,0.0,normal,0.0128,0.0,0.0287,-0.0212,0.9339,0.9339,0.9313,0,0.15,1,1,1,1,1,1,
25,20,sym3ph,0.6,0.9345,0.0,normal,0.0128,0.0,0.0284,-0.0205,0.9346,0.9346,0.9345,0,0.3,1,1,1,1,1,1,
25,20,sym3ph,1.0,0.9384,0.0,normal,0.0128,0.0,0.0282,-0.0196,0.9356,0.9356,0.9384,0,0.3,1,1,1,1,1,1,
25,20,sym3ph,1.8,0.9447,0.0,normal,0.0127,0.0,0.0277,-0.0179,0.9374,0.9374,0.9447,0,0.3,1,1,1,1,1,1,
25,20,sym3ph,3.0,0.9509,0.0,normal,0.0126,0.0,0.0271,-0.0161,0.9393,0.9393,0.9509,0,0.625,1,1,1,1,1,1,
25,20,sym3ph,6.0,0.959,0.0,normal,0.0125,0.0,0.0264,-0.0137,0.9419,0.9419,0.959,0,0.625,1,1,1,1,1,1,
25,20,sym3ph,12.0,0.9648,0.0,normal,0.0132,0.0,0.0259,-0.0118,0.9439,0.9439,0.9648,0,0.625,1,1,1,1,1,1,
25,20,sym3ph,30.0,0.9689,0.0,normal,0.0138,0.0,0.0253,-0.01,0.9459,0.9459,0.9689,0,0.625,1,1,1,1,1,1,
25,21,sym3ph,0.3,0.9395,0.0,normal,0.0127,0.0,0.0281,-0.0193,0.9359,0.9359,0.9395,0,0.15,1,1,1,1,1,1,
25,21,sym3ph,0.6,0.9414,0.0,normal,0.0127,0.0,0.0279,-0.0188,0.9364,0.9364,0.9414,0,0.15,1,1,1,1,1,1,
25,21,sym3ph,1.0,0.9439,0.0,normal,0.0127,0.0,0.0277,-0.0182,0.9372,0.9372,0.9439,0,0.3,1,1,1,1,1,1,
25,21,sym3ph,1.8,0.9482,0.0,normal,0.0126,0.0,0.0274,-0.017,0.9385,0.9385,0.9482,0,0.3,1,1,1,1,1,1,
25,21,sym3ph,3.0,0.9529,0.0,normal,0.0126,0.0,0.027,-0.0156,0.9399,0.9399,0.9529,0,0.625,1,1,1,1,1,1,
25,21,sym3ph,6.0,0.9596,0.0,normal,0.0126,0.0,0.0264,-0.0135,0.9421,0.9421,0.9596,0,0.625,1,1,1,1,1,1,
25,21,sym3ph,12.0,0.9649,0.0,normal,0.0132,0.0,0.0258,-0.0117,0.9439,0.9439,0.9649,0,0.625,1,1,1,1,1,1,
25,21,sym3ph,30.0,0.9689,0.0,normal,0.0138,0.0,0.0252,-0.01,0.9459,0.9459,0.9689,0,0.625,1,1,1,1,1,1,
25,22,sym3ph,0.3,0.9485,0.0,normal,0.0126,0.0,0.0273,-0.0169,0.9386,0.9386,0.9485,0,0.15,1,1,1,1,1,1,
25,22,sym3ph,0.6,0.9494,0.0,normal,0.0126,0.0,0.0273,-0.0166,0.9388,0.9388,0.9494,0,0.15,1,1,1,1,1,1,
25,22,sym3ph,1.0,0.9506,0.0,normal,0.0126,0.0,0.0272,-0.0163,0.9392,0.9392,0.9506,0,0.3,1,1,1,1,1,1,
25,22,sym3ph,1.8,0.9529,0.0,normal,0.0126,0.0,0.027,-0.0156,0.9399,0.9399,0.9529,0,0.3,1,1,1,1,1,1,
25,22,sym3ph,3.0,0.9558,0.0,normal,0.0125,0.0,0.0267,-0.0147,0.9409,0.9409,0.9558,0,0.3,1,1,1,1,1,1,
25,22,sym3ph,6.0,0.9607,0.0,normal,0.0127,0.0,0.0263,-0.0132,0.9424,0.9424,0.9607,0,0.625,1,1,1,1,1,1,
25,22,sym3ph,12.0,0.9652,0.0,normal,0.0132,0.0,0.0258,-0.0116,0.9441,0.9441,0.9652,0,0.625,1,1,1,1,1,1,
25,22,sym3ph,30.0,0.969,0.0,normal,0.0138,0.0,0.0252,-0.0099,0.9459,0.9459,0.969,0,0.625,1,1,1,1,1,1,
25,23,sym3ph,0.3,0.2078,0.0,sym,0.27,0.3,0.0268,-0.1999,0.7771,0.7771,0.2204,1,0.3,1,1,1,1,1,1,
25,23,sym3ph,1.0,0.4605,0.0,sym,0.27,0.3,0.0014,-0.1999,0.8504,0.8504,0.4612,1,0.3,1,1,1,1,1,1,
25,23,sym3ph,1.8,0.5916,0.0,sym,0.27,0.3,-0.0069,-0.1999,0.8636,0.8636,0.5916,1,0.625,1,1,1,1,1,1,
25,23,sym3ph,3.0,0.7063,0.0,sym,0.27,0.2906,-0.0263,-0.1995,0.8696,0.8696,0.7063,1,0.625,1,1,1,1,1,1,
25,23,sym3ph,6.0,0.8219,0.0,sym,0.2699,0.1171,-0.0159,-0.1963,0.8756,0.8756,0.8219,0,0.625,1,0,1,1,1,0,
25,23,sym3ph,12.0,0.8922,0.0,sym,0.2318,0.0118,0.0209,-0.1831,0.8481,0.8481,0.902,0,0.625,1,0,1,1,1,0,
25,23,sym3ph,30.0,0.9382,0.0,normal,0.0128,0.0,0.0282,-0.0197,0.9355,0.9355,0.9382,0,0.625,1,1,1,1,1,1,
25,24,sym3ph,0.3,0.1182,0.0,sym,0.27,0.3,0.0337,-0.1999,0.764,0.7641,0.1341,1,0.15,0,1,1,1,1,0,
25,24,sym3ph,0.6,0.209,0.0,sym,0.27,0.3,0.0268,-0.1999,0.7772,0.7772,0.2216,1,0.3,1,1,1,1,1,1,
25,24,sym3ph,1.0,0.3067,0.0,sym,0.27,0.3,0.0199,-0.1999,0.7918,0.7918,0.3161,1,0.3,1,1,1,1,1,1,
25,24,sym3ph,1.8,0.4463,0.0,sym,0.27,0.3,0.0053,-0.1999,0.8415,0.8415,0.4488,1,0.3,1,1,1,1,1,1,
25,24,sym3ph,3.0,0.5672,0.0,sym,0.27,0.3,-0.0078,-0.1999,0.862,0.862,0.5672,1,0.625,1,1,1,1,1,1,
25,24,sym3ph,6.0,0.7201,0.0,sym,0.27,0.2698,-0.0308,-0.1994,0.8703,0.8703,0.7201,1,0.625,1,1,1,1,1,1,
25,24,sym3ph,12.0,0.8311,0.0,sym,0.2659,0.1033,-0.0116,-0.1955,0.8767,0.8767,0.8311,0,0.625,1,0,1,1,1,0,
25,24,sym3ph,30.0,0.9108,0.0,normal,0.0131,0.0,0.0294,-0.0245,0.9308,0.9308,0.9108,0,0.625,1,1,1,1,1,1,
25,25,sym3ph,0.3,0.0794,0.0,sym,0.27,0.3,0.0379,-0.1999,0.7561,0.7561,0.0972,1,0.15,0,1,1,1,1,0,
25,25,sym3ph,0.6,0.1484,0.0,sym,0.27,0.3,0.0299,-0.1999,0.7713,0.7714,0.1625,1,0.15,0,1,1,1,1,0,
25,25,sym3ph,1.0,0.2272,0.0,sym,0.27,0.3,0.0259,-0.1999,0.7788,0.7788,0.2394,1,0.3,1,1,1,1,1,1,
25,25,sym3ph,1.8,0.349,0.0,sym,0.27,0.3,0.0165,-0.1999,0.8068,0.8068,0.3567,1,0.3,1,1,1,1,1,1,
25,25,sym3ph,3.0,0.4735,0.0,sym,0.27,0.3,-0.0024,-0.1999,0.8544,0.8544,0.4735,1,0.3,1,1,1,1,1,1,
25,25,sym3ph,6.0,0.6391,0.0,sym,0.27,0.3,-0.0115,-0.1998,0.8663,0.8663,0.6391,1,0.625,1,1,1,1,1,1,
25,25,sym3ph,12.0,0.7769,0.0,sym,0.27,0.1846,-0.0306,-0.1988,0.8728,0.8728,0.7769,1,0.625,1,1,1,1,1,1,
25,25,sym3ph,30.0,0.886,0.0,sym,0.2353,0.0211,0.0178,-0.1845,0.8527,0.8527,0.8943,0,0.625,1,0,1,1,1,0,
25,26,sym3ph,0.3,0.7654,0.0,sym,0.27,0.2019,-0.0319,-0.199,0.8723,0.8723,0.7654,1,0.15,1,1,1,1,1,1,
25,26,sym3ph,0.6,0.7827,0.0,sym,0.27,0.176,-0.03,-0.1987,0.8731,0.8731,0.7827,1,0.15,1,1,1,1,1,1,
25,26,sym3ph,1.0,0.8026,0.0,sym,0.27,0.1461,-0.0247,-0.1979,0.8741,0.8741,0.8026,1,0.3,1,0,1,1,1,0,
25,26,sym3ph,1.8,0.8336,0.0,sym,0.2647,0.0996,-0.0104,-0.1952,0.877,0.877,0.8336,0,0.3,1,0,1,1,1,0,
25,26,sym3ph,3.0,0.8633,0.0,sym,0.2492,0.0551,0.0057,-0.1904,0.8708,0.8708,0.866,0,0.625,1,0,1,1,1,0,
25,26,sym3ph,6.0,0.8991,0.0,sym,0.2278,0.0014,0.0241,-0.1812,0.8434,0.8434,0.9104,0,0.625,1,0,1,1,1,0,
25,26,sym3ph,12.0,0.9294,0.0,normal,0.0129,0.0,0.0288,-0.0216,0.9335,0.9335,0.9294,0,0.625,1,1,1,1,1,1,
25,26,sym3ph,30.0,0.9534,0.0,normal,0.0126,0.0,0.0269,-0.0154,0.9401,0.9401,0.9534,0,0.625,1,1,1,1,1,1,
25,27,sym3ph,0.3,0.786,0.0,sym,0.27,0.171,-0.0295,-0.1986,0.8732,0.8733,0.786,1,0.15,1,1,1,1,1,1,
25,27,sym3ph,0.6,0.8002,0.0,sym,0.27,0.1497,-0.0254,-0.198,0.874,0.874,0.8002,1,0.15,1,0,1,1,1,0,
25,27,sym3ph,1.0,0.8169,0.0,sym,0.27,0.1247,-0.0185,-0.1969,0.8751,0.8751,0.8169,1,0.3,1,0,1,1,1,0,
25,27,sym3ph,1.8,0.8433,0.0,sym,0.2603,0.085,-0.0061,-0.1939,0.8784,0.8784,0.8433,0,0.3,1,0,1,1,1,0,
25,27,sym3ph,3.0,0.869,0.0,sym,0.2456,0.0466,0.009,-0.1891,0.8658,0.8658,0.8732,0,0.3,1,0,1,1,1,0,
25,27,sym3ph,6.0,0.9003,0.0,normal,0.0135,0.0,0.0292,-0.0242,0.9313,0.9313,0.9003,0,0.625,1,1,1,1,1,1,
25,27,sym3ph,12.0,0.9302,0.0,normal,0.0129,0.0,0.0287,-0.0214,0.9336,0.9336,0.9302,0,0.625,1,1,1,1,1,1,
25,27,sym3ph,30.0,0.9536,0.0,normal,0.0126,0.0,0.0269,-0.0154,0.9401,0.9401,0.9536,0,0.625,1,1,1,1,1,1,
25,28,sym3ph,0.3,0.8437,0.0,sym,0.2601,0.0845,-0.0059,-0.1938,0.8784,0.8785,0.8437,0,0.15,1,0,1,1,1,0,
25,28,sym3ph,0.6,0.8503,0.0,sym,0.2569,0.0746,-0.002,-0.1928,0.8794,0.8795,0.8503,0,0.15,1,0,1,1,1,0,
25,28,sym3ph,1.0,0.8581,0.0,sym,0.2524,0.0628,0.0028,-0.1914,0.8754,0.8754,0.8595,0,0.15,1,0,1,1,1,0,
25,28,sym3ph,1.8,0.871,0.0,sym,0.2444,0.0435,0.01,-0.1886,0.8642,0.8642,0.8757,0,0.3,1,0,1,1,1,0,
25,28,sym3ph,3.0,0.8861,0.0,sym,0.2352,0.0209,0.0178,-0.1845,0.8526,0.8526,0.8945,0,0.3,1,0,1,1,1,0,
25,28,sym3ph,6.0,0.9101,0.0,normal,0.0132,0.0,0.0294,-0.0246,0.9308,0.9308,0.9101,0,0.625,1,1,1,1,1,1,
25,28,sym3ph,12.0,0.9329,0.0,normal,0.0128,0.0,0.0286,-0.0209,0.9342,0.9342,0.9329,0,0.625,1,1,1,1,1,1,
25,28,sym3ph,30.0,0.9541,0.0,normal,0.0126,0.0,0.0269,-0.0152,0.9403,0.9403,0.9541,0,0.625,1,1,1,1,1,1,
25,29,sym3ph,0.3,0.8677,0.0,sym,0.2464,0.0484,0.0082,-0.1894,0.8669,0.867,0.8716,0,0.15,1,0,1,1,1,0,
25,29,sym3ph,0.6,0.8715,0.0,sym,0.2441,0.0427,0.0103,-0.1885,0.8638,0.8639,0.8763,0,0.15,1,0,1,1,1,0,
25,29,sym3ph,1.0,0.8763,0.0,sym,0.2413,0.0356,0.0127,-0.1872,0.8602,0.8602,0.8823,0,0.15,1,0,1,1,1,0,
25,29,sym3ph,1.8,0.885,0.0,sym,0.2359,0.0226,0.0172,-0.1848,0.8535,0.8535,0.8931,0,0.3,1,0,1,1,1,0,
25,29,sym3ph,3.0,0.8967,0.0,sym,0.2292,0.005,0.023,-0.1819,0.845,0.845,0.9075,0,0.3,1,0,1,1,1,0,
25,29,sym3ph,6.0,0.9162,0.0,normal,0.013,0.0,0.0293,-0.0239,0.9312,0.9312,0.9162,0,0.625,1,1,1,1,1,1,
25,29,sym3ph,12.0,0.9349,0.0,normal,0.0128,0.0,0.0284,-0.0204,0.9347,0.9347,0.9349,0,0.625,1,1,1,1,1,1,
25,29,sym3ph,30.0,0.9545,0.0,normal,0.0126,0.0,0.0268,-0.0151,0.9404,0.9404,0.9545,0,0.625,1,1,1,1,1,1,
25,30,sym3ph,0.3,0.8764,0.0,sym,0.2412,0.0354,0.0128,-0.1871,0.8601,0.8602,0.8824,0,0.15,1,0,1,1,1,0,
25,30,sym3ph,0.6,0.8795,0.0,sym,0.2393,0.0307,0.0144,-0.1862,0.8578,0.8578,0.8863,0,0.15,1,0,1,1,1,0,
25,30,sym3ph,1.0,0.8836,0.0,sym,0.2368,0.0246,0.0165,-0.1851,0.8546,0.8547,0.8914,0,0.15,1,0,1,1,1,0,
25,30,sym3ph,1.8,0.8913,0.0,sym,0.2323,0.013,0.0205,-0.1833,0.8486,0.8486,0.9009,0,0.3,1,0,1,1,1,0,
25,30,sym3ph,3.0,0.9007,0.0,normal,0.0135,0.0,0.0292,-0.0242,0.9312,0.9312,0.9007,0,0.3,1,1,1,1,1,1,
25,30,sym3ph,6.0,0.9192,0.0,normal,0.013,0.0,0.0292,-0.0234,0.9316,0.9316,0.9192,0,0.3,1,1,1,1,1,1,
25,30,sym3ph,12.0,0.9361,0.0,normal,0.0128,0.0,0.0283,-0.0201,0.935,0.935,0.9361,0,0.625,1,1,1,1,1,1,
25,30,sym3ph,30.0,0.9548,0.0,normal,0.0126,0.0,0.0268,-0.015,0.9405,0.9405,0.9548,0,0.625,1,1,1,1,1,1,
25,31,sym3ph,0.3,0.8927,0.0,sym,0.2315,0.0109,0.0211,-0.1829,0.8477,0.8477,0.9027,0,0.15,1,0,1,1,1,0,
25,31,sym3ph,0.6,0.895,0.0,sym,0.2302,0.0075,0.0222,-0.1823,0.8461,0.8461,0.9054,0,0.15,1,0,1,1,1,0,
25,31,sym3ph,1.0,0.898,0.0,sym,0.2284,0.003,0.0236,-0.1815,0.8441,0.8441,0.9091,0,0.15,1,0,1,1,1,0,
25,31,sym3ph,1.8,0.9026,0.0,normal,0.0135,0.0,0.0292,-0.0244,0.9311,0.9311,0.9026,0,0.15,1,1,1,1,1,1,
25,31,sym3ph,3.0,0.9102,0.0,normal,0.0132,0.0,0.0294,-0.0246,0.9308,0.9308,0.9102,0,0.3,1,1,1,1,1,1,
25,31,sym3ph,6.0,0.924,0.0,normal,0.0129,0.0,0.0291,-0.0227,0.9323,0.9323,0.924,0,0.3,1,1,1,1,1,1,
25,31,sym3ph,12.0,0.9381,0.0,normal,0.0128,0.0,0.0282,-0.0197,0.9355,0.9355,0.9381,0,0.625,1,1,1,1,1,1,
25,31,sym3ph,30.0,0.9551,0.0,normal,0.0126,0.0,0.0268,-0.0149,0.9406,0.9406,0.9551,0,0.625,1,1,1,1,1,1,
25,32,sym3ph,0.3,0.8974,0.0,sym,0.2288,0.0039,0.0233,-0.1817,0.8445,0.8445,0.9084,0,0.15,1,0,1,1,1,0,
25,32,sym3ph,0.6,0.8996,0.0,sym,0.2275,0.0006,0.0243,-0.181,0.8431,0.8431,0.911,0,0.15,1,0,1,1,1,0,
25,32,sym3ph,1.0,0.9011,0.0,normal,0.0135,0.0,0.0292,-0.0242,0.9312,0.9312,0.9011,0,0.15,1,1,1,1,1,1,
25,32,sym3ph,1.8,0.9061,0.0,normal,0.0133,0.0,0.0293,-0.0246,0.9309,0.9309,0.9061,0,0.15,1,1,1,1,1,1,
25,32,sym3ph,3.0,0.9129,0.0,normal,0.0131,0.0,0.0294,-0.0243,0.9309,0.9309,0.9129,0,0.3,1,1,1,1,1,1,
25,32,sym3ph,6.0,0.9254,0.0,normal,0.0129,0.0,0.029,-0.0224,0.9326,0.9326,0.9254,0,0.3,1,1,1,1,1,1,
25,32,sym3ph,12.0,0.9388,0.0,normal,0.0128,0.0,0.0281,-0.0195,0.9357,0.9357,0.9388,0,0.625,1,1,1,1,1,1,
25,32,sym3ph,30.0,0.9552,0.0,normal,0.0126,0.0,0.0268,-0.0149,0.9407,0.9407,0.9552,0,0.625,1,1,1,1,1,1,
25,33,sym3ph,0.3,0.902,0.0,normal,0.0135,0.0,0.0292,-0.0243,0.9312,0.9312,0.902,0,0.15,1,1,1,1,1,1,
25,33,sym3ph,0.6,0.9037,0.0,normal,0.0134,0.0,0.0292,-0.0245,0.931,0.9311,0.9037,0,0.15,1,1,1,1,1,1,
25,33,sym3ph,1.0,0.906,0.0,normal,0.0133,0.0,0.0293,-0.0246,0.9309,0.9309,0.906,0,0.15,1,1,1,1,1,1,
25,33,sym3ph,1.8,0.9102,0.0,normal,0.0132,0.0,0.0294,-0.0246,0.9308,0.9308,0.9102,0,0.15,1,1,1,1,1,1,
25,33,sym3ph,3.0,0.9159,0.0,normal,0.013,0.0,0.0293,-0.0239,0.9312,0.9312,0.9159,0,0.3,1,1,1,1,1,1,
25,33,sym3ph,6.0,0.9269,0.0,normal,0.0129,0.0,0.0289,-0.0221,0.933,0.933,0.9269,0,0.3,1,1,1,1,1,1,
25,33,sym3ph,12.0,0.9393,0.0,normal,0.0127,0.0,0.0281,-0.0194,0.9358,0.9358,0.9393,0,0.625,1,1,1,1,1,1,
25,33,sym3ph,30.0,0.9553,0.0,normal,0.0126,0.0,0.0267,-0.0148,0.9407,0.9407,0.9553,0,0.625,1,1,1,1,1,1,
25,2,1ph_g,0.3,0.8875,0.09,asym,0.0506,0.0188,-0.0671,-0.0118,0.9895,0.9895,0.8875,0,0.625,1,1,1,1,1,1,
25,2,1ph_g,0.6,0.9249,0.051,normal,0.0132,0.0,0.0286,-0.0211,0.934,0.934,0.9249,0,0.625,1,1,1,1,1,1,
25,2,1ph_g,1.0,0.9424,0.0323,normal,0.0127,0.0,0.0275,-0.0164,0.9385,0.9385,0.9424,0,0.625,1,1,1,1,1,1,
25,2,1ph_g,1.8,0.955,0.0186,normal,0.0125,0.0,0.0266,-0.0134,0.9418,0.9418,0.955,0,0.625,1,1,1,1,1,1,
25,2,1ph_g,3.0,0.9617,0.0114,normal,0.0125,0.0,0.0261,-0.0121,0.9433,0.9433,0.9617,0,0.625,1,1,1,1,1,1,
25,2,1ph_g,6.0,0.9667,0.0058,normal,0.0133,0.0,0.0255,-0.0106,0.9451,0.9451,0.9667,0,0.625,1,1,1,1,1,1,
25,2,1ph_g,12.0,0.9693,0.0029,normal,0.0138,0.0,0.0252,-0.0096,0.9462,0.9462,0.9693,0,0.625,1,1,1,1,1,1,
25,2,1ph_g,30.0,0.9709,0.0012,normal,0.014,0.0,0.025,-0.0091,0.9469,0.9469,0.9709,0,0.625,1,1,1,1,1,1,
25,3,1ph_g,0.3,0.7509,0.2257,asym,0.2213,0.2236,-0.0575,-0.0623,0.9452,0.9452,0.7509,0,0.625,1,1,1,1,1,1,
25,3,1ph_g,0.6,0.8063,0.172,asym,0.1647,0.1405,-0.0675,-0.0567,0.9553,0.9553,0.8063,0,0.625,1,1,1,1,1,1,
25,3,1ph_g,1.8,0.8855,0.0919,asym,0.0523,0.0217,-0.0675,-0.0129,0.9888,0.9888,0.8855,0,0.625,1,1,1,1,1,1,
25,3,1ph_g,3.0,0.915,0.0613,normal,0.0135,0.0,0.0288,-0.0226,0.9328,0.9328,0.915,0,0.625,1,1,1,1,1,1,
25,3,1ph_g,6.0,0.9414,0.0334,normal,0.0127,0.0,0.0276,-0.0167,0.9382,0.9382,0.9414,0,0.625,1,1,1,1,1,1,
25,3,1ph_g,12.0,0.9561,0.0175,normal,0.0125,0.0,0.0265,-0.0132,0.942,0.942,0.9561,0,0.625,1,1,1,1,1,1,
25,3,1ph_g,30.0,0.9655,0.0072,normal,0.0131,0.0,0.0257,-0.011,0.9445,0.9445,0.9655,0,0.625,1,1,1,1,1,1,
25,4,1ph_g,0.3,0.8176,0.1562,asym,0.1507,0.1237,-0.0692,-0.0504,0.9601,0.9601,0.8176,0,0.625,1,1,1,1,1,1,
25,4,1ph_g,0.6,0.8418,0.1329,asym,0.1122,0.0873,-0.0723,-0.0405,0.9691,0.9691,0.8418,0,0.625,1,1,1,1,1,1,
25,4,1ph_g,1.0,0.8678,0.1077,asym,0.0718,0.0484,-0.0694,-0.0244,0.9812,0.9812,0.8678,0,0.625,1,1,1,1,1,1,
25,4,1ph_g,3.0,0.9197,0.0553,normal,0.0134,0.0,0.0287,-0.0221,0.9332,0.9332,0.9197,0,0.625,1,1,1,1,1,1,
25,4,1ph_g,6.0,0.9427,0.0315,normal,0.0126,0.0,0.0275,-0.0163,0.9386,0.9386,0.9427,0,0.625,1,1,1,1,1,1,
25,4,1ph_g,12.0,0.9565,0.0169,normal,0.0125,0.0,0.0265,-0.0132,0.9421,0.9421,0.9565,0,0.625,1,1,1,1,1,1,
25,4,1ph_g,30.0,0.9655,0.0071,normal,0.0131,0.0,0.0257,-0.011,0.9446,0.9446,0.9655,0,0.625,1,1,1,1,1,1,
25,5,1ph_g,0.3,0.8502,0.1227,asym,0.0964,0.0747,-0.0719,-0.037,0.9724,0.9724,0.8502,0,0.625,1,1,1,1,1,1,
25,5,1ph_g,0.6,0.8681,0.1053,asym,0.0707,0.0478,-0.0692,-0.0235,0.9817,0.9817,0.8681,0,0.625,1,1,1,1,1,1,
25,5,1ph_g,1.0,0.8856,0.0884,asym,0.0514,0.0216,-0.0672,-0.0121,0.9893,0.9893,0.8856,0,0.625,1,1,1,1,1,1,
25,5,1ph_g,1.8,0.9074,0.0669,normal,0.0137,0.0,0.0289,-0.023,0.9324,0.9324,0.9074,0,0.625,1,1,1,1,1,1,
25,5,1ph_g,3.0,0.9242,0.0499,normal,0.0132,0.0,0.0286,-0.0213,0.9338,0.9338,0.9242,0,0.625,1,1,1,1,1,1,
25,5,1ph_g,6.0,0.9441,0.0298,normal,0.0126,0.0,0.0274,-0.0159,0.9389,0.9389,0.9441,0,0.625,1,1,1,1,1,1,
25,5,1ph_g,12.0,0.9568,0.0164,normal,0.0125,0.0,0.0264,-0.0131,0.9421,0.9421,0.9568,0,0.625,1,1,1,1,1,1,
25,5,1ph_g,30.0,0.9656,0.007,normal,0.0131,0.0,0.0257,-0.011,0.9446,0.9446,0.9656,0,0.625,1,1,1,1,1,1,
25,6,1ph_g,0.3,0.8968,0.0754,asym,0.0428,0.0048,-0.0654,-0.007,0.9927,0.9927,0.8968,0,0.625,1,1,1,1,1,1,
25,6,1ph_g,0.6,0.9034,0.0686,normal,0.0138,0.0,0.0289,-0.023,0.9324,0.9324,0.9034,0,0.625,1,1,1,1,1,1,
25,6,1ph_g,1.0,0.911,0.0611,normal,0.0136,0.0,0.0289,-0.023,0.9325,0.9325,0.911,0,0.625,1,1,1,1,1,1,
25,6,1ph_g,1.8,0.9227,0.0499,normal,0.0133,0.0,0.0287,-0.0216,0.9336,0.9336,0.9227,0,0.625,1,1,1,1,1,1,
25,6,1ph_g,3.0,0.9336,0.0392,normal,0.0129,0.0,0.0282,-0.019,0.9358,0.9358,0.9336,0,0.625,1,1,1,1,1,1,
25,6,1ph_g,6.0,0.9466,0.0262,normal,0.0126,0.0,0.0272,-0.0154,0.9395,0.9395,0.9466,0,0.625,1,1,1,1,1,1,
25,6,1ph_g,12.0,0.9576,0.0152,normal,0.0125,0.0,0.0264,-0.013,0.9423,0.9423,0.9576,0,0.625,1,1,1,1,1,1,
25,6,1ph_g,30.0,0.9657,0.0067,normal,0.0131,0.0,0.0257,-0.011,0.9446,0.9446,0.9657,0,0.625,1,1,1,1,1,1,
25,7,1ph_g,0.3,0.9094,0.0635,normal,0.0136,0.0,0.0289,-0.023,0.9324,0.9324,0.9094,0,0.625,1,1,1,1,1,1,
25,7,1ph_g,0.6,0.9134,0.0589,normal,0.0135,0.0,0.0288,-0.0229,0.9326,0.9326,0.9134,0,0.625,1,1,1,1,1,1,
25,7,1ph_g,1.0,0.9184,0.0536,normal,0.0134,0.0,0.0288,-0.0223,0.933,0.933,0.9184,0,0.625,1,1,1,1,1,1,
25,7,1ph_g,1.8,0.9269,0.0451,normal,0.0131,0.0,0.0286,-0.0208,0.9342,0.9342,0.9269,0,0.625,1,1,1,1,1,1,
25,7,1ph_g,3.0,0.9358,0.0364,normal,0.0128,0.0,0.028,-0.0184,0.9365,0.9365,0.9358,0,0.625,1,1,1,1,1,1,
25,7,1ph_g,6.0,0.9471,0.0253,normal,0.0126,0.0,0.0272,-0.0154,0.9396,0.9396,0.9471,0,0.625,1,1,1,1,1,1,
25,7,1ph_g,12.0,0.9576,0.0149,normal,0.0125,0.0,0.0264,-0.013,0.9423,0.9423,0.9576,0,0.625,1,1,1,1,1,1,
25,7,1ph_g,30.0,0.9657,0.0067,normal,0.0131,0.0,0.0257,-0.011,0.9446,0.9446,0.9657,0,0.625,1,1,1,1,1,1,
25,8,1ph_g,0.3,0.9345,0.0379,normal,0.0129,0.0,0.0281,-0.0188,0.9361,0.9361,0.9345,0,0.625,1,1,1,1,1,1,
25,8,1ph_g,0.6,0.9359,0.0364,normal,0.0128,0.0,0.028,-0.0184,0.9365,0.9365,0.9359,0,0.625,1,1,1,1,1,1,
25,8,1ph_g,1.0,0.9376,0.0344,normal,0.0128,0.0,0.0279,-0.0178,0.9371,0.9371,0.9376,0,0.625,1,1,1,1,1,1,
25,8,1ph_g,1.8,0.9408,0.0312,normal,0.0127,0.0,0.0276,-0.0169,0.9379,0.9379,0.9408,0,0.625,1,1,1,1,1,1,
25,8,1ph_g,3.0,0.9447,0.0272,normal,0.0126,0.0,0.0274,-0.0159,0.939,0.939,0.9447,0,0.625,1,1,1,1,1,1,
25,8,1ph_g,6.0,0.9522,0.0199,normal,0.0125,0.0,0.0268,-0.0142,0.941,0.941,0.9522,0,0.625,1,1,1,1,1,1,
25,8,1ph_g,12.0,0.959,0.0132,normal,0.0125,0.0,0.0263,-0.0127,0.9426,0.9426,0.959,0,0.625,1,1,1,1,1,1,
25,8,1ph_g,30.0,0.966,0.0063,normal,0.0132,0.0,0.0256,-0.0109,0.9447,0.9447,0.966,0,0.625,1,1,1,1,1,1,
25,9,1ph_g,0.3,0.9412,0.0312,normal,0.0127,0.0,0.0276,-0.0168,0.9381,0.9381,0.9412,0,0.625,1,1,1,1,1,1,
25,9,1ph_g,0.6,0.942,0.0302,normal,0.0127,0.0,0.0276,-0.0166,0.9383,0.9383,0.942,0,0.625,1,1,1,1,1,1,
25,9,1ph_g,1.0,0.9432,0.0289,normal,0.0126,0.0,0.0275,-0.0162,0.9386,0.9386,0.9432,0,0.625,1,1,1,1,1,1,
25,9,1ph_g,1.8,0.9454,0.0266,normal,0.0126,0.0,0.0273,-0.0157,0.9392,0.9392,0.9454,0,0.625,1,1,1,1,1,1,
25,9,1ph_g,3.0,0.9486,0.0233,normal,0.0125,0.0,0.0271,-0.0151,0.94,0.94,0.9486,0,0.625,1,1,1,1,1,1,
25,9,1ph_g,6.0,0.9544,0.0177,normal,0.0125,0.0,0.0266,-0.0137,0.9415,0.9415,0.9544,0,0.625,1,1,1,1,1,1,
25,9,1ph_g,12.0,0.9598,0.0123,normal,0.0125,0.0,0.0263,-0.0126,0.9428,0.9428,0.9598,0,0.625,1,1,1,1,1,1,
25,9,1ph_g,30.0,0.9661,0.0061,normal,0.0132,0.0,0.0256,-0.0108,0.9448,0.9448,0.9661,0,0.625,1,1,1,1,1,1,
25,10,1ph_g,0.3,0.9457,0.0266,normal,0.0126,0.0,0.0273,-0.0156,0.9393,0.9393,0.9457,0,0.625,1,1,1,1,1,1,
25,10,1ph_g,0.6,0.9465,0.0257,normal,0.0126,0.0,0.0272,-0.0155,0.9394,0.9394,0.9465,0,0.625,1,1,1,1,1,1,
25,10,1ph_g,1.0,0.9474,0.0247,normal,0.0126,0.0,0.0272,-0.0153,0.9397,0.9397,0.9474,0,0.625,1,1,1,1,1,1,
25,10,1ph_g,1.8,0.9492,0.0228,normal,0.0125,0.0,0.027,-0.0149,0.9401,0.9401,0.9492,0,0.625,1,1,1,1,1,1,
25,10,1ph_g,3.0,0.9517,0.0203,normal,0.0125,0.0,0.0268,-0.0143,0.9408,0.9408,0.9517,0,0.625,1,1,1,1,1,1,
25,10,1ph_g,6.0,0.956,0.016,normal,0.0125,0.0,0.0265,-0.0134,0.9419,0.9419,0.956,0,0.625,1,1,1,1,1,1,
25,10,1ph_g,12.0,0.9607,0.0114,normal,0.0125,0.0,0.0262,-0.0124,0.943,0.943,0.9607,0,0.625,1,1,1,1,1,1,
25,10,1ph_g,30.0,0.9663,0.0059,normal,0.0132,0.0,0.0256,-0.0108,0.9449,0.9449,0.9663,0,0.625,1,1,1,1,1,1,
25,11,1ph_g,0.3,0.9463,0.0259,normal,0.0126,0.0,0.0272,-0.0155,0.9394,0.9394,0.9463,0,0.625,1,1,1,1,1,1,
25,11,1ph_g,0.6,0.9471,0.0251,normal,0.0126,0.0,0.0272,-0.0154,0.9396,0.9396,0.9471,0,0.625,1,1,1,1,1,1,
25,11,1ph_g,1.0,0.948,0.0241,normal,0.0125,0.0,0.0271,-0.0152,0.9398,0.9398,0.948,0,0.625,1,1,1,1,1,1,
25,11,1ph_g,1.8,0.9498,0.0222,normal,0.0125,0.0,0.027,-0.0148,0.9403,0.9403,0.9498,0,0.625,1,1,1,1,1,1,
25,11,1ph_g,3.0,0.9521,0.0199,normal,0.0125,0.0,0.0268,-0.0142,0.9409,0.9409,0.9521,0,0.625,1,1,1,1,1,1,
25,11,1ph_g,6.0,0.9563,0.0157,normal,0.0125,0.0,0.0265,-0.0133,0.9419,0.9419,0.9563,0,0.625,1,1,1,1,1,1,
25,11,1ph_g,12.0,0.9609,0.0112,normal,0.0125,0.0,0.0262,-0.0124,0.943,0.943,0.9609,0,0.625,1,1,1,1,1,1,
25,11,1ph_g,30.0,0.9663,0.0059,normal,0.0132,0.0,0.0256,-0.0108,0.9449,0.9449,0.9663,0,0.625,1,1,1,1,1,1,
25,12,1ph_g,0.3,0.9475,0.0247,normal,0.0126,0.0,0.0272,-0.0153,0.9397,0.9397,0.9475,0,0.625,1,1,1,1,1,1,
25,12,1ph_g,0.6,0.9482,0.0239,normal,0.0125,0.0,0.0271,-0.0151,0.9399,0.9399,0.9482,0,0.625,1,1,1,1,1,1,
25,12,1ph_g,1.0,0.949,0.023,normal,0.0125,0.0,0.027,-0.015,0.9401,0.9401,0.949,0,0.625,1,1,1,1,1,1,
25,12,1ph_g,1.8,0.9507,0.0213,normal,0.0125,0.0,0.0269,-0.0146,0.9405,0.9405,0.9507,0,0.625,1,1,1,1,1,1,
25,12,1ph_g,3.0,0.9528,0.0191,normal,0.0125,0.0,0.0267,-0.0141,0.9411,0.9411,0.9528,0,0.625,1,1,1,1,1,1,
25,12,1ph_g,6.0,0.9568,0.0153,normal,0.0125,0.0,0.0265,-0.0132,0.9421,0.9421,0.9568,0,0.625,1,1,1,1,1,1,
25,12,1ph_g,12.0,0.9612,0.0109,normal,0.0125,0.0,0.0262,-0.0123,0.9431,0.9431,0.9612,0,0.625,1,1,1,1,1,1,
25,12,1ph_g,30.0,0.9664,0.0058,normal,0.0132,0.0,0.0256,-0.0107,0.9449,0.9449,0.9664,0,0.625,1,1,1,1,1,1,
25,13,1ph_g,0.3,0.9521,0.0201,normal,0.0125,0.0,0.0268,-0.0142,0.941,0.941,0.9521,0,0.625,1,1,1,1,1,1,
25,13,1ph_g,0.6,0.9526,0.0195,normal,0.0125,0.0,0.0267,-0.0141,0.9411,0.9411,0.9526,0,0.625,1,1,1,1,1,1,
25,13,1ph_g,1.0,0.9531,0.0189,normal,0.0125,0.0,0.0267,-0.014,0.9412,0.9412,0.9531,0,0.625,1,1,1,1,1,1,
25,13,1ph_g,1.8,0.9542,0.0178,normal,0.0125,0.0,0.0266,-0.0138,0.9415,0.9415,0.9542,0,0.625,1,1,1,1,1,1,
25,13,1ph_g,3.0,0.9556,0.0164,normal,0.0125,0.0,0.0265,-0.0135,0.9418,0.9418,0.9556,0,0.625,1,1,1,1,1,1,
25,13,1ph_g,6.0,0.9586,0.0134,normal,0.0125,0.0,0.0263,-0.0129,0.9425,0.9425,0.9586,0,0.625,1,1,1,1,1,1,
25,13,1ph_g,12.0,0.9622,0.0099,normal,0.0126,0.0,0.0261,-0.0121,0.9434,0.9434,0.9622,0,0.625,1,1,1,1,1,1,
25,13,1ph_g,30.0,0.9666,0.0056,normal,0.0133,0.0,0.0256,-0.0107,0.945,0.945,0.9666,0,0.625,1,1,1,1,1,1,
25,14,1ph_g,0.3,0.9537,0.0185,normal,0.0125,0.0,0.0267,-0.0139,0.9414,0.9414,0.9537,0,0.625,1,1,1,1,1,1,
25,14,1ph_g,0.6,0.9541,0.0181,normal,0.0125,0.0,0.0266,-0.0138,0.9414,0.9414,0.9541,0,0.625,1,1,1,1,1,1,
25,14,1ph_g,1.0,0.9545,0.0176,normal,0.0125,0.0,0.0266,-0.0137,0.9415,0.9415,0.9545,0,0.625,1,1,1,1,1,1,
25,14,1ph_g,1.8,0.9554,0.0166,normal,0.0125,0.0,0.0266,-0.0135,0.9417,0.9417,0.9554,0,0.625,1,1,1,1,1,1,
25,14,1ph_g,3.0,0.9566,0.0154,normal,0.0125,0.0,0.0265,-0.0133,0.942,0.942,0.9566,0,0.625,1,1,1,1,1,1,
25,14,1ph_g,6.0,0.9592,0.0128,normal,0.0125,0.0,0.0263,-0.0127,0.9426,0.9426,0.9592,0,0.625,1,1,1,1,1,1,
25,14,1ph_g,12.0,0.9625,0.0095,normal,0.0127,0.0,0.0261,-0.012,0.9434,0.9434,0.9625,0,0.625,1,1,1,1,1,1,
25,14,1ph_g,30.0,0.9666,0.0055,normal,0.0133,0.0,0.0256,-0.0106,0.945,0.945,0.9666,0,0.625,1,1,1,1,1,1,
25,15,1ph_g,0.3,0.9549,0.0173,normal,0.0125,0.0,0.0266,-0.0136,0.9416,0.9416,0.9549,0,0.625,1,1,1,1,1,1,
25,15,1ph_g,0.6,0.9553,0.0169,normal,0.0125,0.0,0.0266,-0.0135,0.9417,0.9417,0.9553,0,0.625,1,1,1,1,1,1,
25,15,1ph_g,1.0,0.9556,0.0165,normal,0.0125,0.0,0.0265,-0.0134,0.9418,0.9418,0.9556,0,0.625,1,1,1,1,1,1,
25,15,1ph_g,1.8,0.9564,0.0157,normal,0.0125,0.0,0.0265,-0.0133,0.942,0.942,0.9564,0,0.625,1,1,1,1,1,1,
25,15,1ph_g,3.0,0.9575,0.0145,normal,0.0125,0.0,0.0264,-0.0131,0.9422,0.9422,0.9575,0,0.625,1,1,1,1,1,1,
25,15,1ph_g,6.0,0.9598,0.0122,normal,0.0125,0.0,0.0263,-0.0126,0.9428,0.9428,0.9598,0,0.625,1,1,1,1,1,1,
25,15,1ph_g,12.0,0.9628,0.0092,normal,0.0127,0.0,0.026,-0.0119,0.9435,0.9435,0.9628,0,0.625,1,1,1,1,1,1,
25,15,1ph_g,30.0,0.9667,0.0054,normal,0.0133,0.0,0.0255,-0.0106,0.9451,0.9451,0.9667,0,0.625,1,1,1,1,1,1,
25,16,1ph_g,0.3,0.9561,0.0161,normal,0.0125,0.0,0.0265,-0.0133,0.9419,0.9419,0.9561,0,0.625,1,1,1,1,1,1,
25,16,1ph_g,0.6,0.9564,0.0157,normal,0.0125,0.0,0.0265,-0.0133,0.942,0.942,0.9564,0,0.625,1,1,1,1,1,1,
25,16,1ph_g,1.0,0.9568,0.0154,normal,0.0125,0.0,0.0265,-0.0132,0.9421,0.9421,0.9568,0,0.625,1,1,1,1,1,1,
25,16,1ph_g,1.8,0.9574,0.0146,normal,0.0125,0.0,0.0264,-0.0131,0.9422,0.9422,0.9574,0,0.625,1,1,1,1,1,1,
25,16,1ph_g,3.0,0.9584,0.0136,normal,0.0125,0.0,0.0264,-0.0129,0.9424,0.9424,0.9584,0,0.625,1,1,1,1,1,1,
25,16,1ph_g,6.0,0.9604,0.0116,normal,0.0125,0.0,0.0262,-0.0125,0.9429,0.9429,0.9604,0,0.625,1,1,1,1,1,1,
25,16,1ph_g,12.0,0.9631,0.0089,normal,0.0127,0.0,0.026,-0.0119,0.9436,0.9436,0.9631,0,0.625,1,1,1,1,1,1,
25,16,1ph_g,30.0,0.9668,0.0053,normal,0.0133,0.0,0.0255,-0.0106,0.9451,0.9451,0.9668,0,0.625,1,1,1,1,1,1,
25,17,1ph_g,0.3,0.9585,0.0138,normal,0.0125,0.0,0.0263,-0.0129,0.9425,0.9425,0.9585,0,0.625,1,1,1,1,1,1,
25,17,1ph_g,0.6,0.9587,0.0136,normal,0.0125,0.0,0.0263,-0.0128,0.9425,0.9425,0.9587,0,0.625,1,1,1,1,1,1,
25,17,1ph_g,1.0,0.9589,0.0133,normal,0.0125,0.0,0.0263,-0.0128,0.9426,0.9426,0.9589,0,0.625,1,1,1,1,1,1,
25,17,1ph_g,1.8,0.9594,0.0127,normal,0.0125,0.0,0.0263,-0.0127,0.9427,0.9427,0.9594,0,0.625,1,1,1,1,1,1,
25,17,1ph_g,3.0,0.96,0.012,normal,0.0125,0.0,0.0262,-0.0125,0.9428,0.9428,0.96,0,0.625,1,1,1,1,1,1,
25,17,1ph_g,6.0,0.9615,0.0105,normal,0.0125,0.0,0.0261,-0.0122,0.9432,0.9432,0.9615,0,0.625,1,1,1,1,1,1,
25,17,1ph_g,12.0,0.9637,0.0083,normal,0.0128,0.0,0.0259,-0.0117,0.9438,0.9438,0.9637,0,0.625,1,1,1,1,1,1,
25,17,1ph_g,30.0,0.9669,0.0051,normal,0.0133,0.0,0.0255,-0.0105,0.9452,0.9452,0.9669,0,0.625,1,1,1,1,1,1,
25,18,1ph_g,0.3,0.9593,0.013,normal,0.0125,0.0,0.0263,-0.0127,0.9427,0.9427,0.9593,0,0.625,1,1,1,1,1,1,
25,18,1ph_g,0.6,0.9594,0.0128,normal,0.0125,0.0,0.0263,-0.0127,0.9427,0.9427,0.9594,0,0.625,1,1,1,1,1,1,
25,18,1ph_g,1.0,0.9597,0.0125,normal,0.0125,0.0,0.0263,-0.0126,0.9427,0.9427,0.9597,0,0.625,1,1,1,1,1,1,
25,18,1ph_g,1.8,0.9601,0.012,normal,0.0125,0.0,0.0262,-0.0125,0.9428,0.9428,0.9601,0,0.625,1,1,1,1,1,1,
25,18,1ph_g,3.0,0.9606,0.0114,normal,0.0125,0.0,0.0262,-0.0124,0.943,0.943,0.9606,0,0.625,1,1,1,1,1,1,
25,18,1ph_g,6.0,0.962,0.01,normal,0.0126,0.0,0.0261,-0.0121,0.9433,0.9433,0.962,0,0.625,1,1,1,1,1,1,
25,18,1ph_g,12.0,0.964,0.008,normal,0.0129,0.0,0.0259,-0.0116,0.9439,0.9439,0.964,0,0.625,1,1,1,1,1,1,
25,18,1ph_g,30.0,0.967,0.005,normal,0.0134,0.0,0.0255,-0.0105,0.9452,0.9452,0.967,0,0.625,1,1,1,1,1,1,
25,19,1ph_g,0.3,0.912,0.0604,normal,0.0136,0.0,0.0289,-0.0229,0.9325,0.9325,0.912,0,0.625,1,1,1,1,1,1,
25,19,1ph_g,0.6,0.9326,0.0405,normal,0.0129,0.0,0.0283,-0.0194,0.9355,0.9355,0.9326,0,0.625,1,1,1,1,1,1,
25,19,1ph_g,1.0,0.9453,0.0279,normal,0.0126,0.0,0.0273,-0.0156,0.9392,0.9392,0.9453,0,0.625,1,1,1,1,1,1,
25,19,1ph_g,1.8,0.9559,0.0171,normal,0.0125,0.0,0.0265,-0.0133,0.9419,0.9419,0.9559,0,0.625,1,1,1,1,1,1,
25,19,1ph_g,3.0,0.962,0.0108,normal,0.0126,0.0,0.0261,-0.0121,0.9434,0.9434,0.962,0,0.625,1,1,1,1,1,1,
25,19,1ph_g,6.0,0.9668,0.0056,normal,0.0133,0.0,0.0255,-0.0105,0.9451,0.9451,0.9668,0,0.625,1,1,1,1,1,1,
25,19,1ph_g,12.0,0.9694,0.0029,normal,0.0138,0.0,0.0252,-0.0096,0.9462,0.9462,0.9694,0,0.625,1,1,1,1,1,1,
25,19,1ph_g,30.0,0.9709,0.0012,normal,0.014,0.0,0.025,-0.0091,0.9469,0.9469,0.9709,0,0.625,1,1,1,1,1,1,
25,20,1ph_g,0.3,0.9584,0.0137,normal,0.0125,0.0,0.0264,-0.0129,0.9424,0.9424,0.9584,0,0.625,1,1,1,1,1,1,
25,20,1ph_g,0.6,0.9595,0.0125,normal,0.0125,0.0,0.0263,-0.0127,0.9427,0.9427,0.9595,0,0.625,1,1,1,1,1,1,
25,20,1ph_g,1.0,0.9608,0.0112,normal,0.0125,0.0,0.0262,-0.0124,0.943,0.943,0.9608,0,0.625,1,1,1,1,1,1,
25,20,1ph_g,1.8,0.9629,0.0091,normal,0.0127,0.0,0.026,-0.0119,0.9435,0.9435,0.9629,0,0.625,1,1,1,1,1,1,
25,20,1ph_g,3.0,0.9649,0.0071,normal,0.013,0.0,0.0258,-0.0113,0.9443,0.9443,0.9649,0,0.625,1,1,1,1,1,1,
25,20,1ph_g,6.0,0.9676,0.0045,normal,0.0135,0.0,0.0254,-0.0102,0.9455,0.9455,0.9676,0,0.625,1,1,1,1,1,1,
25,20,1ph_g,12.0,0.9696,0.0025,normal,0.0138,0.0,0.0251,-0.0095,0.9463,0.9463,0.9696,0,0.625,1,1,1,1,1,1,
25,20,1ph_g,30.0,0.9709,0.0011,normal,0.014,0.0,0.025,-0.0091,0.9469,0.9469,0.9709,0,0.625,1,1,1,1,1,1,
25,21,1ph_g,0.3,0.9611,0.011,normal,0.0125,0.0,0.0262,-0.0123,0.9431,0.9431,0.9611,0,0.625,1,1,1,1,1,1,
25,21,1ph_g,0.6,0.9618,0.0103,normal,0.0125,0.0,0.0261,-0.0122,0.9433,0.9433,0.9618,0,0.625,1,1,1,1,1,1,
25,21,1ph_g,1.0,0.9626,0.0094,normal,0.0127,0.0,0.026,-0.012,0.9435,0.9435,0.9626,0,0.625,1,1,1,1,1,1,
25,21,1ph_g,1.8,0.964,0.0079,normal,0.0129,0.0,0.0259,-0.0116,0.9439,0.9439,0.964,0,0.625,1,1,1,1,1,1,
25,21,1ph_g,3.0,0.9656,0.0064,normal,0.0131,0.0,0.0257,-0.011,0.9446,0.9446,0.9656,0,0.625,1,1,1,1,1,1,
25,21,1ph_g,6.0,0.9678,0.0042,normal,0.0135,0.0,0.0254,-0.0102,0.9456,0.9456,0.9678,0,0.625,1,1,1,1,1,1,
25,21,1ph_g,12.0,0.9696,0.0025,normal,0.0138,0.0,0.0251,-0.0095,0.9463,0.9463,0.9696,0,0.625,1,1,1,1,1,1,
25,21,1ph_g,30.0,0.971,0.0011,normal,0.014,0.0,0.025,-0.0091,0.9469,0.9469,0.971,0,0.625,1,1,1,1,1,1,
25,22,1ph_g,0.3,0.9641,0.0081,normal,0.0129,0.0,0.0259,-0.0115,0.944,0.944,0.9641,0,0.625,1,1,1,1,1,1,
25,22,1ph_g,0.6,0.9644,0.0077,normal,0.0129,0.0,0.0258,-0.0114,0.9441,0.9441,0.9644,0,0.625,1,1,1,1,1,1,
25,22,1ph_g,1.0,0.9648,0.0072,normal,0.013,0.0,0.0258,-0.0113,0.9443,0.9443,0.9648,0,0.625,1,1,1,1,1,1,
25,22,1ph_g,1.8,0.9656,0.0064,normal,0.0131,0.0,0.0257,-0.011,0.9446,0.9446,0.9656,0,0.625,1,1,1,1,1,1,
25,22,1ph_g,3.0,0.9666,0.0054,normal,0.0133,0.0,0.0256,-0.0107,0.945,0.945,0.9666,0,0.625,1,1,1,1,1,1,
25,22,1ph_g,6.0,0.9682,0.0038,normal,0.0136,0.0,0.0253,-0.01,0.9457,0.9457,0.9682,0,0.625,1,1,1,1,1,1,
25,22,1ph_g,12.0,0.9697,0.0023,normal,0.0138,0.0,0.0251,-0.0095,0.9464,0.9464,0.9697,0,0.625,1,1,1,1,1,1,
25,22,1ph_g,30.0,0.971,0.0011,normal,0.014,0.0,0.025,-0.0091,0.9469,0.9469,0.971,0,0.625,1,1,1,1,1,1,
25,23,1ph_g,0.3,0.7118,0.2637,asym,0.24,0.2823,-0.0555,-0.0627,0.9417,0.9417,0.7118,1,0.625,1,1,1,1,1,1,
25,23,1ph_g,1.0,0.7967,0.1826,asym,0.1743,0.155,-0.0636,-0.0582,0.9534,0.9534,0.7967,0,0.625,1,1,1,1,1,1,
25,23,1ph_g,1.8,0.8419,0.1379,asym,0.1145,0.0872,-0.0725,-0.041,0.9686,0.9686,0.8419,0,0.625,1,1,1,1,1,1,
25,23,1ph_g,3.0,0.8812,0.0981,asym,0.0571,0.0282,-0.0681,-0.016,0.9868,0.9868,0.8812,0,0.625,1,1,1,1,1,1,
25,23,1ph_g,6.0,0.9208,0.0565,normal,0.0134,0.0,0.0287,-0.0219,0.9334,0.9334,0.9208,0,0.625,1,1,1,1,1,1,
25,23,1ph_g,12.0,0.9447,0.0306,normal,0.0126,0.0,0.0273,-0.0157,0.9392,0.9392,0.9447,0,0.625,1,1,1,1,1,1,
25,23,1ph_g,30.0,0.9607,0.0128,normal,0.0125,0.0,0.0262,-0.0123,0.9431,0.9431,0.9607,0,0.625,1,1,1,1,1,1,
25,24,1ph_g,0.3,0.682,0.2923,asym,0.24,0.3,-0.054,-0.0623,0.9407,0.9407,0.682,1,0.625,1,1,1,1,1,1,
25,24,1ph_g,0.6,0.7108,0.2651,asym,0.24,0.2838,-0.0555,-0.0627,0.9416,0.9416,0.7108,1,0.625,1,1,1,1,1,1,
25,24,1ph_g,1.0,0.743,0.2351,asym,0.2269,0.2356,-0.0569,-0.0627,0.9442,0.9442,0.743,0,0.625,1,1,1,1,1,1,
25,24,1ph_g,1.8,0.7903,0.1905,asym,0.1835,0.1645,-0.0627,-0.0593,0.9518,0.9518,0.7903,0,0.625,1,1,1,1,1,1,
25,24,1ph_g,3.0,0.8324,0.1495,asym,0.1304,0.1014,-0.0717,-0.0444,0.9652,0.9652,0.8324,0,0.625,1,1,1,1,1,1,
25,24,1ph_g,6.0,0.8855,0.0957,asym,0.0532,0.0218,-0.0678,-0.0137,0.9883,0.9883,0.8855,0,0.625,1,1,1,1,1,1,
25,24,1ph_g,12.0,0.9237,0.0549,normal,0.0133,0.0,0.0286,-0.0213,0.9339,0.9339,0.9237,0,0.625,1,1,1,1,1,1,
25,24,1ph_g,30.0,0.9514,0.024,normal,0.0125,0.0,0.0268,-0.0142,0.9409,0.9409,0.9514,0,0.625,1,1,1,1,1,1,
25,25,1ph_g,0.3,0.6709,0.3028,asym,0.24,0.3,-0.0535,-0.0626,0.9401,0.9401,0.6709,1,0.625,1,1,1,1,1,1,
25,25,1ph_g,0.6,0.6917,0.2831,asym,0.24,0.3,-0.0543,-0.0621,0.9412,0.9412,0.6917,1,0.625,1,1,1,1,1,1,
25,25,1ph_g,1.0,0.7165,0.2599,asym,0.24,0.2752,-0.0557,-0.063,0.9417,0.9417,0.7165,1,0.625,1,1,1,1,1,1,
25,25,1ph_g,1.8,0.7568,0.2226,asym,0.2177,0.2149,-0.0579,-0.0622,0.9459,0.9459,0.7568,0,0.625,1,1,1,1,1,1,
25,25,1ph_g,3.0,0.7994,0.1824,asym,0.1718,0.1509,-0.0643,-0.0578,0.9539,0.9539,0.7994,0,0.625,1,1,1,1,1,1,
25,25,1ph_g,6.0,0.8572,0.1255,asym,0.0893,0.0643,-0.0715,-0.035,0.9741,0.9741,0.8572,0,0.625,1,1,1,1,1,1,
25,25,1ph_g,12.0,0.9049,0.0759,normal,0.0138,0.0,0.0288,-0.0229,0.9325,0.9325,0.9049,0,0.625,1,1,1,1,1,1,
25,25,1ph_g,30.0,0.9426,0.0345,normal,0.0127,0.0,0.0275,-0.0162,0.9386,0.9386,0.9426,0,0.625,1,1,1,1,1,1,
25,26,1ph_g,0.3,0.9026,0.0694,normal,0.0138,0.0,0.0289,-0.023,0.9325,0.9325,0.9026,0,0.625,1,1,1,1,1,1,
25,26,1ph_g,0.6,0.9083,0.0637,normal,0.0137,0.0,0.0289,-0.0231,0.9324,0.9324,0.9083,0,0.625,1,1,1,1,1,1,
25,26,1ph_g,1.0,0.9149,0.0572,normal,0.0135,0.0,0.0288,-0.0227,0.9327,0.9327,0.9149,0,0.625,1,1,1,1,1,1,
25,26,1ph_g,1.8,0.9253,0.0472,normal,0.0132,0.0,0.0286,-0.0211,0.934,0.934,0.9253,0,0.625,1,1,1,1,1,1,
25,26,1ph_g,3.0,0.9352,0.0376,normal,0.0128,0.0,0.0281,-0.0186,0.9363,0.9363,0.9352,0,0.625,1,1,1,1,1,1,
25,26,1ph_g,6.0,0.9472,0.0256,normal,0.0126,0.0,0.0272,-0.0153,0.9397,0.9397,0.9472,0,0.625,1,1,1,1,1,1,
25,26,1ph_g,12.0,0.9578,0.015,normal,0.0125,0.0,0.0264,-0.013,0.9423,0.9423,0.9578,0,0.625,1,1,1,1,1,1,
25,26,1ph_g,30.0,0.9658,0.0067,normal,0.0131,0.0,0.0257,-0.0109,0.9447,0.9447,0.9658,0,0.625,1,1,1,1,1,1,
25,27,1ph_g,0.3,0.9094,0.0625,normal,0.0136,0.0,0.0289,-0.023,0.9324,0.9324,0.9094,0,0.625,1,1,1,1,1,1,
25,27,1ph_g,0.6,0.9142,0.0578,normal,0.0135,0.0,0.0288,-0.0228,0.9326,0.9326,0.9142,0,0.625,1,1,1,1,1,1,
25,27,1ph_g,1.0,0.9197,0.0524,normal,0.0134,0.0,0.0287,-0.0221,0.9332,0.9332,0.9197,0,0.625,1,1,1,1,1,1,
25,27,1ph_g,1.8,0.9285,0.0438,normal,0.0131,0.0,0.0285,-0.0204,0.9346,0.9346,0.9285,0,0.625,1,1,1,1,1,1,
25,27,1ph_g,3.0,0.9371,0.0355,normal,0.0128,0.0,0.0279,-0.018,0.9369,0.9369,0.9371,0,0.625,1,1,1,1,1,1,
25,27,1ph_g,6.0,0.948,0.0246,normal,0.0125,0.0,0.0271,-0.0151,0.9399,0.9399,0.948,0,0.625,1,1,1,1,1,1,
25,27,1ph_g,12.0,0.958,0.0147,normal,0.0125,0.0,0.0264,-0.0129,0.9424,0.9424,0.958,0,0.625,1,1,1,1,1,1,
25,27,1ph_g,30.0,0.9658,0.0066,normal,0.0131,0.0,0.0257,-0.0109,0.9447,0.9447,0.9658,0,0.625,1,1,1,1,1,1,
25,28,1ph_g,0.3,0.9287,0.0434,normal,0.013,0.0,0.0285,-0.0204,0.9346,0.9346,0.9287,0,0.625,1,1,1,1,1,1,
25,28,1ph_g,0.6,0.9309,0.0411,normal,0.013,0.0,0.0284,-0.0198,0.935,0.935,0.9309,0,0.625,1,1,1,1,1,1,
25,28,1ph_g,1.0,0.9336,0.0384,normal,0.0129,0.0,0.0282,-0.0191,0.9358,0.9358,0.9336,0,0.625,1,1,1,1,1,1,
25,28,1ph_g,1.8,0.9379,0.0341,normal,0.0128,0.0,0.0278,-0.0177,0.9371,0.9371,0.9379,0,0.625,1,1,1,1,1,1,
25,28,1ph_g,3.0,0.9429,0.0293,normal,0.0126,0.0,0.0275,-0.0163,0.9385,0.9385,0.9429,0,0.625,1,1,1,1,1,1,
25,28,1ph_g,6.0,0.9513,0.021,normal,0.0125,0.0,0.0268,-0.0144,0.9407,0.9407,0.9513,0,0.625,1,1,1,1,1,1,
25,28,1ph_g,12.0,0.9589,0.0135,normal,0.0125,0.0,0.0263,-0.0128,0.9426,0.9426,0.9589,0,0.625,1,1,1,1,1,1,
25,28,1ph_g,30.0,0.966,0.0063,normal,0.0132,0.0,0.0256,-0.0109,0.9448,0.9448,0.966,0,0.625,1,1,1,1,1,1,
25,29,1ph_g,0.3,0.9367,0.0354,normal,0.0128,0.0,0.0279,-0.0181,0.9368,0.9368,0.9367,0,0.625,1,1,1,1,1,1,
25,29,1ph_g,0.6,0.938,0.034,normal,0.0128,0.0,0.0278,-0.0177,0.9372,0.9372,0.938,0,0.625,1,1,1,1,1,1,
25,29,1ph_g,1.0,0.9396,0.0324,normal,0.0127,0.0,0.0277,-0.0172,0.9376,0.9376,0.9396,0,0.625,1,1,1,1,1,1,
25,29,1ph_g,1.8,0.9425,0.0294,normal,0.0126,0.0,0.0275,-0.0164,0.9384,0.9384,0.9425,0,0.625,1,1,1,1,1,1,
25,29,1ph_g,3.0,0.9465,0.0256,normal,0.0126,0.0,0.0272,-0.0155,0.9394,0.9394,0.9465,0,0.625,1,1,1,1,1,1,
25,29,1ph_g,6.0,0.9534,0.0189,normal,0.0125,0.0,0.0267,-0.0139,0.9413,0.9413,0.9534,0,0.625,1,1,1,1,1,1,
25,29,1ph_g,12.0,0.9596,0.0127,normal,0.0125,0.0,0.0263,-0.0126,0.9427,0.9427,0.9596,0,0.625,1,1,1,1,1,1,
25,29,1ph_g,30.0,0.9661,0.0061,normal,0.0132,0.0,0.0256,-0.0108,0.9448,0.9448,0.9661,0,0.625,1,1,1,1,1,1,
25,30,1ph_g,0.3,0.9396,0.0324,normal,0.0127,0.0,0.0277,-0.0172,0.9376,0.9376,0.9396,0,0.625,1,1,1,1,1,1,
25,30,1ph_g,0.6,0.9407,0.0313,normal,0.0127,0.0,0.0276,-0.0169,0.9379,0.9379,0.9407,0,0.625,1,1,1,1,1,1,
25,30,1ph_g,1.0,0.9421,0.0299,normal,0.0126,0.0,0.0276,-0.0166,0.9383,0.9383,0.9421,0,0.625,1,1,1,1,1,1,
25,30,1ph_g,1.8,0.9447,0.0273,normal,0.0126,0.0,0.0274,-0.0159,0.939,0.939,0.9447,0,0.625,1,1,1,1,1,1,
25,30,1ph_g,3.0,0.9482,0.0238,normal,0.0125,0.0,0.0271,-0.0151,0.9399,0.9399,0.9482,0,0.625,1,1,1,1,1,1,
25,30,1ph_g,6.0,0.9544,0.0179,normal,0.0125,0.0,0.0266,-0.0137,0.9415,0.9415,0.9544,0,0.625,1,1,1,1,1,1,
25,30,1ph_g,12.0,0.96,0.0122,normal,0.0125,0.0,0.0262,-0.0125,0.9428,0.9428,0.96,0,0.625,1,1,1,1,1,1,
25,30,1ph_g,30.0,0.9662,0.006,normal,0.0132,0.0,0.0256,-0.0108,0.9449,0.9449,0.9662,0,0.625,1,1,1,1,1,1,
25,31,1ph_g,0.3,0.9451,0.027,normal,0.0126,0.0,0.0273,-0.0158,0.9391,0.9391,0.9451,0,0.625,1,1,1,1,1,1,
25,31,1ph_g,0.6,0.9459,0.0262,normal,0.0126,0.0,0.0273,-0.0156,0.9393,0.9393,0.9459,0,0.625,1,1,1,1,1,1,
25,31,1ph_g,1.0,0.9469,0.0251,normal,0.0126,0.0,0.0272,-0.0154,0.9395,0.9395,0.9469,0,0.625,1,1,1,1,1,1,
25,31,1ph_g,1.8,0.9488,0.0231,normal,0.0125,0.0,0.0271,-0.015,0.94,0.94,0.9488,0,0.625,1,1,1,1,1,1,
25,31,1ph_g,3.0,0.9514,0.0206,normal,0.0125,0.0,0.0268,-0.0144,0.9407,0.9407,0.9514,0,0.625,1,1,1,1,1,1,
25,31,1ph_g,6.0,0.956,0.0161,normal,0.0125,0.0,0.0265,-0.0134,0.9419,0.9419,0.956,0,0.625,1,1,1,1,1,1,
25,31,1ph_g,12.0,0.9607,0.0115,normal,0.0125,0.0,0.0262,-0.0124,0.943,0.943,0.9607,0,0.625,1,1,1,1,1,1,
25,31,1ph_g,30.0,0.9663,0.0058,normal,0.0132,0.0,0.0256,-0.0107,0.9449,0.9449,0.9663,0,0.625,1,1,1,1,1,1,
25,32,1ph_g,0.3,0.9467,0.0255,normal,0.0126,0.0,0.0272,-0.0154,0.9395,0.9395,0.9467,0,0.625,1,1,1,1,1,1,
25,32,1ph_g,0.6,0.9474,0.0247,normal,0.0126,0.0,0.0272,-0.0153,0.9397,0.9397,0.9474,0,0.625,1,1,1,1,1,1,
25,32,1ph_g,1.0,0.9483,0.0237,normal,0.0125,0.0,0.0271,-0.0151,0.9399,0.9399,0.9483,0,0.625,1,1,1,1,1,1,
25,32,1ph_g,1.8,0.95,0.022,normal,0.0125,0.0,0.027,-0.0148,0.9403,0.9403,0.95,0,0.625,1,1,1,1,1,1,
25,32,1ph_g,3.0,0.9523,0.0197,normal,0.0125,0.0,0.0268,-0.0142,0.941,0.941,0.9523,0,0.625,1,1,1,1,1,1,
25,32,1ph_g,6.0,0.9564,0.0156,normal,0.0125,0.0,0.0265,-0.0133,0.942,0.942,0.9564,0,0.625,1,1,1,1,1,1,
25,32,1ph_g,12.0,0.9609,0.0112,normal,0.0125,0.0,0.0262,-0.0124,0.943,0.943,0.9609,0,0.625,1,1,1,1,1,1,
25,32,1ph_g,30.0,0.9664,0.0058,normal,0.0132,0.0,0.0256,-0.0107,0.9449,0.9449,0.9664,0,0.625,1,1,1,1,1,1,
25,33,1ph_g,0.3,0.9486,0.0236,normal,0.0125,0.0,0.0271,-0.015,0.94,0.94,0.9486,0,0.625,1,1,1,1,1,1,
25,33,1ph_g,0.6,0.9492,0.023,normal,0.0125,0.0,0.027,-0.0149,0.9401,0.9401,0.9492,0,0.625,1,1,1,1,1,1,
25,33,1ph_g,1.0,0.9499,0.0222,normal,0.0125,0.0,0.027,-0.0148,0.9403,0.9403,0.9499,0,0.625,1,1,1,1,1,1,
25,33,1ph_g,1.8,0.9514,0.0206,normal,0.0125,0.0,0.0268,-0.0144,0.9407,0.9407,0.9514,0,0.625,1,1,1,1,1,1,
25,33,1ph_g,3.0,0.9533,0.0187,normal,0.0125,0.0,0.0267,-0.014,0.9413,0.9413,0.9533,0,0.625,1,1,1,1,1,1,
25,33,1ph_g,6.0,0.9569,0.0151,normal,0.0125,0.0,0.0265,-0.0132,0.9421,0.9421,0.9569,0,0.625,1,1,1,1,1,1,
25,33,1ph_g,12.0,0.9611,0.011,normal,0.0125,0.0,0.0262,-0.0123,0.9431,0.9431,0.9611,0,0.625,1,1,1,1,1,1,
25,33,1ph_g,30.0,0.9664,0.0057,normal,0.0132,0.0,0.0256,-0.0107,0.9449,0.9449,0.9664,0,0.625,1,1,1,1,1,1,
30,2,sym3ph,0.3,0.6677,0.0,sym,0.27,0.3,-0.0194,-0.1997,0.8678,0.8678,0.6677,1,0.625,1,1,1,1,1,1,
30,2,sym3ph,0.6,0.7866,0.0,sym,0.27,0.1701,-0.0293,-0.1986,0.8733,0.8733,0.7866,1,0.625,1,1,1,1,1,1,
30,2,sym3ph,1.0,0.8414,0.0,sym,0.2611,0.0879,-0.0069,-0.1941,0.8781,0.8781,0.8414,0,0.625,1,0,1,1,1,0,
30,2,sym3ph,1.8,0.8806,0.0,sym,0.2386,0.0291,0.0149,-0.1859,0.857,0.857,0.8876,0,0.625,1,0,1,1,1,0,
30,2,sym3ph,3.0,0.8996,0.0,sym,0.2275,0.0005,0.0243,-0.181,0.843,0.843,0.9111,0,0.625,1,0,1,1,1,0,
30,2,sym3ph,6.0,0.9148,0.0,normal,0.013,0.0,0.0293,-0.0241,0.9311,0.9311,0.9148,0,0.625,1,1,1,1,1,1,
30,2,sym3ph,12.0,0.923,0.0,normal,0.0129,0.0,0.0291,-0.0229,0.9321,0.9321,0.923,0,0.625,1,1,1,1,1,1,
30,2,sym3ph,30.0,0.9279,0.0,normal,0.0129,0.0,0.0288,-0.0219,0.9332,0.9332,0.9279,0,0.625,1,1,1,1,1,1,
30,3,sym3ph,0.3,0.3286,0.0,sym,0.27,0.3,0.0181,-0.1999,0.8,0.8,0.3371,1,0.3,1,1,1,1,1,1,
30,3,sym3ph,0.6,0.4798,0.0,sym,0.27,0.3,-0.0042,-0.1999,0.855,0.855,0.4798,1,0.3,1,1,1,1,1,1,
30,3,sym3ph,1.8,0.6613,0.0,sym,0.27,0.3,-0.0177,-0.1998,0.8675,0.8675,0.6613,1,0.625,1,1,1,1,1,1,
30,3,sym3ph,3.0,0.7555,0.0,sym,0.27,0.2167,-0.0328,-0.1991,0.8719,0.8719,0.7555,1,0.625,1,1,1,1,1,1,
30,3,sym3ph,6.0,0.838,0.0,sym,0.2627,0.0929,-0.0084,-0.1946,0.8776,0.8776,0.838,0,0.625,1,0,1,1,1,0,
30,3,sym3ph,12.0,0.8838,0.0,sym,0.2366,0.0243,0.0166,-0.1851,0.8545,0.8545,0.8916,0,0.625,1,0,1,1,1,0,
30,3,sym3ph,30.0,0.9108,0.0,normal,0.0131,0.0,0.0294,-0.0245,0.9308,0.9308,0.9108,0,0.625,1,1,1,1,1,1,
30,4,sym3ph,0.3,0.2432,0.0,sym,0.27,0.3,0.0251,-0.1999,0.7803,0.7803,0.255,1,0.3,1,1,1,1,1,1,
30,4,sym3ph,0.6,0.3691,0.0,sym,0.27,0.3,0.0151,-0.1999,0.8129,0.8129,0.3762,1,0.3,1,1,1,1,1,1,
30,4,sym3ph,1.0,0.4842,0.0,sym,0.27,0.3,-0.0052,-0.1999,0.8554,0.8554,0.4842,1,0.3,1,1,1,1,1,1,
30,4,sym3ph,3.0,0.67,0.0,sym,0.27,0.3,-0.02,-0.1997,0.8679,0.8679,0.67,1,0.625,1,1,1,1,1,1,
30,4,sym3ph,6.0,0.7867,0.0,sym,0.27,0.17,-0.0293,-0.1986,0.8733,0.8733,0.7867,1,0.625,1,1,1,1,1,1,
30,4,sym3ph,12.0,0.8556,0.0,sym,0.254,0.0667,0.0012,-0.1919,0.8779,0.8779,0.8561,0,0.625,1,0,1,1,1,0,
30,4,sym3ph,30.0,0.8995,0.0,sym,0.2276,0.0008,0.0243,-0.1811,0.8431,0.8431,0.9109,0,0.625,1,0,1,1,1,0,
30,5,sym3ph,0.3,0.1954,0.0,sym,0.27,0.3,0.0275,-0.1999,0.7758,0.7758,0.2083,1,0.15,1,1,1,1,1,1,
30,5,sym3ph,0.6,0.3011,0.0,sym,0.27,0.3,0.0205,-0.1999,0.7894,0.7894,0.3108,1,0.3,1,1,1,1,1,1,
30,5,sym3ph,1.0,0.4071,0.0,sym,0.27,0.3,0.0119,-0.1999,0.8244,0.8244,0.4127,1,0.3,1,1,1,1,1,1,
30,5,sym3ph,1.8,0.5279,0.0,sym,0.27,0.3,-0.0092,-0.1999,0.8591,0.8591,0.5279,1,0.625,1,1,1,1,1,1,
30,5,sym3ph,3.0,0.6,0.0,sym,0.27,0.3,-0.007,-0.1999,0.8641,0.8641,0.6,1,0.625,1,1,1,1,1,1,
30,5,sym3ph,6.0,0.7389,0.0,sym,0.27,0.2417,-0.0344,-0.1992,0.8712,0.8712,0.7389,1,0.625,1,1,1,1,1,1,
30,5,sym3ph,12.0,0.828,0.0,sym,0.2674,0.108,-0.013,-0.1958,0.8763,0.8763,0.828,0,0.625,1,0,1,1,1,0,
30,5,sym3ph,30.0,0.8889,0.0,sym,0.2337,0.0167,0.0192,-0.1839,0.8505,0.8505,0.8979,0,0.625,1,0,1,1,1,0,
30,6,sym3ph,0.3,0.1363,0.0,sym,0.27,0.3,0.0312,-0.1999,0.7687,0.7688,0.151,1,0.15,0,1,1,1,1,0,
30,6,sym3ph,0.6,0.2114,0.0,sym,0.27,0.3,0.0267,-0.1999,0.7774,0.7775,0.224,1,0.15,1,1,1,1,1,1,
30,6,sym3ph,1.0,0.2973,0.0,sym,0.27,0.3,0.0209,-0.1999,0.7884,0.7884,0.3071,1,0.3,1,1,1,1,1,1,
30,6,sym3ph,1.8,0.4248,0.0,sym,0.27,0.3,0.0103,-0.1999,0.8295,0.8295,0.4297,1,0.3,1,1,1,1,1,1,
30,6,sym3ph,3.0,0.5315,0.0,sym,0.27,0.3,-0.0092,-0.1999,0.8594,0.8594,0.5315,1,0.625,1,1,1,1,1,1,
30,6,sym3ph,6.0,0.6503,0.0,sym,0.27,0.3,-0.0145,-0.1998,0.8669,0.8669,0.6503,1,0.625,1,1,1,1,1,1,
30,6,sym3ph,12.0,0.7735,0.0,sym,0.27,0.1897,-0.031,-0.1989,0.8726,0.8726,0.7735,1,0.625,1,1,1,1,1,1,
30,6,sym3ph,30.0,0.8642,0.0,sym,0.2486,0.0537,0.0062,-0.1902,0.8701,0.8701,0.8671,0,0.625,1,0,1,1,1,0,
30,7,sym3ph,0.3,0.2494,0.0,sym,0.27,0.3,0.0248,-0.1999,0.7809,0.781,0.261,1,0.15,1,1,1,1,1,1,
30,7,sym3ph,0.6,0.2895,0.0,sym,0.27,0.3,0.0217,-0.1999,0.7869,0.7869,0.2997,1,0.15,1,1,1,1,1,1,
30,7,sym3ph,1.0,0.3467,0.0,sym,0.27,0.3,0.0167,-0.1999,0.8061,0.8061,0.3546,1,0.3,1,1,1,1,1,1,
30,7,sym3ph,1.8,0.4468,0.0,sym,0.27,0.3,0.0052,-0.1999,0.8418,0.8418,0.4493,1,0.3,1,1,1,1,1,1,
30,7,sym3ph,3.0,0.5387,0.0,sym,0.27,0.3,-0.0089,-0.1999,0.86,0.86,0.5387,1,0.625,1,1,1,1,1,1,
30,7,sym3ph,6.0,0.6499,0.0,sym,0.27,0.3,-0.0144,-0.1998,0.8669,0.8669,0.6499,1,0.625,1,1,1,1,1,1,
30,7,sym3ph,12.0,0.7725,0.0,sym,0.27,0.1913,-0.0312,-0.1989,0.8726,0.8726,0.7725,1,0.625,1,1,1,1,1,1,
30,7,sym3ph,30.0,0.8638,0.0,sym,0.2489,0.0543,0.006,-0.1903,0.8704,0.8704,0.8667,0,0.625,1,0,1,1,1,0,
30,8,sym3ph,0.3,0.5144,0.0,sym,0.27,0.3,-0.009,-0.1999,0.858,0.8581,0.5144,1,0.15,1,1,1,1,1,1,
30,8,sym3ph,0.6,0.5271,0.0,sym,0.27,0.3,-0.0092,-0.1999,0.8591,0.8591,0.5271,1,0.15,1,1,1,1,1,1,
30,8,sym3ph,1.0,0.5435,0.0,sym,0.27,0.3,-0.0088,-0.1999,0.8603,0.8603,0.5435,1,0.15,1,1,1,1,1,1,
30,8,sym3ph,1.8,0.5728,0.0,sym,0.27,0.3,-0.0075,-0.1999,0.8623,0.8623,0.5728,1,0.3,1,1,1,1,1,1,
30,8,sym3ph,3.0,0.6132,0.0,sym,0.27,0.3,-0.0079,-0.1998,0.8649,0.8649,0.6132,1,0.3,1,1,1,1,1,1,
30,8,sym3ph,6.0,0.706,0.0,sym,0.27,0.291,-0.0262,-0.1995,0.8696,0.8696,0.706,1,0.625,1,1,1,1,1,1,
30,8,sym3ph,12.0,0.7866,0.0,sym,0.27,0.1701,-0.0293,-0.1986,0.8733,0.8733,0.7866,1,0.625,1,1,1,1,1,1,
30,8,sym3ph,30.0,0.8662,0.0,sym,0.2474,0.0507,0.0073,-0.1897,0.8683,0.8683,0.8696,0,0.625,1,0,1,1,1,0,
30,9,sym3ph,0.3,0.5728,0.0,sym,0.27,0.3,-0.0075,-0.1999,0.8623,0.8624,0.5728,1,0.15,1,1,1,1,1,1,
30,9,sym3ph,0.6,0.5811,0.0,sym,0.27,0.3,-0.0071,-0.1999,0.8629,0.8629,0.5811,1,0.15,1,1,1,1,1,1,
30,9,sym3ph,1.0,0.5919,0.0,sym,0.27,0.3,-0.0069,-0.1999,0.8636,0.8636,0.5919,1,0.15,1,1,1,1,1,1,
30,9,sym3ph,1.8,0.6174,0.0,sym,0.27,0.3,-0.0085,-0.1998,0.8651,0.8651,0.6174,1,0.3,1,1,1,1,1,1,
30,9,sym3ph,3.0,0.659,0.0,sym,0.27,0.3,-0.0171,-0.1998,0.8673,0.8673,0.659,1,0.3,1,1,1,1,1,1,
30,9,sym3ph,6.0,0.7297,0.0,sym,0.27,0.2554,-0.0332,-0.1993,0.8708,0.8708,0.7297,1,0.3,1,1,1,1,1,1,
30,9,sym3ph,12.0,0.7946,0.0,sym,0.27,0.1581,-0.027,-0.1983,0.8737,0.8737,0.7946,1,0.625,1,1,1,1,1,1,
30,9,sym3ph,30.0,0.8676,0.0,sym,0.2464,0.0486,0.0082,-0.1894,0.867,0.867,0.8715,0,0.625,1,0,1,1,1,0,
30,10,sym3ph,0.3,0.6182,0.0,sym,0.27,0.3,-0.0086,-0.1998,0.8651,0.8652,0.6182,1,0.15,1,1,1,1,1,1,
30,10,sym3ph,0.6,0.6278,0.0,sym,0.27,0.3,-0.0099,-0.1998,0.8657,0.8657,0.6278,1,0.15,1,1,1,1,1,1,
30,10,sym3ph,1.0,0.6403,0.0,sym,0.27,0.3,-0.0118,-0.1998,0.8664,0.8664,0.6403,1,0.15,1,1,1,1,1,1,
30,10,sym3ph,1.8,0.6637,0.0,sym,0.27,0.3,-0.0183,-0.1998,0.8676,0.8676,0.6637,1,0.15,1,1,1,1,1,1,
30,10,sym3ph,3.0,0.6943,0.0,sym,0.27,0.3,-0.0243,-0.1996,0.8691,0.8691,0.6943,1,0.3,1,1,1,1,1,1,
30,10,sym3ph,6.0,0.7482,0.0,sym,0.27,0.2277,-0.0337,-0.1991,0.8716,0.8716,0.7482,1,0.3,1,1,1,1,1,1,
30,10,sym3ph,12.0,0.8047,0.0,sym,0.27,0.143,-0.0241,-0.1978,0.8743,0.8743,0.8047,1,0.625,1,0,1,1,1,0,
30,10,sym3ph,30.0,0.8691,0.0,sym,0.2455,0.0463,0.009,-0.189,0.8657,0.8657,0.8734,0,0.625,1,0,1,1,1,0,
30,11,sym3ph,0.3,0.6258,0.0,sym,0.27,0.3,-0.0097,-0.1998,0.8656,0.8656,0.6258,1,0.15,1,1,1,1,1,1,
30,11,sym3ph,0.6,0.6355,0.0,sym,0.27,0.3,-0.011,-0.1998,0.8661,0.8661,0.6355,1,0.15,1,1,1,1,1,1,
30,11,sym3ph,1.0,0.6475,0.0,sym,0.27,0.3,-0.0137,-0.1998,0.8667,0.8668,0.6475,1,0.15,1,1,1,1,1,1,
30,11,sym3ph,1.8,0.6699,0.0,sym,0.27,0.3,-0.02,-0.1997,0.8679,0.8679,0.6699,1,0.15,1,1,1,1,1,1,
30,11,sym3ph,3.0,0.6993,0.0,sym,0.27,0.3,-0.0245,-0.1996,0.8693,0.8693,0.6993,1,0.3,1,1,1,1,1,1,
30,11,sym3ph,6.0,0.7513,0.0,sym,0.27,0.223,-0.0333,-0.1991,0.8717,0.8717,0.7513,1,0.3,1,1,1,1,1,1,
30,11,sym3ph,12.0,0.8065,0.0,sym,0.27,0.1403,-0.0236,-0.1977,0.8744,0.8744,0.8065,1,0.625,1,0,1,1,1,0,
30,11,sym3ph,30.0,0.8694,0.0,sym,0.2453,0.0458,0.0092,-0.189,0.8655,0.8655,0.8738,0,0.625,1,0,1,1,1,0,
30,12,sym3ph,0.3,0.6406,0.0,sym,0.27,0.3,-0.0118,-0.1998,0.8664,0.8664,0.6406,1,0.15,1,1,1,1,1,1,
30,12,sym3ph,0.6,0.6493,0.0,sym,0.27,0.3,-0.0142,-0.1998,0.8668,0.8669,0.6493,1,0.15,1,1,1,1,1,1,
30,12,sym3ph,1.0,0.6604,0.0,sym,0.27,0.3,-0.0175,-0.1998,0.8674,0.8674,0.6604,1,0.15,1,1,1,1,1,1,
30,12,sym3ph,1.8,0.6812,0.0,sym,0.27,0.3,-0.0223,-0.1997,0.8684,0.8685,0.6812,1,0.15,1,1,1,1,1,1,
30,12,sym3ph,3.0,0.7081,0.0,sym,0.27,0.2878,-0.0268,-0.1995,0.8697,0.8697,0.7081,1,0.3,1,1,1,1,1,1,
30,12,sym3ph,6.0,0.757,0.0,sym,0.27,0.2146,-0.0326,-0.1991,0.8719,0.8719,0.757,1,0.3,1,1,1,1,1,1,
30,12,sym3ph,12.0,0.8096,0.0,sym,0.27,0.1355,-0.0226,-0.1975,0.8746,0.8746,0.8096,1,0.625,1,0,1,1,1,0,
30,12,sym3ph,30.0,0.87,0.0,sym,0.245,0.0449,0.0095,-0.1888,0.865,0.865,0.8745,0,0.625,1,0,1,1,1,0,
30,13,sym3ph,0.3,0.6962,0.0,sym,0.27,0.3,-0.0244,-0.1996,0.8692,0.8692,0.6962,1,0.15,1,1,1,1,1,1,
30,13,sym3ph,0.6,0.7022,0.0,sym,0.27,0.2967,-0.0251,-0.1996,0.8694,0.8695,0.7022,1,0.15,1,1,1,1,1,1,
30,13,sym3ph,1.0,0.7093,0.0,sym,0.27,0.286,-0.0272,-0.1995,0.8698,0.8698,0.7093,1,0.15,1,1,1,1,1,1,
30,13,sym3ph,1.8,0.7227,0.0,sym,0.27,0.266,-0.0314,-0.1993,0.8704,0.8705,0.7227,1,0.15,1,1,1,1,1,1,
30,13,sym3ph,3.0,0.7407,0.0,sym,0.27,0.239,-0.0343,-0.1992,0.8712,0.8712,0.7407,1,0.3,1,1,1,1,1,1,
30,13,sym3ph,6.0,0.7772,0.0,sym,0.27,0.1841,-0.0305,-0.1988,0.8728,0.8728,0.7772,1,0.3,1,1,1,1,1,1,
30,13,sym3ph,12.0,0.8207,0.0,sym,0.27,0.119,-0.0165,-0.1965,0.8754,0.8754,0.8207,1,0.625,1,0,1,1,1,0,
30,13,sym3ph,30.0,0.872,0.0,sym,0.2439,0.042,0.0105,-0.1883,0.8635,0.8635,0.8769,0,0.625,1,0,1,1,1,0,
30,14,sym3ph,0.3,0.7152,0.0,sym,0.27,0.2773,-0.0295,-0.1994,0.8701,0.8701,0.7152,1,0.15,1,1,1,1,1,1,
30,14,sym3ph,0.6,0.72,0.0,sym,0.27,0.27,-0.0308,-0.1994,0.8703,0.8703,0.72,1,0.15,1,1,1,1,1,1,
30,14,sym3ph,1.0,0.7258,0.0,sym,0.27,0.2613,-0.0322,-0.1993,0.8706,0.8706,0.7258,1,0.15,1,1,1,1,1,1,
30,14,sym3ph,1.8,0.7369,0.0,sym,0.27,0.2447,-0.0345,-0.1992,0.8711,0.8711,0.7369,1,0.15,1,1,1,1,1,1,
30,14,sym3ph,3.0,0.752,0.0,sym,0.27,0.222,-0.0332,-0.1991,0.8717,0.8717,0.752,1,0.3,1,1,1,1,1,1,
30,14,sym3ph,6.0,0.7843,0.0,sym,0.27,0.1736,-0.0298,-0.1986,0.8731,0.8731,0.7843,1,0.3,1,1,1,1,1,1,
30,14,sym3ph,12.0,0.8244,0.0,sym,0.2689,0.1135,-0.0147,-0.1961,0.8758,0.8758,0.8244,0,0.625,1,0,1,1,1,0,
30,14,sym3ph,30.0,0.8726,0.0,sym,0.2435,0.0411,0.0108,-0.1882,0.863,0.863,0.8777,0,0.625,1,0,1,1,1,0,
30,15,sym3ph,0.3,0.7296,0.0,sym,0.27,0.2556,-0.0332,-0.1993,0.8708,0.8708,0.7296,1,0.15,1,1,1,1,1,1,
30,15,sym3ph,0.6,0.7339,0.0,sym,0.27,0.2491,-0.0343,-0.1992,0.871,0.871,0.7339,1,0.15,1,1,1,1,1,1,
30,15,sym3ph,1.0,0.7389,0.0,sym,0.27,0.2416,-0.0344,-0.1992,0.8712,0.8712,0.7389,1,0.15,1,1,1,1,1,1,
30,15,sym3ph,1.8,0.7485,0.0,sym,0.27,0.2273,-0.0337,-0.1991,0.8716,0.8716,0.7485,1,0.15,1,1,1,1,1,1,
30,15,sym3ph,3.0,0.762,0.0,sym,0.27,0.207,-0.032,-0.199,0.8721,0.8721,0.762,1,0.3,1,1,1,1,1,1,
30,15,sym3ph,6.0,0.7907,0.0,sym,0.27,0.164,-0.0281,-0.1984,0.8735,0.8735,0.7907,1,0.3,1,1,1,1,1,1,
30,15,sym3ph,12.0,0.8277,0.0,sym,0.2675,0.1084,-0.0131,-0.1958,0.8762,0.8762,0.8277,0,0.3,1,0,1,1,1,0,
30,15,sym3ph,30.0,0.8733,0.0,sym,0.2431,0.04,0.0112,-0.188,0.8624,0.8624,0.8786,0,0.625,1,0,1,1,1,0,
30,16,sym3ph,0.3,0.7441,0.0,sym,0.27,0.2339,-0.0342,-0.1992,0.8714,0.8714,0.7441,1,0.15,1,1,1,1,1,1,
30,16,sym3ph,0.6,0.7479,0.0,sym,0.27,0.2282,-0.0338,-0.1991,0.8715,0.8716,0.7479,1,0.15,1,1,1,1,1,1,
30,16,sym3ph,1.0,0.7522,0.0,sym,0.27,0.2217,-0.0332,-0.1991,0.8717,0.8718,0.7522,1,0.15,1,1,1,1,1,1,
30,16,sym3ph,1.8,0.7606,0.0,sym,0.27,0.2091,-0.0321,-0.1991,0.8721,0.8721,0.7606,1,0.15,1,1,1,1,1,1,
30,16,sym3ph,3.0,0.7727,0.0,sym,0.27,0.1909,-0.0311,-0.1989,0.8726,0.8726,0.7727,1,0.15,1,1,1,1,1,1,
30,16,sym3ph,6.0,0.7978,0.0,sym,0.27,0.1533,-0.0261,-0.1981,0.8739,0.8739,0.7978,1,0.3,1,1,1,1,1,1,
30,16,sym3ph,12.0,0.8313,0.0,sym,0.2658,0.103,-0.0115,-0.1955,0.8767,0.8767,0.8313,0,0.3,1,0,1,1,1,0,
30,16,sym3ph,30.0,0.8743,0.0,sym,0.2425,0.0386,0.0117,-0.1877,0.8617,0.8617,0.8798,0,0.625,1,0,1,1,1,0,
30,17,sym3ph,0.3,0.7719,0.0,sym,0.27,0.1922,-0.0313,-0.1989,0.8726,0.8726,0.7719,1,0.15,1,1,1,1,1,1,
30,17,sym3ph,0.6,0.7743,0.0,sym,0.27,0.1886,-0.0309,-0.1989,0.8727,0.8727,0.7743,1,0.15,1,1,1,1,1,1,
30,17,sym3ph,1.0,0.7774,0.0,sym,0.27,0.1839,-0.0305,-0.1988,0.8728,0.8728,0.7774,1,0.15,1,1,1,1,1,1,
30,17,sym3ph,1.8,0.7835,0.0,sym,0.27,0.1747,-0.0299,-0.1987,0.8731,0.8731,0.7835,1,0.15,1,1,1,1,1,1,
30,17,sym3ph,3.0,0.7919,0.0,sym,0.27,0.1621,-0.0278,-0.1984,0.8735,0.8736,0.7919,1,0.15,1,1,1,1,1,1,
30,17,sym3ph,6.0,0.8104,0.0,sym,0.27,0.1345,-0.0223,-0.1974,0.8746,0.8746,0.8104,1,0.3,1,0,1,1,1,0,
30,17,sym3ph,12.0,0.8373,0.0,sym,0.263,0.094,-0.0087,-0.1947,0.8775,0.8775,0.8373,0,0.3,1,0,1,1,1,0,
30,17,sym3ph,30.0,0.8757,0.0,sym,0.2416,0.0364,0.0124,-0.1873,0.8606,0.8606,0.8816,0,0.625,1,0,1,1,1,0,
30,18,sym3ph,0.3,0.7816,0.0,sym,0.27,0.1775,-0.0301,-0.1987,0.873,0.873,0.7816,1,0.15,1,1,1,1,1,1,
30,18,sym3ph,0.6,0.7838,0.0,sym,0.27,0.1744,-0.0298,-0.1987,0.8731,0.8731,0.7838,1,0.15,1,1,1,1,1,1,
30,18,sym3ph,1.0,0.7865,0.0,sym,0.27,0.1703,-0.0294,-0.1986,0.8733,0.8733,0.7865,1,0.15,1,1,1,1,1,1,
30,18,sym3ph,1.8,0.7917,0.0,sym,0.27,0.1625,-0.0279,-0.1984,0.8735,0.8736,0.7917,1,0.15,1,1,1,1,1,1,
30,18,sym3ph,3.0,0.7991,0.0,sym,0.27,0.1513,-0.0257,-0.1981,0.8739,0.874,0.7991,1,0.15,1,1,1,1,1,1,
30,18,sym3ph,6.0,0.8156,0.0,sym,0.27,0.1266,-0.0192,-0.197,0.875,0.875,0.8156,1,0.3,1,0,1,1,1,0,
30,18,sym3ph,12.0,0.8402,0.0,sym,0.2617,0.0897,-0.0075,-0.1943,0.8779,0.8779,0.8402,0,0.3,1,0,1,1,1,0,
30,18,sym3ph,30.0,0.8766,0.0,sym,0.2411,0.035,0.0129,-0.1871,0.8599,0.8599,0.8827,0,0.625,1,0,1,1,1,0,
30,19,sym3ph,0.3,0.7441,0.0,sym,0.27,0.2339,-0.0342,-0.1992,0.8714,0.8714,0.7441,1,0.625,1,1,1,1,1,1,
30,19,sym3ph,0.6,0.81,0.0,sym,0.27,0.135,-0.0225,-0.1975,0.8746,0.8746,0.81,1,0.625,1,0,1,1,1,0,
30,19,sym3ph,1.0,0.8502,0.0,sym,0.2569,0.0747,-0.002,-0.1928,0.8794,0.8794,0.8502,0,0.625,1,0,1,1,1,0,
30,19,sym3ph,1.8,0.8833,0.0,sym,0.2369,0.025,0.0164,-0.1852,0.8548,0.8548,0.891,0,0.625,1,0,1,1,1,0,
30,19,sym3ph,3.0,0.901,0.0,normal,0.0135,0.0,0.0292,-0.0242,0.9312,0.9312,0.901,0,0.625,1,1,1,1,1,1,
30,19,sym3ph,6.0,0.9151,0.0,normal,0.013,0.0,0.0293,-0.024,0.9311,0.9311,0.9151,0,0.625,1,1,1,1,1,1,
30,19,sym3ph,12.0,0.923,0.0,normal,0.0129,0.0,0.0291,-0.0229,0.9321,0.9321,0.923,0,0.625,1,1,1,1,1,1,
30,19,sym3ph,30.0,0.9279,0.0,normal,0.0129,0.0,0.0288,-0.0219,0.9332,0.9332,0.9279,0,0.625,1,1,1,1,1,1,
30,20,sym3ph,0.3,0.8909,0.0,sym,0.2325,0.0136,0.0203,-0.1834,0.8489,0.849,0.9004,0,0.15,1,0,1,1,1,0,
30,20,sym3ph,0.6,0.8942,0.0,sym,0.2306,0.0086,0.0218,-0.1825,0.8466,0.8466,0.9045,0,0.3,1,0,1,1,1,0,
30,20,sym3ph,1.0,0.8983,0.0,sym,0.2283,0.0026,0.0237,-0.1814,0.8439,0.8439,0.9094,0,0.3,1,0,1,1,1,0,
30,20,sym3ph,1.8,0.9026,0.0,normal,0.0135,0.0,0.0292,-0.0244,0.9311,0.9311,0.9026,0,0.3,1,1,1,1,1,1,
30,20,sym3ph,3.0,0.9092,0.0,normal,0.0132,0.0,0.0293,-0.0246,0.9308,0.9308,0.9092,0,0.625,1,1,1,1,1,1,
30,20,sym3ph,6.0,0.9176,0.0,normal,0.013,0.0,0.0293,-0.0237,0.9314,0.9314,0.9176,0,0.625,1,1,1,1,1,1,
30,20,sym3ph,12.0,0.9237,0.0,normal,0.0129,0.0,0.0291,-0.0227,0.9323,0.9323,0.9237,0,0.625,1,1,1,1,1,1,
30,20,sym3ph,30.0,0.928,0.0,normal,0.0129,0.0,0.0288,-0.0218,0.9332,0.9332,0.928,0,0.625,1,1,1,1,1,1,
30,21,sym3ph,0.3,0.8994,0.0,sym,0.2276,0.0009,0.0242,-0.1811,0.8432,0.8432,0.9108,0,0.15,1,0,1,1,1,0,
30,21,sym3ph,0.6,0.9007,0.0,normal,0.0135,0.0,0.0292,-0.0242,0.9312,0.9313,0.9007,0,0.15,1,1,1,1,1,1,
30,21,sym3ph,1.0,0.9018,0.0,normal,0.0135,0.0,0.0292,-0.0243,0.9312,0.9312,0.9018,0,0.3,1,1,1,1,1,1,
30,21,sym3ph,1.8,0.9062,0.0,normal,0.0133,0.0,0.0293,-0.0246,0.9309,0.9309,0.9062,0,0.3,1,1,1,1,1,1,
30,21,sym3ph,3.0,0.9112,0.0,normal,0.0131,0.0,0.0294,-0.0245,0.9308,0.9308,0.9112,0,0.625,1,1,1,1,1,1,
30,21,sym3ph,6.0,0.9183,0.0,normal,0.013,0.0,0.0293,-0.0236,0.9315,0.9315,0.9183,0,0.625,1,1,1,1,1,1,
30,21,sym3ph,12.0,0.9238,0.0,normal,0.0129,0.0,0.0291,-0.0227,0.9323,0.9323,0.9238,0,0.625,1,1,1,1,1,1,
30,21,sym3ph,30.0,0.928,0.0,normal,0.0129,0.0,0.0288,-0.0218,0.9332,0.9332,0.928,0,0.625,1,1,1,1,1,1,
30,22,sym3ph,0.3,0.9066,0.0,normal,0.0133,0.0,0.0293,-0.0246,0.9308,0.9309,0.9066,0,0.15,1,1,1,1,1,1,
30,22,sym3ph,0.6,0.9075,0.0,normal,0.0133,0.0,0.0293,-0.0246,0.9308,0.9308,0.9075,0,0.15,1,1,1,1,1,1,
30,22,sym3ph,1.0,0.9088,0.0,normal,0.0132,0.0,0.0293,-0.0246,0.9308,0.9308,0.9088,0,0.3,1,1,1,1,1,1,
30,22,sym3ph,1.8,0.9112,0.0,normal,0.0131,0.0,0.0294,-0.0245,0.9308,0.9308,0.9112,0,0.3,1,1,1,1,1,1,
30,22,sym3ph,3.0,0.9143,0.0,normal,0.0131,0.0,0.0293,-0.0241,0.9311,0.9311,0.9143,0,0.3,1,1,1,1,1,1,
30,22,sym3ph,6.0,0.9194,0.0,normal,0.013,0.0,0.0292,-0.0234,0.9316,0.9316,0.9194,0,0.625,1,1,1,1,1,1,
30,22,sym3ph,12.0,0.9241,0.0,normal,0.0129,0.0,0.0291,-0.0226,0.9324,0.9324,0.9241,0,0.625,1,1,1,1,1,1,
30,22,sym3ph,30.0,0.9281,0.0,normal,0.0129,0.0,0.0288,-0.0218,0.9332,0.9332,0.9281,0,0.625,1,1,1,1,1,1,
30,23,sym3ph,0.3,0.5227,0.0,sym,0.27,0.3,-0.0091,-0.1999,0.8587,0.8587,0.5227,1,0.3,1,1,1,1,1,1,
30,23,sym3ph,1.0,0.6086,0.0,sym,0.27,0.3,-0.0071,-0.1998,0.8646,0.8646,0.6086,1,0.3,1,1,1,1,1,1,
30,23,sym3ph,1.8,0.7002,0.0,sym,0.27,0.2996,-0.0246,-0.1996,0.8693,0.8693,0.7002,1,0.625,1,1,1,1,1,1,
30,23,sym3ph,3.0,0.7719,0.0,sym,0.27,0.1921,-0.0313,-0.1989,0.8726,0.8726,0.7719,1,0.625,1,1,1,1,1,1,
30,23,sym3ph,6.0,0.8426,0.0,sym,0.2606,0.086,-0.0064,-0.194,0.8783,0.8783,0.8426,0,0.625,1,0,1,1,1,0,
30,23,sym3ph,12.0,0.885,0.0,sym,0.2359,0.0225,0.0173,-0.1848,0.8535,0.8535,0.8931,0,0.625,1,0,1,1,1,0,
30,23,sym3ph,30.0,0.911,0.0,normal,0.0131,0.0,0.0294,-0.0245,0.9308,0.9308,0.911,0,0.625,1,1,1,1,1,1,
30,24,sym3ph,0.3,0.6637,0.0,sym,0.27,0.3,-0.0183,-0.1998,0.8676,0.8676,0.6637,1,0.15,1,1,1,1,1,1,
30,24,sym3ph,0.6,0.689,0.0,sym,0.27,0.3,-0.0238,-0.1997,0.8688,0.8688,0.689,1,0.3,1,1,1,1,1,1,
30,24,sym3ph,1.0,0.7178,0.0,sym,0.27,0.2734,-0.0302,-0.1994,0.8702,0.8702,0.7178,1,0.3,1,1,1,1,1,1,
30,24,sym3ph,1.8,0.7611,0.0,sym,0.27,0.2083,-0.0321,-0.199,0.8721,0.8721,0.7611,1,0.3,1,1,1,1,1,1,
30,24,sym3ph,3.0,0.8012,0.0,sym,0.27,0.1482,-0.0251,-0.198,0.8741,0.8741,0.8012,1,0.625,1,0,1,1,1,0,
30,24,sym3ph,6.0,0.8513,0.0,sym,0.2564,0.0731,-0.0014,-0.1926,0.8796,0.8796,0.8513,0,0.625,1,0,1,1,1,0,
30,24,sym3ph,12.0,0.8873,0.0,sym,0.2345,0.019,0.0185,-0.1842,0.8517,0.8517,0.896,0,0.625,1,0,1,1,1,0,
30,24,sym3ph,30.0,0.9114,0.0,normal,0.0131,0.0,0.0294,-0.0245,0.9308,0.9308,0.9114,0,0.625,1,1,1,1,1,1,
30,25,sym3ph,0.3,0.7492,0.0,sym,0.27,0.2263,-0.0336,-0.1991,0.8716,0.8716,0.7492,1,0.15,1,1,1,1,1,1,
30,25,sym3ph,0.6,0.7607,0.0,sym,0.27,0.2089,-0.0321,-0.1991,0.8721,0.8721,0.7607,1,0.15,1,1,1,1,1,1,
30,25,sym3ph,1.0,0.7748,0.0,sym,0.27,0.1878,-0.0308,-0.1988,0.8727,0.8727,0.7748,1,0.3,1,1,1,1,1,1,
30,25,sym3ph,1.8,0.7979,0.0,sym,0.27,0.1531,-0.0261,-0.1981,0.8739,0.8739,0.7979,1,0.3,1,1,1,1,1,1,
30,25,sym3ph,3.0,0.8232,0.0,sym,0.2694,0.1153,-0.0153,-0.1962,0.8757,0.8757,0.8232,0,0.3,1,0,1,1,1,0,
30,25,sym3ph,6.0,0.8591,0.0,sym,0.2518,0.0613,0.0034,-0.1912,0.8744,0.8744,0.8608,0,0.625,1,0,1,1,1,0,
30,25,sym3ph,12.0,0.8896,0.0,sym,0.2333,0.0156,0.0196,-0.1837,0.8499,0.8499,0.8988,0,0.625,1,0,1,1,1,0,
30,25,sym3ph,30.0,0.9118,0.0,normal,0.0131,0.0,0.0294,-0.0245,0.9308,0.9308,0.9118,0,0.625,1,1,1,1,1,1,
30,26,sym3ph,0.3,0.1277,0.0,sym,0.27,0.3,0.0325,-0.1999,0.7664,0.7664,0.143,1,0.15,0,1,1,1,1,0,
30,26,sym3ph,0.6,0.198,0.0,sym,0.27,0.3,0.0273,-0.1999,0.7761,0.7762,0.2109,1,0.15,1,1,1,1,1,1,
30,26,sym3ph,1.0,0.2798,0.0,sym,0.27,0.3,0.0227,-0.1999,0.785,0.785,0.2905,1,0.3,1,1,1,1,1,1,
30,26,sym3ph,1.8,0.404,0.0,sym,0.27,0.3,0.0121,-0.1999,0.8235,0.8235,0.4097,1,0.3,1,1,1,1,1,1,
30,26,sym3ph,3.0,0.5155,0.0,sym,0.27,0.3,-0.009,-0.1999,0.8581,0.8581,0.5155,1,0.625,1,1,1,1,1,1,
30,26,sym3ph,6.0,0.6324,0.0,sym,0.27,0.3,-0.0105,-0.1998,0.8659,0.8659,0.6324,1,0.625,1,1,1,1,1,1,
30,26,sym3ph,12.0,0.7615,0.0,sym,0.27,0.2077,-0.032,-0.199,0.8721,0.8721,0.7615,1,0.625,1,1,1,1,1,1,
30,26,sym3ph,30.0,0.8584,0.0,sym,0.2523,0.0623,0.003,-0.1914,0.8751,0.8751,0.8599,0,0.625,1,0,1,1,1,0,
30,27,sym3ph,0.3,0.1178,0.0,sym,0.27,0.3,0.0337,-0.1999,0.764,0.764,0.1336,1,0.15,0,1,1,1,1,0,
30,27,sym3ph,0.6,0.1821,0.0,sym,0.27,0.3,0.0281,-0.1999,0.7746,0.7747,0.1954,1,0.15,0,1,1,1,1,0,
30,27,sym3ph,1.0,0.2588,0.0,sym,0.27,0.3,0.0243,-0.1999,0.7819,0.7819,0.2702,1,0.3,1,1,1,1,1,1,
30,27,sym3ph,1.8,0.3781,0.0,sym,0.27,0.3,0.0143,-0.1999,0.8158,0.8158,0.3848,1,0.3,1,1,1,1,1,1,
30,27,sym3ph,3.0,0.4925,0.0,sym,0.27,0.3,-0.0064,-0.1999,0.8562,0.8562,0.4925,1,0.3,1,1,1,1,1,1,
30,27,sym3ph,6.0,0.6089,0.0,sym,0.27,0.3,-0.0072,-0.1998,0.8646,0.8646,0.6089,1,0.625,1,1,1,1,1,1,
30,27,sym3ph,12.0,0.7453,0.0,sym,0.27,0.232,-0.0341,-0.1992,0.8714,0.8714,0.7453,1,0.625,1,1,1,1,1,1,
30,27,sym3ph,30.0,0.8505,0.0,sym,0.2567,0.0742,-0.0018,-0.1928,0.8795,0.8795,0.8505,0,0.625,1,0,1,1,1,0,
30,28,sym3ph,0.3,0.0855,0.0,sym,0.27,0.3,0.0372,-0.1999,0.7574,0.7574,0.103,1,0.15,0,1,1,1,1,0,
30,28,sym3ph,0.6,0.1342,0.0,sym,0.27,0.3,0.0316,-0.1999,0.7681,0.7681,0.149,1,0.15,0,1,1,1,1,0,
30,28,sym3ph,1.0,0.1949,0.0,sym,0.27,0.3,0.0275,-0.1999,0.7757,0.7758,0.2078,1,0.15,1,1,1,1,1,1,
30,28,sym3ph,1.8,0.2946,0.0,sym,0.27,0.3,0.0211,-0.1999,0.7879,0.7879,0.3046,1,0.3,1,1,1,1,1,1,
30,28,sym3ph,3.0,0.4036,0.0,sym,0.27,0.3,0.0122,-0.1999,0.8234,0.8234,0.4093,1,0.3,1,1,1,1,1,1,
30,28,sym3ph,6.0,0.5541,0.0,sym,0.27,0.3,-0.0085,-0.1999,0.8611,0.8611,0.5541,1,0.625,1,1,1,1,1,1,
30,28,sym3ph,12.0,0.6891,0.0,sym,0.27,0.3,-0.0238,-0.1997,0.8688,0.8688,0.6891,1,0.625,1,1,1,1,1,1,
30,28,sym3ph,30.0,0.8221,0.0,sym,0.2699,0.1169,-0.0158,-0.1963,0.8756,0.8756,0.8221,0,0.625,1,0,1,1,1,0,
30,29,sym3ph,0.3,0.0637,0.0,sym,0.27,0.3,0.0396,-0.1999,0.7528,0.7528,0.0823,1,0.15,0,1,1,1,1,0,
30,29,sym3ph,0.6,0.1067,0.0,sym,0.27,0.3,0.0349,-0.1999,0.7618,0.7619,0.1231,1,0.15,0,1,1,1,1,0,
30,29,sym3ph,1.0,0.1599,0.0,sym,0.27,0.3,0.0287,-0.1999,0.7734,0.7735,0.1734,1,0.15,0,1,1,1,1,0,
30,29,sym3ph,1.8,0.2501,0.0,sym,0.27,0.3,0.0248,-0.1999,0.781,0.781,0.2617,1,0.3,1,1,1,1,1,1,
30,29,sym3ph,3.0,0.3552,0.0,sym,0.27,0.3,0.0161,-0.1999,0.8087,0.8087,0.3628,1,0.3,1,1,1,1,1,1,
30,29,sym3ph,6.0,0.518,0.0,sym,0.27,0.3,-0.009,-0.1999,0.8583,0.8583,0.518,1,0.625,1,1,1,1,1,1,
30,29,sym3ph,12.0,0.6525,0.0,sym,0.27,0.3,-0.0151,-0.1998,0.867,0.867,0.6525,1,0.625,1,1,1,1,1,1,
30,29,sym3ph,30.0,0.8019,0.0,sym,0.27,0.1472,-0.0249,-0.1979,0.8741,0.8741,0.8019,1,0.625,1,0,1,1,1,0,
30,30,sym3ph,0.3,0.0505,0.0,sym,0.27,0.3,0.0409,-0.1999,0.7504,0.7505,0.0697,1,0.15,0,1,1,1,1,0,
30,30,sym3ph,0.6,0.093,0.0,sym,0.27,0.3,0.0364,-0.1999,0.7589,0.7589,0.1101,1,0.15,0,1,1,1,1,0,
30,30,sym3ph,1.0,0.1438,0.0,sym,0.27,0.3,0.0304,-0.1999,0.7703,0.7704,0.1581,1,0.15,0,1,1,1,1,0,
30,30,sym3ph,1.8,0.2303,0.0,sym,0.27,0.3,0.0258,-0.1999,0.7791,0.7791,0.2424,1,0.3,1,1,1,1,1,1,
30,30,sym3ph,3.0,0.3327,0.0,sym,0.27,0.3,0.0178,-0.1999,0.8014,0.8014,0.341,1,0.3,1,1,1,1,1,1,
30,30,sym3ph,6.0,0.4968,0.0,sym,0.27,0.3,-0.007,-0.1999,0.8566,0.8566,0.4968,1,0.3,1,1,1,1,1,1,
30,30,sym3ph,12.0,0.6328,0.0,sym,0.27,0.3,-0.0106,-0.1998,0.866,0.866,0.6328,1,0.625,1,1,1,1,1,1,
30,30,sym3ph,30.0,0.79,0.0,sym,0.27,0.1649,-0.0283,-0.1984,0.8734,0.8734,0.79,1,0.625,1,1,1,1,1,1,
30,31,sym3ph,0.3,0.2042,0.0,sym,0.27,0.3,0.027,-0.1999,0.7768,0.7768,0.2169,1,0.15,1,1,1,1,1,1,
30,31,sym3ph,0.6,0.2284,0.0,sym,0.27,0.3,0.0259,-0.1999,0.7789,0.779,0.2406,1,0.15,1,1,1,1,1,1,
30,31,sym3ph,1.0,0.2599,0.0,sym,0.27,0.3,0.0242,-0.1999,0.782,0.7821,0.2713,1,0.15,1,1,1,1,1,1,
30,31,sym3ph,1.8,0.3191,0.0,sym,0.27,0.3,0.0189,-0.1999,0.7965,0.7966,0.328,1,0.15,1,1,1,1,1,1,
30,31,sym3ph,3.0,0.3949,0.0,sym,0.27,0.3,0.0129,-0.1999,0.8209,0.8209,0.4009,1,0.3,1,1,1,1,1,1,
30,31,sym3ph,6.0,0.5245,0.0,sym,0.27,0.3,-0.0091,-0.1999,0.8589,0.8589,0.5245,1,0.3,1,1,1,1,1,1,
30,31,sym3ph,12.0,0.6453,0.0,sym,0.27,0.3,-0.0132,-0.1998,0.8666,0.8666,0.6453,1,0.625,1,1,1,1,1,1,
30,31,sym3ph,30.0,0.7919,0.0,sym,0.27,0.1621,-0.0278,-0.1984,0.8735,0.8735,0.7919,1,0.625,1,1,1,1,1,1,
30,32,sym3ph,0.3,0.2471,0.0,sym,0.27,0.3,0.0249,-0.1999,0.7807,0.7808,0.2588,1,0.15,1,1,1,1,1,1,
30,32,sym3ph,0.6,0.2681,0.0,sym,0.27,0.3,0.0236,-0.1999,0.7832,0.7832,0.2792,1,0.15,1,1,1,1,1,1,
30,32,sym3ph,1.0,0.2951,0.0,sym,0.27,0.3,0.0211,-0.1999,0.788,0.788,0.305,1,0.15,1,1,1,1,1,1,
30,32,sym3ph,1.8,0.3467,0.0,sym,0.27,0.3,0.0167,-0.1999,0.8061,0.8061,0.3545,1,0.15,1,1,1,1,1,1,
30,32,sym3ph,3.0,0.4144,0.0,sym,0.27,0.3,0.0112,-0.1999,0.8265,0.8265,0.4197,1,0.3,1,1,1,1,1,1,
30,32,sym3ph,6.0,0.533,0.0,sym,0.27,0.3,-0.0091,-0.1999,0.8595,0.8595,0.533,1,0.3,1,1,1,1,1,1,
30,32,sym3ph,12.0,0.6496,0.0,sym,0.27,0.3,-0.0143,-0.1998,0.8669,0.8669,0.6496,1,0.625,1,1,1,1,1,1,
30,32,sym3ph,30.0,0.7925,0.0,sym,0.27,0.1613,-0.0276,-0.1984,0.8736,0.8736,0.7925,1,0.625,1,1,1,1,1,1,
30,33,sym3ph,0.3,0.298,0.0,sym,0.27,0.3,0.0208,-0.1999,0.7886,0.7886,0.3078,1,0.15,1,1,1,1,1,1,
30,33,sym3ph,0.6,0.3142,0.0,sym,0.27,0.3,0.0193,-0.1999,0.7947,0.7947,0.3233,1,0.15,1,1,1,1,1,1,
30,33,sym3ph,1.0,0.336,0.0,sym,0.27,0.3,0.0175,-0.1999,0.8025,0.8025,0.3442,1,0.15,1,1,1,1,1,1,
30,33,sym3ph,1.8,0.3785,0.0,sym,0.27,0.3,0.0142,-0.1999,0.8159,0.8159,0.3852,1,0.15,1,1,1,1,1,1,
30,33,sym3ph,3.0,0.4368,0.0,sym,0.27,0.3,0.0085,-0.1999,0.8344,0.8344,0.4407,1,0.3,1,1,1,1,1,1,
30,33,sym3ph,6.0,0.5421,0.0,sym,0.27,0.3,-0.0088,-0.1999,0.8602,0.8602,0.5421,1,0.3,1,1,1,1,1,1,
30,33,sym3ph,12.0,0.6528,0.0,sym,0.27,0.3,-0.0152,-0.1998,0.867,0.867,0.6528,1,0.625,1,1,1,1,1,1,
30,33,sym3ph,30.0,0.7928,0.0,sym,0.27,0.1607,-0.0275,-0.1983,0.8736,0.8736,0.7928,1,0.625,1,1,1,1,1,1,
30,2,1ph_g,0.3,0.8421,0.0935,asym,0.0944,0.0869,-0.0703,-0.0356,0.9732,0.9732,0.8421,0,0.625,1,1,1,1,1,1,
30,2,1ph_g,0.6,0.8819,0.0525,asym,0.0462,0.0271,-0.0643,-0.0067,0.9924,0.9924,0.8819,0,0.625,1,1,1,1,1,1,
30,2,1ph_g,1.0,0.9002,0.0331,normal,0.0136,0.0,0.029,-0.0238,0.9318,0.9318,0.9002,0,0.625,1,1,1,1,1,1,
30,2,1ph_g,1.8,0.9135,0.0191,normal,0.0132,0.0,0.0291,-0.0237,0.9317,0.9317,0.9135,0,0.625,1,1,1,1,1,1,
30,2,1ph_g,3.0,0.9204,0.0116,normal,0.013,0.0,0.0291,-0.0229,0.9322,0.9322,0.9204,0,0.625,1,1,1,1,1,1,
30,2,1ph_g,6.0,0.9257,0.0059,normal,0.0129,0.0,0.0289,-0.0219,0.9329,0.9329,0.9257,0,0.625,1,1,1,1,1,1,
30,2,1ph_g,12.0,0.9285,0.003,normal,0.0129,0.0,0.0288,-0.0216,0.9334,0.9334,0.9285,0,0.625,1,1,1,1,1,1,
30,2,1ph_g,30.0,0.9301,0.0012,normal,0.0128,0.0,0.0287,-0.0214,0.9337,0.9337,0.9301,0,0.625,1,1,1,1,1,1,
30,3,1ph_g,0.3,0.7271,0.2098,asym,0.2305,0.2594,-0.0557,-0.0618,0.9438,0.9438,0.7271,0,0.625,1,1,1,1,1,1,
30,3,1ph_g,0.6,0.7778,0.1606,asym,0.1865,0.1833,-0.0621,-0.0589,0.9514,0.9514,0.7778,0,0.625,1,1,1,1,1,1,
30,3,1ph_g,1.8,0.8399,0.0956,asym,0.0979,0.0901,-0.0707,-0.0366,0.9724,0.9724,0.8399,0,0.625,1,1,1,1,1,1,
30,3,1ph_g,3.0,0.8715,0.0632,asym,0.0556,0.0427,-0.066,-0.0127,0.9885,0.9885,0.8715,0,0.625,1,1,1,1,1,1,
30,3,1ph_g,6.0,0.9005,0.0343,normal,0.0136,0.0,0.029,-0.0238,0.9318,0.9318,0.9005,0,0.625,1,1,1,1,1,1,
30,3,1ph_g,12.0,0.9146,0.0179,normal,0.0132,0.0,0.0291,-0.0236,0.9317,0.9317,0.9146,0,0.625,1,1,1,1,1,1,
30,3,1ph_g,30.0,0.9244,0.0073,normal,0.0129,0.0,0.029,-0.0222,0.9327,0.9327,0.9244,0,0.625,1,1,1,1,1,1,
30,4,1ph_g,0.3,0.699,0.2366,asym,0.24,0.3,-0.0548,-0.0615,0.9418,0.9418,0.699,1,0.625,1,1,1,1,1,1,
30,4,1ph_g,0.6,0.7406,0.1968,asym,0.2219,0.2391,-0.0566,-0.0613,0.9454,0.9454,0.7406,0,0.625,1,1,1,1,1,1,
30,4,1ph_g,1.0,0.7793,0.1591,asym,0.184,0.181,-0.0622,-0.0588,0.9517,0.9517,0.7793,0,0.625,1,1,1,1,1,1,
30,4,1ph_g,3.0,0.8429,0.0927,asym,0.0931,0.0857,-0.0702,-0.0352,0.9735,0.9735,0.8429,0,0.625,1,1,1,1,1,1,
30,4,1ph_g,6.0,0.882,0.0524,asym,0.0462,0.027,-0.0643,-0.0067,0.9925,0.9925,0.882,0,0.625,1,1,1,1,1,1,
30,4,1ph_g,12.0,0.905,0.028,normal,0.0135,0.0,0.0291,-0.024,0.9315,0.9315,0.905,0,0.625,1,1,1,1,1,1,
30,4,1ph_g,30.0,0.9203,0.0117,normal,0.013,0.0,0.0291,-0.0229,0.9322,0.9322,0.9203,0,0.625,1,1,1,1,1,1,
30,5,1ph_g,0.3,0.6835,0.2514,asym,0.24,0.3,-0.0541,-0.0618,0.941,0.941,0.6835,1,0.625,1,1,1,1,1,1,
30,5,1ph_g,0.6,0.7179,0.2186,asym,0.2357,0.2731,-0.0554,-0.0619,0.9428,0.9428,0.7179,0,0.625,1,1,1,1,1,1,
30,5,1ph_g,1.0,0.7533,0.1845,asym,0.2126,0.22,-0.058,-0.0607,0.9471,0.9471,0.7533,0,0.625,1,1,1,1,1,1,
30,5,1ph_g,1.8,0.7946,0.1434,asym,0.1647,0.1581,-0.0658,-0.0563,0.9552,0.9552,0.7946,0,0.625,1,1,1,1,1,1,
30,5,1ph_g,3.0,0.8198,0.1164,asym,0.1334,0.1204,-0.0704,-0.0439,0.965,0.965,0.8198,0,0.625,1,1,1,1,1,1,
30,5,1ph_g,6.0,0.8659,0.0691,asym,0.0618,0.0511,-0.0666,-0.0165,0.9861,0.9861,0.8659,0,0.625,1,1,1,1,1,1,
30,5,1ph_g,12.0,0.8979,0.0379,sym,0.2262,0.0032,0.0256,-0.1811,0.8406,0.8406,0.9099,0,0.625,1,0,1,1,1,0,
30,5,1ph_g,30.0,0.9163,0.0161,normal,0.0132,0.0,0.0291,-0.0234,0.9318,0.9318,0.9163,0,0.625,1,1,1,1,1,1,
30,6,1ph_g,0.3,0.6623,0.2724,asym,0.24,0.3,-0.0532,-0.0623,0.9399,0.9399,0.6623,1,0.625,1,1,1,1,1,1,
30,6,1ph_g,0.6,0.6859,0.2503,asym,0.24,0.3,-0.0542,-0.0618,0.9411,0.9411,0.6859,1,0.625,1,1,1,1,1,1,
30,6,1ph_g,1.0,0.7141,0.2241,asym,0.2379,0.2789,-0.0554,-0.062,0.9423,0.9423,0.7141,0,0.625,1,1,1,1,1,1,
30,6,1ph_g,1.8,0.7571,0.1834,asym,0.2101,0.2143,-0.0586,-0.0605,0.9476,0.9476,0.7571,0,0.625,1,1,1,1,1,1,
30,6,1ph_g,3.0,0.7944,0.1463,asym,0.1656,0.1584,-0.0655,-0.0565,0.9551,0.9551,0.7944,0,0.625,1,1,1,1,1,1,
30,6,1ph_g,6.0,0.8357,0.1022,asym,0.1062,0.0964,-0.0711,-0.0384,0.9706,0.9706,0.8357,0,0.625,1,1,1,1,1,1,
30,6,1ph_g,12.0,0.8774,0.059,asym,0.0504,0.0339,-0.0651,-0.0093,0.9907,0.9907,0.8774,0,0.625,1,1,1,1,1,1,
30,6,1ph_g,30.0,0.9079,0.026,normal,0.0134,0.0,0.0291,-0.024,0.9315,0.9315,0.9079,0,0.625,1,1,1,1,1,1,
30,7,1ph_g,0.3,0.7028,0.2319,asym,0.24,0.2957,-0.055,-0.0617,0.9418,0.9418,0.7028,1,0.625,1,1,1,1,1,1,
30,7,1ph_g,0.6,0.7184,0.2152,asym,0.2351,0.2724,-0.0554,-0.0618,0.9429,0.9429,0.7184,0,0.625,1,1,1,1,1,1,
30,7,1ph_g,1.0,0.7374,0.1961,asym,0.2234,0.244,-0.0563,-0.0613,0.9451,0.9451,0.7374,0,0.625,1,1,1,1,1,1,
30,7,1ph_g,1.8,0.7694,0.1654,asym,0.1969,0.1959,-0.061,-0.0591,0.95,0.95,0.7694,0,0.625,1,1,1,1,1,1,
30,7,1ph_g,3.0,0.7994,0.1366,asym,0.1601,0.1509,-0.0669,-0.0543,0.9568,0.9568,0.7994,0,0.625,1,1,1,1,1,1,
30,7,1ph_g,6.0,0.8363,0.0992,asym,0.1041,0.0955,-0.071,-0.038,0.9711,0.9711,0.8363,0,0.625,1,1,1,1,1,1,
30,7,1ph_g,12.0,0.8772,0.0581,asym,0.0504,0.0342,-0.0651,-0.0092,0.9908,0.9908,0.8772,0,0.625,1,1,1,1,1,1,
30,7,1ph_g,30.0,0.9078,0.0258,normal,0.0134,0.0,0.0291,-0.024,0.9315,0.9315,0.9078,0,0.625,1,1,1,1,1,1,
30,8,1ph_g,0.3,0.7927,0.1406,asym,0.1653,0.161,-0.0654,-0.0563,0.9551,0.9551,0.7927,0,0.625,1,1,1,1,1,1,
30,8,1ph_g,0.6,0.7971,0.1358,asym,0.1614,0.1544,-0.0667,-0.055,0.9563,0.9563,0.7971,0,0.625,1,1,1,1,1,1,
30,8,1ph_g,1.0,0.8026,0.1301,asym,0.1557,0.1461,-0.0672,-0.0519,0.9585,0.9585,0.8026,0,0.625,1,1,1,1,1,1,
30,8,1ph_g,1.8,0.8122,0.1205,asym,0.143,0.1318,-0.0692,-0.0474,0.9622,0.9622,0.8122,0,0.625,1,1,1,1,1,1,
30,8,1ph_g,3.0,0.8251,0.1078,asym,0.1234,0.1124,-0.0706,-0.0417,0.9672,0.9672,0.8251,0,0.625,1,1,1,1,1,1,
30,8,1ph_g,6.0,0.8554,0.0781,asym,0.0745,0.0669,-0.0679,-0.0243,0.9809,0.9809,0.8554,0,0.625,1,1,1,1,1,1,
30,8,1ph_g,12.0,0.8821,0.0515,asym,0.046,0.0268,-0.0643,-0.0065,0.9926,0.9926,0.8821,0,0.625,1,1,1,1,1,1,
30,8,1ph_g,30.0,0.9086,0.0244,normal,0.0134,0.0,0.0291,-0.024,0.9315,0.9315,0.9086,0,0.625,1,1,1,1,1,1,
30,9,1ph_g,0.3,0.812,0.1209,asym,0.1433,0.1319,-0.0691,-0.0475,0.9621,0.9621,0.812,0,0.625,1,1,1,1,1,1,
30,9,1ph_g,0.6,0.8149,0.1178,asym,0.1389,0.1277,-0.0696,-0.0461,0.9633,0.9633,0.8149,0,0.625,1,1,1,1,1,1,
30,9,1ph_g,1.0,0.8185,0.114,asym,0.134,0.1223,-0.0703,-0.0439,0.9649,0.9649,0.8185,0,0.625,1,1,1,1,1,1,
30,9,1ph_g,1.8,0.8266,0.1057,asym,0.1203,0.11,-0.0706,-0.0411,0.9678,0.9678,0.8266,0,0.625,1,1,1,1,1,1,
30,9,1ph_g,3.0,0.8402,0.0922,asym,0.0962,0.0897,-0.0704,-0.036,0.9728,0.9728,0.8402,0,0.625,1,1,1,1,1,1,
30,9,1ph_g,6.0,0.8634,0.0695,asym,0.0642,0.0549,-0.0668,-0.0177,0.9852,0.9852,0.8634,0,0.625,1,1,1,1,1,1,
30,9,1ph_g,12.0,0.8868,0.0482,sym,0.232,0.0198,0.0209,-0.1838,0.8474,0.8474,0.8967,0,0.625,1,0,1,1,1,0,
30,9,1ph_g,30.0,0.9091,0.0236,normal,0.0134,0.0,0.0291,-0.024,0.9316,0.9316,0.9091,0,0.625,1,1,1,1,1,1,
30,10,1ph_g,0.3,0.8268,0.1059,asym,0.1202,0.1098,-0.0706,-0.0411,0.9678,0.9678,0.8268,0,0.625,1,1,1,1,1,1,
30,10,1ph_g,0.6,0.83,0.1025,asym,0.1143,0.105,-0.0708,-0.0398,0.9691,0.9691,0.83,0,0.625,1,1,1,1,1,1,
30,10,1ph_g,1.0,0.8341,0.0981,asym,0.1065,0.0988,-0.0709,-0.0384,0.9706,0.9706,0.8341,0,0.625,1,1,1,1,1,1,
30,10,1ph_g,1.8,0.8418,0.0902,asym,0.0934,0.0873,-0.07,-0.0352,0.9735,0.9735,0.8418,0,0.625,1,1,1,1,1,1,
30,10,1ph_g,3.0,0.8518,0.0802,asym,0.079,0.0722,-0.0683,-0.0271,0.9791,0.9791,0.8518,0,0.625,1,1,1,1,1,1,
30,10,1ph_g,6.0,0.8695,0.0629,asym,0.0571,0.0457,-0.0661,-0.0135,0.988,0.988,0.8695,0,0.625,1,1,1,1,1,1,
30,10,1ph_g,12.0,0.8902,0.0445,sym,0.2303,0.0147,0.0224,-0.1831,0.8453,0.8453,0.9007,0,0.625,1,0,1,1,1,0,
30,10,1ph_g,30.0,0.9096,0.0229,normal,0.0134,0.0,0.0291,-0.024,0.9316,0.9316,0.9096,0,0.625,1,1,1,1,1,1,
30,11,1ph_g,0.3,0.8293,0.1033,asym,0.1156,0.1061,-0.0708,-0.0401,0.9688,0.9688,0.8293,0,0.625,1,1,1,1,1,1,
30,11,1ph_g,0.6,0.8325,0.0998,asym,0.1096,0.1013,-0.0709,-0.0389,0.97,0.97,0.8325,0,0.625,1,1,1,1,1,1,
30,11,1ph_g,1.0,0.8365,0.0957,asym,0.1023,0.0953,-0.0708,-0.0376,0.9714,0.9714,0.8365,0,0.625,1,1,1,1,1,1,
30,11,1ph_g,1.8,0.8439,0.0881,asym,0.0902,0.0842,-0.0696,-0.0337,0.9746,0.9746,0.8439,0,0.625,1,1,1,1,1,1,
30,11,1ph_g,3.0,0.8535,0.0785,asym,0.0767,0.0698,-0.068,-0.0256,0.98,0.98,0.8535,0,0.625,1,1,1,1,1,1,
30,11,1ph_g,6.0,0.8706,0.0618,asym,0.056,0.0441,-0.066,-0.0128,0.9884,0.9884,0.8706,0,0.625,1,1,1,1,1,1,
30,11,1ph_g,12.0,0.8908,0.0439,sym,0.23,0.0138,0.0226,-0.1829,0.8449,0.8449,0.9014,0,0.625,1,0,1,1,1,0,
30,11,1ph_g,30.0,0.9097,0.0228,normal,0.0134,0.0,0.0291,-0.024,0.9316,0.9316,0.9097,0,0.625,1,1,1,1,1,1,
30,12,1ph_g,0.3,0.8342,0.0982,asym,0.1065,0.0988,-0.0709,-0.0384,0.9706,0.9706,0.8342,0,0.625,1,1,1,1,1,1,
30,12,1ph_g,0.6,0.837,0.0952,asym,0.1013,0.0944,-0.0708,-0.0374,0.9716,0.9716,0.837,0,0.625,1,1,1,1,1,1,
30,12,1ph_g,1.0,0.8407,0.0913,asym,0.0952,0.0889,-0.0703,-0.0357,0.9731,0.9731,0.8407,0,0.625,1,1,1,1,1,1,
30,12,1ph_g,1.8,0.8476,0.0844,asym,0.0849,0.0786,-0.069,-0.0306,0.9767,0.9767,0.8476,0,0.625,1,1,1,1,1,1,
30,12,1ph_g,3.0,0.8564,0.0756,asym,0.0726,0.0654,-0.0676,-0.023,0.9817,0.9817,0.8564,0,0.625,1,1,1,1,1,1,
30,12,1ph_g,6.0,0.8724,0.0599,asym,0.054,0.0413,-0.0657,-0.0116,0.9893,0.9893,0.8724,0,0.625,1,1,1,1,1,1,
30,12,1ph_g,12.0,0.8919,0.0428,sym,0.2295,0.0122,0.0231,-0.1827,0.8443,0.8443,0.9027,0,0.625,1,0,1,1,1,0,
30,12,1ph_g,30.0,0.9099,0.0226,normal,0.0133,0.0,0.0291,-0.024,0.9316,0.9316,0.9099,0,0.625,1,1,1,1,1,1,
30,13,1ph_g,0.3,0.8524,0.0797,asym,0.0782,0.0713,-0.0682,-0.0265,0.9794,0.9794,0.8524,0,0.625,1,1,1,1,1,1,
30,13,1ph_g,0.6,0.8544,0.0775,asym,0.0753,0.0683,-0.0679,-0.0247,0.9806,0.9806,0.8544,0,0.625,1,1,1,1,1,1,
30,13,1ph_g,1.0,0.8568,0.0751,asym,0.072,0.0648,-0.0676,-0.0226,0.982,0.982,0.8568,0,0.625,1,1,1,1,1,1,
30,13,1ph_g,1.8,0.8612,0.0705,asym,0.0667,0.0582,-0.067,-0.0189,0.9844,0.9844,0.8612,0,0.625,1,1,1,1,1,1,
30,13,1ph_g,3.0,0.8672,0.0646,asym,0.0596,0.0493,-0.0663,-0.0149,0.987,0.987,0.8672,0,0.625,1,1,1,1,1,1,
30,13,1ph_g,6.0,0.8792,0.0528,asym,0.0479,0.0312,-0.0644,-0.0075,0.9919,0.9919,0.8792,0,0.625,1,1,1,1,1,1,
30,13,1ph_g,12.0,0.8956,0.0387,sym,0.2276,0.0066,0.0246,-0.1817,0.8421,0.8421,0.9071,0,0.625,1,0,1,1,1,0,
30,13,1ph_g,30.0,0.9106,0.0216,normal,0.0133,0.0,0.0291,-0.0239,0.9315,0.9315,0.9106,0,0.625,1,1,1,1,1,1,
30,14,1ph_g,0.3,0.8587,0.0735,asym,0.0698,0.062,-0.0674,-0.0209,0.983,0.983,0.8587,0,0.625,1,1,1,1,1,1,
30,14,1ph_g,0.6,0.8603,0.0717,asym,0.0679,0.0596,-0.0672,-0.0196,0.9839,0.9839,0.8603,0,0.625,1,1,1,1,1,1,
30,14,1ph_g,1.0,0.8622,0.0696,asym,0.0654,0.0567,-0.0669,-0.0183,0.9848,0.9848,0.8622,0,0.625,1,1,1,1,1,1,
30,14,1ph_g,1.8,0.8659,0.0658,asym,0.061,0.0511,-0.0664,-0.0158,0.9865,0.9865,0.8659,0,0.625,1,1,1,1,1,1,
30,14,1ph_g,3.0,0.8709,0.0607,asym,0.0554,0.0436,-0.0659,-0.0125,0.9887,0.9887,0.8709,0,0.625,1,1,1,1,1,1,
30,14,1ph_g,6.0,0.8816,0.0502,asym,0.046,0.0276,-0.0642,-0.0065,0.9926,0.9926,0.8816,0,0.625,1,1,1,1,1,1,
30,14,1ph_g,12.0,0.8968,0.0373,sym,0.2269,0.0048,0.0251,-0.1814,0.8414,0.8414,0.9086,0,0.625,1,0,1,1,1,0,
30,14,1ph_g,30.0,0.9108,0.0213,normal,0.0133,0.0,0.0291,-0.0239,0.9315,0.9315,0.9108,0,0.625,1,1,1,1,1,1,
30,15,1ph_g,0.3,0.8634,0.0687,asym,0.0639,0.0548,-0.0667,-0.0175,0.9853,0.9853,0.8634,0,0.625,1,1,1,1,1,1,
30,15,1ph_g,0.6,0.8649,0.0671,asym,0.0621,0.0527,-0.0665,-0.0165,0.986,0.986,0.8649,0,0.625,1,1,1,1,1,1,
30,15,1ph_g,1.0,0.8666,0.0653,asym,0.0603,0.0502,-0.0664,-0.0154,0.9867,0.9867,0.8666,0,0.625,1,1,1,1,1,1,
30,15,1ph_g,1.8,0.8697,0.062,asym,0.0567,0.0454,-0.066,-0.0132,0.9882,0.9882,0.8697,0,0.625,1,1,1,1,1,1,
30,15,1ph_g,3.0,0.8742,0.0574,asym,0.0521,0.0387,-0.0654,-0.0101,0.9902,0.9902,0.8742,0,0.625,1,1,1,1,1,1,
30,15,1ph_g,6.0,0.8857,0.0479,sym,0.2327,0.0215,0.0203,-0.1841,0.8483,0.8483,0.8953,0,0.625,1,0,1,1,1,0,
30,15,1ph_g,12.0,0.898,0.036,sym,0.2263,0.0031,0.0255,-0.1811,0.8408,0.8408,0.91,0,0.625,1,0,1,1,1,0,
30,15,1ph_g,30.0,0.9111,0.021,normal,0.0133,0.0,0.0291,-0.0239,0.9315,0.9315,0.9111,0,0.625,1,1,1,1,1,1,
30,16,1ph_g,0.3,0.8682,0.0638,asym,0.0585,0.0477,-0.0662,-0.0143,0.9875,0.9875,0.8682,0,0.625,1,1,1,1,1,1,
30,16,1ph_g,0.6,0.8695,0.0624,asym,0.057,0.0457,-0.066,-0.0134,0.988,0.988,0.8695,0,0.625,1,1,1,1,1,1,
30,16,1ph_g,1.0,0.871,0.0608,asym,0.0554,0.0436,-0.0659,-0.0125,0.9887,0.9887,0.871,0,0.625,1,1,1,1,1,1,
30,16,1ph_g,1.8,0.8737,0.0579,asym,0.0525,0.0394,-0.0655,-0.0104,0.99,0.99,0.8737,0,0.625,1,1,1,1,1,1,
30,16,1ph_g,3.0,0.8778,0.0538,asym,0.0491,0.0333,-0.0646,-0.0082,0.9914,0.9914,0.8778,0,0.625,1,1,1,1,1,1,
30,16,1ph_g,6.0,0.888,0.0455,sym,0.2315,0.0179,0.0214,-0.1836,0.8467,0.8467,0.8981,0,0.625,1,0,1,1,1,0,
30,16,1ph_g,12.0,0.8992,0.0347,sym,0.2256,0.0013,0.026,-0.1808,0.8401,0.8401,0.9114,0,0.625,1,0,1,1,1,0,
30,16,1ph_g,30.0,0.9114,0.0206,normal,0.0133,0.0,0.0291,-0.0239,0.9316,0.9316,0.9114,0,0.625,1,1,1,1,1,1,
30,17,1ph_g,0.3,0.8774,0.0548,asym,0.0495,0.0339,-0.0647,-0.0085,0.9912,0.9912,0.8774,0,0.625,1,1,1,1,1,1,
30,17,1ph_g,0.6,0.8782,0.0538,asym,0.0489,0.0327,-0.0646,-0.008,0.9915,0.9915,0.8782,0,0.625,1,1,1,1,1,1,
30,17,1ph_g,1.0,0.8793,0.0527,asym,0.0479,0.0311,-0.0644,-0.0075,0.9919,0.9919,0.8793,0,0.625,1,1,1,1,1,1,
30,17,1ph_g,1.8,0.8813,0.0504,asym,0.0462,0.028,-0.0643,-0.0066,0.9925,0.9925,0.8813,0,0.625,1,1,1,1,1,1,
30,17,1ph_g,3.0,0.8861,0.0474,sym,0.2325,0.0208,0.0205,-0.184,0.848,0.848,0.8958,0,0.625,1,0,1,1,1,0,
30,17,1ph_g,6.0,0.8922,0.0412,sym,0.2294,0.0116,0.0231,-0.1826,0.8442,0.8442,0.9031,0,0.625,1,0,1,1,1,0,
30,17,1ph_g,12.0,0.9005,0.0324,normal,0.0136,0.0,0.029,-0.0238,0.9317,0.9317,0.9005,0,0.625,1,1,1,1,1,1,
30,17,1ph_g,30.0,0.9119,0.0199,normal,0.0133,0.0,0.0291,-0.0239,0.9316,0.9316,0.9119,0,0.625,1,1,1,1,1,1,
30,18,1ph_g,0.3,0.8806,0.0514,asym,0.0468,0.029,-0.0643,-0.0069,0.9923,0.9923,0.8806,0,0.625,1,1,1,1,1,1,
30,18,1ph_g,0.6,0.8814,0.0506,asym,0.0462,0.028,-0.0643,-0.0066,0.9925,0.9925,0.8814,0,0.625,1,1,1,1,1,1,
30,18,1ph_g,1.0,0.8843,0.0495,sym,0.2335,0.0236,0.0197,-0.1844,0.8493,0.8493,0.8935,0,0.625,1,0,1,1,1,0,
30,18,1ph_g,1.8,0.886,0.0476,sym,0.2325,0.021,0.0205,-0.184,0.8481,0.8481,0.8957,0,0.625,1,0,1,1,1,0,
30,18,1ph_g,3.0,0.8885,0.045,sym,0.2313,0.0172,0.0216,-0.1835,0.8464,0.8464,0.8987,0,0.625,1,0,1,1,1,0,
30,18,1ph_g,6.0,0.894,0.0394,sym,0.2285,0.009,0.0239,-0.1822,0.8431,0.8431,0.9052,0,0.625,1,0,1,1,1,0,
30,18,1ph_g,12.0,0.9011,0.0314,normal,0.0136,0.0,0.029,-0.0239,0.9317,0.9317,0.9011,0,0.625,1,1,1,1,1,1,
30,18,1ph_g,30.0,0.9122,0.0195,normal,0.0133,0.0,0.0291,-0.0238,0.9316,0.9316,0.9122,0,0.625,1,1,1,1,1,1,
30,19,1ph_g,0.3,0.8682,0.0637,asym,0.0585,0.0477,-0.0662,-0.0143,0.9875,0.9875,0.8682,0,0.625,1,1,1,1,1,1,
30,19,1ph_g,0.6,0.892,0.0421,sym,0.2294,0.012,0.0231,-0.1826,0.8442,0.8442,0.9029,0,0.625,1,0,1,1,1,0,
30,19,1ph_g,1.0,0.9032,0.0289,normal,0.0135,0.0,0.0291,-0.024,0.9316,0.9316,0.9032,0,0.625,1,1,1,1,1,1,
30,19,1ph_g,1.8,0.9144,0.0176,normal,0.0132,0.0,0.0291,-0.0236,0.9317,0.9317,0.9144,0,0.625,1,1,1,1,1,1,
30,19,1ph_g,3.0,0.9207,0.0111,normal,0.013,0.0,0.0291,-0.0228,0.9322,0.9322,0.9207,0,0.625,1,1,1,1,1,1,
30,19,1ph_g,6.0,0.9258,0.0058,normal,0.0129,0.0,0.0289,-0.0219,0.933,0.933,0.9258,0,0.625,1,1,1,1,1,1,
30,19,1ph_g,12.0,0.9285,0.0029,normal,0.0129,0.0,0.0288,-0.0216,0.9334,0.9334,0.9285,0,0.625,1,1,1,1,1,1,
30,19,1ph_g,30.0,0.9301,0.0012,normal,0.0128,0.0,0.0287,-0.0214,0.9337,0.9337,0.9301,0,0.625,1,1,1,1,1,1,
30,20,1ph_g,0.3,0.917,0.0144,normal,0.0131,0.0,0.0291,-0.0234,0.9318,0.9318,0.917,0,0.625,1,1,1,1,1,1,
30,20,1ph_g,0.6,0.9181,0.0132,normal,0.0131,0.0,0.0291,-0.0232,0.9319,0.9319,0.9181,0,0.625,1,1,1,1,1,1,
30,20,1ph_g,1.0,0.9195,0.0118,normal,0.0131,0.0,0.0291,-0.023,0.9321,0.9321,0.9195,0,0.625,1,1,1,1,1,1,
30,20,1ph_g,1.8,0.9217,0.0095,normal,0.013,0.0,0.0291,-0.0227,0.9323,0.9323,0.9217,0,0.625,1,1,1,1,1,1,
30,20,1ph_g,3.0,0.9239,0.0074,normal,0.0129,0.0,0.029,-0.0223,0.9326,0.9326,0.9239,0,0.625,1,1,1,1,1,1,
30,20,1ph_g,6.0,0.9267,0.0046,normal,0.0129,0.0,0.0289,-0.0218,0.9331,0.9331,0.9267,0,0.625,1,1,1,1,1,1,
30,20,1ph_g,12.0,0.9287,0.0026,normal,0.0129,0.0,0.0288,-0.0215,0.9334,0.9334,0.9287,0,0.625,1,1,1,1,1,1,
30,20,1ph_g,30.0,0.9301,0.0011,normal,0.0128,0.0,0.0287,-0.0213,0.9337,0.9337,0.9301,0,0.625,1,1,1,1,1,1,
30,21,1ph_g,0.3,0.9198,0.0116,normal,0.0131,0.0,0.0291,-0.023,0.9321,0.9321,0.9198,0,0.625,1,1,1,1,1,1,
30,21,1ph_g,0.6,0.9205,0.0108,normal,0.013,0.0,0.0291,-0.0229,0.9322,0.9322,0.9205,0,0.625,1,1,1,1,1,1,
30,21,1ph_g,1.0,0.9214,0.0099,normal,0.013,0.0,0.0291,-0.0227,0.9323,0.9323,0.9214,0,0.625,1,1,1,1,1,1,
30,21,1ph_g,1.8,0.9229,0.0083,normal,0.013,0.0,0.0291,-0.0225,0.9324,0.9324,0.9229,0,0.625,1,1,1,1,1,1,
30,21,1ph_g,3.0,0.9245,0.0067,normal,0.0129,0.0,0.029,-0.0222,0.9327,0.9327,0.9245,0,0.625,1,1,1,1,1,1,
30,21,1ph_g,6.0,0.9269,0.0044,normal,0.0129,0.0,0.0289,-0.0218,0.9331,0.9331,0.9269,0,0.625,1,1,1,1,1,1,
30,21,1ph_g,12.0,0.9287,0.0025,normal,0.0129,0.0,0.0288,-0.0215,0.9334,0.9334,0.9287,0,0.625,1,1,1,1,1,1,
30,21,1ph_g,30.0,0.9301,0.0011,normal,0.0128,0.0,0.0287,-0.0213,0.9337,0.9337,0.9301,0,0.625,1,1,1,1,1,1,
30,22,1ph_g,0.3,0.923,0.0085,normal,0.013,0.0,0.029,-0.0225,0.9324,0.9324,0.923,0,0.625,1,1,1,1,1,1,
30,22,1ph_g,0.6,0.9233,0.0081,normal,0.013,0.0,0.029,-0.0224,0.9325,0.9325,0.9233,0,0.625,1,1,1,1,1,1,
30,22,1ph_g,1.0,0.9237,0.0076,normal,0.0129,0.0,0.029,-0.0223,0.9326,0.9326,0.9237,0,0.625,1,1,1,1,1,1,
30,22,1ph_g,1.8,0.9245,0.0067,normal,0.0129,0.0,0.029,-0.0222,0.9327,0.9327,0.9245,0,0.625,1,1,1,1,1,1,
30,22,1ph_g,3.0,0.9256,0.0056,normal,0.0129,0.0,0.0289,-0.022,0.9329,0.9329,0.9256,0,0.625,1,1,1,1,1,1,
30,22,1ph_g,6.0,0.9273,0.004,normal,0.0129,0.0,0.0289,-0.0217,0.9332,0.9332,0.9273,0,0.625,1,1,1,1,1,1,
30,22,1ph_g,12.0,0.9288,0.0024,normal,0.0129,0.0,0.0288,-0.0215,0.9335,0.9335,0.9288,0,0.625,1,1,1,1,1,1,
30,22,1ph_g,30.0,0.9302,0.0011,normal,0.0128,0.0,0.0287,-0.0213,0.9337,0.9337,0.9302,0,0.625,1,1,1,1,1,1,
30,23,1ph_g,0.3,0.7956,0.1372,asym,0.1626,0.1566,-0.0665,-0.0557,0.9558,0.9558,0.7956,0,0.625,1,1,1,1,1,1,
30,23,1ph_g,1.0,0.8234,0.1098,asym,0.1266,0.1149,-0.0706,-0.0423,0.9665,0.9665,0.8234,0,0.625,1,1,1,1,1,1,
30,23,1ph_g,1.8,0.8534,0.0799,asym,0.0772,0.0699,-0.0682,-0.026,0.9798,0.9798,0.8534,0,0.625,1,1,1,1,1,1,
30,23,1ph_g,3.0,0.8772,0.0562,asym,0.05,0.0342,-0.0649,-0.0089,0.991,0.991,0.8772,0,0.625,1,1,1,1,1,1,
30,23,1ph_g,6.0,0.9006,0.0321,normal,0.0136,0.0,0.029,-0.0238,0.9317,0.9317,0.9006,0,0.625,1,1,1,1,1,1,
30,23,1ph_g,12.0,0.915,0.0173,normal,0.0132,0.0,0.0291,-0.0236,0.9317,0.9317,0.915,0,0.625,1,1,1,1,1,1,
30,23,1ph_g,30.0,0.9245,0.0072,normal,0.0129,0.0,0.029,-0.0222,0.9327,0.9327,0.9245,0,0.625,1,1,1,1,1,1,
30,24,1ph_g,0.3,0.8416,0.0907,asym,0.0938,0.0875,-0.0701,-0.0353,0.9734,0.9734,0.8416,0,0.625,1,1,1,1,1,1,
30,24,1ph_g,0.6,0.85,0.0819,asym,0.0815,0.075,-0.0686,-0.0286,0.978,0.978,0.85,0,0.625,1,1,1,1,1,1,
30,24,1ph_g,1.0,0.8595,0.0723,asym,0.0687,0.0607,-0.0672,-0.0201,0.9835,0.9835,0.8595,0,0.625,1,1,1,1,1,1,
30,24,1ph_g,1.8,0.8738,0.058,asym,0.0524,0.0393,-0.0655,-0.0104,0.99,0.99,0.8738,0,0.625,1,1,1,1,1,1,
30,24,1ph_g,3.0,0.8891,0.0448,sym,0.2309,0.0163,0.0219,-0.1833,0.846,0.846,0.8994,0,0.625,1,0,1,1,1,0,
30,24,1ph_g,6.0,0.9036,0.0284,normal,0.0135,0.0,0.0291,-0.024,0.9315,0.9315,0.9036,0,0.625,1,1,1,1,1,1,
30,24,1ph_g,12.0,0.9158,0.0162,normal,0.0132,0.0,0.0291,-0.0235,0.9318,0.9318,0.9158,0,0.625,1,1,1,1,1,1,
30,24,1ph_g,30.0,0.9246,0.007,normal,0.0129,0.0,0.029,-0.0221,0.9327,0.9327,0.9246,0,0.625,1,1,1,1,1,1,
30,25,1ph_g,0.3,0.8698,0.0622,asym,0.0567,0.0453,-0.066,-0.0133,0.9881,0.9881,0.8698,0,0.625,1,1,1,1,1,1,
30,25,1ph_g,0.6,0.8737,0.0581,asym,0.0525,0.0395,-0.0655,-0.0105,0.9899,0.9899,0.8737,0,0.625,1,1,1,1,1,1,
30,25,1ph_g,1.0,0.8784,0.0532,asym,0.0486,0.0324,-0.0645,-0.0079,0.9916,0.9916,0.8784,0,0.625,1,1,1,1,1,1,
30,25,1ph_g,1.8,0.8881,0.0453,sym,0.2315,0.0179,0.0214,-0.1836,0.8467,0.8467,0.8982,0,0.625,1,0,1,1,1,0,
30,25,1ph_g,3.0,0.8965,0.0371,sym,0.2271,0.0053,0.0249,-0.1815,0.8417,0.8417,0.9082,0,0.625,1,0,1,1,1,0,
30,25,1ph_g,6.0,0.9063,0.0253,normal,0.0135,0.0,0.0291,-0.024,0.9315,0.9315,0.9063,0,0.625,1,1,1,1,1,1,
30,25,1ph_g,12.0,0.9165,0.0152,normal,0.0131,0.0,0.0291,-0.0234,0.9318,0.9318,0.9165,0,0.625,1,1,1,1,1,1,
30,25,1ph_g,30.0,0.9247,0.0068,normal,0.0129,0.0,0.029,-0.0221,0.9328,0.9328,0.9247,0,0.625,1,1,1,1,1,1,
30,26,1ph_g,0.3,0.6598,0.2747,asym,0.24,0.3,-0.0531,-0.0623,0.9397,0.9397,0.6598,1,0.625,1,1,1,1,1,1,
30,26,1ph_g,0.6,0.6818,0.254,asym,0.24,0.3,-0.054,-0.0619,0.9409,0.9409,0.6818,1,0.625,1,1,1,1,1,1,
30,26,1ph_g,1.0,0.7085,0.2291,asym,0.24,0.2873,-0.0553,-0.062,0.9419,0.9419,0.7085,1,0.625,1,1,1,1,1,1,
30,26,1ph_g,1.8,0.7502,0.1898,asym,0.2154,0.2247,-0.0574,-0.061,0.9465,0.9465,0.7502,0,0.625,1,1,1,1,1,1,
30,26,1ph_g,3.0,0.7888,0.152,asym,0.1715,0.1668,-0.0636,-0.0574,0.9539,0.9539,0.7888,0,0.625,1,1,1,1,1,1,
30,26,1ph_g,6.0,0.8297,0.1082,asym,0.1171,0.1054,-0.0709,-0.0406,0.9684,0.9684,0.8297,0,0.625,1,1,1,1,1,1,
30,26,1ph_g,12.0,0.8733,0.0632,asym,0.0541,0.04,-0.0659,-0.0119,0.9891,0.9891,0.8733,0,0.625,1,1,1,1,1,1,
30,26,1ph_g,30.0,0.9059,0.028,normal,0.0135,0.0,0.0291,-0.024,0.9315,0.9315,0.9059,0,0.625,1,1,1,1,1,1,
30,27,1ph_g,0.3,0.657,0.2773,asym,0.24,0.3,-0.0529,-0.0624,0.9396,0.9396,0.657,1,0.625,1,1,1,1,1,1,
30,27,1ph_g,0.6,0.677,0.2585,asym,0.24,0.3,-0.0539,-0.0619,0.9407,0.9407,0.677,1,0.625,1,1,1,1,1,1,
30,27,1ph_g,1.0,0.7018,0.2353,asym,0.24,0.2973,-0.0549,-0.0616,0.9418,0.9418,0.7018,1,0.625,1,1,1,1,1,1,
30,27,1ph_g,1.8,0.7417,0.1977,asym,0.2214,0.2375,-0.0567,-0.0613,0.9454,0.9454,0.7417,0,0.625,1,1,1,1,1,1,
30,27,1ph_g,3.0,0.7808,0.1598,asym,0.1824,0.1788,-0.0623,-0.0587,0.952,0.952,0.7808,0,0.625,1,1,1,1,1,1,
30,27,1ph_g,6.0,0.8219,0.1161,asym,0.131,0.1171,-0.0706,-0.0433,0.9656,0.9656,0.8219,0,0.625,1,1,1,1,1,1,
30,27,1ph_g,12.0,0.8679,0.0688,asym,0.0601,0.0482,-0.0665,-0.0155,0.9867,0.9867,0.8679,0,0.625,1,1,1,1,1,1,
30,27,1ph_g,30.0,0.9033,0.0309,normal,0.0136,0.0,0.0291,-0.024,0.9316,0.9316,0.9033,0,0.625,1,1,1,1,1,1,
30,28,1ph_g,0.3,0.6462,0.2879,asym,0.24,0.3,-0.0525,-0.0628,0.9389,0.9389,0.6462,1,0.625,1,1,1,1,1,1,
30,28,1ph_g,0.6,0.6607,0.2742,asym,0.24,0.3,-0.0532,-0.0623,0.9398,0.9398,0.6607,1,0.625,1,1,1,1,1,1,
30,28,1ph_g,1.0,0.6797,0.2565,asym,0.24,0.3,-0.054,-0.0619,0.9408,0.9408,0.6797,1,0.625,1,1,1,1,1,1,
30,28,1ph_g,1.8,0.7123,0.2264,asym,0.2388,0.2816,-0.0553,-0.0621,0.9421,0.9421,0.7123,0,0.625,1,1,1,1,1,1,
30,28,1ph_g,3.0,0.7492,0.1918,asym,0.2163,0.2262,-0.0573,-0.0611,0.9463,0.9463,0.7492,0,0.625,1,1,1,1,1,1,
30,28,1ph_g,6.0,0.802,0.1393,asym,0.1591,0.147,-0.0672,-0.0536,0.9573,0.9573,0.802,0,0.625,1,1,1,1,1,1,
30,28,1ph_g,12.0,0.8486,0.0904,asym,0.086,0.0771,-0.0694,-0.0315,0.9761,0.9761,0.8486,0,0.625,1,1,1,1,1,1,
30,28,1ph_g,30.0,0.8957,0.0425,sym,0.2273,0.0065,0.0248,-0.1817,0.8417,0.8417,0.9073,0,0.625,1,0,1,1,1,0,
30,29,1ph_g,0.3,0.6391,0.2948,asym,0.24,0.3,-0.0524,-0.063,0.9385,0.9385,0.6391,1,0.625,1,1,1,1,1,1,
30,29,1ph_g,0.6,0.6518,0.2828,asym,0.24,0.3,-0.0527,-0.0626,0.9392,0.9392,0.6518,1,0.625,1,1,1,1,1,1,
30,29,1ph_g,1.0,0.668,0.2676,asym,0.24,0.3,-0.0535,-0.0621,0.9402,0.9402,0.668,1,0.625,1,1,1,1,1,1,
30,29,1ph_g,1.8,0.6969,0.241,asym,0.24,0.3,-0.0547,-0.0616,0.9417,0.9417,0.6969,1,0.625,1,1,1,1,1,1,
30,29,1ph_g,3.0,0.732,0.2085,asym,0.228,0.2519,-0.056,-0.0617,0.9442,0.9442,0.732,0,0.625,1,1,1,1,1,1,
30,29,1ph_g,6.0,0.7885,0.1545,asym,0.1726,0.1673,-0.0634,-0.0576,0.9537,0.9537,0.7885,0,0.625,1,1,1,1,1,1,
30,29,1ph_g,12.0,0.836,0.1043,asym,0.1068,0.096,-0.0712,-0.0386,0.9705,0.9705,0.836,0,0.625,1,1,1,1,1,1,
30,29,1ph_g,30.0,0.8869,0.0505,asym,0.0434,0.0197,-0.064,-0.0053,0.9934,0.9934,0.8869,0,0.625,1,1,1,1,1,1,
30,30,1ph_g,0.3,0.6357,0.298,asym,0.24,0.3,-0.0523,-0.0631,0.9383,0.9383,0.6357,1,0.625,1,1,1,1,1,1,
30,30,1ph_g,0.6,0.6481,0.2862,asym,0.24,0.3,-0.0526,-0.0627,0.939,0.939,0.6481,1,0.625,1,1,1,1,1,1,
30,30,1ph_g,1.0,0.6634,0.2718,asym,0.24,0.3,-0.0533,-0.0623,0.9399,0.9399,0.6634,1,0.625,1,1,1,1,1,1,
30,30,1ph_g,1.8,0.6908,0.2463,asym,0.24,0.3,-0.0544,-0.0617,0.9414,0.9414,0.6908,1,0.625,1,1,1,1,1,1,
30,30,1ph_g,3.0,0.7248,0.215,asym,0.2323,0.2628,-0.0556,-0.0619,0.9434,0.9434,0.7248,0,0.625,1,1,1,1,1,1,
30,30,1ph_g,6.0,0.7811,0.1616,asym,0.1828,0.1783,-0.0623,-0.0588,0.9519,0.9519,0.7811,0,0.625,1,1,1,1,1,1,
30,30,1ph_g,12.0,0.8294,0.1108,asym,0.1189,0.1059,-0.0709,-0.041,0.968,0.968,0.8294,0,0.625,1,1,1,1,1,1,
30,30,1ph_g,30.0,0.8829,0.0546,asym,0.0461,0.0256,-0.0644,-0.0068,0.9924,0.9924,0.8829,0,0.625,1,1,1,1,1,1,
30,31,1ph_g,0.3,0.6903,0.2432,asym,0.24,0.3,-0.0544,-0.0616,0.9414,0.9414,0.6903,1,0.625,1,1,1,1,1,1,
30,31,1ph_g,0.6,0.6982,0.2354,asym,0.24,0.3,-0.0547,-0.0615,0.9417,0.9417,0.6982,1,0.625,1,1,1,1,1,1,
30,31,1ph_g,1.0,0.7082,0.2257,asym,0.24,0.2877,-0.0552,-0.062,0.9419,0.9419,0.7082,1,0.625,1,1,1,1,1,1,
30,31,1ph_g,1.8,0.7267,0.2081,asym,0.2304,0.2599,-0.0557,-0.0617,0.9438,0.9438,0.7267,0,0.625,1,1,1,1,1,1,
30,31,1ph_g,3.0,0.7507,0.1857,asym,0.2143,0.2239,-0.0576,-0.0608,0.9467,0.9467,0.7507,0,0.625,1,1,1,1,1,1,
30,31,1ph_g,6.0,0.7932,0.1454,asym,0.1661,0.1601,-0.0652,-0.0565,0.955,0.955,0.7932,0,0.625,1,1,1,1,1,1,
30,31,1ph_g,12.0,0.8344,0.1035,asym,0.1087,0.0984,-0.0711,-0.0389,0.9701,0.9701,0.8344,0,0.625,1,1,1,1,1,1,
30,31,1ph_g,30.0,0.8837,0.053,asym,0.0454,0.0245,-0.0643,-0.0064,0.9927,0.9927,0.8837,0,0.625,1,1,1,1,1,1,
30,32,1ph_g,0.3,0.7045,0.229,asym,0.24,0.2932,-0.0551,-0.0618,0.9419,0.9419,0.7045,1,0.625,1,1,1,1,1,1,
30,32,1ph_g,0.6,0.7116,0.2219,asym,0.2386,0.2826,-0.0553,-0.0619,0.9422,0.9422,0.7116,0,0.625,1,1,1,1,1,1,
30,32,1ph_g,1.0,0.7203,0.2133,asym,0.234,0.2696,-0.0555,-0.0618,0.9431,0.9431,0.7203,0,0.625,1,1,1,1,1,1,
30,32,1ph_g,1.8,0.7366,0.1976,asym,0.224,0.2451,-0.0563,-0.0613,0.945,0.945,0.7366,0,0.625,1,1,1,1,1,1,
30,32,1ph_g,3.0,0.7581,0.1774,asym,0.2082,0.2128,-0.0587,-0.0601,0.948,0.948,0.7581,0,0.625,1,1,1,1,1,1,
30,32,1ph_g,6.0,0.7967,0.1408,asym,0.1627,0.1549,-0.0667,-0.0558,0.9557,0.9557,0.7967,0,0.625,1,1,1,1,1,1,
30,32,1ph_g,12.0,0.836,0.1013,asym,0.1054,0.096,-0.0711,-0.0383,0.9708,0.9708,0.836,0,0.625,1,1,1,1,1,1,
30,32,1ph_g,30.0,0.8839,0.0525,asym,0.0452,0.0242,-0.0643,-0.0062,0.9928,0.9928,0.8839,0,0.625,1,1,1,1,1,1,
30,33,1ph_g,0.3,0.7211,0.2126,asym,0.2336,0.2683,-0.0554,-0.0618,0.9432,0.9432,0.7211,0,0.625,1,1,1,1,1,1,
30,33,1ph_g,0.6,0.7268,0.2067,asym,0.2302,0.2598,-0.0557,-0.0617,0.9438,0.9438,0.7268,0,0.625,1,1,1,1,1,1,
30,33,1ph_g,1.0,0.7341,0.1993,asym,0.2256,0.2489,-0.0561,-0.0614,0.9447,0.9447,0.7341,0,0.625,1,1,1,1,1,1,
30,33,1ph_g,1.8,0.7479,0.1858,asym,0.216,0.2282,-0.0572,-0.0609,0.9464,0.9464,0.7479,0,0.625,1,1,1,1,1,1,
30,33,1ph_g,3.0,0.7664,0.1681,asym,0.2002,0.2004,-0.0604,-0.0593,0.9495,0.9495,0.7664,0,0.625,1,1,1,1,1,1,
30,33,1ph_g,6.0,0.8005,0.1357,asym,0.1591,0.1492,-0.067,-0.0536,0.9573,0.9573,0.8005,0,0.625,1,1,1,1,1,1,
30,33,1ph_g,12.0,0.8373,0.0992,asym,0.1027,0.094,-0.071,-0.0377,0.9713,0.9713,0.8373,0,0.625,1,1,1,1,1,1,
30,33,1ph_g,30.0,0.8841,0.052,asym,0.045,0.0239,-0.0643,-0.0061,0.9929,0.9929,0.8841,0,0.625,1,1,1,1,1,1,
