model,topology,scenario_type,condition_class,case_name,t,window_zone,action_source,actor_select_mode,grid_V,fault_pu,grid_pu,fault_a_pu,fault_b_pu,fault_c_pu,lv_rms_inst,vdc_inst,obs_01,obs_02,obs_03,obs_04,obs_05,obs_06,obs_07,obs_08,obs_09,obs_10,obs_11,obs_12,obs_13,obs_14,obs_15,obs_16,obs_17,obs_18,obs_19,obs_20,obs_21,obs_22,obs_23,obs_24,action_01,actor_action_01,cmd_action_01,meas_action_01,teacher_action_01,action_02,actor_action_02,cmd_action_02,meas_action_02,teacher_action_02,action_03,actor_action_03,cmd_action_03,meas_action_03,teacher_action_03,action_04,actor_action_04,cmd_action_04,meas_action_04,teacher_action_04,mref_01,mref_02,mref_03,mref_04,mref_05,mref_06,menergy_01,menergy_02,menergy_03
hpt_v2_topology2_paper,topology2,fault,deep_lvrt,lvrt_300ms_0.575pu,0,prefault,rule_action,0,NaN,0.575,0.575,0.575,1,1,1.59571870491636,799.999999999999,0.00770878601408869,1,1,0.999999999999999,9.99200722162641e-16,0.992291213985911,-3.74154734478252e-09,-9.16296000993556e-07,0,0,0,0,0,0,0,1,0,0,0,0,1,1,0,-9.99200722162641e-13,0.00791548465140535,0.00791548465140535,0.00791548465140535,0.00791511895402981,0.00791511895402981,-0.00115978564112783,-0.00115978564112783,-0.00115978564112783,0.00116227877187791,0.00116227877187791,0,0,0,3.74079394561572e-05,3.74079394561572e-05,0,0,0,8.26086669215458e-20,8.26086669215458e-20,-0.00626875697245669,0.00626875697245669,-0.00116992337530585,0.00116992337530585,0.00743868034776254,-0.00743868034776254,1.77635683940025e-17,0.016246300864286,-0.0162463008642861
hpt_v2_topology2_paper,topology2,fault,deep_lvrt,lvrt_300ms_0.575pu,0.002,prefault,rule_action,0,NaN,0.575,0.575,0.575,1,1,125.124988312347,803.136924889596,0.137612622435518,2.1471418192046,2.1471418192046,1.00392115611199,-0.00392115611199473,0.862387377564482,-0.0717414735080924,-0.237449200345437,0.42554783817692,0.112084495646375,0,0,0,1,0,1,0,0,0,0,1,1,-5,-0.0005852920614835,0.427169239042628,0.427169239042628,0.427169239042628,0.430485796487381,0.430485796487381,0.113872953123053,0.113872953123053,0.113872953123053,-0.100611069270973,-0.100611069270973,0,0,0,0.95,0.95,0,0,0,-0.95,-0.95,-0.342384963242,0.342384963242,-0.0710054929519689,0.0710054929519689,0.413390456193968,-0.413390456193968,-0.0159080116758815,-0.0528159616563993,0.0687239733322808
hpt_v2_topology2_paper,topology2,fault,deep_lvrt,lvrt_300ms_0.575pu,0.004,prefault,rule_action,0,NaN,0.575,0.575,0.575,1,1,168.90629493469,821.260021079123,0.33639159451339,2.12344143547731,2.12344143547731,1.0265750263489,-0.0265750263489037,0.66360840548661,-0.184669801591395,-0.440867205822374,0.533512465071112,0.157614192696169,0,0,0,1,0,1,0,0,0,0,1,1,-5,-0.0757308357948183,0.53421095682381,0.53421095682381,0.53421095682381,0.542613669918304,0.542613669918304,0.157236848810247,0.157236848810247,0.157236848810247,-0.12520055204422,-0.12520055204422,0,0,0,0.95,0.95,0,0,0,-0.95,-0.95,-0.251874392479427,0.251874392479427,-0.304176797453389,0.304176797453389,0.556051189932816,-0.556051189932816,0.0658412642778602,-0.221189636917423,0.155348372639563
hpt_v2_topology2_paper,topology2,fault,deep_lvrt,lvrt_300ms_0.575pu,0.006,prefault,rule_action,0,NaN,0.575,0.575,0.575,1,1,192.971896269114,848.075668574059,0.514216327315169,2.55240201748593,0.675977553153259,1.06009458571757,-0.0600945857175732,0.485783672684831,-0.253864342919063,-0.540529711430265,0.550385756566251,0.204694913351125,0,0,0,1,0,1,0,0,0,0,1,1,-5,-0.833050998430229,0.550422154598374,0.550422154598374,0.550422154598374,0.566058361341568,0.566058361341568,0.205065844911869,0.205065844911869,0.205065844911869,-0.156826275150033,-0.156826275150033,0,0,0,0.95,0.95,0,0,0,-0.95,-0.95,-0.0490094528181542,0.0490094528181542,-0.482408448520762,0.482408448520762,0.531417901338917,-0.531417901338917,0.263542264190457,-0.363742978330853,0.100200714140396
hpt_v2_topology2_paper,topology2,fault,deep_lvrt,lvrt_300ms_0.575pu,0.008,prefault,rule_action,0,NaN,0.575,0.575,0.575,1,1,207.055883566082,848.525338267357,0.667906689140709,2.289935865297,0.172703582999863,1.0606566728342,-0.0606566728341962,0.332093310859291,-0.262400245265613,-0.539438566500987,0.548953929882805,0.228097769048406,0,0,0,1,0,1,0,0,0,0,1,1,-5,-2.00210029200543,0.548929916192436,0.548929916192436,0.548929916192436,0.570977906716519,0.570977906716519,0.228339382879725,0.228339382879725,0.228339382879725,-0.165671834379143,-0.165671834379143,0,0,0,0.95,0.95,0,0,0,-0.95,-0.95,0.200208632289993,-0.200208632289993,-0.584907959557589,0.584907959557589,0.384699327267596,-0.384699327267596,0.465961935343237,-0.388317405613965,-0.0776445297292718
hpt_v2_topology2_paper,topology2,fault,deep_lvrt,lvrt_300ms_0.575pu,0.01,prefault,rule_action,0,NaN,0.575,0.575,0.575,1,1,215.730650576302,848.405768070809,0.787692932773457,1.91174004308966,0.0191440395634174,1.06050721008851,-0.0605072100885107,0.212307067226543,-0.205184234964237,-0.495568843841206,0.549815717109995,0.224235864626964,0,0,0,1,0,1,0,0,0,0,1,1,-4.85980186812163,-2.22344266028807,0.55032948628739,0.55032948628739,0.55032948628739,0.575018386866164,0.575018386866164,0.219677124017499,0.219677124017499,0.219677124017499,-0.143088913126688,-0.143088913126688,0,0,0,0.95,0.95,0,0,0,-0.95,-0.95,0.43618892157619,-0.43618892157619,-0.565434143578741,0.565434143578741,0.129245222002551,-0.129245222002551,0.570973048157792,-0.216866709546156,-0.354106338611635
hpt_v2_topology2_paper,topology2,fault,deep_lvrt,lvrt_300ms_0.575pu,0.012,prefault,rule_action,0,NaN,0.575,0.575,0.575,1,1,222.67978448028,849.32191896435,0.874818236297646,1.54544315723336,0.0482873137382779,1.06165239870544,-0.0616523987054372,0.125181763702354,-0.0868006297864586,-0.431602855741432,0.548537977832631,0.232963934695377,0,0,0,1,0,1,0,0,0,0,1,1,-3.11791910186887,-0.995838325919651,0.548464386117618,0.548464386117618,0.548464386117618,0.578320784981844,0.578320784981844,0.233260513812222,0.233260513812222,0.233260513812222,-0.144113565639397,-0.144113565639397,0,0,0,0.95,0.95,0,0,0,-0.95,-0.95,0.57140515757307,-0.57140515757307,-0.432467176124106,0.432467176124106,-0.138937981448964,0.138937981448964,0.466229207276377,0.113921984579347,-0.580151191855724
hpt_v2_topology2_paper,topology2,fault,deep_lvrt,lvrt_300ms_0.575pu,0.014,prefault,rule_action,0,NaN,0.575,0.575,0.575,1,1,224.62356464357,848.803765041978,0.940805229201482,1.4195203135118,0.13749003193922,1.06100470630247,-0.0610047063024728,0.0591947707985178,0.0748885541725063,-0.379123803342907,0.455669212365458,0.240658565230975,0,0,0,1,0,1,0,0,0,0,1,1,-5,0.62257496241358,0.453789771326975,0.453789771326975,0.453789771326975,0.489256175602717,0.489256175602717,0.241049784361229,0.241049784361229,0.241049784361229,-0.157030410227404,-0.157030410227404,0,0,0,0.95,0.95,0,0,0,-0.95,-0.95,0.510743955399479,-0.510743955399479,-0.206606463826113,0.206606463826113,-0.304137491573365,0.304137491573365,0.152319896003256,0.45992114273697,-0.612241038740227
hpt_v2_topology2_paper,topology2,fault,deep_lvrt,lvrt_300ms_0.575pu,0.016,prefault,rule_action,0,NaN,0.575,0.575,0.575,1,1,217.467164392616,847.27202954821,0.981643178731024,1.29726378396098,0.0330440091315249,1.05909003693526,-0.0590900369352623,0.0183568212689756,0.242789224761721,-0.327442344399025,0.247155009281256,0.238445367728354,0,0,0,1,0,1,0,0,0,0,1,1,-1.38021369894115,-0.000612462019988769,0.245200581136097,0.245200581136097,0.245200581136097,0.286988247513417,0.286988247513417,0.238866096158643,0.238866096158643,0.238866096158643,-0.186596041417624,-0.186596041417624,0,0,0,0.95,0.95,0,0,0,-0.95,-0.95,0.32572795768402,-0.32572795768402,-0.0716980540131007,0.0716980540131007,-0.254029903670919,0.254029903670919,-0.257242915683309,0.665029946125405,-0.407787030442096
hpt_v2_topology2_paper,topology2,fault,deep_lvrt,lvrt_300ms_0.575pu,0.018,prefault,rule_action,0,NaN,0.575,0.575,0.575,1,1,208.759344355007,851.299788442706,0.99694808500736,1.16386288909569,0.0420258773888894,1.06412473555338,-0.0641247355533821,0.00305191499263979,0.404616366406307,-0.277188680068836,0.0932018088687471,0.219421564476174,0,0,0,1,0,1,0,0,0,0,1,1,-0.819281723587473,-0.797632091661171,0.0921830594913856,0.0921830594913856,0.0921830594913856,0.136649351780668,0.136649351780668,0.220095943616492,0.220095943616492,0.220095943616492,-0.195619261606697,-0.195619261606697,0,0,0,0.95,0.95,0,0,0,-0.619735227821744,-0.619735227821744,0.220429688500619,-0.220429688500619,-0.0310756001241512,0.0310756001241512,-0.189354088376468,0.189354088376468,-0.6100810271685,0.592458718087875,0.0176223090806252
hpt_v2_topology2_paper,topology2,fault,deep_lvrt,lvrt_300ms_0.575pu,0.02,prefault,rule_action,0,NaN,0.575,0.575,0.575,1,1,193.273845831036,851.538104750485,0.984022575748929,1.10585046811061,0.0184954639390516,1.06442263093811,-0.0644226309381062,0.0159774242510707,0.521344540012303,-0.248012856507914,0.0601438810579789,0.173352838953226,0,0,0,1,0,1,0,0,0,0,1,1,-5,-1.18847030341773,0.0605344218083511,0.0605344218083511,0.0605344218083511,0.0973692065392213,0.0973692065392213,0.169441467767183,0.169441467767183,0.169441467767183,-0.151307847915074,-0.151307847915074,0,0,0,0.95,0.95,0,0,0,-0.00973349808431863,-0.00973349808431863,0.122258490765078,-0.122258490765078,0.0531982075496433,-0.0531982075496433,-0.175456698314722,0.175456698314722,-0.745234844200256,0.265178957327146,0.48005588687311
hpt_v2_topology2_paper,topology2,fault,deep_lvrt,lvrt_300ms_0.575pu,0.022,prefault,rule_action,0,NaN,0.575,0.575,0.575,1,1,192.359882566038,854.782634602377,0.962419007435705,1.10186626400975,0.0295153158774039,1.06847829325297,-0.0684782932529719,0.0375809925642954,0.581048028354703,-0.196663712499734,0.138685416202426,0.189535352875063,0,0,0,1,0,1,0,0,0,0,1,1,-1.00118486441203,-1.99313246395705,0.139642255557508,0.139642255557508,0.139642255557508,0.181106404365937,0.181106404365937,0.190608214836729,0.190608214836729,0.190608214836729,-0.151762714123314,-0.151762714123314,0,0,0,0.95,0.95,0,0,0,0.208125417407431,0.208125417407431,-0.00894325001386995,0.00894325001386995,0.208955370167074,-0.208955370167074,-0.200012120153204,0.200012120153204,-0.563229967503058,-0.216507508689094,0.779737476192153
hpt_v2_topology2_paper,topology2,fault,deep_lvrt,lvrt_300ms_0.575pu,0.024,prefault,rule_action,0,NaN,0.575,0.575,0.575,1,1,206.276888435307,852.934487538606,0.95857037339853,1.03889105405607,0.0421473100442552,1.06616810942326,-0.0661681094232569,0.0414296266014704,0.593497387567946,-0.119600035216697,0.21119772185199,0.229522938098814,0,0,0,0,0,1,0,0,0,0,1,1,2.1183062441088,-0.465286724982805,0.211475155168669,0.211475155168669,0.211475155168669,0.261764556854099,0.261764556854099,0.230062632257496,0.230062632257496,0.230062632257496,-0.170674757330537,-0.170674757330537,0,0,0,0.95,0.95,0,0,0,0.95,0.95,-0.191409706037454,0.191409706037454,0.309619930414261,-0.309619930414261,-0.118210224376807,0.118210224376807,-0.117506726809612,-0.669632161775931,0.787138888585542
hpt_v2_topology2_paper,topology2,fault,deep_lvrt,lvrt_300ms_0.575pu,0.026,prefault,rule_action,0,NaN,0.575,0.575,0.575,1,1,206.41270218239,855.947059058079,0.968660983767811,1.03998967949354,0.0681082976088385,1.0699338238226,-0.0699338238225988,0.031339016232189,0.602640280087663,-0.0513077994623725,0.198746059935128,0.230764454361244,0,0,0,0,0,1,0,0,0,0,1,1,-2.17700016667965,1.78387544805481,0.198436091130787,0.198436091130787,0.198436091130787,0.250345848326986,0.250345848326986,0.23128759496976,0.23128759496976,0.23128759496976,-0.173775113510548,-0.173775113510548,0,0,0,0.95,0.95,0,0,0,0.95,0.95,-0.277852553284803,0.277852553284803,0.24733104758196,-0.24733104758196,0.030521505702843,-0.030521505702843,0.405714394332674,-0.860069440570697,0.454355046238024
hpt_v2_topology2_paper,topology2,fault,deep_lvrt,lvrt_300ms_0.575pu,0.028,prefault,rule_action,0,NaN,0.575,0.575,0.575,1,1,202.728562454008,853.870213657901,0.976921608306415,1.02450440500206,0.0251333556636852,1.06733776707238,-0.0673377670723758,0.0230783916935853,0.607669995809386,0.0470574195149722,0.154544637482856,0.223490355169741,0,0,0,0,0,1,0,0,0,0,1,1,-3.68699494951641,-1.81481882100698,0.15420722873478,0.15420722873478,0.15420722873478,0.206212243584076,0.206212243584076,0.224110483767478,0.224110483767478,0.224110483767478,-0.177431363982175,-0.177431363982175,0,0,0,0.95,0.95,0,0,0,0.95,0.95,-0.272039258500337,0.272039258500337,0.136142602236042,-0.136142602236042,0.135896656264295,-0.135896656264295,0.841653005999758,-0.760436735343628,-0.08121627065613
hpt_v2_topology2_paper,topology2,fault,deep_lvrt,lvrt_300ms_0.575pu,0.03,prefault,rule_action,0,NaN,0.575,0.575,0.575,1,1,201.633630441215,852.545148754604,0.974273818299063,0.998881825026389,0.0226221930299801,1.06568143594325,-0.0656814359432545,0.0257261817009371,0.601097972157235,0.131926897033822,0.141812277300029,0.218773138358347,0,0,0,0,0,1,0,0,0,0,1,1,-5,-0.416853734528599,0.14184233514829,0.14184233514829,0.14184233514829,0.19305479131331,0.19305479131331,0.219203948477029,0.219203948477029,0.219203948477029,-0.175782441157285,-0.175782441157285,0,0,0,0.95,0.95,0,0,0,0.95,0.95,-0.22829458123393,0.22829458123393,0.0044276367914157,-0.0044276367914157,0.223866944442514,-0.223866944442514,0.935148190636013,-0.294420975297933,-0.640727215338081
hpt_v2_topology2_paper,topology2,fault,deep_lvrt,lvrt_300ms_0.575pu,0.032,prefault,rule_action,0,NaN,0.575,0.575,0.575,1,1,198.959181710886,856.093653107204,0.9718818047657,1.02152193491684,0.0552401446291561,1.070117066384,-0.0701170663840047,0.0281181952343001,0.579862042676076,0.210140614940237,0.14864159783395,0.193137479787187,0,0,0,0,0,1,0,0,0,0,1,1,-5,2.07536335493663,0.148759201770819,0.148759201770819,0.148759201770819,0.192775500859744,0.192775500859744,0.193325547283957,0.193325547283957,0.193325547283957,-0.149471313677266,-0.149471313677266,0,0,0,0.95,0.95,0,0,0,0.95,0.95,-0.103356012014403,0.103356012014403,-0.139675597547732,0.139675597547732,0.243031609562135,-0.243031609562135,0.617414231186125,0.312081402770899,-0.929495633957024
hpt_v2_topology2_paper,topology2,fault,deep_lvrt,lvrt_300ms_0.575pu,0.034,prefault,rule_action,0,NaN,0.575,0.575,0.575,1,1,197.705184529345,851.530955118227,0.96778838875902,1.03220578724279,0.0476266465690588,1.06441369389778,-0.0644136938977835,0.0322116112409803,0.575589204725767,0.28576601823362,0.164850840231465,0.131158533749339,0,0,0,0,0,1,0,0,0,0,1,1,-5,-1.34004399891996,0.165057962667329,0.165057962667329,0.165057962667329,0.192313211051378,0.192313211051378,0.130844845315667,0.130844845315667,0.130844845315667,-0.0859077030345835,-0.0859077030345835,0,0,0,0.95,0.95,0,0,0,0.95,0.95,0.0747418535555428,-0.0747418535555428,-0.207910130289717,0.207910130289717,0.133168276734175,-0.133168276734175,0.057677071632028,0.808180526049833,-0.865857597681861
hpt_v2_topology2_paper,topology2,fault,deep_lvrt,lvrt_300ms_0.575pu,0.036,prefault,rule_action,0,NaN,0.575,0.575,0.575,1,1,197.402926740341,855.898851511483,0.963144346866064,1.01184766892,0.0341906877407014,1.06987356438935,-0.0698735643893535,0.0368556531339357,0.572823486071145,0.345231096650088,0.188400958033114,0.0387259187799148,0,0,0,0,0,1,0,0,0,0,1,1,-5,-1.82323509270588,0.188640834026623,0.188640834026623,0.188640834026623,0.19217229932417,0.19217229932417,0.0376800817838418,0.0376800817838418,0.0376800817838418,0.00865795576095374,0.00865795576095374,0,0,0,0.95,0.95,0,0,0,0.95,0.95,0.189662869356354,-0.189662869356354,-0.12266777081925,0.12266777081925,-0.0669950985371039,0.0669950985371039,-0.5367863682576,0.95,-0.469987882715277
hpt_v2_topology2_paper,topology2,fault,deep_lvrt,lvrt_300ms_0.575pu,0.038,prefault,rule_action,0,NaN,0.575,0.575,0.575,1,1,201.971692191681,866.543218886071,0.958982768643401,1.05128648060896,0.011252319234669,1.08317902360759,-0.0831790236075891,0.0410172313565988,0.560870012489467,0.357262387787582,0.216076092719215,-0.0926255646693876,0,0,0,0,0,1,0,0,0,0,1,1,-2.31249174343939,3.05891770643019,0.216257698090911,0.216257698090911,0.216257698090911,0.189345254902868,0.189345254902868,-0.0925872781331462,-0.0925872781331462,-0.0925872781331462,0.139600037612646,0.139600037612646,0,0,0,0.95,0.95,0,0,0,0.95,0.95,0.123646733890396,-0.123646733890396,0.111492705420989,-0.111492705420989,-0.235139439311385,0.235139439311385,-0.925942129144818,0.778792341608309,0.147149787536509
hpt_v2_topology2_paper,topology2,fault,deep_lvrt,lvrt_300ms_0.575pu,0.04,prefault,rule_action,0,NaN,0.575,0.575,0.575,1,1,203.655491592591,869.357645185733,0.964432922242232,1.05144705620127,0.0217978408396998,1.08669705648217,-0.0866970564821665,0.0355670777577682,0.573141407913446,0.357202429030825,0.212810058196332,-0.199994032365149,0,0,0,0,0,1,0,0,0,0,1,1,-4.60771157314754,0.153514186959969,0.21262826589296,0.21262826589296,0.21262826589296,0.164615955146316,0.164615955146316,-0.200927445266947,-0.200927445266947,-0.200927445266947,0.241835078161575,0.241835078161575,0,0,0,0.95,0.95,0,0,0,0.95,0.95,-0.113918879028587,0.113918879028587,0.290312883969833,-0.290312883969833,-0.176394004941246,0.176394004941246,-0.95,0.270406634609379,0.699399279688906
hpt_v2_topology2_paper,topology2,fault,deep_lvrt,lvrt_300ms_0.575pu,0.042,prefault,rule_action,0,NaN,0.575,0.575,0.575,1,1,206.876178981293,892.053095478236,0.972965810489358,1.03461258311141,0.0391952878749193,1.11506636934779,-0.115066369347795,0.027034189510642,0.556218493894803,0.368363800039018,0.183318846191944,-0.229431860821203,0,0,0,0,0,1,0,0,0,0,1,1,-5,-2.37573580463257,0.182893147726179,0.182893147726179,0.182893147726179,0.133837206997395,0.133837206997395,-0.229972769343587,-0.229972769343587,-0.229972769343587,0.261581689244269,0.261581689244269,0,0,0,0.95,0.95,0,0,0,0.95,0.95,-0.268668641139308,0.268668641139308,0.237367832325926,-0.237367832325926,0.0313008088133811,-0.0313008088133811,-0.64023669742564,-0.377681142650852,0.95
hpt_v2_topology2_paper,topology2,fault,deep_lvrt,lvrt_300ms_0.575pu,0.044,prefault,rule_action,0,NaN,0.575,0.575,0.575,1,1,203.450011501413,907.98303444775,0.978301608913606,1.03589430873393,0.0271961331250737,1.13497879305969,-0.134978793059687,0.0216983910863937,0.551014906024075,0.389156282928887,0.144464025122204,-0.209776441303248,0,0,0,0,0,1,0,0,0,0,1,1,-5,-0.522782986883019,0.144157984655025,0.144157984655025,0.144157984655025,0.10396824448128,0.10396824448128,-0.210579422085871,-0.210579422085871,-0.210579422085871,0.233057550157249,0.233057550157249,0,0,0,0.95,0.95,0,0,0,0.95,0.95,-0.245852331031983,0.245852331031983,0.063669211038322,-0.063669211038322,0.182183119993661,-0.182183119993661,-0.0179310454452795,-0.878802957857186,0.896734003302466
hpt_v2_topology2_paper,topology2,fault,deep_lvrt,lvrt_300ms_0.575pu,0.046,prefault,rule_action,0,NaN,0.575,0.575,0.575,1,1,202.066243012559,934.408865527765,0.980223051499295,1.06586119142059,0.0218579047906184,1.16801108190971,-0.168011081909706,0.019776948500705,0.538863629413476,0.373261535481506,0.121179828945381,-0.235431696068833,0,0,0,0,0,1,0,0,0,0,1,1,-2.93394640562217,1.04222792001418,0.121040776714162,0.121040776714162,0.121040776714162,0.0815267098754442,0.0815267098754442,-0.235892606787915,-0.235892606787915,-0.235892606787915,0.252288698006174,0.252288698006174,0,0,0,0.95,0.95,0,0,0,0.95,0.95,-0.13895612285228,0.13895612285228,-0.126073825844146,0.126073825844146,0.265029948696426,-0.265029948696426,0.577432635177933,-0.95,0.397279960999304
hpt_v2_topology2_paper,topology2,fault,deep_lvrt,lvrt_300ms_0.575pu,0.048,prefault,rule_action,0,NaN,0.575,0.575,0.575,1,1,202.668760365666,952.00461310617,0.981283116509926,1.04315438709888,0.048583731329267,1.19000576638271,-0.190005766382713,0.0187168834900741,0.506454512381219,0.38266104703814,0.111723456077203,-0.221094430512979,0,0,0,0,0,1,0,0,0,0,1,1,-5,-2.24364755337736,0.111631337296766,0.111631337296766,0.111631337296766,0.0791309304717335,0.0791309304717335,-0.221746504772806,-0.221746504772806,-0.221746504772806,0.235311206040635,0.235311206040635,0,0,0,0.95,0.95,0,0,0,0.95,0.95,0.019883453184905,-0.019883453184905,-0.224250585721743,0.224250585721743,0.204367132536838,-0.204367132536838,0.95,-0.714611521592354,-0.266485897302482
hpt_v2_topology2_paper,topology2,fault,deep_lvrt,lvrt_300ms_0.575pu,0.05,prefault,rule_action,0,NaN,0.575,0.575,0.575,1,1,205.947314578053,963.786965190547,0.985121758035546,1.10222225652522,0.033259907108592,1.20473370648818,-0.204733706488184,0.0148782419644535,0.461419907844073,0.393917447283319,0.100502122261286,-0.224836470377643,0,0,0,1,0,1,0,0,0,0,1,1,-5,-0.717608980180362,0.100273002697815,0.100273002697815,0.100273002697815,0.0720411073438342,0.0720411073438342,-0.225438650772608,-0.225438650772608,-0.225438650772608,0.235981650102045,0.235981650102045,0,0,0,0.95,0.95,0,0,0,0.95,0.95,0.169076442876125,-0.169076442876125,-0.240158954624308,0.240158954624308,0.0710825117481831,-0.0710825117481831,0.91747629268533,-0.145872504438974,-0.771603788246356
hpt_v2_topology2_paper,topology2,fault,deep_lvrt,lvrt_300ms_0.575pu,0.052,prefault,rule_action,0,NaN,0.575,0.575,0.575,1,1,204.651575022499,967.286102400678,0.989490033323477,1.10752919834395,0.0563047530054306,1.20910762800085,-0.209107628000848,0.0105099666765232,0.428508093737877,0.394124992443723,0.0774802353498866,-0.2387748127675,0,0,0,1,0,1,0,0,0,0,1,1,-5,0.976979443651382,0.0772319097237351,0.0772319097237351,0.0772319097237351,0.0524080291271926,0.0524080291271926,-0.239191148597267,-0.239191148597267,-0.239191148597267,0.24582630438962,0.24582630438962,0,0,0,0.95,0.95,0,0,0,0.95,0.95,0.2505700887839,-0.2505700887839,-0.1424271866228,0.1424271866228,-0.108142902161099,0.108142902161099,0.488508096039585,0.480794878144462,-0.95
hpt_v2_topology2_paper,topology2,fault,deep_lvrt,lvrt_300ms_0.575pu,0.054,prefault,rule_action,0,NaN,0.575,0.575,0.575,1,1,203.458413880062,964.123394647351,0.989627639460306,1.0859799327649,0.0768417066357202,1.20515424330919,-0.205154243309189,0.0103723605396941,0.400197751368858,0.412840328276715,0.0655077953351582,-0.21234722654329,0,0,0,1,0,1,0,0,0,0,1,1,-5,-2.18457941258121,0.0654088276509866,0.0654088276509866,0.0654088276509866,0.0476401976844659,0.0476401976844659,-0.213115930189379,-0.213115930189379,-0.213115930189379,0.217777698582168,0.217777698582168,0,0,0,0.95,0.95,0,0,0,0.95,0.95,0.187748832889531,-0.187748832889531,0.0102184153825739,-0.0102184153825739,-0.197967248272105,0.197967248272105,-0.144952583299539,0.947700775670195,-0.802748192370656
hpt_v2_topology2_paper,topology2,fault,deep_lvrt,lvrt_300ms_0.575pu,0.056,prefault,rule_action,0,NaN,0.575,0.575,0.575,1,1,208.825338709643,956.545399907484,0.991891749276686,1.13892913448763,0.0412043705110691,1.19568174988436,-0.195681749884355,0.00810825072331389,0.351747658506862,0.428474532479496,0.0598254498184365,-0.208590739813897,0,0,0,1,0,1,0,0,0,0,1,1,-0.482396545210761,-0.815911164260052,0.0596331932081982,0.0596331932081982,0.0596331932081982,0.04628375304266,0.04628375304266,-0.209409529949712,-0.209409529949712,-0.209409529949712,0.212758744051218,0.212758744051218,0,0,0,0.95,0.95,0,0,0,0.95,0.95,0.074054215265495,-0.074054215265495,0.14029556893608,-0.14029556893608,-0.214349784201575,0.214349784201575,-0.718094362280122,0.95,-0.250082269535749
hpt_v2_topology2_paper,topology2,fault,deep_lvrt,lvrt_300ms_0.575pu,0.058,prefault,rule_action,0,NaN,0.575,0.575,0.575,1,1,207.534719012112,937.341735726703,0.993416200247642,1.09330309952756,0.012415944792888,1.17167716965838,-0.171677169658378,0.00658379975235768,0.3498167565024,0.452001067420337,0.0451865887896202,-0.235320860512615,0,0,0,1,0,1,0,0,0,0,1,1,0.884050044097639,1.08466388267714,0.0450756913206013,0.0450756913206013,0.0450756913206013,0.0346914456711772,0.0346914456711772,-0.231673846468482,-0.231673846468482,-0.231673846468482,0.233454690856225,0.233454690856225,0,0,0,0.95,0.95,0,0,0,0.95,0.95,-0.0860716090247203,0.0860716090247203,0.233357112841382,-0.233357112841382,-0.147285503816662,0.147285503816662,-0.95,0.588056318895307,0.431329914334115
hpt_v2_topology2_paper,topology2,fault,deep_lvrt,lvrt_300ms_0.575pu,0.06,prefault,rule_action,0,NaN,0.575,0.575,0.575,1,1,208.34295898899,941.738342321974,0.993582853751461,1.08774864778595,0.00160416816544675,1.17717292790247,-0.177172927902468,0.00641714624853917,0.353550479047016,0.42850985430355,0.0403133610081539,-0.219420701139709,0,0,0,1,0,1,0,0,0,0,1,1,-1.7348630189018,-1.94343442638512,0.0402549964479361,0.0402549964479361,0.0402549964479361,0.0345602909714836,0.0345602909714836,-0.215560726459955,-0.215560726459955,-0.215560726459955,0.216546710478209,0.216546710478209,0,0,0,0.95,0.95,0,0,0,0.95,0.95,-0.186856658667541,0.186856658667541,0.192819528551442,-0.192819528551442,-0.0059628698839014,0.0059628698839014,-0.874175714993252,-0.040575281162682,0.914750996155934
hpt_v2_topology2_paper,topology2,fault,deep_lvrt,lvrt_300ms_0.575pu,0.062,prefault,rule_action,0,NaN,0.575,0.575,0.575,1,1,209.750241027325,941.535161594693,0.997522261071176,1.07952389448577,0.0498801693625555,1.17691895199337,-0.176918951993366,0.00247773892882397,0.319491417432281,0.432447814053447,0.0280763048016695,-0.231827462748121,0,0,0,0,0,1,0,0,0,0,1,1,5,-0.789081301746819,0.0278869585776661,0.0278869585776661,0.0278869585776661,0.025761665407289,0.025761665407289,-0.232336429911479,-0.232336429911479,-0.232336429911479,0.232581675370539,0.232581675370539,0,0,0,0.95,0.95,0,0,0,0.95,0.95,-0.231282552618424,0.231282552618424,0.0848239113541633,-0.0848239113541633,0.14645864126426,-0.14645864126426,-0.384357900434142,-0.659428769722635,0.95
hpt_v2_topology2_paper,topology2,fault,deep_lvrt,lvrt_300ms_0.575pu,0.064,prefault,rule_action,0,NaN,0.575,0.575,0.575,1,1,205.763658352984,933.590484971177,0.996514847213357,1.08802950681476,0.0358430284808857,1.16698810621397,-0.166988106213972,0.00348515278664296,0.314380407781684,0.447195765621103,0.0200059062153694,-0.226709647156983,0,0,0,1,0,1,0,0,0,0,1,1,4.45302593693553,1.47813273934005,0.0199993855405672,0.0199993855405672,0.0199993855405672,0.0216256622055244,0.0216256622055244,-0.227286851861557,-0.227286851861557,-0.227286851861557,0.227137885843181,0.227137885843181,0,0,0,0.95,0.95,0,0,0,0.95,0.95,-0.155090472420342,0.155090472420342,-0.0673846618843191,0.0673846618843191,0.222475134304661,-0.222475134304661,0.288473342783095,-0.95,0.71892532901154
hpt_v2_topology2_paper,topology2,fault,deep_lvrt,lvrt_300ms_0.575pu,0.066,prefault,rule_action,0,NaN,0.575,0.575,0.575,1,1,208.291288497851,935.566617471712,0.993824156839545,1.0500213981083,0.0337343531359961,1.16945827183964,-0.16945827183964,0.00617584316045527,0.323335175811727,0.421179058591027,0.0284801966352558,-0.193814447404883,0,0,0,0,0,1,0,0,0,0,1,1,4.23414865807947,-1.23841865176066,0.0285615903027664,0.0285615903027664,0.0285615903027664,0.0329478612031894,0.0329478612031894,-0.194830254772818,-0.194830254772818,-0.194830254772818,0.19413662987082,0.19413662987082,0,0,0,0.95,0.95,0,0,0,0.95,0.95,-0.032355668202103,0.032355668202103,-0.152035653803441,0.152035653803441,0.184391322005544,-0.184391322005544,0.835769012721508,-0.95,0.12185929434258
hpt_v2_topology2_paper,topology2,fault,deep_lvrt,lvrt_300ms_0.575pu,0.068,prefault,rule_action,0,NaN,0.575,0.575,0.575,1,1,208.823271847584,933.250826276888,0.992629009915623,1.00070397186878,0.0842361654571336,1.16656353284611,-0.16656353284611,0.00737099008437714,0.300300719508407,0.419391956855643,0.0368373526013029,-0.214472307935296,0,0,0,0,0,1,0,0,0,0,1,1,3.05128524885145,-2.5884724373042,0.0368965551595857,0.0368965551595857,0.0368965551595857,0.0447719702657761,0.0447719702657761,-0.215212677162826,-0.215212677162826,-0.215212677162826,0.213713178987061,0.213713178987061,0,0,0,0.95,0.95,0,0,0,0.95,0.95,0.094956554828658,-0.094956554828658,-0.217759893177688,0.217759893177688,0.12280333834903,-0.12280333834903,0.95,-0.535097660899785,-0.550181826336934
hpt_v2_topology2_paper,topology2,fault,deep_lvrt,lvrt_300ms_0.575pu,0.07,prefault,rule_action,0,NaN,0.575,0.575,0.575,1,1,206.181884995956,920.190944717572,0.995757313746883,1.05356976091579,0.018803573382775,1.15023868089697,-0.150238680896966,0.00424268625311741,0.290787653902919,0.426587362336222,0.0320353583985222,-0.230763259705139,0,0,0,0,0,1,0,0,0,0,1,1,1.12201364087605,1.83398697231318,0.0319250083188516,0.0319250083188516,0.0319250083188516,0.0432484327606975,0.0432484327606975,-0.227348879356198,-0.227348879356198,-0.227348879356198,0.225469049238296,0.225469049238296,0,0,0,0.95,0.95,0,0,0,0.95,0.95,0.20673947555353,-0.20673947555353,-0.189822795914675,0.189822795914675,-0.0169166796388555,0.0169166796388555,0.848727981215428,0.130581233678349,-0.95
hpt_v2_topology2_paper,topology2,fault,deep_lvrt,lvrt_300ms_0.575pu,0.072,prefault,rule_action,0,NaN,0.575,0.575,0.575,1,1,204.490727556892,913.21488333982,0.996683043135151,1.0215741121519,0.0577554879511014,1.14151860417478,-0.141518604174775,0.0033169568648489,0.309758422915961,0.407621237336864,0.0203049181843469,-0.224944696593021,0,0,0,0,0,1,1,0,0.0148333333333379,0,0.996093289703328,1.05991269268568,-5,-0.448665708931983,0.0202818820424187,0.0202818820424187,0.0202818820424187,0.0343062558383223,0.0343062558383223,-0.225545433971781,-0.225545433971781,-0.225545433971781,0.223841860104532,0.223841860104532,0,0,0,0.95,0.95,0,0,0,0.95,0.95,0.219845921284424,-0.219845921284424,-0.0628867903636046,0.0628867903636046,-0.156959130920819,0.156959130920819,0.276861182537606,0.757349421382985,-0.95
hpt_v2_topology2_paper,topology2,fault,deep_lvrt,lvrt_300ms_0.575pu,0.074,prefault,rule_action,0,NaN,0.575,0.575,0.575,1,1,209.092275914687,915.243467751644,0.998765293110978,0.970019187481326,0.0475366779425399,1.14405433468956,-0.144054334689555,0.00123470688902239,0.277690183357596,0.394076801469147,0.0158780793599201,-0.184693364459959,0,0,0,0,0,1,1,0,0.0315000000000096,0,0.976020825842168,1.10522233430018,-5,-2.3439217194432,0.0157586218806257,0.0157586218806257,0.0157586218806257,0.0293283509618716,0.0293283509618716,-0.18473308888654,-0.18473308888654,-0.18473308888654,0.183069648284461,0.183069648284461,0,0,0,0.95,0.95,0,0,0,0.95,0.95,0.11678736315043,-0.11678736315043,0.0663120523592411,-0.0663120523592411,-0.183099415509671,0.183099415509671,-0.394386466675411,0.95,-0.686587137068074
hpt_v2_topology2_paper,topology2,fault,deep_lvrt,lvrt_300ms_0.575pu,0.076,prefault,rule_action,0,NaN,0.575,0.575,0.575,1,1,206.008673849719,895.735186850162,0.999358029059736,1.06788287182328,0.0385502907192723,1.1196689835627,-0.119668983562703,0.000641970940264192,0.257806565127226,0.42435320670472,0.00768810142593147,-0.122895485227916,0,0,0,0,0,1,1,0,0.0481666666666814,0,0.976020825842168,1.10522233430018,-3.40240088874033,2.0560290158127,0.00762640541636995,0.00762640541636995,0.00762640541636995,0.0177811592584003,0.0177811592584003,-0.122543387830856,-0.122543387830856,-0.122543387830856,0.121486107584636,0.121486107584636,0,0,0,0.95,0.95,0,0,0,0.95,0.95,0.00266980422895803,-0.00266980422895803,0.104970963572759,-0.104970963572759,-0.107640767801717,0.107640767801717,-0.906699886272384,0.95,-0.0557385660679421
hpt_v2_topology2_paper,topology2,fault,deep_lvrt,lvrt_300ms_0.575pu,0.078,prefault,rule_action,0,NaN,0.575,0.575,0.575,1,1,204.50513038568,876.474229231836,0.998704515661199,1.06274576462405,0.0523127648033806,1.0955927865398,-0.0955927865397954,0.00129548433880122,0.272384976891294,0.419098972096926,0.00493511561132831,-0.0501975842118506,0,0,0,0,0,1,1,0,0.0648333333333532,0,0.976020825842168,1.10522233430018,-0.201969210934516,0.0668123722351588,0.00495160915584434,0.00495160915584434,0.00495160915584434,0.00949767441796523,0.00949767441796523,-0.0503619618554291,-0.0503619618554291,-0.0503619618554291,0.0497055310384093,0.0497055310384093,0,0,0,0.95,0.95,0,0,0,0.95,0.95,-0.0274917074345359,0.0274917074345359,0.0505397219988222,-0.0505397219988222,-0.0230480145642864,0.0230480145642864,-0.95,0.479439187450886,0.625645718380709
hpt_v2_topology2_paper,topology2,fault,deep_lvrt,lvrt_300ms_0.575pu,0.08,fault,rule_action,0,NaN,0.575,0.575,0.575,1,1,209.039311059403,877.191741090412,0.995086337594096,1.00105156795132,0.0235216156750955,1.09648967636302,-0.0964896763630152,0.00491366240590363,0.251193758140452,0.395073824909056,0.0187721725804934,-0.0463477911045285,0,0,0,0,0,1,1,0,0.081500000000025,0,0.976020825842168,1.10522233430018,-2.49545162145881,-2.76859778980176,0.018888878455109,0.018888878455109,0.018888878455109,0.0233603744151158,0.0233603744151158,-0.0470432140139076,-0.0470432140139076,-0.0470432140139076,0.0449905170145421,0.0449905170145421,0,0,0,0.95,0.95,0,0,0,0.95,0.95,-0.0403533514185267,0.0403533514185267,0.0467491343367091,-0.0467491343367091,-0.00639578291818247,0.00639578291818247,-0.834919997214464,-0.213870470812837,0.95
hpt_v2_topology2_paper,topology2,fault,deep_lvrt,lvrt_300ms_0.575pu,0.082,fault,rule_action,0,NaN,0.575,0.575,0.575,1,1,204.464722834491,854.37959207975,0.995630655111752,1.00865033631209,0.0634458610702249,1.06797449009969,-0.0679744900996873,0.00436934488824792,0.250256198533163,0.398289371373044,0.0201720885217283,-0.0280249486051106,0,0,0,0,0,1,1,0,0.0981666666666967,0,0.976020825842168,1.10522233430018,-5,-0.788045773112422,0.0202295257208273,0.0202295257208273,0.0202295257208273,0.0229027124414895,0.0229027124414895,-0.0273475645590059,-0.0273475645590059,-0.0273475645590059,0.0251513172820242,0.0251513172820242,0,0,0,0.95,0.95,0,0,0,0.95,0.95,-0.0326981987266629,0.0326981987266629,0.0244708663307285,-0.0244708663307285,0.00822733239593438,-0.00822733239593438,-0.279261237535121,-0.842692030257505,0.95
hpt_v2_topology2_paper,topology2,fault,deep_lvrt,lvrt_300ms_0.575pu,0.084,fault,rule_action,0,NaN,0.575,0.575,0.575,1,1,192.077133272512,852.399721321326,0.982747253890906,0.947682164267209,0.117187368341521,1.06549965165166,-0.0654996516516568,0.0172527461090944,0.205743004153895,0.387670494587787,0.0514435203404585,0.0996248629718696,0,0,0,0,0,1,1,0,0.114833333333368,0,0.87473661592443,1.10522233430018,2.42066451600376,0.388290934118407,0.0522006337545083,0.0522006337545083,0.0522006337545083,0.0415463858112757,0.0415463858112757,0.100862123708569,0.100862123708569,0.100862123708569,-0.105697549590308,-0.105697549590308,0,0,0,0.95,0.95,0,0,0,0.95,0.95,0.014265472015224,-0.014265472015224,0.0904425060042238,-0.0904425060042238,-0.104707978019448,0.104707978019448,0.409522044012154,-0.95,0.704864269698847
hpt_v2_topology2_paper,topology2,fault,deep_lvrt,lvrt_300ms_0.575pu,0.086,fault,rule_action,0,NaN,0.575,0.575,0.575,1,1,180.219591184695,840.543039316615,0.949072099350744,0.826952363695354,0.147903994847742,1.05067879914577,-0.0506787991457693,0.0509279006492556,0.119880205093941,0.397180289248733,0.183936569166051,0.171197225752281,0,0,1,0,0,1,1,0,0.13150000000004,0,0.826952363695354,1.10522233430018,-2.06277797069743,-0.855121405094028,0.185743560974867,0.185743560974867,0.185743560974867,0.167277822033342,0.167277822033342,0.171408730211631,0.171408730211631,0.171408730211631,-0.189472302704563,-0.189472302704563,0,0,0,0.95,0.95,0,0,0,0.95,0.95,-0.185457304314433,0.185457304314433,0.241441155446647,-0.241441155446647,-0.0559838511322143,0.0559838511322143,0.941380058626011,-0.95,0.0737312891094547
hpt_v2_topology2_paper,topology2,fault,deep_lvrt,lvrt_300ms_0.575pu,0.088,fault,rule_action,0,NaN,0.575,0.575,0.575,1,1,194.985281818678,794.516227396236,0.931840115036532,0.842643737507863,0.146434829407613,0.993145284245296,0.00685471575470442,0.0681598849634683,0.03423932175663,0.489855484281178,0.346933127059416,0.0683671088785742,0,0,1,0,0,1,1,0,0.148166666666712,0,0.793908635747661,1.10522233430018,-2.94781249340015,-0.0313144397626752,0.348008470947379,0.348008470947379,0.348008470947379,0.339407942505244,0.339407942505244,0.0660817521774829,0.0660817521774829,0.0660817521774829,-0.101385119156293,-0.101385119156293,0,0,0,0.95,0.95,0,0,0,0.95,0.95,-0.322464750148196,0.322464750148196,0.0342682697120692,-0.0342682697120692,0.288196480436127,-0.288196480436127,0.95,-0.542292197501611,-0.632530682613777
hpt_v2_topology2_paper,topology2,fault,deep_lvrt,lvrt_300ms_0.575pu,0.09,fault,rule_action,0,NaN,0.575,0.575,0.575,1,1,224.547466729698,729.395891472023,0.96137850515364,0.855702721543772,0.112028583837118,0.911744864340029,0.0882551356599711,0.0386214948463602,0.111906872055651,0.586252601907518,0.342441596305911,-0.156873316327992,0,0,1,0,0,1,1,0,0.164833333333384,0,0.782394679620119,1.10522233430018,1.16596325684037,2.69004226413505,0.341107165998018,0.341107165998018,0.341107165998018,0.355899002586516,0.355899002586516,-0.158381672110286,-0.158381672110286,-0.158381672110286,0.121551440606735,0.121551440606735,0,0,0,0.95,0.95,0,0,0,0.95,0.95,0.0435851752759933,-0.0435851752759933,-0.345295893554424,0.345295893554424,0.301710718278431,-0.301710718278431,0.944366862071921,0.247973398830895,-0.95
hpt_v2_topology2_paper,topology2,fault,deep_lvrt,lvrt_300ms_0.575pu,0.092,fault,rule_action,0,NaN,0.575,0.575,0.575,1,1,221.168837450764,807.015460270322,1.00079477464782,0.820569422119176,0.205518789276788,1.0087693253379,-0.00876932533790198,-0.000794774647816965,0.308732057532901,0.538682018987415,0.14981131243706,-0.240446379662955,0,0,1,0,0,1,1,0,0.181500000000056,0,0.782394679620119,1.10522233430018,-5,1.12643921116584,0.147749192488567,0.147749192488567,0.147749192488567,0.173032958687976,0.173032958687976,-0.240840427934115,-0.240840427934115,-0.240840427934115,0.223368598545535,0.223368598545535,0,0,0,0.95,0.95,0,0,0,0.95,0.95,0.275357518322408,-0.275357518322408,-0.192534292463481,0.192534292463481,-0.0828232258589271,0.0828232258589271,0.249204241791517,0.916156428583208,-0.95
hpt_v2_topology2_paper,topology2,fault,deep_lvrt,lvrt_300ms_0.575pu,0.094,fault,rule_action,0,NaN,0.575,0.575,0.575,1,1,194.530257334746,896.345423188129,1.00399236245749,0.904886044505049,0.093936408526541,1.12043177898516,-0.120431778985161,-0.00399236245749468,0.326329268863972,0.407876499059184,0.00601174723118092,-0.250812346136469,0,0,1,0,0,1,1,0,0.198166666666727,0,0.782394679620119,1.10522233430018,-5,-2.25189637423351,0.00559948654308222,0.00559948654308222,0.00559948654308222,0.158094449888977,0.158094449888977,-0.250435047741319,-0.250435047741319,-0.250435047741319,0.194307005280418,0.194307005280418,0,0,0,0.95,0.95,0,0,0,0.95,0.95,0.148229067476317,-0.148229067476317,0.100765162643048,-0.100765162643048,-0.248994230119365,0.248994230119365,-0.418939648579568,0.95,-0.713359596164186
hpt_v2_topology2_paper,topology2,fault,deep_lvrt,lvrt_300ms_0.575pu,0.096,fault,rule_action,0,NaN,0.575,0.575,0.575,1,1,172.333773864438,898.641566822974,0.956016749774722,0.915393726138904,0.0686507379189716,1.12330195852872,-0.123301958528718,0.0439832502252779,0.225182322357762,0.350601728984137,0.109221296408216,-0.238157454797836,0,0,1,0,0,1,1,0,0.214833333333399,0,0.782394679620119,1.10522233430018,2.27581476306515,1.49832179016118,0.111445119119541,0.111445119119541,0.111445119119541,0.137418101968596,0.137418101968596,-0.238582022067198,-0.238582022067198,-0.238582022067198,0.22462782793009,0.22462782793009,0,0,0,0.95,0.95,0,0,0,0.95,0.95,0.105425772702044,-0.105425772702044,0.156261039557364,-0.156261039557364,-0.261686812259409,0.261686812259409,-0.893586492322294,0.95,-0.0858345097892243
hpt_v2_topology2_paper,topology2,fault,deep_lvrt,lvrt_300ms_0.575pu,0.098,fault,rule_action,0,NaN,0.575,0.575,0.575,1,1,201.011737849256,844.535885839706,0.932061210408124,0.898575102050088,0.145053448285068,1.05566985729963,-0.055669857299633,0.0679387895918765,0.137715038492854,0.384956832983188,0.325022855389723,-0.261681339354043,0,0,1,0,0,1,1,0,0.231500000000071,0,0.782394679620119,1.10522233430018,0.29932502369101,0.718485181141259,0.326373221569185,0.326373221569185,0.326373221569185,0.354435196054996,0.354435196054996,-0.261792254829322,-0.261792254829322,-0.261792254829322,0.222329386819479,0.222329386819479,0,0,0,0.95,0.95,0,0,0,0.95,0.95,0.0891060371385992,-0.0891060371385992,0.309475347446254,-0.309475347446254,-0.398581384584853,0.398581384584853,-0.95,0.481666494521458,0.634192911958668
hpt_v2_topology2_paper,topology2,fault,deep_lvrt,lvrt_300ms_0.575pu,0.1,fault,rule_action,0,NaN,0.575,0.575,0.575,1,1,236.336641072799,828.16709397408,0.979426415946323,0.919408857189987,0.096972517269024,1.0352088674676,-0.0352088674676003,0.020573584053677,0.136653001401022,0.440598854256346,0.286839775999322,-0.262564881393713,0,0,1,0,0,1,1,0,0.248166666666743,0,0.782394679620119,1.10522233430018,-5,-0.534251205051461,0.284738710912321,0.284738710912321,0.284738710912321,0.314227494022034,0.314227494022034,-0.262354100076844,-0.262354100076844,-0.262354100076844,0.226200993189185,0.226200993189185,0,0,0,0.95,0.95,0,0,0,0.95,0.95,-0.191538390866039,0.191538390866039,0.387169502755596,-0.387169502755596,-0.195631111889557,0.195631111889557,-0.832239300953178,-0.266614530758745,0.95
hpt_v2_topology2_paper,topology2,fault,deep_lvrt,lvrt_300ms_0.575pu,0.102,fault,rule_action,0,NaN,0.575,0.575,0.575,1,1,224.49295281056,856.556534836237,1.02997209608453,0.923010645954631,0.164161971414565,1.0706956685453,-0.0706956685452957,-0.0299720960845327,0.226788516044025,0.431901650403236,0.0127396386584983,-0.126424417552894,0,0,0,0,0,1,1,0,0.264833333333414,0,0.782394679620119,1.10522233430018,-5,-0.817345642612377,0.0100661960241048,0.0100661960241048,0.0100661960241048,0.0850494165150764,0.0850494165150764,-0.12382851455067,-0.12382851455067,-0.12382851455067,0.0905617251860095,0.0905617251860095,0,0,0,0.95,0.95,0,0,0,0.95,0.95,-0.117092816391666,0.117092816391666,0.0225870387524384,-0.0225870387524384,0.0945057776392281,-0.0945057776392281,-0.182966610186595,-0.878051481467533,0.95
hpt_v2_topology2_paper,topology2,fault,deep_lvrt,lvrt_300ms_0.575pu,0.104,fault,rule_action,0,NaN,0.575,0.575,0.575,1,1,188.019405274476,854.395500574702,1.01663199180387,0.916488546694659,0.0574479170583433,1.06799437571838,-0.0679943757183772,-0.0166319918038678,0.242527088348843,0.392350877752951,-0.124089633452289,0.141060022633137,0,0,1,0,0,1,1,0,0.281500000000086,0,0.782394679620119,1.10522233430018,1.96111602741644,0.46010326070145,-0.1238233678826,-0.1238233678826,-0.1238233678826,-0.185740735870999,-0.185740735870999,0.142777487848161,0.142777487848161,0.142777487848161,-0.0349000932394379,-0.0349000932394379,0,0,0,0.95,0.95,0,0,0,0.95,0.95,0.178922431513158,-0.178922431513158,-0.0367516271736607,0.0367516271736607,-0.142170804339497,0.142170804339497,0.491492845883397,-0.95,0.638873898525807
hpt_v2_topology2_paper,topology2,fault,deep_lvrt,lvrt_300ms_0.575pu,0.106,fault,rule_action,0,NaN,0.575,0.575,0.575,1,1,168.348557511426,848.176158546895,0.95417593828224,0.885254990061494,0.185047445160331,1.06022019818362,-0.0602201981836183,0.0458240617177599,0.149330870610358,0.349409768172707,0.0606941950170741,0.192051296159645,0,0,1,0,0,1,1,0,0.298166666666758,0,0.782394679620119,1.10522233430018,-2.12042383870237,-1.11454452011128,0.0637197956972434,0.0637197956972434,0.0637197956972434,0.0414074534587276,0.0414074534587276,0.191378165894738,0.191378165894738,0.191378165894738,-0.197411340968536,-0.197411340968536,0,0,0,0.95,0.95,0,0,0,0.95,0.95,-0.0770724950881148,0.0770724950881148,0.199964974647906,-0.199964974647906,-0.122892479559791,0.122892479559791,0.95,-0.95,0.0046578250037189
hpt_v2_topology2_paper,topology2,fault,deep_lvrt,lvrt_300ms_0.575pu,0.108,fault,rule_action,0,NaN,0.575,0.575,0.575,1,1,191.953979145869,810.312000946015,0.922255408060724,0.898017333654429,0.195717714411876,1.01289000118252,-0.012890001182519,0.0777445919392755,0.0207205652139449,0.429943290639248,0.341024897707091,0.0424417622612664,0,0,1,0,0,1,1,0,0.31483333333343,0,0.782394679620119,1.10522233430018,-1.75885661641828,0.789837042865171,0.342982788602257,0.342982788602257,0.342982788602257,0.336443214326892,0.336443214326892,0.0400933544914074,0.0400933544914074,0.0400933544914074,-0.077785820591822,-0.077785820591822,0,0,0,0.95,0.95,0,0,0,0.95,0.95,-0.290293899522557,0.290293899522557,-0.0168116612750175,0.0168116612750175,0.307105560797575,-0.307105560797575,0.95,-0.470042327984203,-0.672459642665231
hpt_v2_topology2_paper,topology2,fault,deep_lvrt,lvrt_300ms_0.575pu,0.11,fault,rule_action,0,NaN,0.575,0.575,0.575,1,1,229.219209515851,719.93394073641,0.958177713611431,0.883676168665416,0.0953824763335996,0.899917425920512,0.100082574079488,0.041822286388569,0.0691254304279151,0.536375026752975,0.370709799961141,-0.170152323998888,0,0,1,0,0,1,1,0,0.331500000000101,0,0.782394679620119,1.10522233430018,3.17141005266708,1.80197396888793,0.369268431797525,0.369268431797525,0.369268431797525,0.38591673502918,0.38591673502918,-0.17148362634557,-0.17148362634557,-0.17148362634557,0.129746223263909,0.129746223263909,0,0,0,0.95,0.95,0,0,0,0.95,0.95,0.0791727814950652,-0.0791727814950652,-0.385452130049467,0.385452130049467,0.306279348554402,-0.306279348554402,0.891281942306534,0.318186977360302,-0.95
hpt_v2_topology2_paper,topology2,fault,deep_lvrt,lvrt_300ms_0.575pu,0.112,fault,rule_action,0,NaN,0.575,0.575,0.575,1,1,225.518663554197,767.89175747801,1.00708700538785,0.861623567957677,0.209873360316084,0.959864696847513,0.0401353031524873,-0.00708700538785445,0.25439203919042,0.497592231539384,0.143423561274012,-0.24391543522456,0,0,1,0,0,1,1,0,0.348166666666773,0,0.782394679620119,1.10522233430018,-5,0.347791839783951,0.140922693735494,0.140922693735494,0.140922693735494,0.261109951979619,0.261109951979619,-0.244263229421566,-0.244263229421566,-0.244263229421566,0.106514430169443,0.106514430169443,0,0,0,0.95,0.95,0,0,0,0.95,0.95,0.280055974084212,-0.280055974084212,-0.168651171310242,0.168651171310242,-0.11140480277397,0.11140480277397,0.164774660141947,0.95,-0.95
hpt_v2_topology2_paper,topology2,fault,deep_lvrt,lvrt_300ms_0.575pu,0.114,fault,rule_action,0,NaN,0.575,0.575,0.575,1,1,193.066525286931,873.845415506938,1.00657391956875,0.855060029138297,0.101327786451782,1.09230676938367,-0.092306769383673,-0.00657391956875109,0.286801201927013,0.378389403286918,-0.0175328209633515,-0.227884389790352,0,0,1,0,0,1,1,0,0.364833333333445,0,0.782394679620119,1.10522233430018,-1.85216690312584,-2.29146395329916,-0.0178448079990179,-0.0178448079990179,-0.0178448079990179,0.124906771078543,0.124906771078543,-0.227158493675019,-0.227158493675019,-0.227158493675019,0.190572078122578,0.190572078122578,0,0,0,0.95,0.95,0,0,0,0.95,0.95,0.0992043230044433,-0.0992043230044433,0.12804479326718,-0.12804479326718,-0.227249116271623,0.227249116271623,-0.511947992865631,0.95,-0.650328076891976
hpt_v2_topology2_paper,topology2,fault,deep_lvrt,lvrt_300ms_0.575pu,0.116,fault,rule_action,0,NaN,0.575,0.575,0.575,1,1,172.630707924275,871.770461187505,0.956076306216091,0.905761215395942,0.110178824976068,1.08971307648438,-0.0897130764843819,0.0439236937839094,0.180124909210384,0.295262807531533,0.100970537921445,-0.220675342826058,0,0,1,0,0,1,1,0,0.381500000000117,0,0.782394679620119,1.10522233430018,-0.137514296687624,0.799910358447509,0.103301616477233,0.103301616477233,0.103301616477233,0.12632087752461,0.12632087752461,-0.221333004921711,-0.221333004921711,-0.221333004921711,0.209051570039299,0.209051570039299,0,0,0,0.95,0.95,0,0,0,0.95,0.95,0.0788921037025558,-0.0788921037025558,0.160745529529912,-0.160745529529912,-0.239637633232468,0.239637633232468,-0.95,0.95,-0.012004895888052
hpt_v2_topology2_paper,topology2,fault,deep_lvrt,lvrt_300ms_0.575pu,0.118,fault,rule_action,0,NaN,0.575,0.575,0.575,1,1,197.355280634688,835.505603575077,0.932114518424495,0.891524112660034,0.129895001502994,1.04438200446885,-0.0443820044688459,0.0678854815755051,0.0904635076198256,0.361457657992974,0.317757880527824,-0.252930419699902,0,0,1,0,0,1,1,0,0.398166666666789,0,0.782394679620119,1.10522233430018,0.036796886232926,0.0345936593033613,0.319202870253101,0.319202870253101,0.319202870253101,0.344567317656845,0.344567317656845,-0.253158014103903,-0.253158014103903,-0.253158014103903,0.217377128708651,0.217377128708651,0,0,0,0.95,0.95,0,0,0,0.95,0.95,0.0558959649622606,-0.0558959649622606,0.321539242160689,-0.321539242160689,-0.377435207122949,0.377435207122949,-0.95,0.38905273041579,0.702661380051891
hpt_v2_topology2_paper,topology2,fault,deep_lvrt,lvrt_300ms_0.575pu,0.12,fault,rule_action,0,NaN,0.575,0.575,0.575,1,1,236.549666205933,796.518448998215,0.979817374906931,0.886482792918266,0.125288416974436,0.995648061247769,0.00435193875223094,0.0201826250930692,0.0950565043201404,0.429646652035935,0.281845778609224,-0.236736775111119,0,0,1,0,0,1,1,0,0.41483333333346,0,0.782394679620119,1.10522233430018,-5,-0.648442922434822,0.279780818139367,0.279780818139367,0.279780818139367,0.303954922275491,0.303954922275491,-0.236075002037587,-0.236075002037587,-0.236075002037587,0.204010092912778,0.204010092912778,0,0,0,0.95,0.95,0,0,0,0.95,0.95,-0.193132204859746,0.193132204859746,0.365882827075493,-0.365882827075493,-0.172750622215747,0.172750622215747,-0.772743342567109,-0.366389518407697,0.95
hpt_v2_topology2_paper,topology2,fault,deep_lvrt,lvrt_300ms_0.575pu,0.122,fault,rule_action,0,NaN,0.575,0.575,0.575,1,1,227.214858376999,843.700483564615,1.02809448771174,0.938396654548125,0.165084454566865,1.05462560445577,-0.0546256044557691,-0.0280944877117433,0.193314486102974,0.439625269652935,0.0175033871254785,-0.0438171574865131,0,0,0,0,0,1,1,0,0.431500000000132,0,0.782394679620119,1.10522233430018,0.77894353425656,3.6618367003487,0.0149256685266143,0.0149256685266143,0.0149256685266143,0.0365869632264468,0.0365869632264468,-0.0404676663501114,-0.0404676663501114,-0.0404676663501114,0.0228429797236905,0.0228429797236905,0,0,0,0.95,0.95,0,0,0,0.95,0.95,-0.0426626697497719,0.0426626697497719,0.015833320873526,-0.015833320873526,0.0268293488762459,-0.0268293488762459,-0.0986064610487874,-0.907603044299965,0.95
hpt_v2_topology2_paper,topology2,fault,deep_lvrt,lvrt_300ms_0.575pu,0.124,fault,rule_action,0,NaN,0.575,0.575,0.575,1,1,191.672145467521,851.137696427858,1.01846655528018,0.9004576164367,0.0392380017432429,1.06392212053482,-0.0639221205348228,-0.018466555280175,0.228923118854563,0.41012581088315,-0.125041706765033,0.176471063795986,0,0,1,0,0,1,1,0,0.448166666666804,0,0.782394679620119,1.10522233430018,-0.840256014591034,0.0648944200001278,-0.124913944359102,-0.124913944359102,-0.124913944359102,-0.207117691861362,-0.207117691861362,0.177511836633723,0.177511836633723,0.177511836633723,-0.0649323290699481,-0.0649323290699481,0,0,0,0.95,0.95,0,0,0,0.95,0.95,0.190416286675659,-0.190416286675659,-0.00497684302131099,0.00497684302131099,-0.185439443654348,0.185439443654348,0.581808270326584,-0.95,0.556293261197722
hpt_v2_topology2_paper,topology2,fault,deep_lvrt,lvrt_300ms_0.575pu,0.126,fault,rule_action,0,NaN,0.575,0.575,0.575,1,1,167.592989471069,845.813314341157,0.960822536879378,0.899835614528836,0.153878535032816,1.05726664292645,-0.0572666429264468,0.0391774631206222,0.146481298994455,0.375975542924731,0.0360371559885579,0.187108137079583,0,0,1,0,0,1,1,0,0.46483333333347,0,0.782394679620119,1.10522233430018,-5,-1.50000244765991,0.0388378599020497,0.0388378599020497,0.0388378599020497,0.020992559172871,0.020992559172871,0.186104666921287,0.186104666921287,0.186104666921287,-0.188951419341131,-0.188951419341131,0,0,0,0.95,0.95,0,0,0,0.95,0.95,-0.0638590309933312,0.0638590309933312,0.187006957212685,-0.187006957212685,-0.123147926219353,0.123147926219353,0.95,-0.932476090051732,-0.0860077206201286
hpt_v2_topology2_paper,topology2,fault,deep_lvrt,lvrt_300ms_0.575pu,0.128,fault,rule_action,0,NaN,0.575,0.575,0.575,1,1,190.409763013298,816.095835406075,0.924992522548495,0.908380185647841,0.134997572750017,1.02011979425759,-0.0201197942575935,0.0750074774515046,0.0427065739158353,0.448783427449962,0.315882050676664,-0.0214241374584288,0,0,1,0,0,1,1,0,0.48150000000013,0,0.782394679620119,1.10522233430018,-5,0.823402964877484,0.317948417604791,0.317948417604791,0.317948417604791,0.318860423676833,0.318860423676833,-0.024431099966876,-0.024431099966876,-0.024431099966876,-0.00401311794149667,-0.00401311794149667,0,0,0,0.95,0.95,0,0,0,0.95,0.95,-0.215348385444676,0.215348385444676,-0.0960041341610472,0.0960041341610472,0.311352519605723,-0.311352519605723,0.95,-0.384780544930475,-0.7357207115761
hpt_v2_topology2_paper,topology2,fault,deep_lvrt,lvrt_300ms_0.575pu,0.13,fault,rule_action,0,NaN,0.575,0.575,0.575,1,1,231.45587388325,748.265279487703,0.962480016254022,0.887647779941423,0.0994923799510711,0.935331599359629,0.0646684006403712,0.0375199837459779,0.0915588127344291,0.512949658137586,0.349775955796429,-0.201212629734492,0,0,1,0,0,1,1,0,0.49816666666679,0,0.782394679620119,1.10522233430018,0.28397976913308,1.65016042544108,0.348256025474339,0.348256025474339,0.348256025474339,0.364667255779114,0.364667255779114,-0.202129794671365,-0.202129794671365,-0.202129794671365,0.170752762014563,0.170752762014563,0,0,0,0.95,0.95,0,0,0,0.95,0.95,0.139793798648951,-0.139793798648951,-0.3969248878427,0.3969248878427,0.25713108919375,-0.25713108919375,0.799621118299954,0.38766648606704,-0.95
hpt_v2_topology2_paper,topology2,fault,deep_lvrt,lvrt_300ms_0.575pu,0.132,fault,rule_action,0,NaN,0.575,0.575,0.575,1,1,227.603533933368,815.10770571808,1.01377011128991,0.868935246047341,0.192512561158259,1.0188846321476,-0.0188846321475997,-0.0137701112899062,0.249066080930431,0.439117289600082,0.109537632613817,-0.252029740828391,0,0,1,0,0,1,1,0,0.51483333333345,0,0.782394679620119,1.10522233430018,-5,0.189315749634877,0.106931743754896,0.106931743754896,0.106931743754896,0.236012583725918,0.236012583725918,-0.252269344284013,-0.252269344284013,-0.252269344284013,0.139184338957243,0.139184338957243,0,0,0,0.95,0.95,0,0,0,0.95,0.95,0.273211397888438,-0.273211397888438,-0.118652594370204,0.118652594370204,-0.154558803518234,0.154558803518234,0.0852298482530738,0.95,-0.95
hpt_v2_topology2_paper,topology2,fault,deep_lvrt,lvrt_300ms_0.575pu,0.134,fault,rule_action,0,NaN,0.575,0.575,0.575,1,1,188.525804711649,873.704526605787,1.00991330213748,0.917547707859733,0.0923088838084655,1.09213065825723,-0.0921306582572332,-0.00991330213747799,0.257905148370705,0.353095711753262,-0.0524085105343228,-0.143644526750525,0,0,1,0,0,1,1,0,0.531500000000111,0,0.782394679620119,1.10522233430018,-2.62219788838913,-1.32771081607364,-0.0525327546806357,-0.0525327546806357,-0.0525327546806357,0.0418120640725067,0.0418120640725067,-0.141954123967414,-0.141954123967414,-0.141954123967414,0.145473072847481,0.145473072847481,0,0,0,0.95,0.95,0,0,0,0.95,0.95,0.0158509093468672,-0.0158509093468672,0.122437727337159,-0.122437727337159,-0.138288636684026,0.138288636684026,-0.567052647446793,0.95,-0.577718519040074
hpt_v2_topology2_paper,topology2,fault,deep_lvrt,lvrt_300ms_0.575pu,0.136,fault,rule_action,0,NaN,0.575,0.575,0.575,1,1,174.282467011727,852.201489727891,0.957727873533572,0.897248708566314,0.124772583389338,1.06525186215986,-0.0652518621598639,0.0422721264664278,0.141438321199306,0.326678311772715,0.0847534174727085,-0.0362729964206439,0,0,1,0,0,1,1,0,0.548166666666771,0,0.782394679620119,1.10522233430018,0.601565807647697,0.947394192903905,0.0871645892277563,0.0871645892277563,0.0871645892277563,0.0897520214972808,0.0897520214972808,-0.0358096565482238,-0.0358096565482238,-0.0358096565482238,0.0287153574676842,0.0287153574676842,0,0,0,0.95,0.95,0,0,0,0.95,0.95,0.080069702625293,-0.080069702625293,0.00299571781131228,-0.00299571781131228,-0.0830654204366053,0.0830654204366053,-0.95,0.930555378773923,0.0661818103723086
hpt_v2_topology2_paper,topology2,fault,deep_lvrt,lvrt_300ms_0.575pu,0.138,fault,rule_action,0,NaN,0.575,0.575,0.575,1,1,194.030105501441,830.003644854606,0.929996391103613,0.880569473821717,0.133249044671362,1.03750455606826,-0.0375045560682572,0.0700036088963871,0.0700712455350996,0.389669076028926,0.312325320996355,-0.11938340994335,0,0,1,0,0,1,1,0,0.564833333333431,0,0.782394679620119,1.10522233430018,-5,-0.360078585238011,0.314021859205907,0.314021859205907,0.314021859205907,0.322501574003418,0.322501574003418,-0.121291804010302,-0.121291804010302,-0.121291804010302,0.0965099194100066,0.0965099194100066,0,0,0,0.95,0.95,0,0,0,0.95,0.95,0.130777746624007,-0.130777746624007,0.20324462808975,-0.20324462808975,-0.334022374713758,0.334022374713758,-0.95,0.340775201213263,0.738271347118882
hpt_v2_topology2_paper,topology2,fault,deep_lvrt,lvrt_300ms_0.575pu,0.14,fault,rule_action,0,NaN,0.575,0.575,0.575,1,1,226.857130251383,798.050470079941,0.967692586744275,0.903437183154504,0.105584968075032,0.997563087599926,0.00243691240007426,0.0323074132557249,0.0825042927561125,0.45792757321563,0.200318062853088,-0.0963408268370718,0,0,1,0,0,1,0,1,0,0.0124999999999952,0.782394679620119,1.10522233430018,-5,-0.74124880832982,0.198688016032577,0.198688016032577,0.198688016032577,0.205511598325533,0.205511598325533,-0.0956260591194806,-0.0956260591194806,-0.0956260591194806,0.0799140403894624,0.0799140403894624,0,0,0,0.95,0.95,0,0,0,0.95,0.95,-0.0720423509458289,0.0720423509458289,0.216502138252681,-0.216502138252681,-0.144459787306852,0.144459787306852,-0.728724978173923,-0.41124356765272,0.95
hpt_v2_topology2_paper,topology2,fault,deep_lvrt,lvrt_300ms_0.575pu,0.142,fault,rule_action,0,NaN,0.575,0.575,0.575,1,1,220.816878160778,836.14970566526,1.0103990456158,0.922586175026713,0.187786792933627,1.04518713208157,-0.0451871320815744,-0.0103990456157956,0.183294610690593,0.469194732421926,0.0606655099528293,-0.00524927766476653,0,0,0,0,0,1,0,1,0,0.0291666666666554,0.782394679620119,1.10522233430018,-4.44504234348619,3.6656887173736,0.059530927233306,0.059530927233306,0.059530927233306,0.0506371500644074,0.0506371500644074,-0.00406437297664013,-0.00406437297664013,-0.00406437297664013,-0.031564686887487,-0.031564686887487,0,0,0,0.95,0.95,0,0,0,0.95,0.95,-0.0331733036555581,0.0331733036555581,0.0595399609220143,-0.0595399609220143,-0.0263666572664561,0.0263666572664561,-0.0518432906520793,-0.935819773069357,0.95
hpt_v2_topology2_paper,topology2,fault,deep_lvrt,lvrt_300ms_0.575pu,0.144,fault,rule_action,0,NaN,0.575,0.575,0.575,1,1,194.797704947207,850.912077218122,1.01019457833204,0.94269153443657,0.0961116684203558,1.06364009652265,-0.063640096522652,-0.0101945783320436,0.22331703169196,0.413292620948492,-0.00991674917190843,0.0894070757102396,0,0,0,0,0,1,0,1,0,0.0458333333333156,0.782394679620119,1.10522233430018,-0.324752411578144,-0.0761907028781206,-0.0101037544622807,-0.0101037544622807,-0.0101037544622807,-0.0606864075289803,-0.0606864075289803,0.090285107074651,0.090285107074651,0.090285107074651,-0.0676065555618816,-0.0676065555618816,0,0,0,0.95,0.95,0,0,0,0.95,0.95,0.0472518318779652,-0.0472518318779652,0.0435720237498116,-0.0435720237498116,-0.0908238556277768,0.0908238556277768,0.603101689752088,-0.95,0.517816635934249
hpt_v2_topology2_paper,topology2,fault,deep_lvrt,lvrt_300ms_0.575pu,0.146,fault,rule_action,0,NaN,0.575,0.575,0.575,1,1,174.160222528438,846.151734199878,0.964172138078823,0.904745869628307,0.12910177882374,1.05768966774985,-0.0576896677498475,0.0358278619211772,0.139298925518706,0.373064566388675,0.0263499893775583,0.123989002763355,0,0,1,0,0,1,0,1,0,0.0624999999999758,0.782394679620119,1.10522233430018,-5,-1.19846874726481,0.0271521938722965,0.0271521938722965,0.0271521938722965,0.0192836127224056,0.0192836127224056,0.123998950640211,0.123998950640211,0.123998950640211,-0.125463634860164,-0.125463634860164,0,0,0,0.95,0.95,0,0,0,0.95,0.95,-0.0476396867072497,0.0476396867072497,0.125714795298216,-0.125714795298216,-0.0780751085909664,0.0780751085909664,0.95,-0.903915755926159,-0.12289632129806
hpt_v2_topology2_paper,topology2,fault,deep_lvrt,lvrt_300ms_0.575pu,0.148,fault,rule_action,0,NaN,0.575,0.575,0.575,1,1,183.442431674065,843.022712464605,0.925151139391836,0.928691665923564,0.169529322706645,1.05377839058076,-0.0537783905807567,0.0748488606081639,0.0570696193366929,0.429341281662631,0.117468710985854,0.0884406712415919,0,0,0,0,0,1,0,1,0,0.079166666666636,0.782394679620119,1.10522233430018,-5,0.790643039747296,0.118304915671311,0.118304915671311,0.118304915671311,0.112975272290185,0.112975272290185,0.0880576378176746,0.0880576378176746,0.0880576378176746,-0.0947986735191127,-0.0947986735191127,0,0,0,0.95,0.95,0,0,0,0.95,0.95,-0.145831718080163,0.145831718080163,0.0538768730150987,-0.0538768730150987,0.0919548450650638,-0.0919548450650638,0.95,-0.353216571433139,-0.732839038243111
hpt_v2_topology2_paper,topology2,fault,deep_lvrt,lvrt_300ms_0.575pu,0.15,fault,rule_action,0,NaN,0.575,0.575,0.575,1,1,211.407357832442,824.204171080515,0.9371191172206,0.906520680630615,0.135965265843622,1.03025521385064,-0.030255213850644,0.0628808827793996,0.0880704875952014,0.507119808575903,0.158540692573539,0.0346334676970693,0,0,1,0,0,1,0,1,0,0.0958333333332962,0.782394679620119,1.10522233430018,1.98994884843473,1.49096984678132,0.158446603415692,0.158446603415692,0.158446603415692,0.156272564046447,0.156272564046447,0.0343641725175402,0.0343641725175402,0.0343641725175402,-0.0431868986283339,-0.0431868986283339,0,0,0,0.95,0.95,0,0,0,0.95,0.95,-0.056809100220388,0.056809100220388,-0.103102907717114,0.103102907717114,0.159912007937502,-0.159912007937502,0.706708604505855,0.375030906092545,-0.95
hpt_v2_topology2_paper,topology2,fault,deep_lvrt,lvrt_300ms_0.575pu,0.152,fault,rule_action,0,NaN,0.575,0.575,0.575,1,1,220.016295428973,847.682013157509,0.97709824433194,0.902016031188653,0.158091795246085,1.05960251644689,-0.0596025164468859,0.0229017556680602,0.203567479995405,0.495949318815825,0.110955110033839,0.0451014434072034,0,0,1,0,0,1,0,1,0,0.112499999999956,0.782394679620119,1.10522233430018,-2.53718794453661,-0.47768499176204,0.110216344078505,0.110216344078505,0.110216344078505,0.107632507274926,0.107632507274926,0.0455996116071645,0.0455996116071645,0.0455996116071645,-0.0514024363086862,-0.0514024363086862,0,0,0,0.95,0.95,0,0,0,0.95,0.95,0.0112801847016356,-0.0112801847016356,-0.108473906757313,0.108473906757313,0.0971937220556771,-0.0971937220556771,0.0390883354353026,0.944283067372949,-0.95
hpt_v2_topology2_paper,topology2,fault,deep_lvrt,lvrt_300ms_0.575pu,0.154,fault,rule_action,0,NaN,0.575,0.575,0.575,1,1,202.606126913608,849.807597372752,0.99290049719237,0.87481887136997,0.134871958751296,1.06225949671594,-0.06225949671594,0.00709950280763039,0.211802870194201,0.421986469128995,0.0470835515010501,0.0955668798802852,0,0,1,0,0,1,0,1,0,0.129166666666617,0.782394679620119,1.10522233430018,-2.04843097852025,-0.0257060620960647,0.0466907825229363,0.0466907825229363,0.0466907825229363,0.0420150835390469,0.0420150835390469,0.0960728149059739,0.0960728149059739,0.0960728149059739,-0.0982076763383015,-0.0982076763383015,0,0,0,0.95,0.95,0,0,0,0.95,0.95,-0.00182392081383805,0.00182392081383805,-0.0915813700935548,0.0915813700935548,0.0934052909073929,-0.0934052909073929,-0.601012544835377,0.95,-0.561430479504268
hpt_v2_topology2_paper,topology2,fault,deep_lvrt,lvrt_300ms_0.575pu,0.156,fault,rule_action,0,NaN,0.575,0.575,0.575,1,1,179.807547180774,847.131917604202,0.962875730679638,0.873673698476581,0.124092345944065,1.05891489700525,-0.0589148970052522,0.0371242693203615,0.126108704966881,0.396457435751037,0.052977589740836,0.121013294380812,0,0,1,0,0,1,0,1,0,0.145833333333277,0.782394679620119,1.10522233430018,-0.437195379322519,2.48232339308263,0.0534671082351767,0.0534671082351767,0.0534671082351767,0.0483357349896056,0.0483357349896056,0.120953471299339,0.120953471299339,0.120953471299339,-0.123093990939472,-0.123093990939472,0,0,0,0.95,0.95,0,0,0,0.95,0.95,0.0696177981647824,-0.0696177981647824,-0.13218126192632,0.13218126192632,0.0625634637615379,-0.0625634637615379,-0.95,0.926510581434946,0.0753070976864099
hpt_v2_topology2_paper,topology2,fault,deep_lvrt,lvrt_300ms_0.575pu,0.158,fault,rule_action,0,NaN,0.575,0.575,0.575,1,1,182.900793307955,842.756135934838,0.926524008711558,0.883682113236292,0.11901749918736,1.05344516991855,-0.0534451699185474,0.073475991288442,0.0817357071250719,0.454364978498424,0.121860103067236,0.0816589474701978,0,0,1,0,0,1,0,1,0,0.162499999999937,0.782394679620119,1.10522233430018,-5,-0.242085906931644,0.122594682186717,0.122594682186717,0.122594682186717,0.119406422919762,0.119406422919762,0.0810567246504259,0.0810567246504259,0.0810567246504259,-0.0856840409704398,-0.0856840409704398,0,0,0,0.95,0.95,0,0,0,0.95,0.95,0.144680890626223,-0.144680890626223,-0.0499726906350042,0.0499726906350042,-0.0947081999912188,0.0947081999912188,-0.95,0.352559175772124,0.716476159348678
hpt_v2_topology2_paper,topology2,fault,deep_lvrt,lvrt_300ms_0.575pu,0.16,fault,rule_action,0,NaN,0.575,0.575,0.575,1,1,214.992791522584,840.976299491051,0.937887043082039,0.845903277646405,0.113789500593199,1.05122037436381,-0.0512203743638135,0.0621129569179608,0.0999481294334057,0.506994444025358,0.159109017226292,0.021401462187803,0,0,1,0,0,1,0,1,0,0.179166666666597,0.782394679620119,1.10522233430018,-5,-0.758165585485804,0.158983632853253,0.158983632853253,0.158983632853253,0.158091531367666,0.158091531367666,0.0210331642931228,0.0210331642931228,0.0210331642931228,-0.0269306001646076,-0.0269306001646076,0,0,0,0.95,0.95,0,0,0,0.95,0.95,0.0476388560083601,-0.0476388560083601,0.108794849828981,-0.108794849828981,-0.156433705837341,0.156433705837341,-0.734735589997342,-0.362946277206993,0.95
hpt_v2_topology2_paper,topology2,fault,deep_lvrt,lvrt_300ms_0.575pu,0.162,fault,rule_action,0,NaN,0.575,0.575,0.575,1,1,223.052719694211,855.186797985985,0.981303048619967,0.894383074998783,0.11629501845907,1.06898349748248,-0.0689834974824806,0.0186969513800335,0.188844356665507,0.503863304187504,0.105322786430483,0.0310837330536719,0,0,1,0,0,1,0,1,0,0.195833333333257,0.782394679620119,1.10522233430018,1.13472198879183,2.68293534466313,0.104525408275651,0.104525408275651,0.104525408275651,0.103334348235794,0.103334348235794,0.0315079459575828,0.0315079459575828,0.0315079459575828,-0.0352182354518401,-0.0352182354518401,0,0,0,0.95,0.95,0,0,0,0.95,0.95,-0.0186514467548628,0.0186514467548628,0.102480574972536,-0.102480574972536,-0.0838291282176737,0.0838291282176737,-0.0963296368812306,-0.906039905332963,0.95
hpt_v2_topology2_paper,topology2,fault,deep_lvrt,lvrt_300ms_0.575pu,0.164,fault,rule_action,0,NaN,0.575,0.575,0.575,1,1,199.107822141094,851.140619455027,0.99528568065728,0.874591590638464,0.105491664591519,1.06392577431878,-0.0639257743187835,0.00471431934271993,0.232656995205212,0.430570715433635,0.0379608998823905,0.0842027906633813,0,0,1,0,0,1,0,1,0,0.212499999999918,0.782394679620119,1.10522233430018,1.74367872910675,0.220565926210225,0.0376142652178858,0.0376142652178858,0.0376142652178858,0.0349016587608002,0.0349016587608002,0.0847079696010293,0.0847079696010293,0.0847079696010293,-0.0858612093879129,-0.0858612093879129,0,0,0,0.95,0.95,0,0,0,0.95,0.95,0.00663843980979194,-0.00663843980979194,0.0767410894501559,-0.0767410894501559,-0.0833795292599478,0.0833795292599478,0.573944931729901,-0.95,0.568245240574509
hpt_v2_topology2_paper,topology2,fault,deep_lvrt,lvrt_300ms_0.575pu,0.166,fault,rule_action,0,NaN,0.575,0.575,0.575,1,1,173.371466657052,848.838943727187,0.958859137103814,0.834519020656733,0.0965050044077834,1.06104867965898,-0.0610486796589835,0.0411408628961862,0.163965876180566,0.366266469492297,0.0522396766459565,0.106843078558661,0,0,1,0,0,1,0,1,0,0.229166666666578,0.782394679620119,1.10522233430018,-3.00652030232429,-1.27661669189472,0.0528683908440364,0.0528683908440364,0.0528683908440364,0.0499527780153121,0.0499527780153121,0.106677880687108,0.106677880687108,0.106677880687108,-0.108073849505251,-0.108073849505251,0,0,0,0.95,0.95,0,0,0,0.95,0.95,-0.0654090110940004,0.0654090110940004,0.118859445536107,-0.118859445536107,-0.0534504344421069,0.0534504344421069,0.95,-0.939438677944605,-0.08020634472985
hpt_v2_topology2_paper,topology2,fault,deep_lvrt,lvrt_300ms_0.575pu,0.168,fault,rule_action,0,NaN,0.575,0.575,0.575,1,1,183.401707763364,841.593707405992,0.921454627896921,0.860255941258106,0.110449866279922,1.05199213425749,-0.0519921342574903,0.0785453721030787,0.0694495290048872,0.441741393609338,0.132359045363642,0.072360036555309,0,0,1,0,0,1,0,1,0,0.245833333333238,0.782394679620119,1.10522233430018,-1.57697253780642,0.848636060221564,0.133116709625223,0.133116709625223,0.133116709625223,0.131288694245714,0.131288694245714,0.0717748325659172,0.0717748325659172,0.0717748325659172,-0.0750663955080225,-0.0750663955080225,0,0,0,0.95,0.95,0,0,0,0.95,0.95,-0.146388462118918,0.146388462118918,0.0403068877899382,-0.0403068877899382,0.106081574328979,-0.106081574328979,0.95,-0.379076344478902,-0.721769093175334
hpt_v2_topology2_paper,topology2,fault,deep_lvrt,lvrt_300ms_0.575pu,0.17,fault,rule_action,0,NaN,0.575,0.575,0.575,1,1,212.392737123539,833.594352562289,0.934495795999383,0.879058953946967,0.124135029228932,1.04199294070286,-0.041992940702861,0.0655042040006173,0.0977548802798281,0.519188388042874,0.167852166009063,0.0156565345426432,0,0,1,0,0,1,0,1,0,0.262499999999898,0.782394679620119,1.10522233430018,0.341460289248419,1.76436533825886,0.16771959222196,0.16771959222196,0.16771959222196,0.16728249353666,0.16728249353666,0.0153411259689864,0.0153411259689864,0.0153411259689864,-0.0195391687963948,-0.0195391687963948,0,0,0,0.95,0.95,0,0,0,0.95,0.95,-0.0452509985794161,0.0452509985794161,-0.117867095413703,0.117867095413703,0.163118093993119,-0.163118093993119,0.724504660550916,0.348277235265708,-0.95
hpt_v2_topology2_paper,topology2,fault,deep_lvrt,lvrt_300ms_0.575pu,0.172,fault,rule_action,0,NaN,0.575,0.575,0.575,1,1,222.266197010259,848.700237785763,0.976050374584084,0.866756332889417,0.138492684778468,1.0608752972322,-0.0608752972322031,0.0239496254159157,0.21332224777278,0.494769637049524,0.115881719063197,0.0195465105225042,0,0,1,0,0,1,0,1,0,0.279166666666558,0.782394679620119,1.10522233430018,-5,-2.04678180128592,0.115112525112703,0.115112525112703,0.115112525112703,0.114579615591275,0.114579615591275,0.019987486972513,0.019987486972513,0.019987486972513,-0.0228452350448536,-0.0228452350448536,0,0,0,0.95,0.95,0,0,0,0.95,0.95,0.0328027973338146,-0.0328027973338146,-0.113513587244252,0.113513587244252,0.0807107899104373,-0.0807107899104373,0.0747172470271772,0.934606608180889,-0.95
hpt_v2_topology2_paper,topology2,fault,deep_lvrt,lvrt_300ms_0.575pu,0.174,fault,rule_action,0,NaN,0.575,0.575,0.575,1,1,202.376373757132,851.241813454792,0.993325783127601,0.855723158384929,0.120906906182372,1.06405226681849,-0.0640522668184897,0.00667421687239877,0.218945427606614,0.419386676840486,0.0479841182316145,0.0791162206188902,0,0,1,0,0,1,0,1,0,0.295833333333219,0.782394679620119,1.10522233430018,-1.38663371359349,-1.34240074964609,0.047567460264367,0.047567460264367,0.047567460264367,0.0457897364109494,0.0457897364109494,0.0796383443199251,0.0796383443199251,0.0796383443199251,-0.0806735966809269,-0.0806735966809269,0,0,0,0.95,0.95,0,0,0,0.95,0.95,0.00398439839361339,-0.00398439839361339,-0.0822529635751537,0.0822529635751537,0.0782685651815404,-0.0782685651815404,-0.580662764051851,0.95,-0.588838902441621
hpt_v2_topology2_paper,topology2,fault,deep_lvrt,lvrt_300ms_0.575pu,0.176,fault,rule_action,0,NaN,0.575,0.575,0.575,1,1,174.947505062282,851.409474836998,0.961685242313724,0.877119861226551,0.12241697110959,1.06426184354625,-0.0642618435462481,0.038314757686276,0.135955647056896,0.382597382340634,0.0530526504926268,0.108115872188327,0,0,1,0,0,1,0,1,0,0.312499999999879,0.782394679620119,1.10522233430018,-0.132346157795671,1.21026242112143,0.053580990330324,0.053580990330324,0.053580990330324,0.0515838095932216,0.0515838095932216,0.107938271329576,0.107938271329576,0.107938271329576,-0.10890685713143,-0.10890685713143,0,0,0,0.95,0.95,0,0,0,0.95,0.95,0.0657143436159516,-0.0657143436159516,-0.12033524614172,0.12033524614172,0.0546209025257679,-0.0546209025257679,-0.95,0.937801420301583,0.0529619365673033
hpt_v2_topology2_paper,topology2,fault,deep_lvrt,lvrt_300ms_0.575pu,0.178,fault,rule_action,0,NaN,0.575,0.575,0.575,1,1,181.47391782664,844.556506165452,0.921238286708737,0.85455410984193,0.0853118670287819,1.05569563270681,-0.055695632706815,0.0787617132912631,0.081021931810803,0.446029816084457,0.12980022679756,0.0705068682079304,0,0,1,0,0,1,0,1,0,0.329166666666539,0.782394679620119,1.10522233430018,-5,-0.159448217172509,0.130599824098494,0.130599824098494,0.130599824098494,0.129385655826519,0.129385655826519,0.0698263733953381,0.0698263733953381,0.0698263733953381,-0.0720512910532793,-0.0720512910532793,0,0,0,0.95,0.95,0,0,0,0.95,0.95,0.143379415283963,-0.143379415283963,-0.0395838699843417,0.0395838699843417,-0.103795545299621,0.103795545299621,-0.95,0.362209058824966,0.708040102683128
hpt_v2_topology2_paper,topology2,fault,deep_lvrt,lvrt_300ms_0.575pu,0.18,fault,rule_action,0,NaN,0.575,0.575,0.575,1,1,213.622969826887,843.164680600777,0.932621988341918,0.838572113961829,0.119430653073869,1.05395585075097,-0.053955850750971,0.0673780116580817,0.102270567656579,0.506573736706587,0.170561099308832,0.00872485637538226,0,0,1,0,0,1,0,1,0,0.345833333333199,0.782394679620119,1.10522233430018,-5,-0.742398224271357,0.170453267567834,0.170453267567834,0.170453267567834,0.170268505529896,0.170268505529896,0.00847029518798359,0.00847029518798359,0.00847029518798359,-0.0116059618187765,-0.0116059618187765,0,0,0,0.95,0.95,0,0,0,0.95,0.95,0.0392456091976681,-0.0392456091976681,0.124215241004095,-0.124215241004095,-0.163460850201763,0.163460850201763,-0.741299923020816,-0.354250905841195,0.95
hpt_v2_topology2_paper,topology2,fault,deep_lvrt,lvrt_300ms_0.575pu,0.182,fault,rule_action,0,NaN,0.575,0.575,0.575,1,1,224.979709528701,854.935126596517,0.979013430839169,0.903444462837008,0.130613128134194,1.06866890824565,-0.0686689082456469,0.0209865691608305,0.186260212910525,0.497969132267042,0.115076748875181,0.0186047333456105,0,0,1,0,0,1,0,1,0,0.362499999999859,0.782394679620119,1.10522233430018,1.31138590037927,2.65751729785468,0.114224367871673,0.114224367871673,0.114224367871673,0.113840472498938,0.113840472498938,0.0190753742773888,0.0190753742773888,0.0190753742773888,-0.0212467159985792,-0.0212467159985792,0,0,0,0.95,0.95,0,0,0,0.95,0.95,-0.033156383930773,0.033156383930773,0.112670843833809,-0.112670843833809,-0.0795144599030355,0.0795144599030355,-0.106357038766766,-0.897260808139848,0.95
hpt_v2_topology2_paper,topology2,fault,deep_lvrt,lvrt_300ms_0.575pu,0.184,fault,rule_action,0,NaN,0.575,0.575,0.575,1,1,200.331088778092,851.41275892899,0.994537601472603,0.86621249799859,0.0904609101297883,1.06426594866124,-0.0642659486612376,0.00546239852739705,0.231551072763046,0.430770595560157,0.0427242452669392,0.078227099561706,0,0,1,0,0,1,0,1,0,0.37916666666652,0.782394679620119,1.10522233430018,2.3750341568376,0.235606151794299,0.0423398256978028,0.0423398256978028,0.0423398256978028,0.0409956214234988,0.0409956214234988,0.0787895724236587,0.0787895724236587,0.0787895724236587,-0.079497274084867,-0.079497274084867,0,0,0,0.95,0.95,0,0,0,0.95,0.95,0.000251492633782678,-0.000251492633782678,0.0773358295495267,-0.0773358295495267,-0.0775873221833094,0.0775873221833094,0.573622166265427,-0.95,0.569252843770349
hpt_v2_topology2_paper,topology2,fault,deep_lvrt,lvrt_300ms_0.575pu,0.186,fault,rule_action,0,NaN,0.575,0.575,0.575,1,1,173.241208637434,848.888714254376,0.958358674957197,0.85127692929654,0.126718216716333,1.06111089281797,-0.0611108928179696,0.0416413250428035,0.163753140634146,0.364387515821487,0.0544001957679223,0.103197786924777,0,0,1,0,0,1,0,1,0,0.39583333333318,0.782394679620119,1.10522233430018,-4.60885154452995,-1.25198823868478,0.0550179076880818,0.0550179076880818,0.0550179076880818,0.0535679329643848,0.0535679329643848,0.103015987913028,0.103015987913028,0.103015987913028,-0.103777360199585,-0.103777360199585,0,0,0,0.95,0.95,0,0,0,0.95,0.95,-0.0666878787601697,0.0666878787601697,0.116374012660223,-0.116374012660223,-0.0496861339000537,0.0496861339000537,0.95,-0.941881419612321,-0.0797291541409439
hpt_v2_topology2_paper,topology2,fault,deep_lvrt,lvrt_300ms_0.575pu,0.188,fault,rule_action,0,NaN,0.575,0.575,0.575,1,1,183.232951500665,842.039486536312,0.921209511681401,0.866398754176461,0.116608724560678,1.05254935817039,-0.0525493581703902,0.0787904883185988,0.0678756991739479,0.438708791921072,0.133560510812063,0.0708184062762403,0,0,1,0,0,1,0,1,0,0.41249999999984,0.782394679620119,1.10522233430018,-0.143699257450169,0.84237970613521,0.134311790448604,0.134311790448604,0.134311790448604,0.133364407598603,0.133364407598603,0.0702264562141755,0.0702264562141755,0.0702264562141755,-0.072009353502061,-0.072009353502061,0,0,0,0.95,0.95,0,0,0,0.95,0.95,-0.146307839046895,0.146307839046895,0.0388891952504535,-0.0388891952504535,0.107418643796441,-0.107418643796441,0.95,-0.377260172381039,-0.722793093420963
hpt_v2_topology2_paper,topology2,fault,deep_lvrt,lvrt_300ms_0.575pu,0.19,fault,rule_action,0,NaN,0.575,0.575,0.575,1,1,212.519381369568,833.180206640885,0.934354538873363,0.87056428252291,0.124743923691748,1.04147525830111,-0.0414752583011069,0.0656454611266369,0.0950666614429447,0.517380839629804,0.168587261534764,0.0148217114105094,0,0,1,0,0,1,0,1,0,0.4291666666665,0.782394679620119,1.10522233430018,0.92159183064533,1.74064483478342,0.168451198713109,0.168451198713109,0.168451198713109,0.168216474409635,0.168216474409635,0.0145040276547436,0.0145040276547436,0.0145040276547436,-0.0170114932702938,-0.0170114932702938,0,0,0,0.95,0.95,0,0,0,0.95,0.95,-0.0446935138825629,0.0446935138825629,-0.1188676093151,0.1188676093151,0.163561123197663,-0.163561123197663,0.720404057654973,0.353748903811386,-0.95
hpt_v2_topology2_paper,topology2,fault,deep_lvrt,lvrt_300ms_0.575pu,0.192,fault,rule_action,0,NaN,0.575,0.575,0.575,1,1,222.13449968349,848.451713401488,0.975909744300798,0.862843903872335,0.140852961702474,1.06056464175186,-0.0605646417518597,0.0240902556992021,0.211354228139126,0.494525621147192,0.116368343450382,0.0193053120998143,0,0,1,0,0,1,0,1,0,0.44583333333316,0.782394679620119,1.10522233430018,-5,-2.06471356824789,0.115598953820394,0.115598953820394,0.115598953820394,0.115268144368191,0.115268144368191,0.0197626895636772,0.0197626895636772,0.0197626895636772,-0.0216087231708364,-0.0216087231708364,0,0,0,0.95,0.95,0,0,0,0.95,0.95,0.0332893532609673,-0.0332893532609673,-0.114031152780767,0.114031152780767,0.0807417995198001,-0.0807417995198001,0.0672201140655686,0.939479336290789,-0.95
hpt_v2_topology2_paper,topology2,fault,deep_lvrt,lvrt_300ms_0.575pu,0.194,fault,rule_action,0,NaN,0.575,0.575,0.575,1,1,202.634482508337,849.700933064173,0.993499360144993,0.857437205458003,0.118172241814248,1.06212616633022,-0.0621261663302164,0.00650063985500704,0.214363626739935,0.413917925418917,0.0482217005925094,0.078762915556295,0,0,1,0,0,1,0,1,0,0.462499999999821,0.782394679620119,1.10522233430018,-1.20079862538303,-1.3515493922438,0.0477981130274127,0.0477981130274127,0.0477981130274127,0.0466457557902325,0.0466457557902325,0.0792836793874829,0.0792836793874829,0.0792836793874829,-0.0799670863102845,-0.0799670863102845,0,0,0,0.95,0.95,0,0,0,0.95,0.95,0.00455749062981024,-0.00455749062981024,-0.0823558520871798,0.0823558520871798,0.0777983614573695,-0.0777983614573695,-0.586297507230168,0.95,-0.583548425526543
hpt_v2_topology2_paper,topology2,fault,deep_lvrt,lvrt_300ms_0.575pu,0.196,fault,rule_action,0,NaN,0.575,0.575,0.575,1,1,175.146566671185,851.775035135834,0.962079486609186,0.873436123432759,0.12126639940991,1.06471879391979,-0.0647187939197924,0.0379205133908143,0.13075329090181,0.381474264392786,0.052616795969338,0.10897972480672,0,0,1,0,0,1,0,1,0,0.479166666666481,0.782394679620119,1.10522233430018,-0.203194923090289,2.52337139863701,0.0531401226964169,0.0531401226964169,0.0531401226964169,0.0518579765831156,0.0518579765831156,0.108813323364485,0.108813323364485,0.108813323364485,-0.109430170641004,-0.109430170641004,0,0,0,0.95,0.95,0,0,0,0.95,0.95,0.0657233095211442,-0.0657233095211442,-0.120943968113206,0.120943968113206,0.0552206585920617,-0.0552206585920617,-0.95,0.930142705053452,0.0632812979371391
hpt_v2_topology2_paper,topology2,fault,deep_lvrt,lvrt_300ms_0.575pu,0.198,fault,rule_action,0,NaN,0.575,0.575,0.575,1,1,181.400901447765,844.802831815564,0.921614139631372,0.855550176817705,0.0825521749574261,1.05600353976945,-0.0560035397694549,0.078385860368628,0.0780355444187966,0.448737173237663,0.129044523523843,0.0715121551163309,0,0,1,0,0,1,0,1,0,0.495833333333141,0.782394679620119,1.10522233430018,-5,-0.2101426424439,0.129843959120863,0.129843959120863,0.129843959120863,0.129032446352789,0.129032446352789,0.0708469022005084,0.0708469022005084,0.0708469022005084,-0.0723143489205524,-0.0723143489205524,0,0,0,0.95,0.95,0,0,0,0.95,0.95,0.143359104954389,-0.143359104954389,-0.0401331069769646,0.0401331069769646,-0.103225997977424,0.103225997977424,-0.95,0.349467636843286,0.717299067838876
hpt_v2_topology2_paper,topology2,fault,deep_lvrt,lvrt_300ms_0.575pu,0.2,fault,rule_action,0,NaN,0.575,0.575,0.575,1,1,214.376459141625,841.008839176248,0.934055254627433,0.842455260380334,0.122901238772202,1.05126104897031,-0.0512610489703105,0.0659447453725669,0.0937127961666276,0.504091695554518,0.168934564502926,0.00976092415787248,0,0,1,0,0,1,0,1,0,0.512499999999801,0.782394679620119,1.10522233430018,-5,-0.755964231235584,0.168804341827789,0.168804341827789,0.168804341827789,0.168660561603193,0.168660561603193,0.00953826166195608,0.00953826166195608,0.00953826166195608,-0.0118109785852165,-0.0118109785852165,0,0,0,0.95,0.95,0,0,0,0.95,0.95,0.0390922643635226,-0.0390922643635226,0.122908279269001,-0.122908279269001,-0.162000543632523,0.162000543632523,-0.729569848046834,-0.367305351873594,0.95
hpt_v2_topology2_paper,topology2,fault,deep_lvrt,lvrt_300ms_0.575pu,0.202,fault,rule_action,0,NaN,0.575,0.575,0.575,1,1,225.786167959983,854.902685804866,0.980848179751244,0.905396427819717,0.135133264923924,1.06862835725608,-0.0686283572560831,0.0191518202487557,0.174887378600402,0.497386576565626,0.111942256640217,0.0213091361417939,0,0,1,0,0,1,0,1,0,0.529166666666462,0.782394679620119,1.10522233430018,1.0515800383557,2.53835013265924,0.111074736804027,0.111074736804027,0.111074736804027,0.110740121294739,0.110740121294739,0.0218015866731415,0.0218015866731415,0.0218015866731415,-0.0234420961771081,-0.0234420961771081,0,0,0,0.95,0.95,0,0,0,0.95,0.95,-0.0300023991706682,0.0300023991706682,0.109524063412906,-0.109524063412906,-0.0795216642422379,0.0795216642422379,-0.0902991147483598,-0.901804370612157,0.95
hpt_v2_topology2_paper,topology2,fault,deep_lvrt,lvrt_300ms_0.575pu,0.204,fault,rule_action,0,NaN,0.575,0.575,0.575,1,1,200.885475747062,851.517489197973,0.996876183959048,0.877571443114867,0.0874391317122141,1.06439686149747,-0.0643968614974657,0.00312381604095191,0.220606048884157,0.431621826681233,0.0381659611007072,0.0804670401720334,0,0,1,0,0,1,0,1,0,0.545833333333122,0.782394679620119,1.10522233430018,2.28613347751683,0.104278228161947,0.0377692550148967,0.0377692550148967,0.0377692550148967,0.036682691425459,0.036682691425459,0.0810493803869339,0.0810493803869339,0.0810493803869339,-0.0815469118683887,-0.0815469118683887,0,0,0,0.95,0.95,0,0,0,0.95,0.95,0.00471063504419757,-0.00471063504419757,0.0749751192555694,-0.0749751192555694,-0.079685754299767,0.079685754299767,0.585334152298162,-0.95,0.551535868166095
hpt_v2_topology2_paper,topology2,fault,deep_lvrt,lvrt_300ms_0.575pu,0.206,fault,rule_action,0,NaN,0.575,0.575,0.575,1,1,173.741986541563,847.778833045782,0.960402122359293,0.854916879617493,0.128045749835715,1.05972354130723,-0.0597235413072275,0.039597877640707,0.157141883194086,0.372817335079851,0.0494807582977631,0.106476254393462,0,0,1,0,0,1,0,1,0,0.562499999999782,0.782394679620119,1.10522233430018,-4.07927126896979,-1.37482370426678,0.050100434209618,0.050100434209618,0.050100434209618,0.0489403504460171,0.0489403504460171,0.106298691244363,0.106298691244363,0.106298691244363,-0.106837761893807,-0.106837761893807,0,0,0,0.95,0.95,0,0,0,0.95,0.95,-0.0629349761198503,0.0629349761198503,0.117412182700071,-0.117412182700071,-0.0544772065802211,0.0544772065802211,0.95,-0.928200644677076,-0.101805197397076
hpt_v2_topology2_paper,topology2,fault,deep_lvrt,lvrt_300ms_0.575pu,0.208,fault,rule_action,0,NaN,0.575,0.575,0.575,1,1,184.803625818252,845.665276824643,0.922465124783206,0.874631838375567,0.120569693876199,1.0570815960308,-0.0570815960308035,0.0775348752167939,0.0642687023644541,0.428177927119532,0.129812831498844,0.071175501974714,0,0,1,0,0,1,0,1,0,0.579166666666442,0.782394679620119,1.10522233430018,-5,0.821559917565162,0.130575655890545,0.130575655890545,0.130575655890545,0.129812116260383,0.129812116260383,0.0705522224882569,0.0705522224882569,0.0705522224882569,-0.0719474285939346,-0.0719474285939346,0,0,0,0.95,0.95,0,0,0,0.95,0.95,-0.143458258310222,0.143458258310222,0.0387820564640949,-0.0387820564640949,0.104676201846127,-0.104676201846127,0.95,-0.363834162611377,-0.72841767948599
hpt_v2_topology2_paper,topology2,fault,deep_lvrt,lvrt_300ms_0.575pu,0.21,fault,rule_action,0,NaN,0.575,0.575,0.575,1,1,213.73196366113,831.285302698959,0.936405960691726,0.872192496472696,0.120206954970961,1.0391066283737,-0.0391066283736985,0.063594039308274,0.0858143449234174,0.507905360452826,0.164262301090434,0.0158979044924634,0,0,1,0,0,1,0,1,0,0.595833333333102,0.782394679620119,1.10522233430018,2.11881104882705,1.59541530628604,0.16412000628373,0.16412000628373,0.16412000628373,0.163906658958245,0.163906658958245,0.0156457296854743,0.0156457296854743,0.0156457296854743,-0.0177418282346524,-0.0177418282346524,0,0,0,0.95,0.95,0,0,0,0.95,0.95,-0.0434417603415522,0.0434417603415522,-0.11600977757757,0.11600977757757,0.159451537919123,-0.159451537919123,0.706496453120163,0.370773017652689,-0.95
hpt_v2_topology2_paper,topology2,fault,deep_lvrt,lvrt_300ms_0.575pu,0.212,fault,rule_action,0,NaN,0.575,0.575,0.575,1,1,221.121181688133,847.609799679451,0.978235886843872,0.878218973700584,0.152917731049158,1.05951224959931,-0.0595122495993134,0.0217641131561276,0.198540726053185,0.490073250371814,0.111181874213064,0.0236333429811116,0,0,1,0,0,1,0,1,0,0.612499999999763,0.782394679620119,1.10522233430018,-2.33682551742798,-0.859537192085202,0.11040893867258,0.11040893867258,0.11040893867258,0.110054943780303,0.110054943780303,0.0241769817886346,0.0241769817886346,0.0241769817886346,-0.0257404261178384,-0.0257404261178384,0,0,0,0.95,0.95,0,0,0,0.95,0.95,0.0281833522832733,-0.0281833522832733,-0.108882335654944,0.108882335654944,0.0806989833716707,-0.0806989833716707,0.0501429319052041,0.942841544057705,-0.95
hpt_v2_topology2_paper,topology2,fault,deep_lvrt,lvrt_300ms_0.575pu,0.214,fault,rule_action,0,NaN,0.575,0.575,0.575,1,1,202.836637126187,849.973371738946,0.994258454891931,0.872867689167871,0.112305380579749,1.06246671467368,-0.0624667146736824,0.00574154510806868,0.204975179803328,0.401357097125264,0.0446956157482602,0.0810587991487421,0,0,1,0,0,1,0,1,0,0.629166666666423,0.782394679620119,1.10522233430018,1.34053092147313,-0.026393614094733,0.0442964833231715,0.0442964833231715,0.0442964833231715,0.0432387843957134,0.0432387843957134,0.081579907878464,0.081579907878464,0.081579907878464,-0.0821454035734179,-0.0821454035734179,0,0,0,0.95,0.95,0,0,0,0.95,0.95,0.00139999139178091,-0.00139999139178091,-0.0810842284239026,0.0810842284239026,0.0796842370321217,-0.0796842370321217,-0.597855955056069,0.95,-0.565283915555164
hpt_v2_topology2_paper,topology2,fault,deep_lvrt,lvrt_300ms_0.575pu,0.216,fault,rule_action,0,NaN,0.575,0.575,0.575,1,1,176.491852890955,847.209696682229,0.962970101810241,0.868220449016298,0.128776893090275,1.05901212085279,-0.0590121208527861,0.0370298981897594,0.113156111554471,0.378412086426756,0.0506764719327322,0.111921599589248,0,0,1,0,0,1,0,1,0,0.645833333333083,0.782394679620119,1.10522233430018,-0.494734534382868,2.32907994679388,0.0511988992175587,0.0511988992175587,0.0511988992175587,0.0500287934324318,0.0500287934324318,0.111800729624722,0.111800729624722,0.111800729624722,-0.112329204810704,-0.112329204810704,0,0,0,0.95,0.95,0,0,0,0.95,0.95,0.0653650934424736,-0.0653650934424736,-0.122882886181379,0.122882886181379,0.0575177927389058,-0.0575177927389058,-0.95,0.919493803026558,0.0836923337830754
hpt_v2_topology2_paper,topology2,fault,deep_lvrt,lvrt_300ms_0.575pu,0.218,fault,rule_action,0,NaN,0.575,0.575,0.575,1,1,182.120704836701,845.172324086049,0.925047838727739,0.876928310498889,0.082413357873794,1.05646540510756,-0.056465405107561,0.0749521612722608,0.0667120926844322,0.434147610373426,0.123461629196039,0.0760265922838848,0,0,1,0,0,1,0,1,0,0.662499999999743,0.782394679620119,1.10522233430018,-5,-0.327246463470265,0.124227343026353,0.124227343026353,0.124227343026353,0.123463628793362,0.123463628793362,0.0753377488447092,0.0753377488447092,0.0753377488447092,-0.0765829061968176,-0.0765829061968176,0,0,0,0.95,0.95,0,0,0,0.95,0.95,0.141964421673835,-0.141964421673835,-0.0442290035265425,0.0442290035265425,-0.0977354181472922,0.0977354181472922,-0.95,0.33192199173867,0.72539362219453
hpt_v2_topology2_paper,topology2,fault,deep_lvrt,lvrt_300ms_0.575pu,0.22,fault,rule_action,0,NaN,0.575,0.575,0.575,1,1,223.225296519882,816.78146265975,0.942729799489579,0.821839830397855,0.0836440706575318,1.02097682832469,-0.0209768283246878,0.0572702005104211,0.0689865028145301,0.48365766521687,0.328053224120816,-0.0999257620498768,0,0,1,0,0,1,1,0,1,0,0.821839830397855,0.936317647009229,-5,-0.767733987100616,0.328482475719324,0.328482475719324,0.328482475719324,0.329726848449601,0.329726848449601,-0.101613754969433,-0.101613754969433,-0.101613754969433,0.0975002434108654,0.0975002434108654,0,0,0,0.95,0.95,0,0,0,0.95,0.95,-0.0466038426883413,0.0466038426883413,0.318328412400946,-0.318328412400946,-0.271724569712605,0.271724569712605,-0.727119273646515,-0.399685442552215,0.95
hpt_v2_topology2_paper,topology2,fault,deep_lvrt,lvrt_300ms_0.575pu,0.222,fault,rule_action,0,NaN,0.575,0.575,0.575,1,1,234.2639333625,827.447073510088,1.00461929576475,0.942772186200708,0.162034897179383,1.03430884188761,-0.0343088418876099,-0.00461929576475084,0.157278251681895,0.463366967843285,0.176825992957213,-0.15796656260008,0,0,0,0,0,1,1,0,1,0,0.815776546547312,0.954936916124342,-0.808047111757415,3.54051334556549,0.174096235459341,0.174096235459341,0.174096235459341,0.23134585223706,0.23134585223706,-0.157451429357057,-0.157451429357057,-0.157451429357057,0.0397435335671466,0.0397435335671466,0,0,0,0.95,0.95,0,0,0,0.95,0.95,-0.220328666176726,0.220328666176726,0.180284216155575,-0.180284216155575,0.0400444500211513,-0.0400444500211513,-0.0645696156177536,-0.932125970704711,0.95
hpt_v2_topology2_paper,topology2,fault,deep_lvrt,lvrt_300ms_0.575pu,0.224,fault,rule_action,0,NaN,0.575,0.575,0.575,1,1,198.227911674729,852.151857787842,1.01574046541246,0.890173179098685,0.0756822322110961,1.0651898222348,-0.0651898222348031,-0.0157404654124615,0.214839161981795,0.401231346729996,-0.036724937715692,-0.00310033140777269,0,0,1,0,0,1,1,0,1,0,0.815776546547312,0.96181105337096,0.025535516027908,-0.0695552128511245,-0.0375375354267937,-0.0375375354267937,-0.0375375354267937,-0.0311352950384118,-0.0311352950384118,-0.00104034062860393,-0.00104034062860393,-0.00104034062860393,0.0209938628511374,0.0209938628511374,0,0,0,0.95,0.95,0,0,0,0.95,0.95,0.0332582082450283,-0.0332582082450283,-0.0317297777549631,0.0317297777549631,-0.00152843049006521,0.00152843049006521,0.607388292676433,-0.95,0.519790362448795
hpt_v2_topology2_paper,topology2,fault,deep_lvrt,lvrt_300ms_0.575pu,0.226,fault,rule_action,0,NaN,0.575,0.575,0.575,1,1,174.610182607735,846.525076082645,0.967354382661347,0.865964152131153,0.122133258225168,1.05815634510331,-0.058156345103306,0.0326456173386527,0.135919240050017,0.358137884609873,0.0439869485743591,0.139193220023638,0,0,1,0,0,1,1,0,1,0,0.815776546547312,0.96181105337096,-5,-1.55899780896052,0.0461446181172496,0.0461446181172496,0.0461446181172496,0.0442373802189528,0.0442373802189528,0.139590237542456,0.139590237542456,0.139590237542456,-0.140206327923207,-0.140206327923207,0,0,0,0.95,0.95,0,0,0,0.95,0.95,-0.0680110324439037,0.0680110324439037,0.146885739238188,-0.146885739238188,-0.0788747067942848,0.0788747067942848,0.95,-0.900442351458635,-0.138298031809806
hpt_v2_topology2_paper,topology2,fault,deep_lvrt,lvrt_300ms_0.575pu,0.228,fault,rule_action,0,NaN,0.575,0.575,0.575,1,1,194.408403643163,831.572092531352,0.937646631209479,0.911985528917456,0.161888372917215,1.03946511566419,-0.0394651156641899,0.0623533687905212,0.0448413232392057,0.406734317900018,0.266203997330832,0.0799342228897397,0,0,1,0,0,1,1,0,1,0,0.815776546547312,0.96181105337096,-5,0.734135980866135,0.267883616817321,0.267883616817321,0.267883616817321,0.266832733829331,0.266832733829331,0.0781491916612025,0.0781491916612025,0.0781491916612025,-0.0816652954050496,-0.0816652954050496,0,0,0,0.95,0.95,0,0,0,0.95,0.95,-0.244143794564319,0.244143794564319,0.00503749242989722,-0.00503749242989722,0.239106302134422,-0.239106302134422,0.95,-0.327739247582268,-0.766783152586465
hpt_v2_topology2_paper,topology2,fault,deep_lvrt,lvrt_300ms_0.575pu,0.23,fault,rule_action,0,NaN,0.575,0.575,0.575,1,1,227.116988099556,771.551702512221,0.969881271093316,0.913258543747951,0.0830613042895369,0.964439628140276,0.035560371859724,0.0301187289066838,0.0746361679188617,0.483609468037613,0.288336570644131,-0.0976466276913274,0,0,1,0,0,1,1,0,1,0,0.815776546547312,0.96181105337096,0.945225642718705,1.29318810390544,0.287025885512623,0.287025885512623,0.287025885512623,0.288510272643236,0.288510272643236,-0.0986699335394415,-0.0986699335394415,-0.0986699335394415,0.0942413779520884,0.0942413779520884,0,0,0,0.95,0.95,0,0,0,0.95,0.95,0.0591339567389013,-0.0591339567389013,-0.287379104586466,0.287379104586466,0.228245147847565,-0.228245147847565,0.711713856300481,0.444193319505264,-0.95
hpt_v2_topology2_paper,topology2,fault,deep_lvrt,lvrt_300ms_0.575pu,0.232,fault,rule_action,0,NaN,0.575,0.575,0.575,1,1,223.848791459867,820.089522242552,1.01281774018389,0.908972280575235,0.206280301273632,1.02511190280319,-0.0251119028031901,-0.0128177401838914,0.207344050089017,0.438063061842625,0.0865312352305521,-0.109417728014946,0,0,1,0,0,1,1,0,1,0,0.815776546547312,0.96181105337096,-1.8946684631147,-0.297817599706374,0.0843207147008012,0.0843207147008012,0.0843207147008012,0.129228446311095,0.129228446311095,-0.10813738932981,-0.10813738932981,-0.10813738932981,0.0458659630089819,0.0458659630089819,0,0,0,0.95,0.95,0,0,0,0.95,0.95,0.135533421746886,-0.135533421746886,-0.0858160077081155,0.0858160077081155,-0.0497174140387703,0.0497174140387703,0.0164059090797092,0.95,-0.95
hpt_v2_topology2_paper,topology2,fault,deep_lvrt,lvrt_300ms_0.575pu,0.234,fault,rule_action,0,NaN,0.575,0.575,0.575,1,1,196.13666561575,850.271818398138,1.01116450236366,0.911818958380233,0.044827950419969,1.06283977299767,-0.0628397729976728,-0.0111645023636648,0.204071230757225,0.346712579258393,-0.0506037828023563,0.0599890379126123,0,0,1,0,0,1,1,0,1,0,0.815776546547312,0.96181105337096,-0.293974047611334,-1.42329328385649,-0.0508477336782767,-0.0508477336782767,-0.0508477336782767,-0.07629611200118,-0.07629611200118,0.0621918286772192,0.0621918286772192,0.0621918286772192,-0.0251439628526798,-0.0251439628526798,0,0,0,0.95,0.95,0,0,0,0.95,0.95,-0.0722627141234372,0.0722627141234372,0.00574119761065688,-0.00574119761065688,0.0665215165127803,-0.0665215165127803,-0.615911018930632,0.95,-0.536457084698662
hpt_v2_topology2_paper,topology2,fault,deep_lvrt,lvrt_300ms_0.575pu,0.236,fault,rule_action,0,NaN,0.575,0.575,0.575,1,1,177.385996152532,843.784373471635,0.966761323019237,0.926606594148834,0.142816995578422,1.05473046683954,-0.0547304668395436,0.0332386769807634,0.0897926812979063,0.356249285516142,0.0553905759703047,0.174342626000585,0,0,0,0,0,1,1,0,1,0,0.815776546547312,0.96181105337096,1.18272048592327,1.92166343185485,0.0574467512865364,0.0574467512865364,0.0574467512865364,0.055013208873183,0.055013208873183,0.174300082436641,0.174300082436641,0.174300082436641,-0.175083393902085,-0.175083393902085,0,0,0,0.95,0.95,0,0,0,0.95,0.95,0.0871918765109494,-0.0871918765109494,-0.183448247785823,0.183448247785823,0.0962563712748733,-0.0962563712748733,-0.95,0.886544881459008,0.12139003767568
hpt_v2_topology2_paper,topology2,fault,deep_lvrt,lvrt_300ms_0.575pu,0.238,fault,rule_action,0,NaN,0.575,0.575,0.575,1,1,188.932297557191,815.336795969507,0.933437785957665,0.908106472077783,0.130975253204013,1.01917099496188,-0.0191709949618832,0.0665622140423351,0.0348954174615651,0.413201441269936,0.278467800825667,0.0396773619618967,0,0,1,0,0,1,1,0,1,0,0.815776546547312,0.96181105337096,-5,-0.726322394270174,0.28033684852754,0.28033684852754,0.28033684852754,0.279837282555522,0.279837282555522,0.0376332863061489,0.0376332863061489,0.0376332863061489,-0.0411838338731907,-0.0411838338731907,0,0,0,0.95,0.95,0,0,0,0.95,0.95,0.222122215052239,-0.222122215052239,0.040596568987897,-0.040596568987897,-0.262718784040136,0.262718784040136,-0.95,0.306739120953729,0.770888727372168
hpt_v2_topology2_paper,topology2,fault,deep_lvrt,lvrt_300ms_0.575pu,0.24,fault,rule_action,0,NaN,0.575,0.575,0.575,1,1,230.675829193081,755.720255418584,0.965057250131166,0.911540719700867,0.111177047597717,0.944650319273229,0.0553496807267706,0.0349427498688345,0.0576281640542301,0.472302711684498,0.319608022098777,-0.168783599422535,0,0,1,0,0,1,1,0,1,0,0.815776546547312,0.968135487815213,-5,-0.798094250529124,0.318284829448799,0.318284829448799,0.318284829448799,0.320784474975055,0.320784474975055,-0.170133151430234,-0.170133151430234,-0.170133151430234,0.165371830998547,0.165371830998547,0,0,0,0.95,0.95,0,0,0,0.95,0.95,-0.130262201151762,0.130262201151762,0.356613022173,-0.356613022173,-0.226350821021238,0.226350821021238,-0.731928272386678,-0.464600647698572,0.95
hpt_v2_topology2_paper,topology2,fault,deep_lvrt,lvrt_300ms_0.575pu,0.242,fault,rule_action,0,NaN,0.575,0.575,0.575,1,1,225.674170265414,794.293372397051,1.01183075655213,0.899448304916622,0.178842044747601,0.992866715496314,0.00713328450368567,-0.0118307565521294,0.191189580084966,0.441795120276947,0.105200176314692,-0.243557864710138,0,0,1,0,0,1,1,0,1,0,0.815776546547312,0.968135487815213,0.953080736572853,3.58977093455337,0.102824328600151,0.102824328600151,0.102824328600151,0.217760989600058,0.217760989600058,-0.243910426514002,-0.243910426514002,-0.243910426514002,0.15048352110021,0.15048352110021,0,0,0,0.95,0.95,0,0,0,0.95,0.95,-0.262574811420115,0.262574811420115,0.102309736005541,-0.102309736005541,0.160265075414574,-0.160265075414574,-0.0182277435091819,-0.95,0.95
hpt_v2_topology2_paper,topology2,fault,deep_lvrt,lvrt_300ms_0.575pu,0.244,fault,rule_action,0,NaN,0.575,0.575,0.575,1,1,184.717451709623,859.194223557106,1.00399119397661,0.950999752948924,0.0838789583185743,1.07399277944638,-0.0739927794463824,-0.00399119397661263,0.242003195275643,0.325871271871403,-0.0337891226818245,-0.195573027471503,0,0,0,0,0,1,1,0,1,0,0.815776546547312,0.968135487815213,-1.56475141574808,0.0627598605322799,-0.0336563170470293,-0.0336563170470293,-0.0336563170470293,0.0764345434105659,0.0764345434105659,-0.194829116638001,-0.194829116638001,-0.194829116638001,0.18234278965929,0.18234278965929,0,0,0,0.95,0.95,0,0,0,0.95,0.95,-0.0463323533258665,0.0463323533258665,-0.143292028457153,0.143292028457153,0.189624381783019,-0.189624381783019,0.628339035167194,-0.95,0.496609905808195
hpt_v2_topology2_paper,topology2,fault,deep_lvrt,lvrt_300ms_0.575pu,0.246,fault,rule_action,0,NaN,0.575,0.575,0.575,1,1,174.749677596543,847.477382445924,0.948371284482723,0.917284472025061,0.121740176436326,1.05934672805741,-0.0593467280574056,0.0516287155172774,0.119380782762182,0.243075587139837,0.130538460775519,-0.177726690362668,0,0,1,0,0,1,1,0,1,0,0.815776546547312,0.968135487815213,-5,-0.712935241462764,0.133131764440833,0.133131764440833,0.133131764440833,0.136428206574919,0.136428206574919,-0.178316212186949,-0.178316212186949,-0.178316212186949,0.175806947196582,0.175806947196582,0,0,0,0.95,0.95,0,0,0,0.95,0.95,-0.089210534879123,0.089210534879123,-0.131949721229149,0.131949721229149,0.221160256108272,-0.221160256108272,0.95,-0.865475541883656,-0.172925540640725
hpt_v2_topology2_paper,topology2,fault,deep_lvrt,lvrt_300ms_0.575pu,0.248,fault,rule_action,0,NaN,0.575,0.575,0.575,1,1,204.370170504603,813.901624278789,0.933474497186051,0.905415272921583,0.15061307124738,1.01737703034849,-0.0173770303484866,0.0665255028139492,-0.00553178716204299,0.313335651445343,0.335961719164433,-0.238188599928267,0,0,1,0,0,1,1,0,1,0,0.815776546547312,0.985163832669763,-5,0.446316422646031,0.337062418744747,0.337062418744747,0.337062418744747,0.342225804794048,0.342225804794048,-0.238612751929223,-0.238612751929223,-0.238612751929223,0.231146313071099,0.231146313071099,0,0,0,0.95,0.95,0,0,0,0.95,0.95,-0.0290693545308746,0.0290693545308746,-0.342223741143072,0.342223741143072,0.371293095673947,-0.371293095673947,0.95,-0.26320428479374,-0.811463989933953
hpt_v2_topology2_paper,topology2,fault,deep_lvrt,lvrt_300ms_0.575pu,0.25,fault,rule_action,0,NaN,0.575,0.575,0.575,1,1,229.309069226062,734.097687122875,0.980361075965578,0.963594724382925,0.120324820884739,0.917622108903593,0.0823778910964069,0.0196389240344216,0.0516187636720404,0.411811778483002,0.268510547539113,-0.252757594483953,0,0,0,0,0,1,1,0,1,0,0.815776546547312,1.00707612016614,-2.79360631231162,0.573600570332289,0.266590049647399,0.266590049647399,0.266590049647399,0.273167681724242,0.273167681724242,-0.252987493224167,-0.252987493224167,-0.252987493224167,0.245870583763601,0.245870583763601,0,0,0,0.95,0.95,0,0,0,0.95,0.95,0.24638988532542,-0.24638988532542,-0.359359531522117,0.359359531522117,0.112969646196697,-0.112969646196697,0.654484252931986,0.547745767682769,-0.95
hpt_v2_topology2_paper,topology2,fault,deep_lvrt,lvrt_300ms_0.575pu,0.252,fault,rule_action,0,NaN,0.575,0.575,0.575,1,1,220.444364578616,798.871134631178,1.01910666134586,0.942760302456078,0.201815322641432,0.998588918288972,0.00141108171102799,-0.0191066613458573,0.16954752334207,0.354697333588205,0.0405740231164857,-0.242763041840803,0,0,0,0,0,1,1,0,1,0,0.815776546547312,1.00707612016614,-1.15650034197357,-0.647385845290893,0.0384524883560519,0.0384524883560519,0.0384524883560519,0.164328450659683,0.164328450659683,-0.241458311619168,-0.241458311619168,-0.241458311619168,0.181043835615963,0.181043835615963,0,0,0,0.95,0.95,0,0,0,0.95,0.95,0.21817551132141,-0.21817551132141,-0.0135099482062825,0.0135099482062825,-0.204665563115127,0.204665563115127,-0.0940210434469739,0.95,-0.95
hpt_v2_topology2_paper,topology2,fault,deep_lvrt,lvrt_300ms_0.575pu,0.254,fault,rule_action,0,NaN,0.575,0.575,0.575,1,1,189.84653496162,849.400554469944,1.00595394325982,0.954499122610025,0.0550291980772641,1.06175069308743,-0.0617506930874296,-0.00595394325982435,0.154095475869564,0.295602904218498,-0.0560469892607783,-0.0659989321827765,0,0,0,0,0,1,1,0,1,0,0.815776546547312,1.00707612016614,-5,-1.07107652330685,-0.0557804797909927,-0.0557804797909927,-0.0557804797909927,-0.0118128856630505,-0.0118128856630505,-0.0637885186318141,-0.0637885186318141,-0.0637885186318141,0.0839100278111403,0.0839100278111403,0,0,0,0.95,0.95,0,0,0,0.95,0.95,-0.0332955529496852,0.0332955529496852,0.0841302363555184,-0.0841302363555184,-0.0508346834058331,0.0508346834058331,-0.696508074916642,0.95,-0.423505322792156
hpt_v2_topology2_paper,topology2,fault,deep_lvrt,lvrt_300ms_0.575pu,0.256,fault,rule_action,0,NaN,0.575,0.575,0.575,1,1,179.024122518296,839.741494217563,0.961201274250422,0.952973481988873,0.178058996368014,1.04967686777195,-0.0496768677719543,0.0387987257495782,0.0356035964352488,0.309404946612135,0.0827832318563656,0.0625316501163163,0,0,0,0,0,1,1,0,1,0,0.815776546547312,1.00707612016614,1.52259941122723,0.969932829811393,0.0849413417467653,0.0849413417467653,0.0849413417467653,0.0832886936724625,0.0832886936724625,0.0627670073367333,0.0627670073367333,0.0627670073367333,-0.0649439932101885,-0.0649439932101885,0,0,0,0.95,0.95,0,0,0,0.95,0.95,0.0997384432381819,-0.0997384432381819,-0.0799562415135689,0.0799562415135689,-0.019782201724613,0.019782201724613,-0.95,0.790711635942901,0.240302730070772
hpt_v2_topology2_paper,topology2,fault,deep_lvrt,lvrt_300ms_0.575pu,0.258,fault,rule_action,0,NaN,0.575,0.575,0.575,1,1,197.908709300714,795.323892826018,0.936760487964439,0.913081383141137,0.125144058532257,0.994154866032522,0.0058451339674781,0.0632395120355611,-0.0222353930202476,0.369257158247835,0.285568985529735,-0.0258210550481878,0,0,1,0,0,1,1,0,1,0,0.815776546547312,1.00707612016614,-5,-1.53126071865728,0.287067700386703,0.287067700386703,0.287067700386703,0.287659715691647,0.287659715691647,-0.0274852222111329,-0.0274852222111329,-0.0274852222111329,0.0203762119518317,0.0203762119518317,0,0,0,-0.103427487117739,-0.103427487117739,0,0,0,0.95,0.95,0.149491547572069,-0.149491547572069,0.138823148197853,-0.138823148197853,-0.288314695769922,0.288314695769922,-0.95,0.173187030431785,0.862144107368357
hpt_v2_topology2_paper,topology2,fault,deep_lvrt,lvrt_300ms_0.575pu,0.26,fault,rule_action,0,NaN,0.575,0.575,0.575,1,1,228.73030984488,718.495969704857,0.972736932133004,0.924200279528002,0.0440302862486594,0.898119962131071,0.101880037868929,0.0272630678669956,0.0299725143900536,0.433228349098289,0.284186654873065,-0.191571915892231,0,0,0,0,0,1,1,0,1,0,0.815776546547312,1.00707612016614,-0.0303167993334075,0.0498390896300771,0.282695666315999,0.282695666315999,0.282695666315999,0.287600104584847,0.287600104584847,-0.192617623680335,-0.192617623680335,-0.192617623680335,0.185214925286519,0.185214925286519,0,0,0,0.95,0.95,0,0,0,0.95,0.95,-0.19419383269386,0.19419383269386,0.340982869278482,-0.340982869278482,-0.146789036584622,0.146789036584622,-0.635838934247496,-0.625137834656286,0.95
hpt_v2_topology2_paper,topology2,fault,deep_lvrt,lvrt_300ms_0.575pu,0.262,fault,rule_action,0,NaN,0.575,0.575,0.575,1,1,219.235141953437,756.557954249409,1.01170155619085,0.922792698523701,0.177151600940246,0.945697442811761,0.0543025571882386,-0.0117015561908531,0.165725591815038,0.396998863965639,0.0810452693156539,-0.238570964716061,0,0,0,0,0,1,1,0,1,0,0.815776546547312,1.00707612016614,2.29003355029533,2.85636821814605,0.0790043991169521,0.0790043991169521,0.0790043991169521,0.196013461238994,0.196013461238994,-0.238063287198129,-0.238063287198129,-0.238063287198129,0.156507337861581,0.156507337861581,0,0,0,0.95,0.95,0,0,0,0.95,0.95,-0.237542009699466,0.237542009699466,0.0490055903199571,-0.0490055903199571,0.188536419379509,-0.188536419379509,0.117268052817934,-0.95,0.95
hpt_v2_topology2_paper,topology2,fault,deep_lvrt,lvrt_300ms_0.575pu,0.264,fault,rule_action,0,NaN,0.575,0.575,0.575,1,1,188.634856485808,850.820035234177,0.998609067851182,0.931224519734882,0.0855326203194749,1.06352504404272,-0.0635250440427217,0.00139093214881847,0.194623757181547,0.291213045601372,-0.0173845555379576,-0.155717723157384,0,0,0,0,0,1,1,0,1,0,0.815776546547312,1.00707612016614,1.57507785389499,-0.650109701196166,-0.0170182407428484,-0.0170182407428484,-0.0170182407428484,-0.0131475913022229,-0.0131475913022229,-0.154635783288286,-0.154635783288286,-0.154635783288286,0.155012860221703,0.155012860221703,0,0,0,0.95,0.95,0,0,0,0.95,0.95,-0.028842293069663,0.028842293069663,-0.117970228151117,0.117970228151117,0.14681252122078,-0.14681252122078,0.72018839889486,-0.95,0.380239441419231
hpt_v2_topology2_paper,topology2,fault,deep_lvrt,lvrt_300ms_0.575pu,0.266,fault,rule_action,0,NaN,0.575,0.575,0.575,1,1,178.388501416568,845.78818864139,0.952834870243469,0.903816270763718,0.144191488436174,1.05723523580174,-0.0572352358017374,0.0471651297565312,0.0652089005335704,0.249251699492755,0.129457872547791,-0.130277206669789,0,0,1,0,0,1,1,0,1,0,0.815776546547312,1.00707612016614,-5,-0.337086982017176,0.131694459822348,0.131694459822348,0.131694459822348,0.134643374592182,0.134643374592182,-0.131211947964794,-0.131211947964794,-0.131211947964794,0.128184116469418,0.128184116469418,0,0,0,0.95,0.95,0,0,0,0.95,0.95,-0.0824662002194315,0.0824662002194315,-0.103056535323632,0.103056535323632,0.185522735543064,-0.185522735543064,0.95,-0.80682973263639,-0.264818224752728
hpt_v2_topology2_paper,topology2,fault,deep_lvrt,lvrt_300ms_0.575pu,0.268,fault,rule_action,0,NaN,0.575,0.575,0.575,1,1,204.540419459324,811.005116057089,0.937421637873709,0.947496709560447,0.128503682871688,1.01375639507136,-0.0137563950713611,0.0625783621262912,-0.0381785184609475,0.298107226888382,0.318013583864651,-0.223468302530786,0,0,0,0,0,1,1,0,1,0,0.815776546547312,1.00707612016614,-5,0.311970936978545,0.319025612799055,0.319025612799055,0.319025612799055,0.324166819416999,0.324166819416999,-0.224088725163709,-0.224088725163709,-0.224088725163709,0.216584790685716,0.216584790685716,0,0,0,-0.95,-0.95,0,0,0,0.95,0.95,0.00513742998485775,-0.00513742998485775,-0.340170594260517,0.340170594260517,0.335033164275659,-0.335033164275659,0.95,-0.159515939655333,-0.862112081521157
hpt_v2_topology2_paper,topology2,fault,deep_lvrt,lvrt_300ms_0.575pu,0.27,fault,rule_action,0,NaN,0.575,0.575,0.575,1,1,229.279538353932,722.586599066959,0.979670223093373,0.934878648445008,0.0951588132390642,0.903233248833699,0.0967667511663008,0.020329776906627,0.0198865359295999,0.39764993818934,0.261235033154051,-0.222460692821858,0,0,0,0,0,1,1,0,1,0,0.815776546547312,1.00707612016614,1.58354774867919,-0.0224581228049914,0.259471408547013,0.259471408547013,0.259471408547013,0.265094380436068,0.265094380436068,-0.221853883312261,-0.221853883312261,-0.221853883312261,0.215103525901643,0.215103525901643,0,0,0,0.756847891233485,0.756847891233485,0,0,0,0.95,0.95,0.236183925271067,-0.236183925271067,-0.33156627755009,0.33156627755009,0.0953823522790239,-0.0953823522790239,0.563146375065678,0.647437242123121,-0.95
hpt_v2_topology2_paper,topology2,fault,deep_lvrt,lvrt_300ms_0.575pu,0.272,fault,rule_action,0,NaN,0.575,0.575,0.575,1,1,220.302001967532,759.774539465512,1.01796203117209,0.903457998987758,0.144511335343751,0.949718174331891,0.0502818256681095,-0.0179620311720865,0.137377154231766,0.353125551598175,0.0435390100415048,-0.0643889483716457,0,0,1,0,0,1,1,0,1,0,0.815776546547312,1.00707612016614,-3.64060159616397,-1.11989900432252,0.0414757649496486,0.0414757649496486,0.0414757649496486,0.0685752726442392,0.0685752726442392,-0.0620368826509881,-0.0620368826509881,-0.0620368826509881,0.029432055126668,0.029432055126668,0,0,0,0.95,0.95,0,0,0,0.95,0.95,0.0741866842867393,-0.0741866842867393,-0.0301031832529742,0.0301031832529742,-0.044083501033765,0.044083501033765,-0.192839125979816,0.95,-0.944201276410502
hpt_v2_topology2_paper,topology2,fault,deep_lvrt,lvrt_300ms_0.575pu,0.274,fault,rule_action,0,NaN,0.575,0.575,0.575,1,1,196.066084148204,831.09822884393,1.0149422187237,0.924007796101386,0.0534804072261543,1.03887278605491,-0.0388727860549127,-0.0149422187236956,0.127567232286517,0.289900724807706,-0.0797373316560388,0.163886204844891,0,0,0,0,0,1,1,0,1,0,0.815776546547312,1.00707612016614,-5,0.681605155107734,-0.0799045453360897,-0.0799045453360897,-0.0799045453360897,-0.156548983795556,-0.156548983795556,0.165066810015528,0.165066810015528,0.165066810015528,-0.0955206983153297,-0.0955206983153297,0,0,0,0.95,0.95,0,0,0,0.95,0.95,-0.119755225190906,0.119755225190906,-0.0604047869073786,0.0604047869073786,0.180160012098284,-0.180160012098284,-0.761999635584204,0.95,-0.361807656825348
hpt_v2_topology2_paper,topology2,fault,deep_lvrt,lvrt_300ms_0.575pu,0.276,fault,rule_action,0,NaN,0.575,0.575,0.575,1,1,178.032584968838,829.914700514499,0.977894946050605,0.940981205591746,0.122811761620221,1.03739337564312,-0.0373933756431235,0.0221050539493952,0.00540732624753765,0.312838985368998,0.0073584725218172,0.19379513856755,0,0,0,0,0,1,1,0,1,0,0.815776546547312,1.00707612016614,0.359752061245056,0.615823602889698,0.00912814186653873,0.00912814186653873,0.00912814186653873,0.00623676202548239,0.00623676202548239,0.192902967770826,0.192902967770826,0.192902967770826,-0.193018083992577,-0.193018083992577,0,0,0,0.95,0.95,0,0,0,0.95,0.95,0.0714590780122512,-0.0714590780122512,-0.19110443591285,0.19110443591285,0.119645357900599,-0.119645357900599,-0.95,0.751027355470535,0.285053181128378
hpt_v2_topology2_paper,topology2,fault,deep_lvrt,lvrt_300ms_0.575pu,0.278,fault,rule_action,0,NaN,0.575,0.575,0.575,1,1,187.505707394201,778.892057999413,0.937943864216777,0.885185602533755,0.0883704895840064,0.973615072499266,0.0263849275007343,0.0620561357832229,-0.0397742805509998,0.36948631196014,0.230894381238473,-0.0158964648366601,0,0,1,0,0,1,1,0,1,0,0.815776546547312,1.00707612016614,-4.73766168013812,-1.72282540306246,0.233024969035249,0.233024969035249,0.233024969035249,0.233210464516726,0.233210464516726,-0.0189171101738671,-0.0189171101738671,-0.0189171101738671,0.0164733873596678,0.0164733873596678,0,0,0,-0.95,-0.95,0,0,0,0.95,0.95,0.121384936137667,-0.121384936137667,0.112348402529842,-0.112348402529842,-0.233733338667509,0.233733338667509,-0.95,0.146751121117501,0.89042049898691
hpt_v2_topology2_paper,topology2,fault,deep_lvrt,lvrt_300ms_0.575pu,0.28,fault,rule_action,0,NaN,0.575,0.575,0.575,1,1,223.030540807861,702.580662547566,0.959362532630733,0.91147670173791,0.051814949509429,0.878225828184457,0.121774171815543,0.0406374673692674,0.00964262572979334,0.437200270407792,0.31167573594344,-0.194697001471803,0,0,1,0,0,1,1,0,1,0,0.815776546547312,1.00707612016614,-2.18590169389887,-0.0108224145295432,0.310938592743864,0.310938592743864,0.310938592743864,0.312976971658335,0.312976971658335,-0.195701041452179,-0.195701041452179,-0.195701041452179,0.192424326150775,0.192424326150775,0,0,0,0.95,0.95,0,0,0,0.95,0.95,-0.200543944921461,0.200543944921461,0.366866935239015,-0.366866935239015,-0.166322990317554,0.166322990317554,-0.623391736914894,-0.654855619153004,0.95
hpt_v2_topology2_paper,topology2,fault,deep_lvrt,lvrt_300ms_0.575pu,0.282,fault,rule_action,0,NaN,0.575,0.575,0.575,1,1,221.511479555804,722.400825309643,1.00302113816323,0.919321099894328,0.163620041853311,0.903001031637053,0.0969989683629469,-0.00302113816322969,0.156729879737112,0.392923401847851,0.140826906131814,-0.240806466132222,0,0,1,0,0,1,1,0,1,0,0.815776546547312,1.00707612016614,0.137294982773817,2.73530213806494,0.138716882574768,0.138716882574768,0.138716882574768,0.24530516521406,0.24530516521406,-0.240385531326513,-0.240385531326513,-0.240385531326513,0.129818924281842,0.129818924281842,0,0,0,0.95,0.95,0,0,0,0.95,0.95,-0.275048117401864,0.275048117401864,0.105398014405663,-0.105398014405663,0.169650102996201,-0.169650102996201,0.144318578370099,-0.95,0.95
hpt_v2_topology2_paper,topology2,fault,deep_lvrt,lvrt_300ms_0.575pu,0.284,fault,rule_action,0,NaN,0.575,0.575,0.575,1,1,190.42371569506,833.27753718082,1.0002572401352,0.928162825086263,0.0871712301521428,1.04159692147602,-0.0415969214760248,-0.000257240135201675,0.197837339832177,0.290658379508225,0.00790927136547504,-0.142780165880801,0,0,0,0,0,1,1,0,1,0,0.815776546547312,1.00707612016614,-2.21823297880963,1.15980913254088,0.0078025544764324,0.0078025544764324,0.0078025544764324,0.00905698210036762,0.00905698210036762,-0.141461421538427,-0.141461421538427,-0.141461421538427,0.141386649706625,0.141386649706625,0,0,0,0.95,0.95,0,0,0,0.95,0.95,-0.0474212086910488,0.0474212086910488,-0.0919076552622582,0.0919076552622582,0.139328863953307,-0.139328863953307,0.753581720552492,-0.95,0.367937731501662
hpt_v2_topology2_paper,topology2,fault,deep_lvrt,lvrt_300ms_0.575pu,0.286,fault,rule_action,0,NaN,0.575,0.575,0.575,1,1,177.917999856201,846.33760886482,0.958025627001848,0.924041404101701,0.129942912332004,1.05792201108102,-0.0579220110810248,0.0419743729981523,0.0623614541330061,0.243820045504121,0.117691300810485,-0.0958159471567952,0,0,0,0,0,1,1,0,1,0,0.815776546547312,1.00707612016614,-5,-0.33615708199819,0.11965270224863,0.11965270224863,0.11965270224863,0.120257711621059,0.120257711621059,-0.0964682050981238,-0.0964682050981238,-0.0964682050981238,0.0957129382367887,0.0957129382367887,0,0,0,0.95,0.95,0,0,0,0.95,0.95,-0.0812355998288724,0.0812355998288724,-0.072376650405136,0.072376650405136,0.153612250234008,-0.153612250234008,0.95,-0.789233821010116,-0.27915300415059
hpt_v2_topology2_paper,topology2,fault,deep_lvrt,lvrt_300ms_0.575pu,0.288,fault,rule_action,0,NaN,0.575,0.575,0.575,1,1,203.440499254961,807.90021073836,0.940205866075719,0.934867374601236,0.123922533205148,1.00987526342295,-0.00987526342294953,0.0597941339242815,-0.0446576928089502,0.301870110529216,0.298494607043624,-0.200911770769738,0,0,0,0,0,1,1,0,1,0,0.815776546547312,1.00707612016614,-5,0.302117625885057,0.299536027403127,0.299536027403127,0.299536027403127,0.300835846946733,0.300835846946733,-0.201832947159475,-0.201832947159475,-0.201832947159475,0.1998903786163,0.1998903786163,0,0,0,-0.95,-0.95,0,0,0,0.95,0.95,-0.000882407214894798,0.000882407214894798,-0.312357763337418,0.312357763337418,0.313240170552313,-0.313240170552313,0.95,-0.145301052598588,-0.872230176840741
hpt_v2_topology2_paper,topology2,fault,deep_lvrt,lvrt_300ms_0.575pu,0.29,fault,rule_action,0,NaN,0.575,0.575,0.575,1,1,227.57454315906,721.425860347912,0.979591386708559,0.977463205442658,0.102008072366588,0.90178232543489,0.0982176745651102,0.0204086132914406,0.0125387794399488,0.395952402067967,0.251972686195849,-0.239813330816844,0,0,0,0,0,1,1,0,1,0,0.815776546547312,1.00707612016614,-1.85925327038883,-0.094723873490965,0.250158254666424,0.250158254666424,0.250158254666424,0.252247332391346,0.252247332391346,-0.239303302031189,-0.239303302031189,-0.239303302031189,0.237100202535197,0.237100202535197,0,0,0,0.95,0.95,0,0,0,0.95,0.95,0.25334067623912,-0.25334067623912,-0.330993105763343,0.330993105763343,0.0776524295242223,-0.0776524295242223,0.555943683680459,0.644765651446927,-0.95
hpt_v2_topology2_paper,topology2,fault,deep_lvrt,lvrt_300ms_0.575pu,0.292,fault,rule_action,0,NaN,0.575,0.575,0.575,1,1,222.050925633811,759.21815994443,1.01637106063681,0.940719610845242,0.142612893513729,0.949022699930538,0.0509773000694619,-0.0163710606368057,0.126766990302302,0.347742939147082,0.0473682525978639,-0.122043456881304,0,0,0,0,0,1,1,0,1,0,0.815776546547312,1.00707612016614,-0.912618241745489,-1.16545416378611,0.0453889738062367,0.0453889738062367,0.0453889738062367,0.10217631612818,0.10217631612818,-0.120039396456134,-0.120039396456134,-0.120039396456134,0.0776506024909685,0.0776506024909685,0,0,0,0.95,0.95,0,0,0,0.95,0.95,0.121121664943699,-0.121121664943699,-0.0238270817172377,0.0238270817172377,-0.097294583226461,0.097294583226461,-0.193580274619969,0.95,-0.93350059544094
hpt_v2_topology2_paper,topology2,fault,deep_lvrt,lvrt_300ms_0.575pu,0.294,fault,rule_action,0,NaN,0.575,0.575,0.575,1,1,195.736771547727,839.085925215854,1.01006316036626,0.924677610937596,0.0772936221033336,1.04885740651982,-0.048857406519818,-0.0100631603662633,0.122131531413272,0.267335663151647,-0.0609210849675114,0.120762160262781,0,0,0,0,0,1,1,0,1,0,0.815776546547312,1.00707612016614,-5,0.635116240681466,-0.0609291565936096,-0.0609291565936096,-0.0609291565936096,-0.116268592961252,-0.116268592961252,0.122183006785178,0.122183006785178,0.122183006785178,-0.0715727850588918,-0.0715727850588918,0,0,0,0.95,0.95,0,0,0,0.95,0.95,-0.0900310972367068,0.0900310972367068,-0.0438753288690054,0.0438753288690054,0.133906426105712,-0.133906426105712,-0.754312449428935,0.95,-0.360501766792603
hpt_v2_topology2_paper,topology2,fault,deep_lvrt,lvrt_300ms_0.575pu,0.296,fault,rule_action,0,NaN,0.575,0.575,0.575,1,1,179.554265597954,827.130605555504,0.973659443224802,0.955692996943735,0.166263229039986,1.03391325694438,-0.0339132569443796,0.0263405567751975,-0.0111514394976199,0.294370139404585,0.0359527773027929,0.191865504882603,0,0,0,0,0,1,1,0,1,0,0.815776546547312,1.00707612016614,0.247971992574647,0.412498596325861,0.0376974440867193,0.0376974440867193,0.0376974440867193,0.0375848083620663,0.0375848083620663,0.19160886386997,0.19160886386997,0.19160886386997,-0.191630989624848,-0.191630989624848,0,0,0,0.306293229162381,0.306293229162381,0,0,0,0.95,0.95,0.0993384470307536,-0.0993384470307536,-0.195272091650924,0.195272091650924,0.0959336446201708,-0.0959336446201708,-0.95,0.744614795468072,0.292845878459894
hpt_v2_topology2_paper,topology2,fault,deep_lvrt,lvrt_300ms_0.575pu,0.298,fault,rule_action,0,NaN,0.575,0.575,0.575,1,1,188.633875720067,761.18293666592,0.940507116019844,0.894250518146342,0.0733605670810087,0.9514786708324,0.0485213291675997,0.0594928839801557,-0.05330929173718,0.367381685106151,0.237393096815033,0.0297737790261705,0,0,1,0,0,1,1,0,1,0,0.815776546547312,1.00707612016614,-2.47855987542434,-1.85583290775682,0.2392247370723,0.2392247370723,0.2392247370723,0.239305426054061,0.239305426054061,0.0272322749123474,0.0272322749123474,0.0272322749123474,-0.0265138583630722,-0.0265138583630722,0,0,0,-0.95,-0.95,0,0,0,0.95,0.95,0.160837147356409,-0.160837147356409,0.0747462185294652,-0.0747462185294652,-0.235583365885874,0.235583365885874,-0.95,0.131095203354071,0.913717105360516
hpt_v2_topology2_paper,topology2,fault,deep_lvrt,lvrt_300ms_0.575pu,0.3,fault,rule_action,0,NaN,0.575,0.575,0.575,1,1,221.746783269186,677.740453184565,0.962303022256932,0.901207306337834,0.0709206780619352,0.847175566480706,0.152824433519294,0.0376969777430677,0.00974983565281171,0.43853084201846,0.298118371664228,-0.165189071739349,0,0,1,0,0,1,1,0,1,0,0.815776546547312,1.00707612016614,-3.36025973239862,-0.0131086575816397,0.297294586836418,0.297294586836418,0.297294586836418,0.29683942077258,0.29683942077258,-0.166330951054579,-0.166330951054579,-0.166330951054579,0.167141900540698,0.167141900540698,0,0,0,0.95,0.95,0,0,0,0.95,0.95,-0.172455853295442,0.172455853295442,0.340652328934184,-0.340652328934184,-0.168196475638742,0.168196475638742,-0.632495198861479,-0.691100679324409,0.95
hpt_v2_topology2_paper,topology2,fault,deep_lvrt,lvrt_300ms_0.575pu,0.302,fault,rule_action,0,NaN,0.575,0.575,0.575,1,1,220.600461464584,700.177244950116,1.00260168821983,0.914374349834011,0.151670043634233,0.875221556187644,0.124778443812356,-0.00260168821983275,0.157168559862153,0.389808692336886,0.132857541876696,-0.227457780614199,0,0,1,0,0,1,1,0,1,0,0.815776546547312,1.00707612016614,-0.718187137621062,2.72422391116089,0.130867341006171,0.130867341006171,0.130867341006171,0.230398951902241,0.230398951902241,-0.227910433138331,-0.227910433138331,-0.227910433138331,0.126434763564757,0.126434763564757,0,0,0,0.95,0.95,0,0,0,0.95,0.95,-0.260331723026669,0.260331723026669,0.0989790799228999,-0.0989790799228999,0.161352643103769,-0.161352643103769,0.160912694103252,-0.95,0.95
hpt_v2_topology2_paper,topology2,fault,deep_lvrt,lvrt_300ms_0.575pu,0.304,fault,rule_action,0,NaN,0.575,0.575,0.575,1,1,188.046697118692,816.007085543063,0.996371608083468,0.922569085341153,0.0639257676730197,1.02000885692883,-0.0200088569288284,0.0036283919165323,0.205517068683039,0.275976060582017,0.0158053083566404,-0.189730522892578,0,0,0,0,0,1,1,0,1,0,0.815776546547312,1.00707612016614,-1.8366452437476,1.26309513677891,0.0158967598679316,0.0158967598679316,0.0158967598679316,0.0152092077981433,0.0152092077981433,-0.189190083765743,-0.189190083765743,-0.189190083765743,0.189246597770582,0.189246597770582,0,0,0,0.95,0.95,0,0,0,0.95,0.95,-0.068779848311588,0.068779848311588,-0.118862140844541,0.118862140844541,0.187641989156129,-0.187641989156129,0.770282269300219,-0.95,0.382246392807286
hpt_v2_topology2_paper,topology2,fault,deep_lvrt,lvrt_300ms_0.575pu,0.306,fault,rule_action,0,NaN,0.575,0.575,0.575,1,1,176.521842807937,846.78616426797,0.95207536801192,0.904740791441528,0.137045739699045,1.05848270533496,-0.0584827053349621,0.0479246319880803,0.0661961358878178,0.226470005575136,0.14369543568653,-0.197836181333636,0,0,1,0,0,1,1,0,1,0,0.815776546547312,1.00707612016614,-5,-0.301436421856316,0.145786271010892,0.145786271010892,0.145786271010892,0.144821778218989,0.144821778218989,-0.198701730895845,-0.198701730895845,-0.198701730895845,0.199405785346754,0.199405785346754,0,0,0,0.95,0.95,0,0,0,0.95,0.95,-0.0715205452285786,0.0715205452285786,-0.168483747407974,0.168483747407974,0.240004292636552,-0.240004292636552,0.95,-0.78581653207966,-0.288421316989649
hpt_v2_topology2_paper,topology2,fault,deep_lvrt,lvrt_300ms_0.575pu,0.308,fault,rule_action,0,NaN,0.575,0.575,0.575,1,1,202.962070356334,807.727778146149,0.93935176221175,0.925999302380607,0.119982263703509,1.00965972268269,-0.00965972268268622,0.0606482377882498,-0.042053355208735,0.283711623300932,0.309663481874398,-0.250390003348416,0,0,0,0,0,1,1,0,1,0,0.815776546547312,1.00707612016614,-5,0.276993371077783,0.310605998864864,0.310605998864864,0.310605998864864,0.309919768521483,0.309919768521483,-0.250651469970438,-0.250651469970438,-0.250651469970438,0.251499469201769,0.251499469201769,0,0,0,-0.95,-0.95,0,0,0,0.95,0.95,0.0375376522470122,-0.0375376522470122,-0.362890720144684,0.362890720144684,0.325353067897672,-0.325353067897672,0.95,-0.137631520118126,-0.877421170205638
hpt_v2_topology2_paper,topology2,fault,deep_lvrt,lvrt_300ms_0.575pu,0.31,fault,rule_action,0,NaN,0.575,0.575,0.575,1,1,229.945478903398,718.814585143454,0.983145422009178,0.970613165969413,0.142466857798899,0.898518231429317,0.101481768570683,0.016854577990822,0.00778364302416832,0.380366639158855,0.243167946953114,-0.220899060067025,0,0,0,0,0,1,1,0,1,0,0.815776546547312,1.00707612016614,-0.988368581087751,-0.175088838311299,0.241184118941097,0.241184118941097,0.241184118941097,0.241346732747365,0.241346732747365,-0.220000696694787,-0.220000696694787,-0.220000696694787,0.219822292699711,0.219822292699711,0,0,0,0.492155572445019,0.492155572445019,0,0,0,0.95,0.95,0.236403066838021,-0.236403066838021,-0.313170138132365,0.313170138132365,0.0767670712943448,-0.0767670712943448,0.541243457772251,0.656398894747959,-0.95
hpt_v2_topology2_paper,topology2,fault,deep_lvrt,lvrt_300ms_0.575pu,0.312,fault,rule_action,0,NaN,0.575,0.575,0.575,1,1,221.188347975706,752.792209561503,1.02047799433903,0.914359170789071,0.152055341016705,0.940990261951879,0.0590097380481208,-0.0204779943390287,0.121325003260847,0.341202731415392,0.0259020150733891,-0.0492278028548323,0,0,1,0,0,1,1,0,1,0,0.815776546547312,1.00707612016614,-4.33392846037273,-1.19907093231175,0.023844040523248,0.023844040523248,0.023844040523248,0.0447555892646164,0.0447555892646164,-0.0466312187425726,-0.0466312187425726,-0.0466312187425726,0.0272019495527231,0.0272019495527231,0,0,0,0.95,0.95,0,0,0,0.95,0.95,0.0509167872601528,-0.0509167872601528,-0.0148344958638508,0.0148344958638508,-0.036082291396302,0.036082291396302,-0.216412052436863,0.95,-0.927917270917019
hpt_v2_topology2_paper,topology2,fault,deep_lvrt,lvrt_300ms_0.575pu,0.314,fault,rule_action,0,NaN,0.575,0.575,0.575,1,1,194.621826680692,820.632670510321,1.01397105799784,0.953281477991358,0.0807114927883478,1.0257908381379,-0.0257908381379013,-0.0139710579978378,0.121023602964768,0.272748557916528,-0.0830331190533177,0.166163574911937,0,0,0,0,0,1,1,0,1,0,0.815776546547312,1.00707612016614,-5,0.640482530759989,-0.0830946685398201,-0.0830946685398201,-0.0830946685398201,-0.158303327097009,-0.158303327097009,0.167548060579778,0.167548060579778,0.167548060579778,-0.0995848039301422,-0.0995848039301422,0,0,0,0.95,0.95,0,0,0,0.95,0.95,-0.122348593837195,0.122348593837195,-0.0613243708185923,0.0613243708185923,0.183672964655787,-0.183672964655787,-0.777110317385058,0.95,-0.355659435132892
hpt_v2_topology2_paper,topology2,fault,deep_lvrt,lvrt_300ms_0.575pu,0.316,fault,rule_action,0,NaN,0.575,0.575,0.575,1,1,177.489836165328,820.939848041225,0.974533105885976,0.984294285168475,0.122719150339734,1.02617481005153,-0.0261748100515313,0.0254668941140237,-0.0187322988149529,0.282173366040987,0.0178731258017803,0.183207792196856,0,0,0,0,0,1,1,0,1,0,0.815776546547312,1.00707612016614,0.584344660671032,0.319224272413709,0.0195360867665371,0.0195360867665371,0.0195360867665371,0.020785155476161,0.020785155476161,0.182333226424491,0.182333226424491,0.182333226424491,-0.182195064302923,-0.182195064302923,0,0,0,0.541855181668722,0.541855181668722,0,0,0,0.95,0.95,0.0792242416753547,-0.0792242416753547,-0.182835504950082,0.182835504950082,0.103611263274728,-0.103611263274728,-0.95,0.747260464069708,0.282500903988476
hpt_v2_topology2_paper,topology2,fault,deep_lvrt,lvrt_300ms_0.575pu,0.318,fault,rule_action,0,NaN,0.575,0.575,0.575,1,1,188.933945305634,752.256720867897,0.936954998342219,0.897736296789111,0.0839370453698543,0.940320901084871,0.059679098915129,0.0630450016577814,-0.0659683317713565,0.359123413948283,0.242084321648035,-0.000590655371634672,0,0,1,0,0,1,1,0,1,0,0.815776546547312,1.00707612016614,-1.24584535564165,-1.92778004692151,0.244128959756242,0.244128959756242,0.244128959756242,0.244082423952324,0.244082423952324,-0.00341942969064889,-0.00341942969064889,-0.00341942969064889,0.00586615791058691,0.00586615791058691,0,0,0,-0.95,-0.95,0,0,0,0.95,0.95,0.138913545517195,-0.138913545517195,0.104426093769957,-0.104426093769957,-0.243339639287152,0.243339639287152,-0.95,0.137094625296428,0.91495718106538
hpt_v2_topology2_paper,topology2,fault,deep_lvrt,lvrt_300ms_0.575pu,0.32,fault,rule_action,0,NaN,0.575,0.575,0.575,1,1,220.671087682141,663.203454655297,0.958237825166938,0.921554780542582,0.0341159963498037,0.829004318319121,0.170995681680879,0.0417621748330623,0.00495259888486544,0.435365579408058,0.280470646391822,-0.174080600153972,0,0,0,0,0,1,1,0,1,0,0.815776546547312,1.00707612016614,-3.20855979715884,-0.0233866266615701,0.279019916306284,0.279019916306284,0.279019916306284,0.277443957089544,0.277443957089544,-0.174209741401209,-0.174209741401209,-0.174209741401209,0.176708795392694,0.176708795392694,0,0,0,0.95,0.95,0,0,0,0.95,0.95,-0.179893168391459,0.179893168391459,0.32844123140095,-0.32844123140095,-0.148548063009492,0.148548063009492,-0.649594006671805,-0.704969881144639,0.95
hpt_v2_topology2_paper,topology2,fault,deep_lvrt,lvrt_300ms_0.575pu,0.322,fault,rule_action,0,NaN,0.575,0.575,0.575,1,1,216.642396334109,693.308999277134,0.996713819474353,0.959619554257368,0.150796758257028,0.866636249096418,0.133363750903582,0.00328618052564655,0.162860942769332,0.389502073595937,0.0836554810257398,-0.198547646738797,0,0,0,0,0,1,1,0,1,0,0.815776546547312,1.00707612016614,2.57721497036556,2.7724783252735,0.0816115257415724,0.0816115257415724,0.0816115257415724,0.0800120068117227,0.0800120068117227,-0.199302597297928,-0.199302597297928,-0.199302597297928,0.199950106750479,0.199950106750479,0,0,0,0.95,0.95,0,0,0,0.95,0.95,-0.207598042320024,0.207598042320024,0.0541626994152909,-0.0541626994152909,0.153435342904733,-0.153435342904733,0.162008975497743,-0.95,0.95
hpt_v2_topology2_paper,topology2,fault,deep_lvrt,lvrt_300ms_0.575pu,0.324,fault,rule_action,0,NaN,0.575,0.575,0.575,1,1,187.759651088047,815.744255956861,0.986578824428218,0.898556947030844,0.0793127274662966,1.01968031994608,-0.0196803199460762,0.0134211755717819,0.208802701962575,0.281216448364994,-0.0225186202548741,-0.15117602007952,0,0,1,0,0,1,1,0,1,0,0.815776546547312,1.00707612016614,2.30351815869512,1.29295860010004,-0.0222993302887708,-0.0222993302887708,-0.0222993302887708,-0.0236747866362546,-0.0236747866362546,-0.150377429162393,-0.150377429162393,-0.150377429162393,0.150167026375786,0.150167026375786,0,0,0,0.95,0.95,0,0,0,0.95,0.95,-0.0217304561987869,0.0217304561987869,-0.119437549901147,0.119437549901147,0.141168006099933,-0.141168006099933,0.776176337235464,-0.95,0.380334796899927
hpt_v2_topology2_paper,topology2,fault,deep_lvrt,lvrt_300ms_0.575pu,0.326,fault,rule_action,0,NaN,0.575,0.575,0.575,1,1,176.511457572573,846.623282560862,0.943697225504481,0.905348325564708,0.158056819704702,1.05827910320108,-0.0582791032010774,0.0563027744955191,0.0587749879736772,0.224109920794475,0.108901781348505,-0.150409482431624,0,0,1,0,0,1,1,0,1,0,0.815776546547312,1.00707612016614,-5,-0.303477855203349,0.110955169501082,0.110955169501082,0.110955169501082,0.109349293395669,0.109349293395669,-0.15161246676601,-0.15161246676601,-0.15161246676601,0.152774741864473,0.152774741864473,0,0,0,0.95,0.95,0,0,0,0.95,0.95,-0.0559094875899216,0.0559094875899216,-0.127379216389188,0.127379216389188,0.183288703979109,-0.183288703979109,0.95,-0.801189280970682,-0.269868272277405
hpt_v2_topology2_paper,topology2,fault,deep_lvrt,lvrt_300ms_0.575pu,0.328,fault,rule_action,0,NaN,0.575,0.575,0.575,1,1,203.092187834378,806.480301788876,0.930006779218968,0.933118300091125,0.112407326325841,1.00810037723609,-0.00810037723609458,0.0699932207810323,-0.0565075487419941,0.281894000670673,0.284118639459155,-0.234417443417569,0,0,0,0,0,1,1,0,1,0,0.815776546547312,1.00707612016614,-5,0.255234955448991,0.284981325649421,0.284981325649421,0.284981325649421,0.282937221083349,0.282937221083349,-0.234891877505334,-0.234891877505334,-0.234891877505334,0.237350119048874,0.237350119048874,0,0,0,-0.95,-0.95,0,0,0,0.95,0.95,0.0334068372751684,-0.0334068372751684,-0.335222491822558,0.335222491822558,0.301815654547389,-0.301815654547389,0.95,-0.150357503421493,-0.864039862029209
hpt_v2_topology2_paper,topology2,fault,deep_lvrt,lvrt_300ms_0.575pu,0.33,fault,rule_action,0,NaN,0.575,0.575,0.575,1,1,224.42774253955,716.673508920951,0.97183485002043,0.947744855797175,0.119074591791267,0.895841886151188,0.104158113848812,0.0281651499795699,0.000782394635750006,0.393290396667694,0.217640245779976,-0.242568536114041,0,0,0,0,0,1,1,0,1,0,0.815776546547312,1.00707612016614,-0.986792194751507,-0.19281899993584,0.215891844901362,0.215891844901362,0.215891844901362,0.214709698489786,0.214709698489786,-0.242436035074255,-0.242436035074255,-0.242436035074255,0.243483603496959,0.243483603496959,0,0,0,0.295501065298412,0.295501065298412,0,0,0,0.95,0.95,0.253964892877072,-0.253964892877072,-0.302096023118165,0.302096023118165,0.0481311302410937,-0.0481311302410937,0.544870136049059,0.656472919533103,-0.95
hpt_v2_topology2_paper,topology2,fault,deep_lvrt,lvrt_300ms_0.575pu,0.332,fault,rule_action,0,NaN,0.575,0.575,0.575,1,1,216.258544498747,760.710496862675,1.00626931285596,0.937862522084206,0.17812383689684,0.950888121078344,0.0491118789216565,-0.00626931285595944,0.118929880268389,0.349669803451068,0.0125035011392173,-0.128070624832318,0,0,0,0,0,1,1,0,1,0,0.815776546547312,1.00707612016614,-3.32356776822096,-1.22295627200508,0.010610693911814,0.010610693911814,0.010610693911814,0.0746056546461417,0.0746056546461417,-0.126002081853792,-0.126002081853792,-0.126002081853792,0.102093622482506,0.102093622482506,0,0,0,0.95,0.95,0,0,0,0.95,0.95,0.103566602550965,-0.103566602550965,0.0110442620993841,-0.0110442620993841,-0.114610864650349,0.114610864650349,-0.209167369501901,0.95,-0.914189897364535
hpt_v2_topology2_paper,topology2,fault,deep_lvrt,lvrt_300ms_0.575pu,0.334,fault,rule_action,0,NaN,0.575,0.575,0.575,1,1,193.272875108291,843.115027857688,0.997414326301918,0.940021159647276,0.0679529142023711,1.05389378482211,-0.0538937848221095,0.00258567369808238,0.112635423617621,0.276137658880239,-0.0829973963363159,0.107326799720016,0,0,0,0,0,1,1,0,1,0,0.815776546547312,1.00707612016614,-5,0.634798275526371,-0.0828763958933414,-0.0828763958933414,-0.0828763958933414,-0.0823542771684528,-0.0823542771684528,0.109113010685923,0.109113010685923,0.109113010685923,-0.109507621329649,-0.109507621329649,0,0,0,0.95,0.95,0,0,0,0.95,0.95,-0.108264918976096,0.108264918976096,-0.0185974522555841,0.0185974522555841,0.12686237123168,-0.12686237123168,-0.755051739422695,0.95,-0.338733178462869
hpt_v2_topology2_paper,topology2,fault,deep_lvrt,lvrt_300ms_0.575pu,0.336,fault,rule_action,0,NaN,0.575,0.575,0.575,1,1,178.423525587983,830.504436473029,0.959343114016896,0.969145209196959,0.144239214221572,1.03813054559129,-0.0381305455912857,0.040656885983104,-0.0186442458869394,0.284000721918043,0.0249983232610148,0.17401714636893,0,0,0,0,0,1,1,0,1,0,0.815776546547312,1.00707612016614,-0.904102643097371,0.333104685926511,0.0268633462140119,0.0268633462140119,0.0268633462140119,0.0284576806808532,0.0284576806808532,0.174148171674755,0.174148171674755,0.174148171674755,-0.173894754025935,-0.173894754025935,0,0,0,0.478348902437044,0.478348902437044,0,0,0,0.95,0.95,0.082888458320734,-0.082888458320734,-0.17610694266531,0.17610694266531,0.0932184843445756,-0.0932184843445756,-0.95,0.73409670224865,0.290704777280796
hpt_v2_topology2_paper,topology2,fault,deep_lvrt,lvrt_300ms_0.575pu,0.338,fault,rule_action,0,NaN,0.575,0.575,0.575,1,1,190.045564392958,759.306731930794,0.930444889255171,0.937532620013185,0.110899409456134,0.949133414913492,0.0508665850865079,0.069555110744829,-0.0731976181505476,0.36008375708103,0.221711061075526,0.0207047245336005,0,0,0,0,0,1,1,0,1,0,0.815776546547312,1.00707612016614,-4.03414493256959,-1.98995103914612,0.223370453923937,0.223370453923937,0.223370453923937,0.223565514417692,0.223565514417692,0.0183516048178412,0.0183516048178412,0.0183516048178412,-0.0157987926351512,-0.0157987926351512,0,0,0,-0.95,-0.95,0,0,0,0.95,0.95,0.144734545243888,-0.144734545243888,0.0758295201030179,-0.0758295201030179,-0.220564065346906,0.220564065346906,-0.95,0.126539738629837,0.906257449030604
hpt_v2_topology2_paper,topology2,fault,deep_lvrt,lvrt_300ms_0.575pu,0.34,fault,rule_action,0,NaN,0.575,0.575,0.575,1,1,220.543578018184,670.534141418987,0.954264877174554,0.937923065521942,0.0711989397475941,0.838167676773734,0.161832323226266,0.0457351228254457,-0.00492811734895101,0.442835438699765,0.26608724390973,-0.161046685193073,0,0,0,0,0,1,1,0,1,0,0.815776546547312,1.00707612016614,0.795655301830567,-0.044896058942423,0.265163544920838,0.265163544920838,0.265163544920838,0.263500729005319,0.263500729005319,-0.161807779895852,-0.161807779895852,-0.161807779895852,0.164501759879567,0.164501759879567,0,0,0,0.95,0.95,0,0,0,0.95,0.95,-0.166430179550436,0.166430179550436,0.310362275303598,-0.310362275303598,-0.143932095753162,0.143932095753162,-0.619274578555742,-0.703101518121603,0.95
hpt_v2_topology2_paper,topology2,fault,deep_lvrt,lvrt_300ms_0.575pu,0.342,fault,rule_action,0,NaN,0.575,0.575,0.575,1,1,219.515192446575,697.827067476479,0.992985287095597,0.940786806960097,0.156040769546401,0.872283834345599,0.127716165654401,0.00701471290440259,0.150867934854915,0.395662744815199,0.1000582816052,-0.209941434956381,0,0,0,0,0,1,1,0,1,0,0.815776546547312,1.00707612016614,3.4357195817426,2.7024639697234,0.0981104755582961,0.0981104755582961,0.0981104755582961,0.0962348192866966,0.0962348192866966,-0.210576854395526,-0.210576854395526,-0.210576854395526,0.211440621873486,0.211440621873486,0,0,0,0.95,0.95,0,0,0,0.95,0.95,-0.226795911012391,0.226795911012391,0.0698213697394471,-0.0698213697394471,0.156974541272944,-0.156974541272944,0.174799461393383,-0.95,0.95
hpt_v2_topology2_paper,topology2,fault,deep_lvrt,lvrt_300ms_0.575pu,0.344,fault,rule_action,0,NaN,0.575,0.575,0.575,1,1,188.080024180113,814.254680386419,0.985694206646828,0.927950167443006,0.0907498884501504,1.01781835048302,-0.0178183504830243,0.0143057933531718,0.203766735831995,0.291087853973308,-0.0107786879729806,-0.164742663188034,0,0,0,0,0,1,1,0,1,0,0.815776546547312,1.00707612016614,0.636718971371408,1.2360442040118,-0.0106388873713842,-0.0106388873713842,-0.0106388873713842,-0.0122025566349275,-0.0122025566349275,-0.163767070763685,-0.163767070763685,-0.163767070763685,0.163657987897292,0.163657987897292,0,0,0,0.95,0.95,0,0,0,0.95,0.95,-0.0372396027037018,0.0372396027037018,-0.119798183520481,0.119798183520481,0.157037786224182,-0.157037786224182,0.784018148590369,-0.95,0.371532240320148
hpt_v2_topology2_paper,topology2,fault,deep_lvrt,lvrt_300ms_0.575pu,0.346,fault,rule_action,0,NaN,0.575,0.575,0.575,1,1,175.045410077096,847.200552753238,0.944568429599154,0.937139513077715,0.147109998641991,1.05900069094155,-0.0590006909415473,0.0554315704008462,0.0617778049930333,0.230914425150872,0.110885400259809,-0.167090052426512,0,0,0,0,0,1,1,0,1,0,0.815776546547312,1.00707612016614,-5,-0.310602082301825,0.112842548179287,0.112842548179287,0.112842548179287,0.111088874622935,0.111088874622935,-0.167919710325721,-0.167919710325721,-0.167919710325721,0.16908498375219,0.16908498375219,0,0,0,0.95,0.95,0,0,0,0.95,0.95,-0.0527864389280864,0.0527864389280864,-0.142745913339605,0.142745913339605,0.195532352267691,-0.195532352267691,0.95,-0.784043086177715,-0.284020904015066
hpt_v2_topology2_paper,topology2,fault,deep_lvrt,lvrt_300ms_0.575pu,0.348,fault,rule_action,0,NaN,0.575,0.575,0.575,1,1,203.899691399086,809.425796830287,0.930740754825613,0.938078897187389,0.108656399932844,1.01178224603786,-0.0117822460378587,0.0692592451743872,-0.0515213099778123,0.288005335848055,0.280764222645398,-0.240731266813081,0,0,0,0,0,1,1,0,1,0,0.815776546547312,1.00707612016614,-5,0.272689045154095,0.281613313357023,0.281613313357023,0.281613313357023,0.279688821843018,0.279688821843018,-0.241121516588907,-0.241121516588907,-0.241121516588907,0.243351200856129,0.243351200856129,0,0,0,-0.95,-0.95,0,0,0,0.95,0.95,0.0403465309392047,-0.0403465309392047,-0.339333650068663,0.339333650068663,0.298987119129459,-0.298987119129459,0.95,-0.138201541184891,-0.867547823781253
hpt_v2_topology2_paper,topology2,fault,deep_lvrt,lvrt_300ms_0.575pu,0.35,fault,rule_action,0,NaN,0.575,0.575,0.575,1,1,224.04735550324,729.413571800341,0.971037327537063,0.950808629616032,0.119342198260369,0.911766964750427,0.0882330352495735,0.0289626724629375,0.00704287194165448,0.389542513518363,0.214754401153824,-0.248979438361973,0,0,0,0,0,1,1,0,1,0,0.815776546547312,1.00707612016614,-2.66338812306255,-0.131937220395173,0.213114230496618,0.213114230496618,0.213114230496618,0.212162855703145,0.212162855703145,-0.248642246305352,-0.248642246305352,-0.248642246305352,0.249454534029397,0.249454534029397,0,0,0,0.921319635430312,0.921319635430312,0,0,0,0.95,0.95,0.260000201778556,-0.260000201778556,-0.302425164967229,0.302425164967229,0.0424249631886728,-0.0424249631886728,0.529978963303454,0.653588406764781,-0.95
hpt_v2_topology2_paper,topology2,fault,deep_lvrt,lvrt_300ms_0.575pu,0.352,fault,rule_action,0,NaN,0.575,0.575,0.575,1,1,220.091613819598,770.249481778103,1.00705945195719,0.952245901337996,0.137424518851139,0.962811852222629,0.0371881477773712,-0.00705945195719204,0.110926278768718,0.345954432509693,0.0122954834701061,-0.118453671689932,0,0,0,0,0,1,1,0,1,0,0.815776546547312,1.00707612016614,-1.8529332374595,-1.25651459043075,0.010342434404187,0.010342434404187,0.010342434404187,0.0694398460196072,0.0694398460196072,-0.116274611289695,-0.116274611289695,-0.116274611289695,0.0938342099916005,0.0938342099916005,0,0,0,0.95,0.95,0,0,0,0.95,0.95,0.0959222013317457,-0.0959222013317457,0.00965193478388407,-0.00965193478388407,-0.10557413611563,0.10557413611563,-0.213041695051754,0.95,-0.897524258719708
hpt_v2_topology2_paper,topology2,fault,deep_lvrt,lvrt_300ms_0.575pu,0.354,fault,rule_action,0,NaN,0.575,0.575,0.575,1,1,193.666304583726,848.470164176068,0.999469790569453,0.93382520959276,0.0671994959216696,1.06058770522009,-0.0605877052200854,0.000530209430546602,0.102468000192802,0.278057881119871,-0.0925140717015691,0.130714840253406,0,0,0,0,0,1,1,0,1,0,0.815776546547312,1.00707612016614,-5,0.621528879851008,-0.0924350315460393,-0.0924350315460393,-0.0924350315460393,-0.0919748458045626,-0.0919748458045626,0.132328364972754,0.132328364972754,0.132328364972754,-0.132648629742288,-0.132648629742288,0,0,0,0.95,0.95,0,0,0,0.95,0.95,-0.123658653336183,0.123658653336183,-0.0280187479705515,0.0280187479705515,0.151677401306734,-0.151677401306734,-0.752255638174282,0.95,-0.330314187057777
hpt_v2_topology2_paper,topology2,fault,deep_lvrt,lvrt_300ms_0.575pu,0.356,fault,rule_action,0,NaN,0.575,0.575,0.575,1,1,178.12788905444,830.365227162467,0.961817406097198,0.955809222546419,0.162607820244449,1.03795653395308,-0.0379565339530836,0.0381825939028023,-0.0281028244559765,0.282379893416784,0.0129392965225629,0.185463056966101,0,0,0,0,0,1,1,0,1,0,0.815776546547312,1.00707612016614,0.114632627540634,0.254962385080937,0.0147612091188755,0.0147612091188755,0.0147612091188755,0.0162455857337601,0.0162455857337601,0.184992697301162,0.184992697301162,0.184992697301162,-0.184868256587165,-0.184868256587165,0,0,0,-0.00805910098925597,-0.00805910098925597,0,0,0,0.95,0.95,0.0743957611641137,-0.0743957611641137,-0.184436111190371,0.184436111190371,0.110040350026257,-0.110040350026257,-0.95,0.725855612333764,0.300738513239343
hpt_v2_topology2_paper,topology2,fault,deep_lvrt,lvrt_300ms_0.575pu,0.358,fault,rule_action,0,NaN,0.575,0.575,0.575,1,1,187.705288889494,758.576049720418,0.929481147348195,0.905876208409457,0.0976867167059299,0.948220062150523,0.0517799378494769,0.0705188526518046,-0.078646099843488,0.364086031173678,0.217424625855254,0.0216034002422124,0,0,1,0,0,1,1,0,1,0,0.815776546547312,1.00707612016614,-4.3861320487143,-2.03703737199734,0.219224775331338,0.219224775331338,0.219224775331338,0.219411546929606,0.219411546929606,0.0192034675345099,0.0192034675345099,0.0192034675345099,-0.0169365981939101,-0.0169365981939101,0,0,0,-0.95,-0.95,0,0,0,0.95,0.95,0.143865461904874,-0.143865461904874,0.0722832637100533,-0.0722832637100533,-0.216148725614927,0.216148725614927,-0.95,0.110407414313576,0.918445760235965
hpt_v2_topology2_paper,topology2,fault,deep_lvrt,lvrt_300ms_0.575pu,0.36,fault,rule_action,0,NaN,0.575,0.575,0.575,1,1,221.429956319979,670.060272757742,0.953015163696275,0.908211517712046,0.0820035797847829,0.837575340947178,0.162424659052822,0.0469848363037246,-0.0139066416409504,0.440806284663536,0.269775116000654,-0.162581254917983,0,0,1,0,0,1,1,0,1,0,0.815776546547312,1.00707612016614,-5,-0.055976611677444,0.268790320702883,0.268790320702883,0.268790320702883,0.26731983462554,0.26731983462554,-0.163292271899769,-0.163292271899769,-0.163292271899769,0.165688589171133,0.165688589171133,0,0,0,0.714443109767527,0.714443109767527,0,0,0,0.95,0.95,-0.166728458869453,0.166728458869453,0.314309391056642,-0.314309391056642,-0.14758093218719,0.14758093218719,-0.607228639600672,-0.713082035766798,0.95
hpt_v2_topology2_paper,topology2,fault,deep_lvrt,lvrt_300ms_0.575pu,0.362,fault,rule_action,0,NaN,0.575,0.575,0.575,1,1,218.919624820431,693.484370885995,0.993351591941519,0.909490920358769,0.172127099333884,0.866855463607494,0.133144536392506,0.00664840805848088,0.144825363124301,0.398827479838331,0.0942152926374947,-0.205531703640226,0,0,1,0,0,1,1,0,1,0,0.815776546547312,1.00707612016614,1.28596822962179,2.67407629270122,0.0921983268646862,0.0921983268646862,0.0921983268646862,0.0906579644547632,0.0906579644547632,-0.205830126642736,-0.205830126642736,-0.205830126642736,0.206513210210222,0.206513210210222,0,0,0,0.95,0.95,0,0,0,0.95,0.95,-0.219649998819614,0.219649998819614,0.0654928677588586,-0.0654928677588586,0.154157131060755,-0.154157131060755,0.1895111030618,-0.95,0.95
hpt_v2_topology2_paper,topology2,fault,deep_lvrt,lvrt_300ms_0.575pu,0.364,fault,rule_action,0,NaN,0.575,0.575,0.575,1,1,186.003540795521,814.766044110001,0.985788155040733,0.951126094287097,0.0746801474760659,1.0184575551375,-0.0184575551375015,0.0142118449592666,0.200274569923417,0.290290925998969,-0.0202320580190606,-0.165474859516425,0,0,0,0,0,1,1,0,1,0,0.815776546547312,1.00707612016614,-0.0278255511194647,1.21714935409512,-0.0200905056265466,-0.0200905056265466,-0.0200905056265466,-0.0214096514275627,-0.0214096514275627,-0.164601246955876,-0.164601246955876,-0.164601246955876,0.164434867779039,0.164434867779039,0,0,0,0.95,0.95,0,0,0,0.95,0.95,-0.0290933568397921,0.0290933568397921,-0.126832533728369,0.126832533728369,0.155925890568161,-0.155925890568161,0.781505202048976,-0.95,0.360098655194055
hpt_v2_topology2_paper,topology2,fault,deep_lvrt,lvrt_300ms_0.575pu,0.366,fault,rule_action,0,NaN,0.575,0.575,0.575,1,1,173.237799878597,846.144998082185,0.937190505756808,0.915643275467956,0.153741559701548,1.05768124760273,-0.0576812476027317,0.0628094942431924,0.0562465496940007,0.223373948168969,0.123582113236851,-0.185828989081687,0,0,1,0,0,1,1,0,1,0,0.815776546547312,1.00707612016614,-5,-0.304795896740817,0.125870562530994,0.125870562530994,0.125870562530994,0.124286106439262,0.124286106439262,-0.186682348501002,-0.186682348501002,-0.186682348501002,0.187740942524232,0.187740942524232,0,0,0,0.95,0.95,0,0,0,0.95,0.95,-0.0594553606045369,0.0594553606045369,-0.158338979121531,0.158338979121531,0.217794339726067,-0.217794339726067,0.95,-0.780664162411044,-0.291109379378632
hpt_v2_topology2_paper,topology2,fault,deep_lvrt,lvrt_300ms_0.575pu,0.368,fault,rule_action,0,NaN,0.575,0.575,0.575,1,1,204.112478606771,801.474923625921,0.927122235957627,0.961035394493039,0.109709981481387,1.0018436545324,-0.00184365453240143,0.0728777640423728,-0.0597903161950166,0.281427688073773,0.302828471295553,-0.244745962740682,0,0,0,0,0,1,1,0,1,0,0.815776546547312,1.00707612016614,-0.397963057623629,1.02413370429844,0.303569631862687,0.303569631862687,0.303569631862687,0.302218059494791,0.302218059494791,-0.245082683237473,-0.245082683237473,-0.245082683237473,0.246747416455228,0.246747416455228,0,0,0,-0.0765803627887806,-0.0765803627887806,0,0,0,0.95,0.95,0.031705529560615,-0.031705529560615,-0.352618412977323,0.352618412977323,0.320912883416708,-0.320912883416708,0.95,-0.143492781218196,-0.845129095010703
hpt_v2_topology2_paper,topology2,fault,deep_lvrt,lvrt_300ms_0.575pu,0.37,fault,rule_action,0,NaN,0.575,0.575,0.575,1,1,228.123494111678,710.864154243015,0.973137764042372,0.975665234934907,0.10738548620256,0.888580192803769,0.111419807196231,0.0268622359576279,-0.00159966165256147,0.38496488543695,0.2183921914602,-0.213549435656551,0,0,0,0,0,1,1,0,1,0,0.815776546547312,1.00707612016614,1.09187842444824,-0.216293334693085,0.216170840480865,0.216170840480865,0.216170840480865,0.215905255887363,0.215905255887363,-0.21232039539577,-0.21232039539577,-0.21232039539577,0.21259045852397,0.21259045852397,0,0,0,0.102846002499294,0.102846002499294,0,0,0,0.95,0.95,0.224217027036762,-0.224217027036762,-0.288608883267319,0.288608883267319,0.0643918562305569,-0.0643918562305569,0.526177714865263,0.68038305389846,-0.95
hpt_v2_topology2_paper,topology2,fault,deep_lvrt,lvrt_300ms_0.575pu,0.372,fault,rule_action,0,NaN,0.575,0.575,0.575,1,1,217.055474207461,752.459336628693,1.008707333222,0.928388962453421,0.151497514102933,0.940574170785866,0.0594258292141338,-0.00870733322199668,0.118554365247535,0.346685682711391,-0.00559931102850768,-0.0371443416848991,0,0,0,0,0,1,1,0,1,0,0.815776546547312,1.00707612016614,-4.14847474821145,-1.20596014419549,-0.00756793297113592,-0.00756793297113592,-0.00756793297113592,0.0116380009882858,0.0116380009882858,-0.0345645083912176,-0.0345645083912176,-0.0345645083912176,0.0334146043337163,0.0334146043337163,0,0,0,0.95,0.95,0,0,0,0.95,0.95,0.0217095728606037,-0.0217095728606037,0.01334242357404,-0.01334242357404,-0.0350519964346437,0.0350519964346437,-0.227712674826783,0.95,-0.917453436082362
hpt_v2_topology2_paper,topology2,fault,deep_lvrt,lvrt_300ms_0.575pu,0.374,fault,rule_action,0,NaN,0.575,0.575,0.575,1,1,193.348187028733,824.280802190509,1.00309381356601,0.952443259421202,0.0720643878284113,1.03035100273814,-0.0303510027381368,-0.00309381356601435,0.114407141305553,0.274797861381086,-0.114163114924655,0.153299467881977,0,0,0,0,0,1,1,0,1,0,0.815776546547312,1.00707612016614,-5,0.636885092228923,-0.114214867215483,-0.114214867215483,-0.114214867215483,-0.178010642508252,-0.178010642508252,0.15453071758704,0.15453071758704,0.15453071758704,-0.072367048612023,-0.072367048612023,0,0,0,0.95,0.95,0,0,0,0.95,0.95,-0.151062979551189,0.151062979551189,-0.027320666668009,0.027320666668009,0.178383646219198,-0.178383646219198,-0.778867345619263,0.95,-0.340255246993673
hpt_v2_topology2_paper,topology2,fault,deep_lvrt,lvrt_300ms_0.575pu,0.376,fault,rule_action,0,NaN,0.575,0.575,0.575,1,1,175.589885478348,831.833799840509,0.959917264809611,0.95294883986474,0.148427217580775,1.03979224980064,-0.039792249800636,0.0400827351903885,-0.0210167369061918,0.274377966804846,-0.00136704423813653,0.181639094020133,0,0,0,0,0,1,1,0,1,0,0.815776546547312,1.00707612016614,0.761253580335297,0.32869546815073,0.000688130149963759,0.000688130149963759,0.000688130149963759,0.00195861710096183,0.00195861710096183,0.180932123156954,0.180932123156954,0.180932123156954,-0.180922830323423,-0.180922830323423,0,0,0,0.606447716694885,0.606447716694885,0,0,0,0.95,0.95,0.0581979718179314,-0.0581979718179314,-0.177464841455649,0.177464841455649,0.119266869637718,-0.119266869637718,-0.95,0.734217884593459,0.290008260407035
hpt_v2_topology2_paper,topology2,fault,deep_lvrt,lvrt_300ms_0.575pu,0.378,fault,rule_action,0,NaN,0.575,0.575,0.575,1,1,187.345293288559,764.468425183521,0.923742496325206,0.894970786337565,0.0835701257358444,0.955585531479402,0.0444144685205983,0.0762575036747937,-0.0805034800716216,0.353487626553343,0.228611558492505,-0.0179697033929125,0,0,1,0,0,1,1,0,1,0,0.815776546547312,1.00707612016614,-2.68226309378883,-1.98616389166817,0.230626100566234,0.230626100566234,0.230626100566234,0.230419280505199,0.230419280505199,-0.0207999757945438,-0.0207999757945438,-0.0207999757945438,0.0229780857972728,0.0229780857972728,0,0,0,-0.95,-0.95,0,0,0,0.95,0.95,0.11999830106369,-0.11999830106369,0.111512026211687,-0.111512026211687,-0.231510327275377,0.231510327275377,-0.95,0.121910067071874,0.902611298136327
hpt_v2_topology2_paper,topology2,fault,deep_lvrt,lvrt_300ms_0.575pu,0.38,recovery,rule_action,0,NaN,0.575,0.575,0.575,1,1,222.026836307033,672.953015855438,0.948056199132173,0.915645672560168,0.0629494742636091,0.841191269819297,0.158808730180703,0.0519438008678273,-0.0196272622695573,0.438334136068728,0.291802855658554,-0.194737519423772,0,0,1,0,0,1,1,0,1,0,0.815776546547312,1.00707612016614,0.261831764033271,-0.0668369650407285,0.290819393492365,0.290819393492365,0.290819393492365,0.289322052723686,0.289322052723686,-0.195200582655753,-0.195200582655753,-0.195200582655753,0.197413112300489,0.197413112300489,0,0,0,0.940542066277583,0.940542066277583,0,0,0,0.95,0.95,-0.197074658293531,0.197074658293531,0.349297323203185,-0.349297323203185,-0.152222664909655,0.152222664909655,-0.609117692637335,-0.704971462297551,0.95
hpt_v2_topology2_paper,topology2,fault,deep_lvrt,lvrt_300ms_0.575pu,0.382,recovery,rule_action,0,NaN,0.575,0.575,0.575,1,1,221.822105599354,691.732159051783,0.991156706010631,0.919490376900594,0.138658719557047,0.864665198814728,0.135334801185272,0.00884329398936856,0.145759189663541,0.41842398472499,0.109580728107928,-0.218501091390041,0,0,1,0,0,1,1,0,1,0,0.815776546547312,1.00707612016614,3.22018968880788,2.75575371653247,0.107422810847757,0.107422810847757,0.107422810847757,0.106229101833414,0.106229101833414,-0.219187743504841,-0.219187743504841,-0.219187743504841,0.219768753731833,0.219768753731833,0,0,0,0.95,0.95,0,0,0,0.95,0.95,-0.239562333501133,0.239562333501133,0.0792273547164124,-0.0792273547164124,0.160334978784721,-0.160334978784721,0.192646237311366,-0.95,0.95
hpt_v2_topology2_paper,topology2,fault,deep_lvrt,lvrt_300ms_0.575pu,0.384,recovery,rule_action,0,NaN,0.575,0.575,0.575,1,1,205.142395396156,835.453166422481,1.00269716893595,1.032052928573,0.0955574105647042,1.0443164580281,-0.0443164580281008,-0.00269716893594896,0.255336108718312,0.315688231058911,-0.0554941151893044,-0.255642272049679,0,0,0,0,0,1,1,0,1,0,0.815776546547312,1.032052928573,2.29264412884667,1.608823741994,-0.0563617511896792,-0.0563617511896792,-0.0563617511896792,0.0847048539790799,0.0847048539790799,-0.255666288179369,-0.255666288179369,-0.255666288179369,0.247723607314616,0.247723607314616,0,0,0,0.95,0.95,0,0,0,0.95,0.95,-0.0171966110835274,0.0171966110835274,-0.21764190055978,0.21764190055978,0.234838511643308,-0.234838511643308,0.783634883396839,-0.95,0.33394610095807
hpt_v2_topology2_paper,topology2,fault,deep_lvrt,lvrt_300ms_0.575pu,0.386,recovery,rule_action,0,NaN,0.575,0.575,0.575,1,1,201.82097352587,885.755751369836,0.992717334466124,1.0577564054885,0.0277395743996706,1.10719468921229,-0.107194689212295,0.00728266553387646,0.202019097571796,0.19726364718056,-0.0819738281176234,-0.261305317027468,0,0,0,0,0,1,1,0,1,0,0.815776546547312,1.10851705219578,-5,-1.94518525292975,-0.0818549921049688,-0.0818549921049688,-0.0818549921049688,-0.0821738988125863,-0.0821738988125863,-0.261411592715748,-0.261411592715748,-0.261411592715748,0.261311520780519,0.261311520780519,0,0,0,0.95,0.95,0,0,0,0.95,0.95,0.16852348923808,-0.16852348923808,-0.271283322479145,0.271283322479145,0.102759833241066,-0.102759833241066,0.95,-0.746806067545721,-0.3144724731652
hpt_v2_topology2_paper,topology2,fault,deep_lvrt,lvrt_300ms_0.575pu,0.388,recovery,rule_action,0,NaN,0.575,0.575,0.575,1,1,201.717982512884,857.511934095921,0.984303502992083,1.0594524864792,0.0265999748943748,1.0718899176199,-0.0718899176199008,0.015696497007917,0.118719259254913,0.176995030869523,-0.0740903916359452,-0.173911489433675,0,0,0,0,0,1,0,1,0,0.01000000000001,0.815776546547312,1.12791012257341,-5,-1.37632730765569,-0.0740365174640413,-0.0740365174640413,-0.0740365174640413,-0.0739213138135145,-0.0739213138135145,-0.173228286890662,-0.173228286890662,-0.173228286890662,0.173277478805991,0.173277478805991,0,0,0,0.95,0.95,0,0,0,0.95,0.95,0.185698828712304,-0.185698828712304,-0.120309252922979,0.120309252922979,-0.0653895757893249,0.0653895757893249,0.95,-0.133531963533805,-0.872264171699613
hpt_v2_topology2_paper,topology2,fault,deep_lvrt,lvrt_300ms_0.575pu,0.39,recovery,rule_action,0,NaN,0.575,0.575,0.575,1,1,197.726455692446,849.187995209659,0.979254669256518,1.1091332566569,0.0185032983092768,1.06148499401207,-0.0614849940120743,0.0207453307434818,0.0663199444315988,0.207006509235547,-0.0665308374948145,-0.122984739875691,0,0,0,1,0,1,0,1,0,0.0266666666666933,0.815776546547312,1.12791012257341,1.60543063751062,-1.29643102705357,-0.0664161197622019,-0.0664161197622019,-0.0664161197622019,-0.0662166651626257,-0.0662166651626257,-0.122627279085623,-0.122627279085623,-0.122627279085623,0.122735096019643,0.122735096019643,0,0,0,0.95,0.95,0,0,0,0.95,0.95,0.118465661015252,-0.118465661015252,0.00449179797557721,-0.00449179797557721,-0.122957458990829,0.122957458990829,0.523109090416084,0.522648604845346,-0.95
hpt_v2_topology2_paper,topology2,fault,deep_lvrt,lvrt_300ms_0.575pu,0.392,recovery,rule_action,0,NaN,0.575,0.575,0.575,1,1,196.531765814754,847.173250514243,0.970914736375297,1.04072801398715,0.0279578078674808,1.0589665631428,-0.0589665631428036,0.0290852636247033,0.0374533271589474,0.24369761738045,-0.0510381606192783,-0.106164248411961,0,0,0,0,0,1,0,1,0,0.0433333333333767,0.815776546547312,1.12791012257341,-5,-0.296681572802493,-0.0508630287991184,-0.0508630287991184,-0.0508630287991184,-0.0506500741773018,-0.0506500741773018,-0.106114843188121,-0.106114843188121,-0.106114843188121,0.106216654199298,0.106216654199298,0,0,0,0.95,0.95,0,0,0,0.95,0.95,0.0496257454092719,-0.0496257454092719,0.0675912385514395,-0.0675912385514395,-0.117216983960711,0.117216983960711,-0.138297873161938,0.95,-0.849694749067722
hpt_v2_topology2_paper,topology2,fault,deep_lvrt,lvrt_300ms_0.575pu,0.394,recovery,rule_action,0,NaN,0.575,0.575,0.575,1,1,203.938529955602,849.753600945765,0.972623215820929,1.06309038395934,0.0085084415996974,1.06219200118221,-0.0621920011822068,0.0273767841790709,0.00564010452981611,0.289242179285651,-0.0416759999163958,-0.0974336050481424,0,0,0,0,0,1,0,1,0,0.06000000000006,0.815776546547312,1.12791012257341,-5,0.47559602946512,-0.0416802460546093,-0.0416802460546093,-0.0416802460546093,-0.0414865498725444,-0.0414865498725444,-0.0973990986689343,-0.0973990986689343,-0.0973990986689343,0.0974817598957182,0.0974817598957182,0,0,0,0.754043280100056,0.754043280100056,0,0,0,0.95,0.95,-0.0157300432250023,0.0157300432250023,0.0985970159949948,-0.0985970159949948,-0.0828669727699924,0.0828669727699924,-0.73598555210745,0.95,-0.27512401991381
hpt_v2_topology2_paper,topology2,fault,deep_lvrt,lvrt_300ms_0.575pu,0.396,recovery,rule_action,0,NaN,0.575,0.575,0.575,1,1,204.719496648721,847.931010458031,0.977715977645105,1.08686968818207,0.0229134265754674,1.05991376307254,-0.0599137630725393,0.022284022354895,0.018343525441877,0.328725145987019,-0.0478605221963266,-0.0967151568722976,0,0,0,1,0,1,0,1,0,0.0766666666667433,0.815776546547312,1.12791012257341,1.92459619897178,0.638476444025038,-0.0479451729524397,-0.0479451729524397,-0.0479451729524397,-0.0477651609464553,-0.0477651609464553,-0.0966143558362852,-0.0966143558362852,-0.0966143558362852,0.0967034785458047,0.0967034785458047,0,0,0,0.95,0.95,0,0,0,0.95,0.95,-0.0797530975526311,0.0797530975526311,0.102760470373137,-0.102760470373137,-0.0230073728205056,0.0230073728205056,-0.95,0.62814421036664,0.388296076742526
hpt_v2_topology2_paper,topology2,fault,deep_lvrt,lvrt_300ms_0.575pu,0.398,recovery,rule_action,0,NaN,0.575,0.575,0.575,1,1,204.381034230003,846.325922054149,0.976739771319689,1.07314314148785,0.00264563382496423,1.05790740256769,-0.0579074025676858,0.0232602286803113,0.0573942351007755,0.316702730963421,-0.0511136808011998,-0.098993694445278,0,0,0,0,0,1,0,1,0,0.0933333333334267,0.815776546547312,1.12791012257341,-1.62954324391351,-0.858719082872161,-0.0511236212270383,-0.0511236212270383,-0.0511236212270383,-0.0509565021822796,-0.0509565021822796,-0.0989907897730156,-0.0989907897730156,-0.0989907897730156,0.0990769195756429,0.0990769195756429,0,0,0,0.95,0.95,0,0,0,0.95,0.95,-0.110906488521717,0.110906488521717,0.0646409498109394,-0.0646409498109394,0.0462655387107776,-0.0462655387107776,-0.919987619907869,0.0184894294993727,0.901498190408496
hpt_v2_topology2_paper,topology2,fault,deep_lvrt,lvrt_300ms_0.575pu,0.4,recovery,rule_action,0,NaN,0.575,0.575,0.575,1,1,205.258315906457,849.886760141283,0.98008088984435,1.06940413515351,0.0470690054886616,1.0623584501766,-0.0623584501766039,0.0199191101556503,0.0500916615995475,0.305572401445595,-0.0552346749630688,-0.0993128710254383,0,0,0,0,0,1,0,1,0,0.11000000000011,0.815776546547312,1.12791012257341,1.22824225829565,0.19349562546811,-0.0552964939453126,-0.0552964939453126,-0.0552964939453126,-0.0551447554302274,-0.0551447554302274,-0.09937383916221,-0.09937383916221,-0.09937383916221,0.0994581223481581,0.0994581223481581,0,0,0,0.95,0.95,0,0,0,0.95,0.95,-0.0961530482544535,0.0961530482544535,-0.00451235395448498,0.00451235395448498,0.100665402208938,-0.100665402208938,-0.463264477013346,-0.610389610620231,0.95
hpt_v2_topology2_paper,topology2,fault,deep_lvrt,lvrt_300ms_0.575pu,0.402,recovery,rule_action,0,NaN,0.575,0.575,0.575,1,1,204.641030232134,851.000827277193,0.983425400718313,1.0626346586852,0.00324023928584333,1.06375103409649,-0.0637510340964915,0.0165745992816869,0.0422612044882949,0.293388253310345,-0.0623290193273129,-0.0999725482145189,0,0,0,0,0,1,0,1,0,0.126666666666793,0.815776546547312,1.12791012257341,1.66779175217213,1.34695011931951,-0.0624031946495856,-0.0624031946495856,-0.0624031946495856,-0.0622691963302004,-0.0622691963302004,-0.0999450799965028,-0.0999450799965028,-0.0999450799965028,0.100028620436215,0.100028620436215,0,0,0,0.95,0.95,0,0,0,0.95,0.95,-0.0381149415790413,0.0381149415790413,-0.0774972893717773,0.0774972893717773,0.115612230950819,-0.115612230950819,0.189653509853499,-0.95,0.793780681272568
hpt_v2_topology2_paper,topology2,fault,deep_lvrt,lvrt_300ms_0.575pu,0.404,recovery,rule_action,0,NaN,0.575,0.575,0.575,1,1,201.406889726811,849.318798722222,0.982171447585676,1.05111477486694,0.0404143796225664,1.06164849840278,-0.0616484984027772,0.0178285524143239,0.0617679716986174,0.288783106502999,-0.0660212819069645,-0.0984224589411457,0,0,0,0,0,1,0,1,0,0.143333333333477,0.815776546547312,1.12791012257341,-5,-0.133656117289327,-0.0660060306628563,-0.0660060306628563,-0.0660060306628563,-0.0659028853550006,-0.0659028853550006,-0.0984421027234784,-0.0984421027234784,-0.0984421027234784,0.0985111840065454,0.0985111840065454,0,0,0,0.95,0.95,0,0,0,0.95,0.95,0.0384429830428216,-0.0384429830428216,-0.116315958642052,0.116315958642052,0.0778729755992307,-0.0778729755992307,0.775898769728796,-0.95,0.228539135108851
hpt_v2_topology2_paper,topology2,fault,deep_lvrt,lvrt_300ms_0.575pu,0.406,recovery,rule_action,0,NaN,0.575,0.575,0.575,1,1,202.871435681788,848.503672843523,0.981956637336331,1.03982269492341,0.022082079180607,1.0606295910544,-0.0606295910544032,0.0180433626636693,0.0369180563561876,0.279263696617021,-0.0641589484252514,-0.0982171435350917,0,0,0,0,0,1,0,1,0,0.16000000000016,0.815776546547312,1.12791012257341,-5,-0.911746060090035,-0.0641615772191039,-0.0641615772191039,-0.0641615772191039,-0.0640884025709323,-0.0640884025709323,-0.0981320451199507,-0.0981320451199507,-0.0981320451199507,0.0981798499009506,0.0981798499009506,0,0,0,0.95,0.95,0,0,0,0.95,0.95,0.0951020473312295,-0.0951020473312295,-0.106936671326112,0.106936671326112,0.0118346239948826,-0.0118346239948826,0.95,-0.645442844631769,-0.418472177343654
hpt_v2_topology2_paper,topology2,fault,deep_lvrt,lvrt_300ms_0.575pu,0.408,recovery,rule_action,0,NaN,0.575,0.575,0.575,1,1,205.476392181681,850.952848439953,0.983283240079697,1.11131241168794,0.0530201729568619,1.06369106054994,-0.063691060549941,0.0167167599203027,0.0172137894880703,0.265313957429284,-0.0645726885856485,-0.100753580049859,0,0,0,1,0,1,0,1,0,0.176666666666843,0.815776546547312,1.12791012257341,0.114632799179226,0.118653455415396,-0.0646121764114045,-0.0646121764114045,-0.0646121764114045,-0.0645559925839078,-0.0645559925839078,-0.100843675906122,-0.100843675906122,-0.100843675906122,0.100879651726123,0.100879651726123,0,0,0,0.95,0.95,0,0,0,0.95,0.95,0.119765248527034,-0.119765248527034,-0.06047352789465,0.06047352789465,-0.0592917206323843,0.0592917206323843,0.904315892049889,-0.0365741817534615,-0.867741710296427
hpt_v2_topology2_paper,topology2,fault,deep_lvrt,lvrt_300ms_0.575pu,0.41,recovery,rule_action,0,NaN,0.575,0.575,0.575,1,1,203.12821657327,848.695601783574,0.980993178702419,1.08079853773667,0.0354327282802102,1.06086950222947,-0.0608695022294676,0.0190068212975807,0.0188578550213105,0.271262100846376,-0.064576554101851,-0.103472326537856,0,0,0,1,0,1,0,1,0,0.193333333333527,0.815776546547312,1.12791012257341,1.01879468908472,-0.405624233202007,-0.0645426340077546,-0.0645426340077546,-0.0645426340077546,-0.0644936745409202,-0.0644936745409202,-0.103497335655238,-0.103497335655238,-0.103497335655238,0.103527851501912,0.103527851501912,0,0,0,0.95,0.95,0,0,0,0.95,0.95,0.0999007009050444,-0.0999007009050444,0.0106547239084972,-0.0106547239084972,-0.110555424813542,0.110555424813542,0.428061857864721,0.600936943869819,-0.95
hpt_v2_topology2_paper,topology2,fault,deep_lvrt,lvrt_300ms_0.575pu,0.412,recovery,rule_action,0,NaN,0.575,0.575,0.575,1,1,202.300873185355,845.240555117248,0.978587486964017,1.04529636484739,0.023390536279471,1.05655069389656,-0.0565506938965599,0.0214125130359826,0.00470535414021008,0.266404048000209,-0.0606200091949466,-0.105670408166823,0,0,0,0,0,1,0,1,0,0.21000000000021,0.815776546547312,1.12791012257341,-5,-0.385844496264109,-0.0605617770627917,-0.0605617770627917,-0.0605617770627917,-0.0605167550283108,-0.0605167550283108,-0.105801298116006,-0.105801298116006,-0.105801298116006,0.105827056487832,0.105827056487832,0,0,0,0.95,0.95,0,0,0,0.95,0.95,0.0438808094897223,-0.0438808094897223,0.076558775769098,-0.076558775769098,-0.12043958525882,0.12043958525882,-0.223790125858633,0.95,-0.79261147346434
hpt_v2_topology2_paper,topology2,fault,deep_lvrt,lvrt_300ms_0.575pu,0.414,recovery,rule_action,0,NaN,0.575,0.575,0.575,1,1,205.064521820393,848.617395829534,0.978924502297378,1.06379414969873,0.0592873633034758,1.06077174478692,-0.0607717447869172,0.0210754977026216,-0.00921241371537695,0.283791165526647,-0.0567101312069048,-0.104716428869087,0,0,0,0,0,1,0,1,0,0.226666666666893,0.815776546547312,1.12791012257341,-5,0.444229221905568,-0.0567147235892147,-0.0567147235892147,-0.0567147235892147,-0.0566746869943678,-0.0566746869943678,-0.104765282645074,-0.104765282645074,-0.104765282645074,0.104786946580162,0.104786946580162,0,0,0,0.337338644355166,0.337338644355166,0,0,0,0.95,0.95,-0.0280032447966619,0.0280032447966619,0.114281764750998,-0.114281764750998,-0.0862785199543357,0.0862785199543357,-0.795863361621315,0.95,-0.205807000584219
hpt_v2_topology2_paper,topology2,fault,deep_lvrt,lvrt_300ms_0.575pu,0.416,recovery,rule_action,0,NaN,0.575,0.575,0.575,1,1,202.783853100118,848.585178208101,0.981985957192786,1.10580704841593,0.0256504569865033,1.06073147276013,-0.0607314727601258,0.018014042807214,-0.000275637757614179,0.294905220638453,-0.061280849177604,-0.105606019806763,0,0,0,1,0,1,0,1,0,0.243333333333577,0.815776546547312,1.12791012257341,3.61663184457406,0.42361303116345,-0.061322385763183,-0.061322385763183,-0.061322385763183,-0.06128721905204,-0.06128721905204,-0.105592310846469,-0.105592310846469,-0.105592310846469,0.10561272596829,0.10561272596829,0,0,0,0.95,0.95,0,0,0,0.95,0.95,-0.0953761776050672,0.0953761776050672,0.113719648592338,-0.113719648592338,-0.0183434709872706,0.0183434709872706,-0.95,0.574665982891214,0.443846816779636
hpt_v2_topology2_paper,topology2,fault,deep_lvrt,lvrt_300ms_0.575pu,0.418,recovery,rule_action,0,NaN,0.575,0.575,0.575,1,1,203.101912399978,845.993167701099,0.981322927942861,1.08935425010846,0.0780864948956224,1.05749145962637,-0.0574914596263736,0.0186770720571392,0.0169444605560715,0.275244791041549,-0.0622626438998231,-0.1072138453762,0,0,0,1,0,1,0,1,0,0.26000000000026,0.815776546547312,1.12791012257341,0.780679831976716,-1.01992060915457,-0.0622697944724213,-0.0622697944724213,-0.0622697944724213,-0.0622309412770532,-0.0622309412770532,-0.107152521667566,-0.107152521667566,-0.107152521667566,0.107175091094562,0.107175091094562,0,0,0,0.388354846462038,0.388354846462038,0,0,0,0.95,0.95,-0.123809884263228,0.123809884263228,0.0666722339793463,-0.0666722339793463,0.0571376502838812,-0.0571376502838812,-0.863963424539989,-0.0566838356714004,0.920647260211389
hpt_v2_topology2_paper,topology2,fault,deep_lvrt,lvrt_300ms_0.575pu,0.42,recovery,rule_action,0,NaN,0.575,0.575,0.575,1,1,206.479982720556,849.834590969859,0.978723153965613,1.07025111888535,0.039956702020229,1.06229323871232,-0.0622932387123243,0.0212768460343867,-0.00601000331782618,0.262146620553657,-0.0585850102641066,-0.11083451021015,0,0,0,0,0,1,0,1,0,0.276666666666943,0.815776546547312,1.12791012257341,-0.862419478694587,0.487911065228941,-0.0585579163706818,-0.0585579163706818,-0.0585579163706818,-0.0584787485106821,-0.0584787485106821,-0.11084357738622,-0.11084357738622,-0.11084357738622,0.110885365085186,0.110885365085186,0,0,0,0.835584917842527,0.835584917842527,0,0,0,0.95,0.95,-0.107071712713668,0.107071712713668,-0.00292857860455885,0.00292857860455885,0.110000291318227,-0.110000291318227,-0.391018795401291,-0.656713061397803,0.95
hpt_v2_topology2_paper,topology2,fault,deep_lvrt,lvrt_300ms_0.575pu,0.422,recovery,rule_action,0,NaN,0.575,0.575,0.575,1,1,202.728805314634,848.430534125222,0.981135396125018,1.09861044233778,0.0260368811055515,1.06053816765653,-0.0605381676565278,0.0188646038749818,-0.0163774738968618,0.272553757012077,-0.0609814327982992,-0.108183851921863,0,0,0,1,0,1,0,1,0,0.293333333333627,0.815776546547312,1.12791012257341,2.13752985993687,0.749540451749908,-0.060999496781808,-0.060999496781808,-0.060999496781808,-0.0609065169880967,-0.0609065169880967,-0.10818856966821,-0.10818856966821,-0.10818856966821,0.108240941435602,0.108240941435602,0,0,0,0.95,0.95,0,0,0,0.95,0.95,-0.0444693223788528,0.0444693223788528,-0.0781951074861978,0.0781951074861978,0.122664429865051,-0.122664429865051,0.271245237669166,-0.95,0.719352363911394
hpt_v2_topology2_paper,topology2,fault,deep_lvrt,lvrt_300ms_0.575pu,0.424,recovery,rule_action,0,NaN,0.575,0.575,0.575,1,1,203.902411036356,846.974104287081,0.980145226121532,1.08873735353471,0.0204992269104357,1.05871763035885,-0.0587176303588515,0.0198547738784679,-0.00331336204560414,0.247359146714544,-0.0605411138588551,-0.109745264807782,0,0,0,1,0,1,0,1,0,0.31000000000031,0.815776546547312,1.12791012257341,1.60704824804969,-0.64219454764336,-0.0605332812396941,-0.0605332812396941,-0.0605332812396941,-0.0604032425153653,-0.0604032425153653,-0.109825957684912,-0.109825957684912,-0.109825957684912,0.109897531422148,0.109897531422148,0,0,0,0.42195690570821,0.42195690570821,0,0,0,0.95,0.95,0.0317152949010557,-0.0317152949010557,-0.120929619885108,0.120929619885108,0.0892143249840528,-0.0892143249840528,0.80783410103655,-0.95,0.148238245610179
hpt_v2_topology2_paper,topology2,fault,deep_lvrt,lvrt_300ms_0.575pu,0.426,recovery,rule_action,0,NaN,0.575,0.575,0.575,1,1,204.121641235647,846.382277481836,0.980638316172295,1.09671835556248,0.00841107668150814,1.05797784685229,-0.0579778468522947,0.0193616838277054,-0.0378352591925094,0.22568796750903,-0.0603649689804884,-0.113840721028793,0,0,0,1,0,1,0,1,0,0.326666666666993,0.815776546547312,1.12791012257341,1.22439742046554,-0.926995608956593,-0.0603751812816894,-0.0603751812816894,-0.0603751812816894,-0.06018018435859,-0.06018018435859,-0.113738197678629,-0.113738197678629,-0.113738197678629,0.113841493035474,0.113841493035474,0,0,0,-0.577330135203957,-0.577330135203957,0,0,0,0.95,0.95,0.0986567066098586,-0.0986567066098586,-0.120996308313824,0.120996308313824,0.0223396017039657,-0.0223396017039657,0.95,-0.549063048946291,-0.488339413854143
hpt_v2_topology2_paper,topology2,fault,deep_lvrt,lvrt_300ms_0.575pu,0.428,recovery,rule_action,0,NaN,0.575,0.575,0.575,1,1,204.67601095655,847.503450319145,0.983462028129508,1.10528721490463,0.0389746039606287,1.05937931289893,-0.0593793128989311,0.0165379718704922,-0.0573650237336289,0.253791898018551,-0.0632932395220675,-0.107701959744791,0,0,0,1,0,1,0,1,0,0.343333333333677,0.815776546547312,1.12791012257341,2.38458562078558,0.800845442466391,-0.063354689479954,-0.063354689479954,-0.063354689479954,-0.0631458623553165,-0.0631458623553165,-0.107752789326,-0.107752789326,-0.107752789326,0.1078753000183,0.1078753000183,0,0,0,-0.719978564923576,-0.719978564923576,0,0,0,0.95,0.95,0.124962754806297,-0.124962754806297,-0.0650489927154503,0.0650489927154503,-0.0599137620908471,0.0599137620908471,0.811703127190579,0.0983703399717887,-0.910073467162367
hpt_v2_topology2_paper,topology2,fault,deep_lvrt,lvrt_300ms_0.575pu,0.43,recovery,rule_action,0,NaN,0.575,0.575,0.575,1,1,203.272095477217,847.233701661245,0.97978069811152,1.07984841537419,0.0247605622506395,1.05904212707656,-0.0590421270765564,0.0202193018884799,-0.0418230379140121,0.244220882783229,-0.0627701013058949,-0.108126550737314,0,0,0,0,0,1,0,1,0,0.36000000000036,0.815776546547312,1.12791012257341,-5,-0.550023793778331,-0.0627206467900963,-0.0627206467900963,-0.0627206467900963,-0.0624661074022458,-0.0624661074022458,-0.1081485385523,-0.1081485385523,-0.1081485385523,0.108295758692468,0.108295758692468,0,0,0,-0.95,-0.95,0,0,0,0.95,0.95,0.103010052135922,-0.103010052135922,0.00984793891981036,-0.00984793891981036,-0.112857991055732,0.112857991055732,0.298330926073136,0.688604931822784,-0.95
hpt_v2_topology2_paper,topology2,fault,deep_lvrt,lvrt_300ms_0.575pu,0.432,recovery,rule_action,0,NaN,0.575,0.575,0.575,1,1,202.859040269737,846.954835595936,0.979532717291388,1.06212843561621,0.0260095183702558,1.05869354449492,-0.0586935444949195,0.0204672827086119,-0.0593258711105685,0.215855776039498,-0.0603095728779521,-0.111510996435606,0,0,0,0,0,1,0,1,0,0.376666666667043,0.815776546547312,1.12791012257341,-5,-0.437108191972735,-0.0602849060170379,-0.0602849060170379,-0.0602849060170379,-0.0599659112206995,-0.0599659112206995,-0.111592459875362,-0.111592459875362,-0.111592459875362,0.111764200377351,0.111764200377351,0,0,0,-0.95,-0.95,0,0,0,0.95,0.95,0.0453632623391248,-0.0453632623391248,0.0798951257900526,-0.0798951257900526,-0.125258388129177,0.125258388129177,-0.336347726252579,0.95,-0.674482999586989
hpt_v2_topology2_paper,topology2,fault,deep_lvrt,lvrt_300ms_0.575pu,0.434,recovery,rule_action,0,NaN,0.575,0.575,0.575,1,1,206.470701848017,840.192444535998,0.982270225350035,1.07812635438832,0.0265326466879902,1.05024055567,-0.050240555669997,0.0177297746499648,-0.0846877551333748,0.229815065085478,-0.0601356953543754,-0.108502153515334,0,0,0,0,0,1,0,1,0,0.393333333333727,0.815776546547312,1.12791012257341,-5,0.214801763317451,-0.0602008627099256,-0.0602008627099256,-0.0602008627099256,-0.0598357988373424,-0.0598357988373424,-0.108476775306428,-0.108476775306428,-0.108476775306428,0.108678571160085,0.108678571160085,0,0,0,-0.95,-0.95,0,0,0,0.95,0.95,-0.0341004459018766,0.0341004459018766,0.120352622152967,-0.120352622152967,-0.0862521762510903,0.0862521762510903,-0.84980774754659,0.919761707699975,-0.0699539601533856
hpt_v2_topology2_paper,topology2,fault,deep_lvrt,lvrt_300ms_0.575pu,0.436,recovery,rule_action,0,NaN,0.575,0.575,0.575,1,1,202.130848485624,845.975904706988,0.981972527152153,1.11258227506262,0.0428118854149854,1.05746988088373,-0.0574698808837346,0.0180274728478469,-0.0787130436852299,0.222973063075636,-0.0648929985749111,-0.108672361345185,0,0,0,1,0,1,0,1,0,0.41000000000041,0.815776546547312,1.12791012257341,2.29919709313409,-0.468483136883524,-0.0648851375781036,-0.0648851375781036,-0.0648851375781036,-0.0644757199231209,-0.0644757199231209,-0.108685004291573,-0.108685004291573,-0.108685004291573,0.108928383705919,0.108928383705919,0,0,0,-0.95,-0.95,0,0,0,0.95,0.95,-0.102393095900035,0.102393095900035,0.115645162064645,-0.115645162064645,-0.01325206616461,0.01325206616461,-0.95,0.44468675853118,0.535799333093007
hpt_v2_topology2_paper,topology2,fault,deep_lvrt,lvrt_300ms_0.575pu,0.438,recovery,rule_action,0,NaN,0.575,0.575,0.575,1,1,202.041551511354,846.062268843258,0.982107267220146,1.07155732379226,0.0371003809809096,1.05757783605407,-0.0575778360540726,0.0178927327798539,-0.0859517900569368,0.204913785021561,-0.0641855595328451,-0.10730659553061,0,0,0,0,0,1,0,1,0,0.426666666667093,0.815776546547312,1.12791012257341,-5,-0.412603410592016,-0.0641913661188038,-0.0641913661188038,-0.0641913661188038,-0.0637521871352509,-0.0637521871352509,-0.107364592121013,-0.107364592121013,-0.107364592121013,0.107625953008472,0.107625953008472,0,0,0,-0.95,-0.95,0,0,0,0.95,0.95,-0.125089671133195,0.125089671133195,0.0621021438293638,-0.0621021438293638,0.0629875273038314,-0.0629875273038314,-0.762767014110009,-0.181852243286238,0.944619257396247
hpt_v2_topology2_paper,topology2,fault,deep_lvrt,lvrt_300ms_0.575pu,0.44,recovery,rule_action,0,NaN,0.575,0.575,0.575,1,1,207.216563808788,837.899296952688,0.981632126116819,1.09490236362242,0.0455487920551059,1.04737412119086,-0.0473741211908603,0.0183678738831808,-0.116841979245588,0.193826669596333,-0.0623674236414028,-0.108698647502737,0,0,0,1,0,1,0,1,0,0.443333333333777,0.815776546547312,1.12791012257341,-5,0.203486906776851,-0.0623821877166084,-0.0623821877166084,-0.0623821877166084,-0.0618775482864829,-0.0618775482864829,-0.108657050019488,-0.108657050019488,-0.108657050019488,0.108945219634923,0.108945219634923,0,0,0,-0.95,-0.95,0,0,0,0.95,0.95,-0.101967851501226,0.101967851501226,-0.0120663465930002,0.0120663465930002,0.114034198094226,-0.114034198094226,-0.214998673844612,-0.736674562123723,0.95
hpt_v2_topology2_paper,topology2,fault,deep_lvrt,lvrt_300ms_0.575pu,0.442,recovery,rule_action,0,NaN,0.575,0.575,0.575,1,1,202.230962031843,824.582479712677,0.982481613426088,1.09601371517637,0.00939660454204045,1.03072809964085,-0.0307280996408468,0.0175183865739122,-0.114619399468678,0.195529608349939,-0.0663165608159559,-0.107569362823992,0,0,0,1,0,1,0,1,0,0.46000000000046,0.815776546547312,1.12791012257341,3.00375505850026,-0.437051102573971,-0.0663057831573134,-0.0663057831573134,-0.0663057831573134,-0.0657674459560258,-0.0657674459560258,-0.107484472945364,-0.107484472945364,-0.107484472945364,0.107814710762811,0.107814710762811,0,0,0,-0.95,-0.95,0,0,0,0.95,0.95,-0.035708485177019,0.035708485177019,-0.0870538346415466,0.0870538346415466,0.122762319818566,-0.122762319818566,0.415842703014711,-0.95,0.555382607007168
hpt_v2_topology2_paper,topology2,fault,deep_lvrt,lvrt_300ms_0.575pu,0.444,recovery,rule_action,0,NaN,0.575,0.575,0.575,1,1,202.977687412471,812.402032237394,0.98068905934097,1.06609488174522,0.0351718357490811,1.01550254029674,-0.0155025402967426,0.0193109406590296,-0.108602391644878,0.176338318108292,-0.062800451519448,-0.108721698218812,0,0,0,0,0,1,0,1,0,0.476666666667143,0.815776546547312,1.12791012257341,-5,-0.373280120617991,-0.0627791138589423,-0.0627791138589423,-0.0627791138589423,-0.0621831974719094,-0.0621831974719094,-0.108664225691491,-0.108664225691491,-0.108664225691491,0.109006334835251,0.109006334835251,0,0,0,-0.95,-0.95,0,0,0,0.95,0.95,0.0392338675555894,-0.0392338675555894,-0.122851501820707,0.122851501820707,0.0836176342651181,-0.0836176342651181,0.892342451448036,-0.870109183648347,-0.0222332677996889
hpt_v2_topology2_paper,topology2,fault,deep_lvrt,lvrt_300ms_0.575pu,0.446,recovery,rule_action,0,NaN,0.575,0.575,0.575,1,1,201.232923392521,801.730428918591,0.978419398597643,1.1022998908636,0.0467086747797548,1.00216303614824,-0.00216303614823921,0.0215806014023572,-0.12402544849971,0.151715636506346,-0.0593372101216312,-0.110942367725463,0,0,0,1,0,1,0,1,0,0.493333333333827,0.815776546547312,1.12791012257341,-0.732468973770883,0.190391838091886,-0.0592893346371021,-0.0592893346371021,-0.0592893346371021,-0.0586178422596612,-0.0586178422596612,-0.110966991840959,-0.110966991840959,-0.110966991840959,0.111323164924302,0.111323164924302,0,0,0,-0.95,-0.95,0,0,0,0.95,0.95,0.100027037333196,-0.100027037333196,-0.116101473028296,0.116101473028296,0.0160744356950999,-0.0160744356950999,0.95,-0.381932735481186,-0.61996561625284
hpt_v2_topology2_paper,topology2,fault,deep_lvrt,lvrt_300ms_0.575pu,0.448,recovery,rule_action,0,NaN,0.575,0.575,0.575,1,1,205.251950998064,768.274419259087,0.981070926984181,1.09706801110461,0.0378068966985193,0.960343024073859,0.0396569759261409,0.0189290730158186,-0.135092619211993,0.162311626063789,-0.0584762069250663,-0.105246283151495,0,0,0,1,0,1,0,1,0,0.51000000000051,0.815776546547312,1.12791012257341,3.56419186071166,-0.349474109164971,-0.0585245724985246,-0.0585245724985246,-0.0585245724985246,-0.05786573146624,-0.05786573146624,-0.105174766567587,-0.105174766567587,-0.105174766567587,0.105538685942921,0.105538685942921,0,0,0,-0.95,-0.95,0,0,0,0.95,0.95,0.120360952189141,-0.120360952189141,-0.0604519951611629,0.0604519951611629,-0.0599089570279785,0.0599089570279785,0.706702440638043,0.269214540382095,-0.95
hpt_v2_topology2_paper,topology2,fault,deep_lvrt,lvrt_300ms_0.575pu,0.45,recovery,rule_action,0,NaN,0.575,0.575,0.575,1,1,202.852374956166,750.109075495261,0.977477952804847,1.06407475121161,0.00607902181693938,0.937636344369076,0.0623636556309237,0.0225220471951527,-0.112725828602345,0.139400502211386,-0.0575529485456372,-0.102548713809655,0,0,0,0,0,1,0,1,0,0.526666666667193,0.815776546547312,1.12791012257341,-0.576973106159118,-1.18482565533917,-0.0574985625570556,-0.0574985625570556,-0.0574985625570556,-0.0568393234965849,-0.0568393234965849,-0.102473553548811,-0.102473553548811,-0.102473553548811,0.102840678612596,0.102840678612596,0,0,0,-0.95,-0.95,0,0,0,0.95,0.95,0.0947383947733825,-0.0947383947733825,0.0128276698209021,-0.0128276698209021,-0.107566064594285,0.107566064594285,0.158223937119885,0.823417625710243,-0.95
hpt_v2_topology2_paper,topology2,fault,deep_lvrt,lvrt_300ms_0.575pu,0.452,recovery,rule_action,0,NaN,0.575,0.575,0.575,1,1,205.212677200145,718.316615574505,0.97899192580075,1.05189567626605,0.0352338112353386,0.897895769468131,0.102104230531869,0.02100807419925,-0.137185541631943,0.11946074573046,-0.0556013616846187,-0.101182013710965,0,0,0,0,0,1,0,1,0,0.543333333333877,0.815776546547312,1.12791012257341,-5,-0.431711796653023,-0.0556213512775994,-0.0556213512775994,-0.0556213512775994,-0.0549575969860945,-0.0549575969860945,-0.10116302567525,-0.10116302567525,-0.10116302567525,0.101525144743711,0.101525144743711,0,0,0,-0.95,-0.95,0,0,0,0.95,0.95,0.0357004092434024,-0.0357004092434024,0.0772280786304601,-0.0772280786304601,-0.112928487873862,0.112928487873862,-0.50150823815967,0.95,-0.61062505856955
hpt_v2_topology2_paper,topology2,fault,deep_lvrt,lvrt_300ms_0.575pu,0.454,recovery,rule_action,0,NaN,0.575,0.575,0.575,1,1,204.212392565863,675.65502006037,0.979075380280926,1.05801455238186,0.0277957298530538,0.844568775075463,0.155431224924537,0.0209246197190739,-0.145551737534188,0.119882802078346,-0.0567957097491951,-0.0966810244168604,0,0,0,0,0,1,0,1,0,0.56000000000056,0.815776546547312,1.12791012257341,4.30913406420741,-0.289135968107534,-0.0568023573000678,-0.0568023573000678,-0.0568023573000678,-0.0561867842418593,-0.0561867842418593,-0.0967219105997134,-0.0967219105997134,-0.0967219105997134,0.0970807965638018,0.0970807965638018,0,0,0,-0.95,-0.95,0,0,0,0.95,0.95,-0.0378283199831598,0.0378283199831598,0.110363547600882,-0.110363547600882,-0.0725352276177223,0.0725352276177223,-0.95,0.95,0.052714441828026
hpt_v2_topology2_paper,topology2,fault,deep_lvrt,lvrt_300ms_0.575pu,0.456,recovery,rule_action,0,NaN,0.575,0.575,0.575,1,1,196.675980081614,640.741193023832,0.975406725582909,1.03178979598574,0.0349741160277484,0.800926491279791,0.199073508720209,0.0245932744170911,-0.105346352927339,0.138208448276052,-0.0552728581519305,-0.0918263093054864,0,0,0,0,0,1,0,1,0,0.576666666667243,0.815776546547312,1.12791012257341,-5,-0.864633861768493,-0.0551823226326502,-0.0551823226326502,-0.0551823226326502,-0.054637155612039,-0.054637155612039,-0.0916482830787361,-0.0916482830787361,-0.0916482830787361,0.0919743320119253,0.0919743320119253,0,0,0,-0.95,-0.95,0,0,0,0.95,0.95,-0.0890740531481957,0.0890740531481957,0.0958471833037828,-0.0958471833037828,-0.00677313015558727,0.00677313015558727,-0.95,0.429285739002067,0.799273491174336
hpt_v2_topology2_paper,topology2,fault,deep_lvrt,lvrt_300ms_0.575pu,0.458,recovery,rule_action,0,NaN,0.575,0.575,0.575,1,1,199.969358602367,620.331659481102,0.970316755645114,1.03417699410319,0.023710314172409,0.775414574351377,0.224585425648623,0.0296832443548863,-0.0868835215187492,0.113770707153835,-0.0296354395854074,-0.0440019016483161,0,0,0,0,0,1,0,1,0,0.593333333333927,0.815776546547312,1.12791012257341,-5,-1.22836994418196,-0.0292403003909353,-0.0292403003909353,-0.0292403003909353,-0.0289978315960996,-0.0289978315960996,-0.0434152096263386,-0.0434152096263386,-0.0434152096263386,0.0435775327040816,0.0435775327040816,0,0,0,-0.95,-0.95,0,0,0,0.95,0.95,-0.0521159216288877,0.0521159216288877,0.0218324750474563,-0.0218324750474563,0.0302834465814315,-0.0302834465814315,-0.905868493375584,-0.352787449973839,0.95
hpt_v2_topology2_paper,topology2,fault,deep_lvrt,lvrt_300ms_0.575pu,0.46,recovery,rule_action,0,NaN,0.575,0.575,0.575,1,1,204.533379501634,587.834194604119,0.973385219589378,1.03073226241215,0.0169170207456638,0.734792743255149,0.265207256744851,0.0266147804106219,-0.077456262720337,0.0949088255089447,-0.00774206846342207,-0.0114952145083002,0,0,0,0,0,1,0,1,0,0.61000000000061,0.815776546547312,1.12791012257341,-0.271520541252679,0.27389425965918,-0.00763884088390978,-0.00763884088390978,-0.00763884088390978,-0.00758400105135935,-0.00758400105135935,-0.0113419449815228,-0.0113419449815228,-0.0113419449815228,0.01137868771285,0.01137868771285,0,0,0,-0.95,-0.95,0,0,0,0.95,0.95,-0.0102765378159571,0.0102765378159571,-0.0026744311629373,0.0026744311629373,0.0129509689788944,-0.0129509689788944,-0.257342315646424,-0.95,0.95
hpt_v2_topology2_paper,topology2,fault,deep_lvrt,lvrt_300ms_0.575pu,0.462,recovery,rule_action,0,NaN,0.575,0.575,0.575,1,1,201.955046058625,558.299442973709,0.975155334631082,1.03547785198539,0.0149543177555749,0.697874303717137,0.302125696282863,0.0248446653689185,-0.0536182440476578,0.0939175816034741,-0.00202256571627941,-0.00300305104192903,0,0,0,0,0,1,0,1,0,0.626666666667293,0.815776546547312,1.12791012257341,-0.958756736829214,-0.219983199639007,-0.00199559817339568,-0.00199559817339568,-0.00199559817339568,-0.00198472266612975,-0.00198472266612975,-0.00296301036136998,-0.00296301036136998,-0.00296301036136998,0.00297030611382006,0.00297030611382006,0,0,0,-0.95,-0.95,0,0,0,0.95,0.95,-0.000799977922911289,0.000799977922911289,-0.00261520727520548,0.00261520727520548,0.00341518519811677,-0.00341518519811677,0.632081682653017,-0.95,0.82737521338267
hpt_v2_topology2_paper,topology2,fault,deep_lvrt,lvrt_300ms_0.575pu,0.464,recovery,rule_action,0,NaN,0.575,0.575,0.575,1,1,199.550863368085,547.666366442558,0.971700043541298,1.01749468445042,0.00544882390527776,0.684582958053198,0.315417041946802,0.0282999564587024,-0.0271767347953089,0.0487198932385012,-0.000528382317464119,-0.000784527818416901,0,0,0,0,0,1,0,1,0,0.643333333333977,0.815776546547312,1.12791012257341,-5,-0.379308867074157,-0.000521337219897931,-0.000521337219897931,-0.000521337219897931,-0.000519412813071776,-0.000519412813071776,-0.000774067447504675,-0.000774067447504675,-0.000774067447504675,0.000775360071034208,0.000775360071034208,0,0,0,-0.95,-0.95,0,0,0,0.95,0.95,0.000362353735898445,-0.000362353735898445,-0.000925995309022824,0.000925995309022824,0.000563641573124379,-0.000563641573124379,0.95,-0.95,-0.0156091586626664
hpt_v2_topology2_paper,topology2,fault,deep_lvrt,lvrt_300ms_0.575pu,0.466,recovery,rule_action,0,NaN,0.575,0.575,0.575,1,1,200.146630998201,535.655591426042,0.968542962498328,1.01825060386794,0.0144765069287445,0.669569489282553,0.330430510717447,0.0314570375016717,-0.0345635909000256,0.0241602441416209,-0.000138036490563249,-0.000204952859367526,0,0,0,0,0,1,0,1,0,0.66000000000066,0.815776546547312,1.12791012257341,0.286230207094951,-0.0251128477251061,-0.000136196004022406,-0.000136196004022406,-0.000136196004022406,-0.000135929318494938,-0.000135929318494938,-0.000202220154575959,-0.000202220154575959,-0.000202220154575959,0.000202399512849951,0.000202399512849951,0,0,0,-0.95,-0.95,0,0,0,0.95,0.95,0.000208196379812075,-0.000208196379812075,-0.000213972924928046,0.000213972924928046,5.77654511597107e-06,-5.77654511597107e-06,0.95,-0.674762770599747,-0.867788397199937
hpt_v2_topology2_paper,topology2,fault,deep_lvrt,lvrt_300ms_0.575pu,0.468,recovery,rule_action,0,NaN,0.575,0.575,0.575,1,1,197.809769900673,515.501406662429,0.965576972834006,1.0105566486344,0.0140763780769634,0.644376758328036,0.355623241671964,0.0344230271659939,-0.035386547358553,0.0195880514255753,-3.60611475767484e-05,-5.35426196201532e-05,0,0,0,0,0,1,0,0,0,0,1,1,0.821846480406618,-0.191579817637955,-3.55803322757251e-05,-3.55803322757251e-05,-3.55803322757251e-05,-3.55728165148699e-05,-3.55728165148699e-05,-5.28287180252178e-05,-5.28287180252178e-05,-5.28287180252178e-05,5.28337791402279e-05,5.28337791402279e-05,0,0,0,-0.95,-0.95,0,0,0,0.95,0.95,6.35029820575314e-05,-6.35029820575314e-05,-2.74907901322156e-05,2.74907901322156e-05,-3.60121919253159e-05,3.60121919253159e-05,0.95,0.292942342198614,-0.95
hpt_v2_topology2_paper,topology2,fault,deep_lvrt,lvrt_300ms_0.575pu,0.47,recovery,rule_action,0,NaN,0.575,0.575,0.575,1,1,196.089341057217,496.840786973574,0.960536273821728,1.00626436253261,0.0057736102084125,0.621050983716967,0.378949016283033,0.0394637261782721,-0.0301334039576856,0.011116357795294,-9.42074345157432e-06,-1.39876658692894e-05,0,0,0,0,0,1,0,0,0,0,1,1,0.0145419300259242,-0.28612918126425,-9.29513353888666e-06,-9.29513353888666e-06,-9.29513353888666e-06,-9.30968319106984e-06,-9.30968319106984e-06,-1.38011636576989e-05,-1.38011636576989e-05,-1.38011636576989e-05,1.37913532582642e-05,1.37913532582642e-05,0,0,0,-0.95,-0.95,0,0,0,0.543895343170368,0.543895343170368,1.27088706020111e-05,-1.27088706020111e-05,2.94702562592663e-06,-2.94702562592663e-06,-1.56558962279378e-05,1.56558962279378e-05,0.383414603477164,0.95,-0.95
hpt_v2_topology2_paper,topology2,fault,deep_lvrt,lvrt_300ms_0.575pu,0.472,recovery,rule_action,0,NaN,0.575,0.575,0.575,1,1,194.985704669778,484.746585274649,0.9543093763403,0.999693340429383,0.0149790422390883,0.605933231593311,0.394066768406689,0.0456906236596996,-0.0175115922312802,-0.00674121561039058,-2.46110878727567e-06,-3.6541879694889e-06,0,0,0,0,0,1,0,0,0,0,1,1,-0.276433559303624,-0.104935889489344,-2.42829400344533e-06,-2.42829400344533e-06,-2.42829400344533e-06,-2.43569212608679e-06,-2.43569212608679e-06,-3.60546546322905e-06,-3.60546546322905e-06,-3.60546546322905e-06,3.60047175251033e-06,3.60047175251033e-06,0,0,0,-0.715267433793101,-0.715267433793101,0,0,0,-0.274272824250551,-0.274272824250551,1.04890748379934e-06,-1.04890748379934e-06,3.12887892131372e-06,-3.12887892131372e-06,-4.17778640511305e-06,4.17778640511305e-06,-0.657394330128181,0.95,-0.95
hpt_v2_topology2_paper,topology2,fault,deep_lvrt,lvrt_300ms_0.575pu,0.474,recovery,rule_action,0,NaN,0.575,0.575,0.575,1,1,194.874151319743,468.141956267211,0.951236281430904,0.997965608263918,0.00942770573778453,0.585177445334014,0.414822554665986,0.0487637185690961,-0.0231969876722724,-0.0034922015225504,-6.42948881257703e-07,-9.54633163326753e-07,0,0,0,0,0,1,0,0,0,0,1,1,-0.00863565209630046,-0.176528333709625,-6.343762295076e-07,-6.343762295076e-07,-6.343762295076e-07,-6.37191163799923e-07,-6.37191163799923e-07,-9.41904721149063e-07,-9.41904721149063e-07,-9.41904721149063e-07,9.40002726093107e-07,9.40002726093107e-07,0,0,0,-0.95,-0.95,0,0,0,0.0348226019694796,0.0348226019694796,-4.23112223320747e-07,4.23112223320747e-07,1.12421448864094e-06,-1.12421448864094e-06,-7.01102265320198e-07,7.01102265320198e-07,-0.95,0.95,-0.092789310073236
hpt_v2_topology2_paper,topology2,fault,deep_lvrt,lvrt_300ms_0.575pu,0.476,recovery,rule_action,0,NaN,0.575,0.575,0.575,1,1,193.605017411207,461.473157438407,0.945292700111996,0.993847046219653,0.00362618489289154,0.576841446798009,0.423158553201991,0.0547072998880037,-0.00701095277356579,-0.00614152477509176,-1.67966270344403e-07,-2.49391789402313e-07,0,0,0,0,0,1,0,0,0,0,1,1,-0.0295338814804147,-0.0692222534302011,-1.65726720073144e-07,-1.65726720073144e-07,-1.65726720073144e-07,-1.66689606251958e-07,-1.66689606251958e-07,-2.46066565543616e-07,-2.46066565543616e-07,-2.46066565543616e-07,2.45415312464809e-07,2.45415312464809e-07,0,0,0,-0.311483103884733,-0.311483103884733,0,0,0,-0.218551103683765,-0.218551103683765,-2.5075516582147e-07,2.5075516582147e-07,2.62680024363391e-07,-2.62680024363391e-07,-1.19248585419211e-08,1.19248585419211e-08,-0.95,0.81351239457951,0.95
hpt_v2_topology2_paper,topology2,fault,deep_lvrt,lvrt_300ms_0.575pu,0.478,recovery,rule_action,0,NaN,0.575,0.575,0.575,1,1,192.006209129814,460.531369778968,0.940436333755331,0.989250547454852,0.0171071060051139,0.57566421222371,0.42433578777629,0.0595636662446689,0.0093817659146794,-0.0240305943934847,-4.38801105279488e-08,-6.51520049906324e-08,0,0,0,0,0,1,0,0,0,0,1,1,-0.875825209219472,0.191549560167648,-4.32950423875761e-08,-4.32950423875761e-08,-4.32950423875761e-08,-4.35954691213368e-08,-4.35954691213368e-08,-6.42833115907573e-08,-6.42833115907573e-08,-6.42833115907573e-08,6.4079949410927e-08,6.4079949410927e-08,0,0,0,0.344649860332192,0.344649860332192,0,0,0,-0.95,-0.95,-7.73540921777614e-08,7.73540921777614e-08,3.45102786573945e-08,-3.45102786573945e-08,4.28438135203669e-08,-4.28438135203669e-08,-0.95,-0.289265728987333,0.95
hpt_v2_topology2_paper,topology2,fault,deep_lvrt,lvrt_300ms_0.575pu,0.48,recovery,rule_action,0,NaN,0.575,0.575,0.575,1,1,193.977906881797,461.577522559418,0.937688639102911,0.990174380784356,0.0124878505295282,0.576971903199273,0.423028096800727,0.0623113608970889,-0.00510139976560177,-0.0340260170292717,-1.14633973594638e-08,-1.70205433164915e-08,0,0,0,0,0,1,0,0,0,0,1,1,-0.00690761766997117,-0.276772622858967,-1.13105520613376e-08,-1.13105520613376e-08,-1.13105520613376e-08,-1.14000255360613e-08,-1.14000255360613e-08,-1.67936027389382e-08,-1.67936027389382e-08,-1.67936027389382e-08,1.67329943125148e-08,1.67329943125148e-08,0,0,0,-0.515346849688221,-0.515346849688221,0,0,0,-0.95,-0.95,-1.56374249407496e-08,1.56374249407496e-08,-3.31989007127932e-09,3.31989007127932e-09,1.89573150120289e-08,-1.89573150120289e-08,-0.520546865121567,-0.95,0.95
hpt_v2_topology2_paper,topology2,fault,deep_lvrt,lvrt_300ms_0.575pu,0.482,recovery,rule_action,0,NaN,0.575,0.575,0.575,1,1,192.404701795258,459.040392561714,0.935150876919194,0.986831154513008,0.00343522612634359,0.573800490702143,0.426199509297857,0.0648491230808058,0.00085733949331506,-0.0302425256887896,-2.9947390159207e-09,-4.44650774492996e-09,0,0,0,0,0,1,0,0,0,0,1,1,0.550746816797343,-0.0796782846941291,-2.95480916237509e-09,-2.95480916237509e-09,-2.95480916237509e-09,-2.9810715925026e-09,-2.9810715925026e-09,-4.38722097499756e-09,-4.38722097499756e-09,-4.38722097499756e-09,4.36941840865445e-09,4.36941840865445e-09,0,0,0,-0.140782998031838,-0.140782998031838,0,0,0,-0.95,-0.95,-1.34336745008893e-09,1.34336745008893e-09,-3.75894565718409e-09,3.75894565718409e-09,5.10231310727301e-09,-5.10231310727301e-09,0.620648677201543,-0.95,0.95
hpt_v2_topology2_paper,topology2,fault,deep_lvrt,lvrt_300ms_0.575pu,0.484,recovery,rule_action,0,NaN,0.575,0.575,0.575,1,1,192.517470602768,453.148546929277,0.933504603824035,0.983385283695843,0.00454698628550345,0.566435683661597,0.433564316338403,0.0664953961759654,-0.00531432726094085,-0.0361465797567807,-7.82356354948617e-10,-1.16162162147699e-09,0,0,0,0,0,1,0,0,0,0,1,1,-5,0.0560730577258139,-7.71924936882635e-10,-7.71924936882635e-10,-7.71924936882635e-10,-7.79392850419692e-10,-7.79392850419692e-10,-1.14613333319063e-09,-1.14613333319063e-09,-1.14613333319063e-09,1.14106814447981e-09,1.14106814447981e-09,0,0,0,-0.321585623754764,-0.321585623754764,0,0,0,-0.95,-0.95,4.98901139700538e-10,-4.98901139700538e-10,-1.36544364054026e-09,1.36544364054026e-09,8.66542500839718e-10,-8.66542500839718e-10,0.95,-0.95,0.123050176480865
hpt_v2_topology2_paper,topology2,fault,deep_lvrt,lvrt_300ms_0.575pu,0.486,recovery,rule_action,0,NaN,0.575,0.575,0.575,1,1,193.130170113386,447.834634155983,0.931069217571469,0.991190626316306,0.00277217547624267,0.559793292694978,0.440206707305022,0.0689307824285311,-0.00993269502780389,-0.0472344833994735,-2.04385578467614e-10,-3.0346619614492e-10,0,0,0,0,0,1,0,0,0,0,1,1,0.589359679835089,-0.141875376311718,-2.0166043742138e-10,-2.0166043742138e-10,-2.0166043742138e-10,-2.03715488409567e-10,-2.03715488409567e-10,-2.99419980196321e-10,-2.99419980196321e-10,-2.99419980196321e-10,2.98025596792959e-10,2.98025596792959e-10,0,0,0,-0.652369620520876,-0.652369620520876,0,0,0,-0.95,-0.95,3.03055287062286e-10,-3.03055287062286e-10,-3.21402780496525e-10,3.21402780496525e-10,1.83474934342395e-11,-1.83474934342395e-11,0.95,-0.889691781136439,-0.95
hpt_v2_topology2_paper,topology2,fault,deep_lvrt,lvrt_300ms_0.575pu,0.488,recovery,rule_action,0,NaN,0.575,0.575,0.575,1,1,191.210605871344,438.417503747886,0.930367547567855,0.983694926626241,0.00894217844797506,0.548021879684858,0.451978120315142,0.0696324524321446,-0.00372224876766829,-0.0278807342347718,-5.33944211244822e-11,-7.92785968339449e-11,0,0,0,0,0,1,0,0,0,0,1,1,0.747835090845528,-0.159899645128192,-5.26824955094891e-11,-5.26824955094891e-11,-5.26824955094891e-11,-5.32502204574754e-11,-5.32502204574754e-11,-7.8221548876159e-11,-7.8221548876159e-11,-7.8221548876159e-11,7.78361745136728e-11,7.78361745136728e-11,0,0,0,-0.352062773027298,-0.352062773027298,0,0,0,-0.95,-0.95,9.41821022357773e-11,-9.41821022357773e-11,-4.286722049786e-11,4.286722049786e-11,-5.13148817379173e-11,5.13148817379173e-11,0.95,0.245750040443888,-0.95
hpt_v2_topology2_paper,topology2,fault,deep_lvrt,lvrt_300ms_0.575pu,0.49,recovery,rule_action,0,NaN,0.575,0.575,0.575,1,1,192.047119778643,436.068395245108,0.927937298872182,0.976942266375691,0.00305252851121984,0.545085494056385,0.454914505943615,0.072062701127818,-0.00200492040146204,-0.0322656000377762,-1.39489499630733e-11,-2.07110248054044e-11,0,0,0,0,0,1,0,0,0,0,1,1,0.0755557339673363,0.0091429805476606,-1.37629639635657e-11,-1.37629639635657e-11,-1.37629639635657e-11,-1.39165970890149e-11,-1.39165970890149e-11,-2.0434877807999e-11,-2.0434877807999e-11,-2.0434877807999e-11,2.03305615650991e-11,2.03305615650991e-11,0,0,0,-0.218861931379143,-0.218861931379143,0,0,0,-0.95,-0.95,1.91810724149121e-11,-1.91810724149121e-11,3.80040856235457e-12,-3.80040856235457e-12,-2.29814809772667e-11,2.29814809772667e-11,0.538459374325568,0.95,-0.95
hpt_v2_topology2_paper,topology2,fault,deep_lvrt,lvrt_300ms_0.575pu,0.492,recovery,rule_action,0,NaN,0.575,0.575,0.575,1,1,190.517081947524,438.601477748457,0.925475111030831,0.975872515349909,0.0129517709380926,0.548251847185571,0.451748152814429,0.0745248889691691,0.0161864898095697,-0.0475661471652219,-3.6440736873746e-12,-5.4106223573626e-12,0,0,0,0,0,1,0,0,0,0,1,1,-0.245697120512145,0.298023920686119,-3.5954860382096e-12,-3.5954860382096e-12,-3.5954860382096e-12,-3.63638345995998e-12,-3.63638345995998e-12,-5.3384807259311e-12,-5.3384807259311e-12,-5.3384807259311e-12,5.31070726403061e-12,5.31070726403061e-12,0,0,0,0.596595988364062,0.596595988364062,0,0,0,-0.95,-0.95,1.68683027671818e-12,-1.68683027671818e-12,4.53581574971716e-12,-4.53581574971716e-12,-6.22264602643535e-12,6.22264602643535e-12,-0.651373077254236,0.95,-0.95
hpt_v2_topology2_paper,topology2,fault,deep_lvrt,lvrt_300ms_0.575pu,0.494,recovery,rule_action,0,NaN,0.575,0.575,0.575,1,1,191.779106634159,439.866917786679,0.925909843199086,0.98052645924677,0.00291729055917882,0.549833647233348,0.450166352766652,0.0740901568009142,0.00265944208053009,-0.0431472714703149,-9.51990872013286e-13,-1.4134903786293e-12,0,0,0,0,0,1,0,0,0,0,1,1,0.191200661877944,-0.251020619573938,-9.39297660386442e-13,-9.39297660386442e-13,-9.39297660386442e-13,-9.50063371909018e-13,-9.50063371909018e-13,-1.39464384024758e-12,-1.39464384024758e-12,-1.39464384024758e-12,1.38733237737207e-12,1.38733237737207e-12,0,0,0,-0.2510279674421,-0.2510279674421,0,0,0,-0.95,-0.95,-5.95745836109738e-13,5.95745836109738e-13,1.65959933185075e-12,-1.65959933185075e-12,-1.06385349574102e-12,1.06385349574102e-12,-0.95,0.95,-0.181947039110712
hpt_v2_topology2_paper,topology2,fault,deep_lvrt,lvrt_300ms_0.575pu,0.496,recovery,rule_action,0,NaN,0.575,0.575,0.575,1,1,191.789431738248,442.502526637784,0.924455772846177,0.979831117026187,0.00828075286763371,0.55312815829723,0.44687184170277,0.0755442271538234,0.00469907696842609,-0.0430902784776725,-2.48701507748477e-13,-3.69265293069079e-13,0,0,0,0,0,1,0,0,0,0,1,1,0.21598972975112,-0.00566542328861441,-2.45385487645164e-13,-2.45385487645164e-13,-2.45385487645164e-13,-2.48231120676753e-13,-2.48231120676753e-13,-3.64341755828158e-13,-3.64341755828158e-13,-3.64341755828158e-13,3.62408972452895e-13,3.62408972452895e-13,0,0,0,-0.0315253907689277,-0.0315253907689277,0,0,0,-0.95,-0.95,-3.6699256797083e-13,3.6699256797083e-13,3.9255741315756e-13,-3.9255741315756e-13,-2.55648451867301e-14,2.55648451867301e-14,-0.95,0.917604958949014,0.95
hpt_v2_topology2_paper,topology2,fault,deep_lvrt,lvrt_300ms_0.575pu,0.498,recovery,rule_action,0,NaN,0.575,0.575,0.575,1,1,190.682513750674,441.56948322137,0.924351983017665,0.975997133134054,0.0166621444712605,0.551961854026712,0.448038145973288,0.0756480169823355,0.00881460902581267,-0.0420581750559729,-6.49716733371187e-14,-9.64681887666059e-14,0,0,0,0,0,1,0,0,0,0,1,1,-5,0.26417949937263,-6.41053843592904e-14,-6.41053843592904e-14,-6.41053843592904e-14,-6.48505213155348e-14,-6.48505213155348e-14,-9.51819462497178e-14,-9.51819462497178e-14,-9.51819462497178e-14,9.46758315561046e-14,9.46758315561046e-14,0,0,0,0.266421482013408,0.266421482013408,0,0,0,-0.95,-0.95,-1.14639545161311e-13,1.14639545161311e-13,5.28299607017326e-14,-5.28299607017326e-14,6.18095844595788e-14,-6.18095844595788e-14,-0.95,-0.249263120063062,0.95
hpt_v2_topology2_paper,topology2,fault,deep_lvrt,lvrt_300ms_0.575pu,0.5,tail,rule_action,0,NaN,0.575,0.575,0.575,1,1,192.780159414096,441.731110972362,0.924377826107205,0.98054470182628,0.00503860773530468,0.552163888715453,0.447836111284547,0.0756221738927948,-0.00678534092850504,-0.0395548634429333,-1.69734328289415e-14,-2.52016954167653e-14,0,0,0,0,0,1,0,0,0,0,1,1,-0.167431738756885,-0.265104076148881,-1.67471203912223e-14,-1.67471203912223e-14,-1.67471203912223e-14,-1.69399207102589e-14,-1.69399207102589e-14,-2.48656728112084e-14,-2.48656728112084e-14,-2.48656728112084e-14,2.47347288661571e-14,2.47347288661571e-14,0,0,0,-0.639561522015159,-0.639561522015159,0,0,0,-0.95,-0.95,-2.34501800825259e-14,2.34501800825259e-14,-4.45027965735449e-15,4.45027965735449e-15,2.79004597398804e-14,-2.79004597398804e-14,-0.578245869292421,-0.95,0.95
hpt_v2_topology2_paper,topology2,fault,deep_lvrt,lvrt_300ms_0.575pu,0.502,tail,rule_action,0,NaN,0.575,0.575,0.575,1,1,190.495517633277,441.432426264808,0.923927261108628,0.97969642113868,0.00291855070765187,0.55179053283101,0.44820946716899,0.0760727388913718,0.0104635443320996,-0.0252843569995839,-4.43420043229821e-15,-6.58378124436466e-15,0,0,0,0,0,1,0,0,0,0,1,1,0.569003252214428,0.0151342458565296,-4.37507775986756e-15,-4.37507775986756e-15,-4.37507775986756e-15,-4.42571056959389e-15,-4.42571056959389e-15,-6.49599749443979e-15,-6.49599749443979e-15,-6.49599749443979e-15,6.46160775711748e-15,6.46160775711748e-15,0,0,0,0.263226049804504,0.263226049804504,0,0,0,-0.95,-0.95,-2.10283913268993e-15,2.10283913268993e-15,-5.48218719608058e-15,5.48218719608058e-15,7.58502632877051e-15,-7.58502632877051e-15,0.62296642727389,-0.95,0.95
hpt_v2_topology2_paper,topology2,fault,deep_lvrt,lvrt_300ms_0.575pu,0.504,tail,rule_action,0,NaN,0.575,0.575,0.575,1,1,191.543520667049,445.084144044712,0.923781724615147,0.97519725571768,0.00463964180470298,0.55635518005589,0.44364481994411,0.0762182753848533,0.00964360365330333,-0.0274440311770031,-1.15840641501038e-15,-1.7199706113745e-15,0,0,0,0,0,1,0,0,0,0,1,1,-5,0.161110131773667,-1.14296099614357e-15,-1.14296099614357e-15,-1.14296099614357e-15,-1.15600052212688e-15,-1.15600052212688e-15,-1.69703766988951e-15,-1.69703766988951e-15,-1.69703766988951e-15,1.68818230193659e-15,1.68818230193659e-15,0,0,0,0.299627649863855,0.299627649863855,0,0,0,-0.95,-0.95,7.1198747108582e-16,-7.1198747108582e-16,-2.01717641651444e-15,2.01717641651444e-15,1.30518894542862e-15,-1.30518894542862e-15,0.95,-0.95,0.149950317006633
