model,topology,scenario_type,condition_class,case_name,t,window_zone,action_source,actor_select_mode,grid_V,fault_pu,grid_pu,fault_a_pu,fault_b_pu,fault_c_pu,lv_rms_inst,vdc_inst,obs_01,obs_02,obs_03,obs_04,obs_05,obs_06,obs_07,obs_08,obs_09,obs_10,obs_11,obs_12,obs_13,obs_14,obs_15,obs_16,obs_17,obs_18,obs_19,obs_20,obs_21,obs_22,obs_23,obs_24,action_01,actor_action_01,cmd_action_01,meas_action_01,teacher_action_01,action_02,actor_action_02,cmd_action_02,meas_action_02,teacher_action_02,action_03,actor_action_03,cmd_action_03,meas_action_03,teacher_action_03,action_04,actor_action_04,cmd_action_04,meas_action_04,teacher_action_04,mref_01,mref_02,mref_03,mref_04,mref_05,mref_06,menergy_01,menergy_02,menergy_03
hpt_v2_topology2_paper,topology2,fault,deep_lvrt,lvrt_120ms_0.650pu,0,prefault,rule_action,0,NaN,0.65,0.65,0.65,1,1,1.59571870491636,799.999999999999,0.00770878601408869,1,1,0.999999999999999,9.99200722162641e-16,0.992291213985911,-3.74154734478252e-09,-9.16296000993556e-07,0,0,0,0,0,0,0,1,0,0,0,0,1,1,0,-9.99200722162641e-13,0.00791548465140535,0.00791548465140535,0.00791548465140535,0.00791511895402981,0.00791511895402981,-0.00115978564112783,-0.00115978564112783,-0.00115978564112783,0.00116227877187791,0.00116227877187791,0,0,0,3.74079394561572e-05,3.74079394561572e-05,0,0,0,8.26086669215458e-20,8.26086669215458e-20,-0.00626875697245669,0.00626875697245669,-0.00116992337530585,0.00116992337530585,0.00743868034776254,-0.00743868034776254,1.77635683940025e-17,0.016246300864286,-0.0162463008642861
hpt_v2_topology2_paper,topology2,fault,deep_lvrt,lvrt_120ms_0.650pu,0.002,prefault,rule_action,0,NaN,0.65,0.65,0.65,1,1,125.124988312347,803.136924889596,0.137612622435518,2.1471418192046,2.1471418192046,1.00392115611199,-0.00392115611199473,0.862387377564482,-0.0717414735080924,-0.237449200345437,0.42554783817692,0.112084495646375,0,0,0,1,0,1,0,0,0,0,1,1,-5,-0.0005852920614835,0.427169239042628,0.427169239042628,0.427169239042628,0.430485796487381,0.430485796487381,0.113872953123053,0.113872953123053,0.113872953123053,-0.100611069270973,-0.100611069270973,0,0,0,0.95,0.95,0,0,0,-0.95,-0.95,-0.342384963242,0.342384963242,-0.0710054929519689,0.0710054929519689,0.413390456193968,-0.413390456193968,-0.0159080116758815,-0.0528159616563993,0.0687239733322808
hpt_v2_topology2_paper,topology2,fault,deep_lvrt,lvrt_120ms_0.650pu,0.004,prefault,rule_action,0,NaN,0.65,0.65,0.65,1,1,168.90629493469,821.260021079123,0.33639159451339,2.12344143547731,2.12344143547731,1.0265750263489,-0.0265750263489037,0.66360840548661,-0.184669801591395,-0.440867205822374,0.533512465071112,0.157614192696169,0,0,0,1,0,1,0,0,0,0,1,1,-5,-0.0757308357948183,0.53421095682381,0.53421095682381,0.53421095682381,0.542613669918304,0.542613669918304,0.157236848810247,0.157236848810247,0.157236848810247,-0.12520055204422,-0.12520055204422,0,0,0,0.95,0.95,0,0,0,-0.95,-0.95,-0.251874392479427,0.251874392479427,-0.304176797453389,0.304176797453389,0.556051189932816,-0.556051189932816,0.0658412642778602,-0.221189636917423,0.155348372639563
hpt_v2_topology2_paper,topology2,fault,deep_lvrt,lvrt_120ms_0.650pu,0.006,prefault,rule_action,0,NaN,0.65,0.65,0.65,1,1,192.971896269114,848.075668574059,0.514216327315169,2.55240201748593,0.675977553153259,1.06009458571757,-0.0600945857175732,0.485783672684831,-0.253864342919063,-0.540529711430265,0.550385756566251,0.204694913351125,0,0,0,1,0,1,0,0,0,0,1,1,-5,-0.833050998430229,0.550422154598374,0.550422154598374,0.550422154598374,0.566058361341568,0.566058361341568,0.205065844911869,0.205065844911869,0.205065844911869,-0.156826275150033,-0.156826275150033,0,0,0,0.95,0.95,0,0,0,-0.95,-0.95,-0.0490094528181542,0.0490094528181542,-0.482408448520762,0.482408448520762,0.531417901338917,-0.531417901338917,0.263542264190457,-0.363742978330853,0.100200714140396
hpt_v2_topology2_paper,topology2,fault,deep_lvrt,lvrt_120ms_0.650pu,0.008,prefault,rule_action,0,NaN,0.65,0.65,0.65,1,1,207.055883566082,848.525338267357,0.667906689140709,2.289935865297,0.172703582999863,1.0606566728342,-0.0606566728341962,0.332093310859291,-0.262400245265613,-0.539438566500987,0.548953929882805,0.228097769048406,0,0,0,1,0,1,0,0,0,0,1,1,-5,-2.00210029200543,0.548929916192436,0.548929916192436,0.548929916192436,0.570977906716519,0.570977906716519,0.228339382879725,0.228339382879725,0.228339382879725,-0.165671834379143,-0.165671834379143,0,0,0,0.95,0.95,0,0,0,-0.95,-0.95,0.200208632289993,-0.200208632289993,-0.584907959557589,0.584907959557589,0.384699327267596,-0.384699327267596,0.465961935343237,-0.388317405613965,-0.0776445297292718
hpt_v2_topology2_paper,topology2,fault,deep_lvrt,lvrt_120ms_0.650pu,0.01,prefault,rule_action,0,NaN,0.65,0.65,0.65,1,1,215.730650576302,848.405768070809,0.787692932773457,1.91174004308966,0.0191440395634174,1.06050721008851,-0.0605072100885107,0.212307067226543,-0.205184234964237,-0.495568843841206,0.549815717109995,0.224235864626964,0,0,0,1,0,1,0,0,0,0,1,1,-4.85980186812163,-2.22344266028807,0.55032948628739,0.55032948628739,0.55032948628739,0.575018386866164,0.575018386866164,0.219677124017499,0.219677124017499,0.219677124017499,-0.143088913126688,-0.143088913126688,0,0,0,0.95,0.95,0,0,0,-0.95,-0.95,0.43618892157619,-0.43618892157619,-0.565434143578741,0.565434143578741,0.129245222002551,-0.129245222002551,0.570973048157792,-0.216866709546156,-0.354106338611635
hpt_v2_topology2_paper,topology2,fault,deep_lvrt,lvrt_120ms_0.650pu,0.012,prefault,rule_action,0,NaN,0.65,0.65,0.65,1,1,222.67978448028,849.32191896435,0.874818236297646,1.54544315723336,0.0482873137382779,1.06165239870544,-0.0616523987054372,0.125181763702354,-0.0868006297864586,-0.431602855741432,0.548537977832631,0.232963934695377,0,0,0,1,0,1,0,0,0,0,1,1,-3.11791910186887,-0.995838325919651,0.548464386117618,0.548464386117618,0.548464386117618,0.578320784981844,0.578320784981844,0.233260513812222,0.233260513812222,0.233260513812222,-0.144113565639397,-0.144113565639397,0,0,0,0.95,0.95,0,0,0,-0.95,-0.95,0.57140515757307,-0.57140515757307,-0.432467176124106,0.432467176124106,-0.138937981448964,0.138937981448964,0.466229207276377,0.113921984579347,-0.580151191855724
hpt_v2_topology2_paper,topology2,fault,deep_lvrt,lvrt_120ms_0.650pu,0.014,prefault,rule_action,0,NaN,0.65,0.65,0.65,1,1,224.62356464357,848.803765041978,0.940805229201482,1.4195203135118,0.13749003193922,1.06100470630247,-0.0610047063024728,0.0591947707985178,0.0748885541725063,-0.379123803342907,0.455669212365458,0.240658565230975,0,0,0,1,0,1,0,0,0,0,1,1,-5,0.62257496241358,0.453789771326975,0.453789771326975,0.453789771326975,0.489256175602717,0.489256175602717,0.241049784361229,0.241049784361229,0.241049784361229,-0.157030410227404,-0.157030410227404,0,0,0,0.95,0.95,0,0,0,-0.95,-0.95,0.510743955399479,-0.510743955399479,-0.206606463826113,0.206606463826113,-0.304137491573365,0.304137491573365,0.152319896003256,0.45992114273697,-0.612241038740227
hpt_v2_topology2_paper,topology2,fault,deep_lvrt,lvrt_120ms_0.650pu,0.016,prefault,rule_action,0,NaN,0.65,0.65,0.65,1,1,217.467164392616,847.27202954821,0.981643178731024,1.29726378396098,0.0330440091315249,1.05909003693526,-0.0590900369352623,0.0183568212689756,0.242789224761721,-0.327442344399025,0.247155009281256,0.238445367728354,0,0,0,1,0,1,0,0,0,0,1,1,-1.38021369894115,-0.000612462019988769,0.245200581136097,0.245200581136097,0.245200581136097,0.286988247513417,0.286988247513417,0.238866096158643,0.238866096158643,0.238866096158643,-0.186596041417624,-0.186596041417624,0,0,0,0.95,0.95,0,0,0,-0.95,-0.95,0.32572795768402,-0.32572795768402,-0.0716980540131007,0.0716980540131007,-0.254029903670919,0.254029903670919,-0.257242915683309,0.665029946125405,-0.407787030442096
hpt_v2_topology2_paper,topology2,fault,deep_lvrt,lvrt_120ms_0.650pu,0.018,prefault,rule_action,0,NaN,0.65,0.65,0.65,1,1,208.759344355007,851.299788442706,0.99694808500736,1.16386288909569,0.0420258773888894,1.06412473555338,-0.0641247355533821,0.00305191499263979,0.404616366406307,-0.277188680068836,0.0932018088687471,0.219421564476174,0,0,0,1,0,1,0,0,0,0,1,1,-0.819281723587473,-0.797632091661171,0.0921830594913856,0.0921830594913856,0.0921830594913856,0.136649351780668,0.136649351780668,0.220095943616492,0.220095943616492,0.220095943616492,-0.195619261606697,-0.195619261606697,0,0,0,0.95,0.95,0,0,0,-0.619735227821744,-0.619735227821744,0.220429688500619,-0.220429688500619,-0.0310756001241512,0.0310756001241512,-0.189354088376468,0.189354088376468,-0.6100810271685,0.592458718087875,0.0176223090806252
hpt_v2_topology2_paper,topology2,fault,deep_lvrt,lvrt_120ms_0.650pu,0.02,prefault,rule_action,0,NaN,0.65,0.65,0.65,1,1,193.273845831036,851.538104750485,0.984022575748929,1.10585046811061,0.0184954639390516,1.06442263093811,-0.0644226309381062,0.0159774242510707,0.521344540012303,-0.248012856507914,0.0601438810579789,0.173352838953226,0,0,0,1,0,1,0,0,0,0,1,1,-5,-1.18847030341773,0.0605344218083511,0.0605344218083511,0.0605344218083511,0.0973692065392213,0.0973692065392213,0.169441467767183,0.169441467767183,0.169441467767183,-0.151307847915074,-0.151307847915074,0,0,0,0.95,0.95,0,0,0,-0.00973349808431863,-0.00973349808431863,0.122258490765078,-0.122258490765078,0.0531982075496433,-0.0531982075496433,-0.175456698314722,0.175456698314722,-0.745234844200256,0.265178957327146,0.48005588687311
hpt_v2_topology2_paper,topology2,fault,deep_lvrt,lvrt_120ms_0.650pu,0.022,prefault,rule_action,0,NaN,0.65,0.65,0.65,1,1,192.359882566038,854.782634602377,0.962419007435705,1.10186626400975,0.0295153158774039,1.06847829325297,-0.0684782932529719,0.0375809925642954,0.581048028354703,-0.196663712499734,0.138685416202426,0.189535352875063,0,0,0,1,0,1,0,0,0,0,1,1,-1.00118486441203,-1.99313246395705,0.139642255557508,0.139642255557508,0.139642255557508,0.181106404365937,0.181106404365937,0.190608214836729,0.190608214836729,0.190608214836729,-0.151762714123314,-0.151762714123314,0,0,0,0.95,0.95,0,0,0,0.208125417407431,0.208125417407431,-0.00894325001386995,0.00894325001386995,0.208955370167074,-0.208955370167074,-0.200012120153204,0.200012120153204,-0.563229967503058,-0.216507508689094,0.779737476192153
hpt_v2_topology2_paper,topology2,fault,deep_lvrt,lvrt_120ms_0.650pu,0.024,prefault,rule_action,0,NaN,0.65,0.65,0.65,1,1,206.276888435307,852.934487538606,0.95857037339853,1.03889105405607,0.0421473100442552,1.06616810942326,-0.0661681094232569,0.0414296266014704,0.593497387567946,-0.119600035216697,0.21119772185199,0.229522938098814,0,0,0,0,0,1,0,0,0,0,1,1,2.1183062441088,-0.465286724982805,0.211475155168669,0.211475155168669,0.211475155168669,0.261764556854099,0.261764556854099,0.230062632257496,0.230062632257496,0.230062632257496,-0.170674757330537,-0.170674757330537,0,0,0,0.95,0.95,0,0,0,0.95,0.95,-0.191409706037454,0.191409706037454,0.309619930414261,-0.309619930414261,-0.118210224376807,0.118210224376807,-0.117506726809612,-0.669632161775931,0.787138888585542
hpt_v2_topology2_paper,topology2,fault,deep_lvrt,lvrt_120ms_0.650pu,0.026,prefault,rule_action,0,NaN,0.65,0.65,0.65,1,1,206.41270218239,855.947059058079,0.968660983767811,1.03998967949354,0.0681082976088385,1.0699338238226,-0.0699338238225988,0.031339016232189,0.602640280087663,-0.0513077994623725,0.198746059935128,0.230764454361244,0,0,0,0,0,1,0,0,0,0,1,1,-2.17700016667965,1.78387544805481,0.198436091130787,0.198436091130787,0.198436091130787,0.250345848326986,0.250345848326986,0.23128759496976,0.23128759496976,0.23128759496976,-0.173775113510548,-0.173775113510548,0,0,0,0.95,0.95,0,0,0,0.95,0.95,-0.277852553284803,0.277852553284803,0.24733104758196,-0.24733104758196,0.030521505702843,-0.030521505702843,0.405714394332674,-0.860069440570697,0.454355046238024
hpt_v2_topology2_paper,topology2,fault,deep_lvrt,lvrt_120ms_0.650pu,0.028,prefault,rule_action,0,NaN,0.65,0.65,0.65,1,1,202.728562454008,853.870213657901,0.976921608306415,1.02450440500206,0.0251333556636852,1.06733776707238,-0.0673377670723758,0.0230783916935853,0.607669995809386,0.0470574195149722,0.154544637482856,0.223490355169741,0,0,0,0,0,1,0,0,0,0,1,1,-3.68699494951641,-1.81481882100698,0.15420722873478,0.15420722873478,0.15420722873478,0.206212243584076,0.206212243584076,0.224110483767478,0.224110483767478,0.224110483767478,-0.177431363982175,-0.177431363982175,0,0,0,0.95,0.95,0,0,0,0.95,0.95,-0.272039258500337,0.272039258500337,0.136142602236042,-0.136142602236042,0.135896656264295,-0.135896656264295,0.841653005999758,-0.760436735343628,-0.08121627065613
hpt_v2_topology2_paper,topology2,fault,deep_lvrt,lvrt_120ms_0.650pu,0.03,prefault,rule_action,0,NaN,0.65,0.65,0.65,1,1,201.633630441215,852.545148754604,0.974273818299063,0.998881825026389,0.0226221930299801,1.06568143594325,-0.0656814359432545,0.0257261817009371,0.601097972157235,0.131926897033822,0.141812277300029,0.218773138358347,0,0,0,0,0,1,0,0,0,0,1,1,-5,-0.416853734528599,0.14184233514829,0.14184233514829,0.14184233514829,0.19305479131331,0.19305479131331,0.219203948477029,0.219203948477029,0.219203948477029,-0.175782441157285,-0.175782441157285,0,0,0,0.95,0.95,0,0,0,0.95,0.95,-0.22829458123393,0.22829458123393,0.0044276367914157,-0.0044276367914157,0.223866944442514,-0.223866944442514,0.935148190636013,-0.294420975297933,-0.640727215338081
hpt_v2_topology2_paper,topology2,fault,deep_lvrt,lvrt_120ms_0.650pu,0.032,prefault,rule_action,0,NaN,0.65,0.65,0.65,1,1,198.959181710886,856.093653107204,0.9718818047657,1.02152193491684,0.0552401446291561,1.070117066384,-0.0701170663840047,0.0281181952343001,0.579862042676076,0.210140614940237,0.14864159783395,0.193137479787187,0,0,0,0,0,1,0,0,0,0,1,1,-5,2.07536335493663,0.148759201770819,0.148759201770819,0.148759201770819,0.192775500859744,0.192775500859744,0.193325547283957,0.193325547283957,0.193325547283957,-0.149471313677266,-0.149471313677266,0,0,0,0.95,0.95,0,0,0,0.95,0.95,-0.103356012014403,0.103356012014403,-0.139675597547732,0.139675597547732,0.243031609562135,-0.243031609562135,0.617414231186125,0.312081402770899,-0.929495633957024
hpt_v2_topology2_paper,topology2,fault,deep_lvrt,lvrt_120ms_0.650pu,0.034,prefault,rule_action,0,NaN,0.65,0.65,0.65,1,1,197.705184529345,851.530955118227,0.96778838875902,1.03220578724279,0.0476266465690588,1.06441369389778,-0.0644136938977835,0.0322116112409803,0.575589204725767,0.28576601823362,0.164850840231465,0.131158533749339,0,0,0,0,0,1,0,0,0,0,1,1,-5,-1.34004399891996,0.165057962667329,0.165057962667329,0.165057962667329,0.192313211051378,0.192313211051378,0.130844845315667,0.130844845315667,0.130844845315667,-0.0859077030345835,-0.0859077030345835,0,0,0,0.95,0.95,0,0,0,0.95,0.95,0.0747418535555428,-0.0747418535555428,-0.207910130289717,0.207910130289717,0.133168276734175,-0.133168276734175,0.057677071632028,0.808180526049833,-0.865857597681861
hpt_v2_topology2_paper,topology2,fault,deep_lvrt,lvrt_120ms_0.650pu,0.036,prefault,rule_action,0,NaN,0.65,0.65,0.65,1,1,197.402926740341,855.898851511483,0.963144346866064,1.01184766892,0.0341906877407014,1.06987356438935,-0.0698735643893535,0.0368556531339357,0.572823486071145,0.345231096650088,0.188400958033114,0.0387259187799148,0,0,0,0,0,1,0,0,0,0,1,1,-5,-1.82323509270588,0.188640834026623,0.188640834026623,0.188640834026623,0.19217229932417,0.19217229932417,0.0376800817838418,0.0376800817838418,0.0376800817838418,0.00865795576095374,0.00865795576095374,0,0,0,0.95,0.95,0,0,0,0.95,0.95,0.189662869356354,-0.189662869356354,-0.12266777081925,0.12266777081925,-0.0669950985371039,0.0669950985371039,-0.5367863682576,0.95,-0.469987882715277
hpt_v2_topology2_paper,topology2,fault,deep_lvrt,lvrt_120ms_0.650pu,0.038,prefault,rule_action,0,NaN,0.65,0.65,0.65,1,1,201.971692191681,866.543218886071,0.958982768643401,1.05128648060896,0.011252319234669,1.08317902360759,-0.0831790236075891,0.0410172313565988,0.560870012489467,0.357262387787582,0.216076092719215,-0.0926255646693876,0,0,0,0,0,1,0,0,0,0,1,1,-2.31249174343939,3.05891770643019,0.216257698090911,0.216257698090911,0.216257698090911,0.189345254902868,0.189345254902868,-0.0925872781331462,-0.0925872781331462,-0.0925872781331462,0.139600037612646,0.139600037612646,0,0,0,0.95,0.95,0,0,0,0.95,0.95,0.123646733890396,-0.123646733890396,0.111492705420989,-0.111492705420989,-0.235139439311385,0.235139439311385,-0.925942129144818,0.778792341608309,0.147149787536509
hpt_v2_topology2_paper,topology2,fault,deep_lvrt,lvrt_120ms_0.650pu,0.04,prefault,rule_action,0,NaN,0.65,0.65,0.65,1,1,203.655491592591,869.357645185733,0.964432922242232,1.05144705620127,0.0217978408396998,1.08669705648217,-0.0866970564821665,0.0355670777577682,0.573141407913446,0.357202429030825,0.212810058196332,-0.199994032365149,0,0,0,0,0,1,0,0,0,0,1,1,-4.60771157314754,0.153514186959969,0.21262826589296,0.21262826589296,0.21262826589296,0.164615955146316,0.164615955146316,-0.200927445266947,-0.200927445266947,-0.200927445266947,0.241835078161575,0.241835078161575,0,0,0,0.95,0.95,0,0,0,0.95,0.95,-0.113918879028587,0.113918879028587,0.290312883969833,-0.290312883969833,-0.176394004941246,0.176394004941246,-0.95,0.270406634609379,0.699399279688906
hpt_v2_topology2_paper,topology2,fault,deep_lvrt,lvrt_120ms_0.650pu,0.042,prefault,rule_action,0,NaN,0.65,0.65,0.65,1,1,206.876178981293,892.053095478236,0.972965810489358,1.03461258311141,0.0391952878749193,1.11506636934779,-0.115066369347795,0.027034189510642,0.556218493894803,0.368363800039018,0.183318846191944,-0.229431860821203,0,0,0,0,0,1,0,0,0,0,1,1,-5,-2.37573580463257,0.182893147726179,0.182893147726179,0.182893147726179,0.133837206997395,0.133837206997395,-0.229972769343587,-0.229972769343587,-0.229972769343587,0.261581689244269,0.261581689244269,0,0,0,0.95,0.95,0,0,0,0.95,0.95,-0.268668641139308,0.268668641139308,0.237367832325926,-0.237367832325926,0.0313008088133811,-0.0313008088133811,-0.64023669742564,-0.377681142650852,0.95
hpt_v2_topology2_paper,topology2,fault,deep_lvrt,lvrt_120ms_0.650pu,0.044,prefault,rule_action,0,NaN,0.65,0.65,0.65,1,1,203.450011501413,907.98303444775,0.978301608913606,1.03589430873393,0.0271961331250737,1.13497879305969,-0.134978793059687,0.0216983910863937,0.551014906024075,0.389156282928887,0.144464025122204,-0.209776441303248,0,0,0,0,0,1,0,0,0,0,1,1,-5,-0.522782986883019,0.144157984655025,0.144157984655025,0.144157984655025,0.10396824448128,0.10396824448128,-0.210579422085871,-0.210579422085871,-0.210579422085871,0.233057550157249,0.233057550157249,0,0,0,0.95,0.95,0,0,0,0.95,0.95,-0.245852331031983,0.245852331031983,0.063669211038322,-0.063669211038322,0.182183119993661,-0.182183119993661,-0.0179310454452795,-0.878802957857186,0.896734003302466
hpt_v2_topology2_paper,topology2,fault,deep_lvrt,lvrt_120ms_0.650pu,0.046,prefault,rule_action,0,NaN,0.65,0.65,0.65,1,1,202.066243012559,934.408865527765,0.980223051499295,1.06586119142059,0.0218579047906184,1.16801108190971,-0.168011081909706,0.019776948500705,0.538863629413476,0.373261535481506,0.121179828945381,-0.235431696068833,0,0,0,0,0,1,0,0,0,0,1,1,-2.93394640562217,1.04222792001418,0.121040776714162,0.121040776714162,0.121040776714162,0.0815267098754442,0.0815267098754442,-0.235892606787915,-0.235892606787915,-0.235892606787915,0.252288698006174,0.252288698006174,0,0,0,0.95,0.95,0,0,0,0.95,0.95,-0.13895612285228,0.13895612285228,-0.126073825844146,0.126073825844146,0.265029948696426,-0.265029948696426,0.577432635177933,-0.95,0.397279960999304
hpt_v2_topology2_paper,topology2,fault,deep_lvrt,lvrt_120ms_0.650pu,0.048,prefault,rule_action,0,NaN,0.65,0.65,0.65,1,1,202.668760365666,952.00461310617,0.981283116509926,1.04315438709888,0.048583731329267,1.19000576638271,-0.190005766382713,0.0187168834900741,0.506454512381219,0.38266104703814,0.111723456077203,-0.221094430512979,0,0,0,0,0,1,0,0,0,0,1,1,-5,-2.24364755337736,0.111631337296766,0.111631337296766,0.111631337296766,0.0791309304717335,0.0791309304717335,-0.221746504772806,-0.221746504772806,-0.221746504772806,0.235311206040635,0.235311206040635,0,0,0,0.95,0.95,0,0,0,0.95,0.95,0.019883453184905,-0.019883453184905,-0.224250585721743,0.224250585721743,0.204367132536838,-0.204367132536838,0.95,-0.714611521592354,-0.266485897302482
hpt_v2_topology2_paper,topology2,fault,deep_lvrt,lvrt_120ms_0.650pu,0.05,prefault,rule_action,0,NaN,0.65,0.65,0.65,1,1,205.947314578053,963.786965190547,0.985121758035546,1.10222225652522,0.033259907108592,1.20473370648818,-0.204733706488184,0.0148782419644535,0.461419907844073,0.393917447283319,0.100502122261286,-0.224836470377643,0,0,0,1,0,1,0,0,0,0,1,1,-5,-0.717608980180362,0.100273002697815,0.100273002697815,0.100273002697815,0.0720411073438342,0.0720411073438342,-0.225438650772608,-0.225438650772608,-0.225438650772608,0.235981650102045,0.235981650102045,0,0,0,0.95,0.95,0,0,0,0.95,0.95,0.169076442876125,-0.169076442876125,-0.240158954624308,0.240158954624308,0.0710825117481831,-0.0710825117481831,0.91747629268533,-0.145872504438974,-0.771603788246356
hpt_v2_topology2_paper,topology2,fault,deep_lvrt,lvrt_120ms_0.650pu,0.052,prefault,rule_action,0,NaN,0.65,0.65,0.65,1,1,204.651575022499,967.286102400678,0.989490033323477,1.10752919834395,0.0563047530054306,1.20910762800085,-0.209107628000848,0.0105099666765232,0.428508093737877,0.394124992443723,0.0774802353498866,-0.2387748127675,0,0,0,1,0,1,0,0,0,0,1,1,-5,0.976979443651382,0.0772319097237351,0.0772319097237351,0.0772319097237351,0.0524080291271926,0.0524080291271926,-0.239191148597267,-0.239191148597267,-0.239191148597267,0.24582630438962,0.24582630438962,0,0,0,0.95,0.95,0,0,0,0.95,0.95,0.2505700887839,-0.2505700887839,-0.1424271866228,0.1424271866228,-0.108142902161099,0.108142902161099,0.488508096039585,0.480794878144462,-0.95
hpt_v2_topology2_paper,topology2,fault,deep_lvrt,lvrt_120ms_0.650pu,0.054,prefault,rule_action,0,NaN,0.65,0.65,0.65,1,1,203.458413880062,964.123394647351,0.989627639460306,1.0859799327649,0.0768417066357202,1.20515424330919,-0.205154243309189,0.0103723605396941,0.400197751368858,0.412840328276715,0.0655077953351582,-0.21234722654329,0,0,0,1,0,1,0,0,0,0,1,1,-5,-2.18457941258121,0.0654088276509866,0.0654088276509866,0.0654088276509866,0.0476401976844659,0.0476401976844659,-0.213115930189379,-0.213115930189379,-0.213115930189379,0.217777698582168,0.217777698582168,0,0,0,0.95,0.95,0,0,0,0.95,0.95,0.187748832889531,-0.187748832889531,0.0102184153825739,-0.0102184153825739,-0.197967248272105,0.197967248272105,-0.144952583299539,0.947700775670195,-0.802748192370656
hpt_v2_topology2_paper,topology2,fault,deep_lvrt,lvrt_120ms_0.650pu,0.056,prefault,rule_action,0,NaN,0.65,0.65,0.65,1,1,208.825338709643,956.545399907484,0.991891749276686,1.13892913448763,0.0412043705110691,1.19568174988436,-0.195681749884355,0.00810825072331389,0.351747658506862,0.428474532479496,0.0598254498184365,-0.208590739813897,0,0,0,1,0,1,0,0,0,0,1,1,-0.482396545210761,-0.815911164260052,0.0596331932081982,0.0596331932081982,0.0596331932081982,0.04628375304266,0.04628375304266,-0.209409529949712,-0.209409529949712,-0.209409529949712,0.212758744051218,0.212758744051218,0,0,0,0.95,0.95,0,0,0,0.95,0.95,0.074054215265495,-0.074054215265495,0.14029556893608,-0.14029556893608,-0.214349784201575,0.214349784201575,-0.718094362280122,0.95,-0.250082269535749
hpt_v2_topology2_paper,topology2,fault,deep_lvrt,lvrt_120ms_0.650pu,0.058,prefault,rule_action,0,NaN,0.65,0.65,0.65,1,1,207.534719012112,937.341735726703,0.993416200247642,1.09330309952756,0.012415944792888,1.17167716965838,-0.171677169658378,0.00658379975235768,0.3498167565024,0.452001067420337,0.0451865887896202,-0.235320860512615,0,0,0,1,0,1,0,0,0,0,1,1,0.884050044097639,1.08466388267714,0.0450756913206013,0.0450756913206013,0.0450756913206013,0.0346914456711772,0.0346914456711772,-0.231673846468482,-0.231673846468482,-0.231673846468482,0.233454690856225,0.233454690856225,0,0,0,0.95,0.95,0,0,0,0.95,0.95,-0.0860716090247203,0.0860716090247203,0.233357112841382,-0.233357112841382,-0.147285503816662,0.147285503816662,-0.95,0.588056318895307,0.431329914334115
hpt_v2_topology2_paper,topology2,fault,deep_lvrt,lvrt_120ms_0.650pu,0.06,prefault,rule_action,0,NaN,0.65,0.65,0.65,1,1,208.34295898899,941.738342321974,0.993582853751461,1.08774864778595,0.00160416816544675,1.17717292790247,-0.177172927902468,0.00641714624853917,0.353550479047016,0.42850985430355,0.0403133610081539,-0.219420701139709,0,0,0,1,0,1,0,0,0,0,1,1,-1.7348630189018,-1.94343442638512,0.0402549964479361,0.0402549964479361,0.0402549964479361,0.0345602909714836,0.0345602909714836,-0.215560726459955,-0.215560726459955,-0.215560726459955,0.216546710478209,0.216546710478209,0,0,0,0.95,0.95,0,0,0,0.95,0.95,-0.186856658667541,0.186856658667541,0.192819528551442,-0.192819528551442,-0.0059628698839014,0.0059628698839014,-0.874175714993252,-0.040575281162682,0.914750996155934
hpt_v2_topology2_paper,topology2,fault,deep_lvrt,lvrt_120ms_0.650pu,0.062,prefault,rule_action,0,NaN,0.65,0.65,0.65,1,1,209.750241027325,941.535161594693,0.997522261071176,1.07952389448577,0.0498801693625555,1.17691895199337,-0.176918951993366,0.00247773892882397,0.319491417432281,0.432447814053447,0.0280763048016695,-0.231827462748121,0,0,0,0,0,1,0,0,0,0,1,1,5,-0.789081301746819,0.0278869585776661,0.0278869585776661,0.0278869585776661,0.025761665407289,0.025761665407289,-0.232336429911479,-0.232336429911479,-0.232336429911479,0.232581675370539,0.232581675370539,0,0,0,0.95,0.95,0,0,0,0.95,0.95,-0.231282552618424,0.231282552618424,0.0848239113541633,-0.0848239113541633,0.14645864126426,-0.14645864126426,-0.384357900434142,-0.659428769722635,0.95
hpt_v2_topology2_paper,topology2,fault,deep_lvrt,lvrt_120ms_0.650pu,0.064,prefault,rule_action,0,NaN,0.65,0.65,0.65,1,1,205.763658352984,933.590484971177,0.996514847213357,1.08802950681476,0.0358430284808857,1.16698810621397,-0.166988106213972,0.00348515278664296,0.314380407781684,0.447195765621103,0.0200059062153694,-0.226709647156983,0,0,0,1,0,1,0,0,0,0,1,1,4.45302593693553,1.47813273934005,0.0199993855405672,0.0199993855405672,0.0199993855405672,0.0216256622055244,0.0216256622055244,-0.227286851861557,-0.227286851861557,-0.227286851861557,0.227137885843181,0.227137885843181,0,0,0,0.95,0.95,0,0,0,0.95,0.95,-0.155090472420342,0.155090472420342,-0.0673846618843191,0.0673846618843191,0.222475134304661,-0.222475134304661,0.288473342783095,-0.95,0.71892532901154
hpt_v2_topology2_paper,topology2,fault,deep_lvrt,lvrt_120ms_0.650pu,0.066,prefault,rule_action,0,NaN,0.65,0.65,0.65,1,1,208.291288497851,935.566617471712,0.993824156839545,1.0500213981083,0.0337343531359961,1.16945827183964,-0.16945827183964,0.00617584316045527,0.323335175811727,0.421179058591027,0.0284801966352558,-0.193814447404883,0,0,0,0,0,1,0,0,0,0,1,1,4.23414865807947,-1.23841865176066,0.0285615903027664,0.0285615903027664,0.0285615903027664,0.0329478612031894,0.0329478612031894,-0.194830254772818,-0.194830254772818,-0.194830254772818,0.19413662987082,0.19413662987082,0,0,0,0.95,0.95,0,0,0,0.95,0.95,-0.032355668202103,0.032355668202103,-0.152035653803441,0.152035653803441,0.184391322005544,-0.184391322005544,0.835769012721508,-0.95,0.12185929434258
hpt_v2_topology2_paper,topology2,fault,deep_lvrt,lvrt_120ms_0.650pu,0.068,prefault,rule_action,0,NaN,0.65,0.65,0.65,1,1,208.823271847584,933.250826276888,0.992629009915623,1.00070397186878,0.0842361654571336,1.16656353284611,-0.16656353284611,0.00737099008437714,0.300300719508407,0.419391956855643,0.0368373526013029,-0.214472307935296,0,0,0,0,0,1,0,0,0,0,1,1,3.05128524885145,-2.5884724373042,0.0368965551595857,0.0368965551595857,0.0368965551595857,0.0447719702657761,0.0447719702657761,-0.215212677162826,-0.215212677162826,-0.215212677162826,0.213713178987061,0.213713178987061,0,0,0,0.95,0.95,0,0,0,0.95,0.95,0.094956554828658,-0.094956554828658,-0.217759893177688,0.217759893177688,0.12280333834903,-0.12280333834903,0.95,-0.535097660899785,-0.550181826336934
hpt_v2_topology2_paper,topology2,fault,deep_lvrt,lvrt_120ms_0.650pu,0.07,prefault,rule_action,0,NaN,0.65,0.65,0.65,1,1,206.181884995956,920.190944717572,0.995757313746883,1.05356976091579,0.018803573382775,1.15023868089697,-0.150238680896966,0.00424268625311741,0.290787653902919,0.426587362336222,0.0320353583985222,-0.230763259705139,0,0,0,0,0,1,0,0,0,0,1,1,1.12201364087605,1.83398697231318,0.0319250083188516,0.0319250083188516,0.0319250083188516,0.0432484327606975,0.0432484327606975,-0.227348879356198,-0.227348879356198,-0.227348879356198,0.225469049238296,0.225469049238296,0,0,0,0.95,0.95,0,0,0,0.95,0.95,0.20673947555353,-0.20673947555353,-0.189822795914675,0.189822795914675,-0.0169166796388555,0.0169166796388555,0.848727981215428,0.130581233678349,-0.95
hpt_v2_topology2_paper,topology2,fault,deep_lvrt,lvrt_120ms_0.650pu,0.072,prefault,rule_action,0,NaN,0.65,0.65,0.65,1,1,204.490727556892,913.21488333982,0.996683043135151,1.0215741121519,0.0577554879511014,1.14151860417478,-0.141518604174775,0.0033169568648489,0.309758422915961,0.407621237336864,0.0203049181843469,-0.224944696593021,0,0,0,0,0,1,1,0,0.0148333333333379,0,0.996093289703328,1.05991269268568,-5,-0.448665708931983,0.0202818820424187,0.0202818820424187,0.0202818820424187,0.0343062558383223,0.0343062558383223,-0.225545433971781,-0.225545433971781,-0.225545433971781,0.223841860104532,0.223841860104532,0,0,0,0.95,0.95,0,0,0,0.95,0.95,0.219845921284424,-0.219845921284424,-0.0628867903636046,0.0628867903636046,-0.156959130920819,0.156959130920819,0.276861182537606,0.757349421382985,-0.95
hpt_v2_topology2_paper,topology2,fault,deep_lvrt,lvrt_120ms_0.650pu,0.074,prefault,rule_action,0,NaN,0.65,0.65,0.65,1,1,209.092275914687,915.243467751644,0.998765293110978,0.970019187481326,0.0475366779425399,1.14405433468956,-0.144054334689555,0.00123470688902239,0.277690183357596,0.394076801469147,0.0158780793599201,-0.184693364459959,0,0,0,0,0,1,1,0,0.0315000000000096,0,0.976020825842168,1.10522233430018,-5,-2.3439217194432,0.0157586218806257,0.0157586218806257,0.0157586218806257,0.0293283509618716,0.0293283509618716,-0.18473308888654,-0.18473308888654,-0.18473308888654,0.183069648284461,0.183069648284461,0,0,0,0.95,0.95,0,0,0,0.95,0.95,0.11678736315043,-0.11678736315043,0.0663120523592411,-0.0663120523592411,-0.183099415509671,0.183099415509671,-0.394386466675411,0.95,-0.686587137068074
hpt_v2_topology2_paper,topology2,fault,deep_lvrt,lvrt_120ms_0.650pu,0.076,prefault,rule_action,0,NaN,0.65,0.65,0.65,1,1,206.008673849719,895.735186850162,0.999358029059736,1.06788287182328,0.0385502907192723,1.1196689835627,-0.119668983562703,0.000641970940264192,0.257806565127226,0.42435320670472,0.00768810142593147,-0.122895485227916,0,0,0,0,0,1,1,0,0.0481666666666814,0,0.976020825842168,1.10522233430018,-3.40240088874033,2.0560290158127,0.00762640541636995,0.00762640541636995,0.00762640541636995,0.0177811592584003,0.0177811592584003,-0.122543387830856,-0.122543387830856,-0.122543387830856,0.121486107584636,0.121486107584636,0,0,0,0.95,0.95,0,0,0,0.95,0.95,0.00266980422895803,-0.00266980422895803,0.104970963572759,-0.104970963572759,-0.107640767801717,0.107640767801717,-0.906699886272384,0.95,-0.0557385660679421
hpt_v2_topology2_paper,topology2,fault,deep_lvrt,lvrt_120ms_0.650pu,0.078,prefault,rule_action,0,NaN,0.65,0.65,0.65,1,1,204.50513038568,876.474229231836,0.998704515661199,1.06274576462405,0.0523127648033806,1.0955927865398,-0.0955927865397954,0.00129548433880122,0.272384976891294,0.419098972096926,0.00493511561132831,-0.0501975842118506,0,0,0,0,0,1,1,0,0.0648333333333532,0,0.976020825842168,1.10522233430018,-0.201969210934516,0.0668123722351588,0.00495160915584434,0.00495160915584434,0.00495160915584434,0.00949767441796523,0.00949767441796523,-0.0503619618554291,-0.0503619618554291,-0.0503619618554291,0.0497055310384093,0.0497055310384093,0,0,0,0.95,0.95,0,0,0,0.95,0.95,-0.0274917074345359,0.0274917074345359,0.0505397219988222,-0.0505397219988222,-0.0230480145642864,0.0230480145642864,-0.95,0.479439187450886,0.625645718380709
hpt_v2_topology2_paper,topology2,fault,deep_lvrt,lvrt_120ms_0.650pu,0.08,fault,rule_action,0,NaN,0.65,0.65,0.65,1,1,209.039311059403,877.191741090412,0.995086337594096,1.00105156795132,0.0235216156750955,1.09648967636302,-0.0964896763630152,0.00491366240590363,0.251193758140452,0.395073824909056,0.0187721725804934,-0.0463477911045285,0,0,0,0,0,1,1,0,0.081500000000025,0,0.976020825842168,1.10522233430018,-2.49545162145881,-2.76859778980176,0.018888878455109,0.018888878455109,0.018888878455109,0.0233603744151158,0.0233603744151158,-0.0470432140139076,-0.0470432140139076,-0.0470432140139076,0.0449905170145421,0.0449905170145421,0,0,0,0.95,0.95,0,0,0,0.95,0.95,-0.0403533514185267,0.0403533514185267,0.0467491343367091,-0.0467491343367091,-0.00639578291818247,0.00639578291818247,-0.834919997214464,-0.213870470812837,0.95
hpt_v2_topology2_paper,topology2,fault,deep_lvrt,lvrt_120ms_0.650pu,0.082,fault,rule_action,0,NaN,0.65,0.65,0.65,1,1,204.236729737172,854.121071948348,0.995297137605554,1.01026433326403,0.0591531591792376,1.06765133993543,-0.0676513399354346,0.00470286239444573,0.250047302808455,0.401219562687399,0.0208067365110488,-0.0240646093355946,0,0,0,0,0,1,1,0,0.0981666666666967,0,0.976020825842168,1.10522233430018,-5,-0.783857448325209,0.0208806155987838,0.0208806155987838,0.0208806155987838,0.0231982690050332,0.0231982690050332,-0.0238615856149075,-0.0238615856149075,-0.0238615856149075,0.0216151727037248,0.0216151727037248,0,0,0,0.95,0.95,0,0,0,0.95,0.95,-0.0296674421058525,0.0296674421058525,0.0245246287015017,-0.0245246287015017,0.00514281340435073,-0.00514281340435073,-0.279204558850912,-0.843277326595351,0.95
hpt_v2_topology2_paper,topology2,fault,deep_lvrt,lvrt_120ms_0.650pu,0.084,fault,rule_action,0,NaN,0.65,0.65,0.65,1,1,190.671237071207,852.496382179042,0.981881570731591,0.947582787070396,0.0997185930097246,1.0656204777238,-0.0656204777238032,0.0181184292684088,0.216490186795802,0.397412174330836,0.0528135883704623,0.0559321926495573,0,0,0,0,0,1,1,0,0.114833333333368,0,0.896908841557538,1.10522233430018,0.885136619859894,0.481187168898334,0.0536248321949715,0.0536248321949715,0.0536248321949715,0.0474461862205079,0.0474461862205079,0.056940482563043,0.056940482563043,0.056940482563043,-0.0621827998370927,-0.0621827998370927,0,0,0,0.95,0.95,0,0,0,0.95,0.95,-0.012136632807521,0.012136632807521,0.0729854853136139,-0.0729854853136139,-0.0608488525060929,0.0608488525060929,0.414485892610682,-0.95,0.708675106015066
hpt_v2_topology2_paper,topology2,fault,deep_lvrt,lvrt_120ms_0.650pu,0.086,fault,rule_action,0,NaN,0.65,0.65,0.65,1,1,180.423332928791,844.504727421126,0.951243712481961,0.847466813272194,0.132612367967759,1.05563090927641,-0.055630909276408,0.0487562875180385,0.153049537847254,0.402963991395424,0.180957996108344,0.107486198331886,0,0,1,0,0,1,1,0,0.13150000000004,0,0.847466813272194,1.10522233430018,-4.33167912068633,-0.655656933385762,0.182623097326876,0.182623097326876,0.182623097326876,0.170559049402417,0.170559049402417,0.107073880287569,0.107073880287569,0.107073880287569,-0.125401842825543,-0.125401842825543,0,0,0,0.95,0.95,0,0,0,0.95,0.95,-0.18347654862421,0.18347654862421,0.183194688611675,-0.183194688611675,0.000281860012534815,-0.000281860012534815,0.95,-0.95,0.0495032470068877
hpt_v2_topology2_paper,topology2,fault,deep_lvrt,lvrt_120ms_0.650pu,0.088,fault,rule_action,0,NaN,0.65,0.65,0.65,1,1,198.784254591111,824.556398053657,0.939544922540062,0.857718930453861,0.12102647220357,1.03069549756707,-0.0306954975670712,0.0604550774599382,0.0830147767825006,0.470810174650336,0.320569842984791,-0.0181124203928391,0,0,1,0,0,1,1,0,0.148166666666712,0,0.820081931141804,1.10522233430018,-4.61016953946613,0.985136073523129,0.321352324124838,0.321352324124838,0.321352324124838,0.321714211217124,0.321714211217124,-0.0203515195542001,-0.0203515195542001,-0.0203515195542001,-0.0134709639426319,-0.0134709639426319,0,0,0,0.95,0.95,0,0,0,0.95,0.95,-0.247527225674213,0.247527225674213,-0.0545866880849002,0.0545866880849002,0.302113913759113,-0.302113913759113,0.95,-0.51442985236213,-0.635582903359648
hpt_v2_topology2_paper,topology2,fault,deep_lvrt,lvrt_120ms_0.650pu,0.09,fault,rule_action,0,NaN,0.65,0.65,0.65,1,1,227.340438036477,799.817094398388,0.972935737651918,0.886932972933992,0.120136163987657,0.999771367997985,0.000228632002015283,0.0270642623480816,0.126653545461297,0.533688246518785,0.287043978319495,-0.199598903358503,0,0,1,0,0,1,1,0,0.164833333333384,0,0.820081931141804,1.10522233430018,-1.79921748415324,2.57829640302376,0.285481549889935,0.285481549889935,0.285481549889935,0.30557251570219,0.30557251570219,-0.200537584647057,-0.200537584647057,-0.200537584647057,0.168346297348857,0.168346297348857,0,0,0,0.95,0.95,0,0,0,0.95,0.95,0.108098635319092,-0.108098635319092,-0.341316253486381,0.341316253486381,0.233217618167289,-0.233217618167289,0.864740202054529,0.221904833043327,-0.95
hpt_v2_topology2_paper,topology2,fault,deep_lvrt,lvrt_120ms_0.650pu,0.092,fault,rule_action,0,NaN,0.65,0.65,0.65,1,1,221.172498106672,851.504309729487,1.01217333812719,0.885593640729333,0.197663799486571,1.06438038716186,-0.0643803871618589,-0.0121733381271938,0.272985469169405,0.518470645720673,0.0794552635156678,-0.25160816516564,0,0,1,0,0,1,1,0,0.181500000000056,0,0.820081931141804,1.10522233430018,-5,-1.06023049284376,0.0773794198479347,0.0773794198479347,0.0773794198479347,0.215889453050141,0.215889453050141,-0.251853389630098,-0.251853389630098,-0.251853389630098,0.151027972726525,0.151027972726525,0,0,0,0.95,0.95,0,0,0,0.95,0.95,0.263162090431975,-0.263162090431975,-0.120510183337415,0.120510183337415,-0.14265190709456,0.14265190709456,0.213433182444184,0.857955951863301,-0.95
hpt_v2_topology2_paper,topology2,fault,deep_lvrt,lvrt_120ms_0.650pu,0.094,fault,rule_action,0,NaN,0.65,0.65,0.65,1,1,190.263534648493,898.018974062908,1.00488656309336,0.919394832920736,0.0715652968215905,1.12252371757864,-0.122523717578635,-0.00488656309336322,0.308814357714309,0.416588963448515,-0.0361638542641877,-0.265195251143645,0,0,1,0,0,1,1,0,0.198166666666727,0,0.820081931141804,1.10522233430018,-4.12732177050223,-2.32911415699677,-0.0360888633573236,-0.0360888633573236,-0.0360888633573236,0.135109175370288,0.135109175370288,-0.26525931446173,-0.26525931446173,-0.26525931446173,0.231106946450969,0.231106946450969,0,0,0,0.95,0.95,0,0,0,0.95,0.95,0.116921367153404,-0.116921367153404,0.150095610748312,-0.150095610748312,-0.267016977901716,0.267016977901716,-0.445303532826373,0.95,-0.680736575013891
hpt_v2_topology2_paper,topology2,fault,deep_lvrt,lvrt_120ms_0.650pu,0.096,fault,rule_action,0,NaN,0.65,0.65,0.65,1,1,177.359375904243,897.13851061798,0.957954516670135,0.954144414232901,0.097585495095312,1.12142313827248,-0.121423138272475,0.0420454833298647,0.220270425807114,0.368336048982836,0.099894970339847,-0.268744790186484,0,0,0,0,0,1,1,0,0.214833333333399,0,0.820081931141804,1.10522233430018,-0.435948317636381,1.48397110246323,0.102080789800901,0.102080789800901,0.102080789800901,0.13250517647858,0.13250517647858,-0.268761526317331,-0.268761526317331,-0.268761526317331,0.255138440618378,0.255138440618378,0,0,0,0.95,0.95,0,0,0,0.95,0.95,0.0880537504456929,-0.0880537504456929,0.192985438867442,-0.192985438867442,-0.281039189313135,0.281039189313135,-0.912364495769198,0.95,-0.0506328764000949
hpt_v2_topology2_paper,topology2,fault,deep_lvrt,lvrt_120ms_0.650pu,0.098,fault,rule_action,0,NaN,0.65,0.65,0.65,1,1,202.671860154713,848.604777214568,0.941756196152464,0.958568518171378,0.113458973311302,1.06075597151821,-0.0607559715182107,0.0582438038475356,0.153647582224013,0.376594745104448,0.284747480101298,-0.267552413663873,0,0,0,0,0,1,1,0,0.231500000000071,0,0.820081931141804,1.10522233430018,1.2013434193785,0.776189986286591,0.285823721202646,0.285823721202646,0.285823721202646,0.315739630041656,0.315739630041656,-0.267585048148354,-0.267585048148354,-0.267585048148354,0.231528494176943,0.231528494176943,0,0,0,0.95,0.95,0,0,0,0.95,0.95,0.0435154320441189,-0.0435154320441189,0.315217837359078,-0.315217837359078,-0.358733269403197,0.358733269403197,-0.95,0.450220083588835,0.653341625767747
hpt_v2_topology2_paper,topology2,fault,deep_lvrt,lvrt_120ms_0.650pu,0.1,fault,rule_action,0,NaN,0.65,0.65,0.65,1,1,233.977601283602,842.573302092409,0.982013394812263,0.910649428683859,0.102009574013394,1.05321662761551,-0.053216627615511,0.0179866051877365,0.153076347304238,0.422388155005092,0.245515249023451,-0.255939137050334,0,0,1,0,0,1,1,0,0.248166666666743,0,0.820081931141804,1.10522233430018,-5,-0.499033294757201,0.243748405656856,0.243748405656856,0.243748405656856,0.273537144283153,0.273537144283153,-0.256126615222996,-0.256126615222996,-0.256126615222996,0.224034727181447,0.224034727181447,0,0,0,0.95,0.95,0,0,0,0.95,0.95,-0.201653890486095,0.201653890486095,0.352347078737868,-0.352347078737868,-0.150693188251773,0.150693188251773,-0.810432173950225,-0.282175532007422,0.95
hpt_v2_topology2_paper,topology2,fault,deep_lvrt,lvrt_120ms_0.650pu,0.102,fault,rule_action,0,NaN,0.65,0.65,0.65,1,1,222.521210743755,857.845696615039,1.02518849157189,1.01378390122143,0.14442540240567,1.0723071207688,-0.0723071207687989,-0.0251884915718901,0.226669676249968,0.40422829388926,0.0146856523659088,-0.19477123631912,0,0,0,0,0,1,1,0,0.264833333333414,0,0.820081931141804,1.10522233430018,1.1372672293648,2.04784795495461,0.0126115706070576,0.0126115706070576,0.0126115706070576,0.130607333746383,0.130607333746383,-0.193053153860071,-0.193053153860071,-0.193053153860071,0.142724546943257,0.142724546943257,0,0,0,0.95,0.95,0,0,0,0.95,0.95,-0.179731029642408,0.179731029642408,0.0278655415620742,-0.0278655415620742,0.151865488080333,-0.151865488080333,-0.181785744099065,-0.850605928255213,0.95
hpt_v2_topology2_paper,topology2,fault,deep_lvrt,lvrt_120ms_0.650pu,0.104,fault,rule_action,0,NaN,0.65,0.65,0.65,1,1,189.648673655808,854.961555332036,1.01090679240201,0.926249208623265,0.036935944498144,1.06870194416504,-0.0687019441650447,-0.0109067924020054,0.238353712723557,0.375196541524058,-0.0934567443503785,0.03974318810167,0,0,0,0,0,1,1,0,0.281500000000086,0,0.820081931141804,1.10522233430018,3.57183770998404,0.317597828241922,-0.0931205022864064,-0.0931205022864064,-0.0931205022864064,-0.0991598004760903,-0.0991598004760903,0.0423177306701688,0.0423177306701688,0.0423177306701688,0.0250908797113119,0.0250908797113119,0,0,0,0.95,0.95,0,0,0,0.95,0.95,0.102014295909445,-0.102014295909445,-0.0574473559431549,0.0574473559431549,-0.0445669399662905,0.0445669399662905,0.517609739197124,-0.95,0.612806622982044
hpt_v2_topology2_paper,topology2,fault,deep_lvrt,lvrt_120ms_0.650pu,0.106,fault,rule_action,0,NaN,0.65,0.65,0.65,1,1,176.890494816045,847.489653778574,0.95887130386187,0.918003519919612,0.154539266151694,1.05936206722322,-0.0593620672232174,0.0411286961381299,0.155661217795078,0.344024574080038,0.0705011329812264,0.181674493739064,0,0,1,0,0,1,1,0,0.298166666666758,0,0.820081931141804,1.10522233430018,-3.67450043900297,-1.17510516841013,0.0730029672386821,0.0730029672386821,0.0730029672386821,0.0507040673055737,0.0507040673055737,0.182203860563341,0.182203860563341,0.182203860563341,-0.189622724346291,-0.189622724346291,0,0,0,0.95,0.95,0,0,0,0.95,0.95,-0.0926833287113852,0.0926833287113852,0.196185284362055,-0.196185284362055,-0.10350195565067,0.10350195565067,0.95,-0.95,-0.0324750814473454
hpt_v2_topology2_paper,topology2,fault,deep_lvrt,lvrt_120ms_0.650pu,0.108,fault,rule_action,0,NaN,0.65,0.65,0.65,1,1,198.036887319477,808.754163516323,0.939785308992493,0.931492570758604,0.185068666932271,1.0109427043954,-0.010942704395404,0.0602146910075066,0.0524503601671799,0.437940166720089,0.280958061370366,0.154279498184243,0,0,0,0,0,1,1,0,0.31483333333343,0,0.820081931141804,1.10522233430018,0.231172557079606,0.828502862613822,0.282250414282294,0.282250414282294,0.282250414282294,0.262711098045192,0.262711098045192,0.153293011326663,0.153293011326663,0.153293011326663,-0.184788859642599,-0.184788859642599,0,0,0,0.95,0.95,0,0,0,0.95,0.95,-0.312837927217162,0.312837927217162,0.0933923324599587,-0.0933923324599587,0.219445594757203,-0.219445594757203,0.95,-0.435526910794481,-0.713165619964256
hpt_v2_topology2_paper,topology2,fault,deep_lvrt,lvrt_120ms_0.650pu,0.11,fault,rule_action,0,NaN,0.65,0.65,0.65,1,1,224.704644114392,743.091004459205,0.971067750150868,0.893297098003238,0.0785479804517821,0.928863755574006,0.071136244425994,0.0289322498491316,0.0973402297367309,0.529040665594824,0.279948715132546,0.0201736453250472,0,0,1,0,0,1,1,0,0.331500000000101,0,0.820081931141804,1.10522233430018,1.65252568103913,1.93163139618058,0.278638926075027,0.278638926075027,0.278638926075027,0.274727675715206,0.274727675715206,0.0189999399887429,0.0189999399887429,0.0189999399887429,-0.0502528908615314,-0.0502528908615314,0,0,0,0.95,0.95,0,0,0,0.95,0.95,-0.0780334751238186,0.0780334751238186,-0.193219282906365,0.193219282906365,0.271252758030183,-0.271252758030183,0.846347828584035,0.34523447244725,-0.95
hpt_v2_topology2_paper,topology2,fault,deep_lvrt,lvrt_120ms_0.650pu,0.112,fault,rule_action,0,NaN,0.65,0.65,0.65,1,1,220.515682665197,796.145539313448,1.00671588619981,0.860134362490917,0.158561554895728,0.99518192414181,0.00481807585819016,-0.00671588619980734,0.247413260116117,0.500477082105295,0.0975725545909745,-0.00265939060515635,0,0,1,0,0,1,1,0,0.348166666666773,0,0.820081931141804,1.10522233430018,-5,0.234432008677121,0.0957133947426773,0.0957133947426773,0.0957133947426773,0.0770653682548451,0.0770653682548451,-0.00237373745488083,-0.00237373745488083,-0.00237373745488083,-0.056812125276365,-0.056812125276365,0,0,0,0.95,0.95,0,0,0,0.95,0.95,0.0407401900644312,-0.0407401900644312,-0.0954047144231322,0.0954047144231322,0.054664524358701,-0.054664524358701,0.145977734938138,0.95,-0.95
hpt_v2_topology2_paper,topology2,fault,deep_lvrt,lvrt_120ms_0.650pu,0.114,fault,rule_action,0,NaN,0.65,0.65,0.65,1,1,195.335155631987,857.580727126862,1.00748982316698,0.877076559870152,0.0833477300223614,1.07197590890858,-0.071975908908577,-0.00748982316697977,0.263673313398013,0.423102186975245,-0.0256992952847482,0.120301377891905,0,0,1,0,0,1,1,0,0.364833333333445,0,0.820081931141804,1.10522233430018,-5,-2.36354742165568,-0.0259796552558778,-0.0259796552558778,-0.0259796552558778,-0.0949053388474632,-0.0949053388474632,0.121923133245557,0.121923133245557,0.121923133245557,-0.0808280246317843,-0.0808280246317843,0,0,0,0.95,0.95,0,0,0,0.95,0.95,-0.0847761506758761,0.0847761506758761,-0.0367630326022352,0.0367630326022352,0.121539183278111,-0.121539183278111,-0.522828655891822,0.95,-0.652607405271195
hpt_v2_topology2_paper,topology2,fault,deep_lvrt,lvrt_120ms_0.650pu,0.116,fault,rule_action,0,NaN,0.65,0.65,0.65,1,1,177.952273785849,854.385435899057,0.968673816811637,0.918271909160421,0.07592582575945,1.06798179487382,-0.0679817948738219,0.0313261831883633,0.181840219980735,0.374543460995895,0.0619991443173269,0.155872716487666,0,0,1,0,0,1,1,0,0.381500000000117,0,0.820081931141804,1.10522233430018,-0.429710874945921,1.69335318684349,0.0637956257287432,0.0637956257287432,0.0637956257287432,0.0481204276916116,0.0481204276916116,0.155654875603406,0.155654875603406,0.155654875603406,-0.161191645565178,-0.161191645565178,0,0,0,0.95,0.95,0,0,0,0.95,0.95,0.0743736058598605,-0.0743736058598605,-0.167858784182519,0.167858784182519,0.0934851783226581,-0.0934851783226581,-0.95,0.95,-0.0269691524298395
hpt_v2_topology2_paper,topology2,fault,deep_lvrt,lvrt_120ms_0.650pu,0.118,fault,rule_action,0,NaN,0.65,0.65,0.65,1,1,192.891046558198,839.462151852846,0.940360604393959,0.897454912386812,0.0989151387317517,1.04932768981606,-0.0493276898160575,0.059639395606041,0.100671494987916,0.425332097941301,0.256801560201617,0.0320689594766164,0,0,1,0,0,1,1,0,0.398166666666789,0,0.820081931141804,1.10522233430018,-0.677188852107213,0.279375793831971,0.258368873501581,0.258368873501581,0.258368873501581,0.254398311797152,0.254398311797152,0.030040828179868,0.030040828179868,0.030040828179868,-0.054207242200349,-0.054207242200349,0,0,0,0.95,0.95,0,0,0,0.95,0.95,0.218414195620076,-0.218414195620076,0.0131208384019432,-0.0131208384019432,-0.231535034022019,0.231535034022019,-0.95,0.450200399469275,0.644083397225335
hpt_v2_topology2_paper,topology2,fault,deep_lvrt,lvrt_120ms_0.650pu,0.12,fault,rule_action,0,NaN,0.65,0.65,0.65,1,1,228.079871847524,819.738670472074,0.965696001313963,0.878576789091531,0.0733897788049494,1.02467333809009,-0.0246733380900925,0.034303998686037,0.109890342542846,0.474691067924862,0.297266651718382,-0.165862300683683,0,0,1,0,0,1,1,0,0.41483333333346,0,0.820081931141804,1.10522233430018,-5,-0.624789264762171,0.296176203287396,0.296176203287396,0.296176203287396,0.310405757074922,0.310405757074922,-0.167250803341234,-0.167250803341234,-0.167250803341234,0.139073507853831,0.139073507853831,0,0,0,0.95,0.95,0,0,0,0.95,0.95,-0.0928477188758408,0.0928477188758408,0.329804093017617,-0.329804093017617,-0.236956374141776,0.236956374141776,-0.825543830380221,-0.276280263972814,0.95
hpt_v2_topology2_paper,topology2,fault,deep_lvrt,lvrt_120ms_0.650pu,0.122,fault,rule_action,0,NaN,0.65,0.65,0.65,1,1,225.508596223024,858.255705222517,1.01222735774175,0.945858701321605,0.123207677318727,1.07281963152815,-0.072819631528146,-0.0122273577417473,0.208585014191575,0.456077615950529,0.0972523380190548,-0.242794694156412,0,0,0,0,0,1,1,0,0.431500000000132,0,0.820081931141804,1.10522233430018,-0.794190563386254,2.26405748143033,0.0949375677854348,0.0949375677854348,0.0949375677854348,0.221660517902898,0.221660517902898,-0.24315743156766,-0.24315743156766,-0.24315743156766,0.137859686299563,0.137859686299563,0,0,0,0.95,0.95,0,0,0,0.95,0.95,-0.260855191746522,0.260855191746522,0.122064855182541,-0.122064855182541,0.138790336563981,-0.138790336563981,-0.195860852983424,-0.843678456219158,0.95
hpt_v2_topology2_paper,topology2,fault,deep_lvrt,lvrt_120ms_0.650pu,0.124,fault,rule_action,0,NaN,0.65,0.65,0.65,1,1,188.950610328647,861.915454567733,1.00965989576587,0.951857029456804,0.0624081636306299,1.07739431820967,-0.0773943182096668,-0.009659895765874,0.251791630869944,0.387585493703185,-0.0520691801053976,-0.212784918753356,0,0,0,0,0,1,1,0,0.448166666666804,0,0.820081931141804,1.10522233430018,1.16182792194253,0.507380515021083,-0.0521784483829035,-0.0521784483829035,-0.0521784483829035,0.0849255949144536,0.0849255949144536,-0.212125540842529,-0.212125540842529,-0.212125540842529,0.201264698548476,0.201264698548476,0,0,0,0.95,0.95,0,0,0,0.95,0.95,-0.0606470406817068,0.0606470406817068,-0.151421710703734,0.151421710703734,0.212068751385441,-0.212068751385441,0.492102296784064,-0.95,0.62422678376833
hpt_v2_topology2_paper,topology2,fault,deep_lvrt,lvrt_120ms_0.650pu,0.126,fault,rule_action,0,NaN,0.65,0.65,0.65,1,1,173.080455977317,861.14854761496,0.954050762550885,0.908153975172994,0.0811110671420825,1.0764356845187,-0.0764356845186998,0.0459492374491151,0.193841461041346,0.316930799570282,0.095074920467962,-0.183814760689132,0,0,1,0,0,1,1,0,0.46483333333347,0,0.820081931141804,1.10522233430018,-2.37292482928542,-2.13117271266205,0.0976543020148986,0.0976543020148986,0.0976543020148986,0.113621064272836,0.113621064272836,-0.184264262478093,-0.184264262478093,-0.184264262478093,0.174871195118352,0.174871195118352,0,0,0,0.95,0.95,0,0,0,0.95,0.95,-0.0755354041338691,0.0755354041338691,-0.13057142852429,0.13057142852429,0.206106832658159,-0.206106832658159,0.95,-0.95,-0.0352543816595416
hpt_v2_topology2_paper,topology2,fault,deep_lvrt,lvrt_120ms_0.650pu,0.128,fault,rule_action,0,NaN,0.65,0.65,0.65,1,1,202.155303536259,838.432465349344,0.935846461748565,0.944704069812172,0.136847361960984,1.04804058168668,-0.0480405816866798,0.0641535382514348,0.0975334941756341,0.377559644791182,0.311587742527222,-0.240187281234216,0,0,0,0,0,1,1,0,0.48150000000013,0,0.820081931141804,1.10522233430018,-3.48784862179197,0.774035804835149,0.312803218457504,0.312803218457504,0.312803218457504,0.333023424849021,0.333023424849021,-0.240584784151093,-0.240584784151093,-0.240584784151093,0.211712754325831,0.211712754325831,0,0,0,0.95,0.95,0,0,0,0.95,0.95,-0.0570635899765534,0.0570635899765534,-0.309629377984082,0.309629377984082,0.366692967960636,-0.366692967960636,0.95,-0.399105632885385,-0.716919912633483
hpt_v2_topology2_paper,topology2,fault,deep_lvrt,lvrt_120ms_0.650pu,0.13,fault,rule_action,0,NaN,0.65,0.65,0.65,1,1,235.452667485428,805.364989258622,0.982980459715136,0.990231500373818,0.0889204148080132,1.00670623657328,-0.00670623657327818,0.0170195402848641,0.121858204230525,0.443418661226108,0.258193570773591,-0.25590184909331,0,0,0,0,0,1,1,0,0.49816666666679,0,0.820081931141804,1.10522233430018,3.04094824495027,1.70159565342409,0.256027226044371,0.256027226044371,0.256027226044371,0.278190779658882,0.278190779658882,-0.255793219468971,-0.255793219468971,-0.255793219468971,0.231495144042073,0.231495144042073,0,0,0,0.95,0.95,0,0,0,0.95,0.95,0.217278040753123,-0.217278040753123,-0.359293710052559,0.359293710052559,0.142015669299436,-0.142015669299436,0.742983450722168,0.361983926576804,-0.95
hpt_v2_topology2_paper,topology2,fault,deep_lvrt,lvrt_120ms_0.650pu,0.132,fault,rule_action,0,NaN,0.65,0.65,0.65,1,1,222.322538515592,855.815141656546,1.02356458422042,0.947352880726495,0.155592494781973,1.06976892707068,-0.0697689270706829,-0.0235645842204226,0.23543467752121,0.414557099789588,0.0181841586542244,-0.165951728836682,0,0,0,0,0,1,1,0,0.51483333333345,0,0.820081931141804,1.10522233430018,-5,-1.77861488304742,0.0159764554827257,0.0159764554827257,0.0159764554827257,0.110843561797637,0.110843561797637,-0.163937817848299,-0.163937817848299,-0.163937817848299,0.121838253675384,0.121838253675384,0,0,0,0.95,0.95,0,0,0,0.95,0.95,0.150975498898973,-0.150975498898973,-0.0184531942470052,0.0184531942470052,-0.132522304651968,0.132522304651968,0.0683506070149112,0.926806779721939,-0.95
hpt_v2_topology2_paper,topology2,fault,deep_lvrt,lvrt_120ms_0.650pu,0.134,fault,rule_action,0,NaN,0.65,0.65,0.65,1,1,193.29742120965,859.037063326364,1.01250517450793,0.957292720904152,0.0591311984459148,1.07379632915795,-0.0737963291579546,-0.0125051745079281,0.2343674610238,0.361486286269303,-0.0911915079269964,0.0703465704022844,0,0,0,0,0,1,1,0,0.531500000000111,0,0.820081931141804,1.10522233430018,-0.791759445941231,-1.37174611331359,-0.0910162161470508,-0.0910162161470508,-0.0910162161470508,-0.115917283274941,-0.115917283274941,0.0718716313059629,0.0718716313059629,0.0718716313059629,-0.00355899233828813,-0.00355899233828813,0,0,0,0.95,0.95,0,0,0,0.95,0.95,-0.112855578919588,0.112855578919588,0.0333014847123073,-0.0333014847123073,0.0795540942072809,-0.0795540942072809,-0.585898354229459,0.95,-0.572874378059751
hpt_v2_topology2_paper,topology2,fault,deep_lvrt,lvrt_120ms_0.650pu,0.136,fault,rule_action,0,NaN,0.65,0.65,0.65,1,1,180.396405859122,847.436903052916,0.967954760272128,0.953065577078335,0.143023435861009,1.05929612881614,-0.0592961288161444,0.0320452397278719,0.133384449859415,0.363282348340131,0.0414134391336919,0.174665436997384,0,0,0,0,0,1,1,0,0.548166666666771,0,0.820081931141804,1.10522233430018,2.89539179558573,2.33844862898991,0.0435463572070663,0.0435463572070663,0.0435463572070663,0.0291866452489125,0.0291866452489125,0.174765833719567,0.174765833719567,0.174765833719567,-0.177728786640811,-0.177728786640811,0,0,0,0.95,0.95,0,0,0,0.95,0.95,0.072744976579385,-0.072744976579385,-0.179063282257362,0.179063282257362,0.106318305677977,-0.106318305677977,-0.95,0.918598534787989,0.0847719496831508
hpt_v2_topology2_paper,topology2,fault,deep_lvrt,lvrt_120ms_0.650pu,0.138,fault,rule_action,0,NaN,0.65,0.65,0.65,1,1,194.109518093882,831.649772996695,0.940104848703396,0.900203228384458,0.0950619077188746,1.03956221624587,-0.0395622162458684,0.0598951512966042,0.0773361673130552,0.419620822405053,0.250120083291514,0.0850854817407317,0,0,1,0,0,1,1,0,0.564833333333431,0,0.820081931141804,1.10522233430018,-5,-0.318115822270482,0.251799701639173,0.251799701639173,0.251799701639173,0.244693202489248,0.244693202489248,0.083499576425069,0.083499576425069,0.083499576425069,-0.102471975019019,-0.102471975019019,0,0,0,0.95,0.95,0,0,0,0.95,0.95,0.236617031761498,-0.236617031761498,-0.0144300437758867,0.0144300437758867,-0.222186987985611,0.222186987985611,-0.95,0.33983642429871,0.740467418595013
hpt_v2_topology2_paper,topology2,fault,deep_lvrt,lvrt_120ms_0.650pu,0.14,fault,rule_action,0,NaN,0.65,0.65,0.65,1,1,222.862174716761,810.657482540205,0.967710511884336,0.914028777815689,0.0770864995542057,1.01332185317526,-0.0133218531752559,0.0322894881156643,0.0842063951970659,0.470250710901816,0.171774249899898,-0.0108087464340461,0,0,1,0,0,1,0,1,0,0.0126666666666618,0.820081931141804,1.10522233430018,-5,-0.73779736904811,0.170523190616647,0.170523190616647,0.170523190616647,0.170882050921945,0.170882050921945,-0.0111677360710741,-0.0111677360710741,-0.0111677360710741,-0.00148375865432717,-0.00148375865432717,0,0,0,0.95,0.95,0,0,0,0.95,0.95,0.0135298804377549,-0.0135298804377549,0.140764258253089,-0.140764258253089,-0.154294138690844,0.154294138690844,-0.746527728332347,-0.373358141713959,0.95
hpt_v2_topology2_paper,topology2,fault,deep_lvrt,lvrt_120ms_0.650pu,0.142,fault,rule_action,0,NaN,0.65,0.65,0.65,1,1,223.097751459587,847.305415666735,1.00321402157122,0.914730823490284,0.142633914956014,1.05913176958342,-0.059131769583419,-0.00321402157121975,0.173840686973517,0.481839489441989,0.0618984742518863,-0.000365536345086181,0,0,1,0,0,1,0,1,0,0.029333333333322,0.820081931141804,1.10522233430018,5,3.75391511049572,0.0609763672272679,0.0609763672272679,0.0609763672272679,0.0494837982397815,0.0494837982397815,0.000180079361962536,0.000180079361962536,0.000180079361962536,-0.0356300926265402,-0.0356300926265402,0,0,0,0.95,0.95,0,0,0,0.95,0.95,-0.0283622294363215,0.0283622294363215,0.0609283103309408,-0.0609283103309408,-0.0325660808946192,0.0325660808946192,-0.088966458468846,-0.905963512421728,0.95
hpt_v2_topology2_paper,topology2,fault,deep_lvrt,lvrt_120ms_0.650pu,0.144,fault,rule_action,0,NaN,0.65,0.65,0.65,1,1,194.357198389155,851.79846460037,1.00181611914001,0.911863649246795,0.053343384622624,1.06474808075046,-0.0647480807504623,-0.00181611914000612,0.223971881154544,0.42836715142745,0.00396415735885515,0.0384997800238956,0,0,1,0,0,1,0,1,0,0.0459999999999822,0.820081931141804,1.10522233430018,0.450885869280437,0.0444973863507059,0.00385921008931693,0.00385921008931693,0.00385921008931693,0.00127800145104472,0.00127800145104472,0.0389341773788436,0.0389341773788436,0.0389341773788436,-0.0391040967543284,-0.0391040967543284,0,0,0,0.95,0.95,0,0,0,0.95,0.95,0.0140621133863291,-0.0140621133863291,0.024588011578103,-0.024588011578103,-0.0386501249644321,0.0386501249644321,0.576755703360183,-0.95,0.555556445445985
hpt_v2_topology2_paper,topology2,fault,deep_lvrt,lvrt_120ms_0.650pu,0.146,fault,rule_action,0,NaN,0.65,0.65,0.65,1,1,176.601019086045,848.451987032719,0.961207240098514,0.923440453742329,0.118759699326089,1.0605649837909,-0.0605649837908984,0.038792759901486,0.175094637709328,0.382753713218488,0.0395470469166349,0.0552823823295867,0,0,0,0,0,1,0,1,0,0.0626666666666424,0.820081931141804,1.10522233430018,-2.73756923611179,-1.384910338176,0.0402672181279578,0.0402672181279578,0.0402672181279578,0.0368586270420019,0.0368586270420019,0.0550896065278078,0.0550896065278078,0.0550896065278078,-0.0574260848023947,-0.0574260848023947,0,0,0,0.95,0.95,0,0,0,0.95,0.95,-0.0479170464027959,0.0479170464027959,0.0660323000747563,-0.0660323000747563,-0.0181152536719604,0.0181152536719604,0.95,-0.921289191153589,-0.10805668284241
hpt_v2_topology2_paper,topology2,fault,deep_lvrt,lvrt_120ms_0.650pu,0.148,fault,rule_action,0,NaN,0.65,0.65,0.65,1,1,186.777360394566,850.066554851025,0.931049838282881,0.933092047275396,0.0849583057234945,1.06258319356378,-0.0625831935637815,0.0689501617171185,0.105789265662339,0.427776595477697,0.116442948396046,0.0250664598217807,0,0,0,0,0,1,0,1,0,0.0793333333333026,0.820081931141804,1.10522233430018,-5,-0.480813637113275,0.117103115645587,0.117103115645587,0.117103115645587,0.115519847577256,0.115519847577256,0.0244447720991213,0.0244447720991213,0.0244447720991213,-0.031078149761675,-0.031078149761675,0,0,0,0.95,0.95,0,0,0,0.95,0.95,-0.100791713127556,0.100791713127556,-0.00540546829747099,0.00540546829747099,0.106197181425027,-0.106197181425027,0.95,-0.364668786093973,-0.728513251005828
hpt_v2_topology2_paper,topology2,fault,deep_lvrt,lvrt_120ms_0.650pu,0.15,fault,rule_action,0,NaN,0.65,0.65,0.65,1,1,213.668074187729,841.906940782205,0.943803647196915,0.898402398746562,0.0678655054234768,1.05238367597776,-0.0523836759777558,0.0561963528030849,0.127342022317334,0.4890654203423,0.146445017523847,-0.0250888964831355,0,0,1,0,0,1,0,1,0,0.0959999999999628,0.820081931141804,1.10522233430018,-0.405340797845155,1.87811664862236,0.146297315655593,0.146297315655593,0.146297315655593,0.147481075075459,0.147481075075459,-0.0253797194884893,-0.0253797194884893,-0.0253797194884893,0.0172153194548787,0.0172153194548787,0,0,0,0.95,0.95,0,0,0,0.95,0.95,0.00237908015981749,-0.00237908015981749,-0.12976259725055,0.12976259725055,0.127383517090732,-0.127383517090732,0.710716123193909,0.366066626314972,-0.95
hpt_v2_topology2_paper,topology2,fault,deep_lvrt,lvrt_120ms_0.650pu,0.152,fault,rule_action,0,NaN,0.65,0.65,0.65,1,1,218.80921644051,850.897973355938,0.981383916653764,0.942055581849272,0.139123285291962,1.06362246669492,-0.0636224666949223,0.0186160833462359,0.225285752091356,0.462983495411038,0.0974592126427755,-0.0224994964929278,0,0,0,0,0,1,0,1,0,0.112666666666623,0.820081931141804,1.10522233430018,-3.99727534911742,-1.94004830645467,0.0967622412369166,0.0967622412369166,0.0967622412369166,0.0978044060368258,0.0978044060368258,-0.0219714578329985,-0.0219714578329985,-0.0219714578329985,0.0167324370096579,0.0167324370096579,0,0,0,0.95,0.95,0,0,0,0.95,0.95,0.064261406255974,-0.064261406255974,-0.0976067366507757,0.0976067366507757,0.0333453303948016,-0.0333453303948016,0.0705258355838686,0.930956513629344,-0.95
hpt_v2_topology2_paper,topology2,fault,deep_lvrt,lvrt_120ms_0.650pu,0.154,fault,rule_action,0,NaN,0.65,0.65,0.65,1,1,204.243641419586,851.047581984466,0.995338182429496,0.928933106475162,0.0472001796022982,1.06380947748058,-0.0638094774805829,0.00466181757050388,0.220493895141262,0.396891163180674,0.0392284734990273,0.0234558441321036,0,0,0,0,0,1,0,1,0,0.129333333333283,0.820081931141804,1.10522233430018,0.189312144260434,-1.36624200162005,0.0388614128171211,0.0388614128171211,0.0388614128171211,0.0376055946712592,0.0376055946712592,0.0240084583865703,0.0240084583865703,0.0240084583865703,-0.0259313464683836,-0.0259313464683836,0,0,0,0.95,0.95,0,0,0,0.95,0.95,0.0239208532712121,-0.0239208532712121,-0.0456621505420273,0.0456621505420273,0.0217412972708152,-0.0217412972708152,-0.579813338883393,0.95,-0.578882975263294
hpt_v2_topology2_paper,topology2,fault,deep_lvrt,lvrt_120ms_0.650pu,0.156,fault,rule_action,0,NaN,0.65,0.65,0.65,1,1,183.994787425574,851.093917389331,0.970665314843971,0.933916858528,0.0844734238122665,1.06386739673666,-0.0638673967366632,0.0293346851560292,0.14164121068935,0.373069117595745,0.041612396753135,0.0488427519680316,0,0,0,0,0,1,0,1,0,0.145999999999943,0.820081931141804,1.10522233430018,-1.46735990413971,2.49998804845575,0.0420031449432761,0.0420031449432761,0.0420031449432761,0.0397257079374816,0.0397257079374816,0.0488096269635871,0.0488096269635871,0.0488096269635871,-0.0506804893259359,-0.0506804893259359,0,0,0,0.95,0.95,0,0,0,0.95,0.95,0.0488374817837093,-0.0488374817837093,-0.0607664805995337,0.0607664805995337,0.0119289988158245,-0.0119289988158245,-0.95,0.919423557199468,0.0737075928745632
hpt_v2_topology2_paper,topology2,fault,deep_lvrt,lvrt_120ms_0.650pu,0.158,fault,rule_action,0,NaN,0.65,0.65,0.65,1,1,185.334467961716,846.956006612837,0.938524387370662,0.927821807855743,0.0740582247674559,1.05869500826605,-0.0586950082660456,0.0614756126293381,0.106437559321313,0.425842983593108,0.0998894435428947,0.026185410137149,0,0,0,0,0,1,0,1,0,0.162666666666604,0.820081931141804,1.10522233430018,-5,-0.027751151626676,0.100531870354971,0.100531870354971,0.100531870354971,0.099339993910108,0.099339993910108,0.0255837354359922,0.0255837354359922,0.0255837354359922,-0.0298789237735765,-0.0298789237735765,0,0,0,0.95,0.95,0,0,0,0.95,0.95,0.089560852447679,-0.089560852447679,0.000551997476856421,-0.000551997476856421,-0.0901128499245354,0.0901128499245354,-0.95,0.34356723900587,0.72475666699506
hpt_v2_topology2_paper,topology2,fault,deep_lvrt,lvrt_120ms_0.650pu,0.16,fault,rule_action,0,NaN,0.65,0.65,0.65,1,1,212.852618387847,843.392112844847,0.946796621830581,0.900143721248776,0.0596680366602356,1.05424014105606,-0.0542401410560593,0.053203378169419,0.110615530588741,0.469564495760426,0.135080611250686,-0.0251628383542608,0,0,1,0,0,1,0,1,0,0.179333333333264,0.820081931141804,1.10522233430018,-5,-0.693036876583397,0.13498937218194,0.13498937218194,0.13498937218194,0.135947204428435,0.135947204428435,-0.0254613276353604,-0.0254613276353604,-0.0254613276353604,0.0197171857810119,0.0197171857810119,0,0,0,0.95,0.95,0,0,0,0.95,0.95,-0.00488145421842512,0.00488145421842512,0.121331163683427,-0.121331163683427,-0.116449709465001,0.116449709465001,-0.727232827406894,-0.37001422807769,0.95
hpt_v2_topology2_paper,topology2,fault,deep_lvrt,lvrt_120ms_0.650pu,0.162,fault,rule_action,0,NaN,0.65,0.65,0.65,1,1,219.397703231953,855.02893154299,0.983310156461855,0.948306538387461,0.105393614670911,1.06878616442874,-0.0687861644287371,0.0166898435381453,0.182102219922386,0.475670964515767,0.0903246369240973,-0.0147971746875822,0,0,0,0,0,1,0,1,0,0.195999999999924,0.820081931141804,1.10522233430018,0.942784993252732,2.42803636487343,0.0896618561007069,0.0896618561007069,0.0896618561007069,0.0901771698510141,0.0901771698510141,-0.0143440566185943,-0.0143440566185943,-0.0143440566185943,0.0106338345559199,0.0106338345559199,0,0,0,0.95,0.95,0,0,0,0.95,0.95,-0.0545224666100679,0.0545224666100679,0.0901438682358438,-0.0901438682358438,-0.0356214016257759,0.0356214016257759,-0.084267776340824,-0.906031126391272,0.95
hpt_v2_topology2_paper,topology2,fault,deep_lvrt,lvrt_120ms_0.650pu,0.164,fault,rule_action,0,NaN,0.65,0.65,0.65,1,1,199.813976301886,851.664660023847,0.99368763413779,0.907777510592581,0.0577970284880124,1.06458082502981,-0.0645808250298081,0.00631236586221007,0.22342740204147,0.420536293550545,0.0359215770761684,0.0283442925259556,0,0,1,0,0,1,0,1,0,0.212666666666584,0.820081931141804,1.10522233430018,-0.0620384498625226,0.0281740599723523,0.0356521234502489,0.0356521234502489,0.0356521234502489,0.0345234701033226,0.0345234701033226,0.0288172666059718,0.0288172666059718,0.0288172666059718,-0.0301602183874128,-0.0301602183874128,0,0,0,0.95,0.95,0,0,0,0.95,0.95,-0.0190448317121972,0.0190448317121972,0.0456347732930502,-0.0456347732930502,-0.0265899415808529,0.0265899415808529,0.585654916838654,-0.95,0.545506368076438
hpt_v2_topology2_paper,topology2,fault,deep_lvrt,lvrt_120ms_0.650pu,0.166,fault,rule_action,0,NaN,0.65,0.65,0.65,1,1,182.88640094358,847.181312733324,0.965286023724629,0.890847570604914,0.0906616244001592,1.05897664091665,-0.0589766409166548,0.0347139762753708,0.16631931412237,0.371090970773025,0.0480584303361007,0.0470837388975114,0,0,1,0,0,1,0,1,0,0.229333333333244,0.820081931141804,1.10522233430018,-4.60122137212604,-1.40877111905957,0.048536081683253,0.048536081683253,0.048536081683253,0.0468833968980112,0.0468833968980112,0.0469747897644022,0.0469747897644022,0.0469747897644022,-0.0486243683133956,-0.0486243683133956,0,0,0,0.95,0.95,0,0,0,0.95,0.95,-0.055211056813646,0.055211056813646,0.0613040592066986,-0.0613040592066986,-0.00609300239305272,0.00609300239305272,0.95,-0.915872796450978,-0.117773244123444
hpt_v2_topology2_paper,topology2,fault,deep_lvrt,lvrt_120ms_0.650pu,0.168,fault,rule_action,0,NaN,0.65,0.65,0.65,1,1,188.005965770892,850.13789665378,0.938449494272438,0.924111360360518,0.0954909625308761,1.06267237081722,-0.0626723708172243,0.0615505057275619,0.097339207333765,0.412740692473153,0.106535714761547,0.0242576644925925,0,0,0,0,0,1,0,1,0,0.245999999999905,0.820081931141804,1.10522233430018,-5,-0.524632542893366,0.107092648139189,0.107092648139189,0.107092648139189,0.106262303559884,0.106262303559884,0.0237090141838432,0.0237090141838432,0.0237090141838432,-0.0271896208355496,-0.0271896208355496,0,0,0,0.95,0.95,0,0,0,0.95,0.95,-0.0925447766832676,0.0925447766832676,-0.00471597023910984,0.00471597023910984,0.0972607469223774,-0.0972607469223774,0.95,-0.356365740456177,-0.7350358130857
hpt_v2_topology2_paper,topology2,fault,deep_lvrt,lvrt_120ms_0.650pu,0.17,fault,rule_action,0,NaN,0.65,0.65,0.65,1,1,211.791050463318,845.519252668447,0.949493502068667,0.928679510298027,0.0808178288246196,1.05689906583556,-0.056899065835559,0.0505064979313333,0.117011778121372,0.466289564164368,0.132300128483341,-0.022455638882425,0,0,0,0,0,1,0,1,0,0.262666666666565,0.820081931141804,1.10522233430018,0.72389215054458,1.70355606700201,0.132160380123692,0.132160380123692,0.132160380123692,0.132832112449536,0.132832112449536,-0.0227111884029679,-0.0227111884029679,-0.0227111884029679,0.0183791745001646,0.0183791745001646,0,0,0,0.95,0.95,0,0,0,0.95,0.95,0.00346755971825621,-0.00346755971825621,-0.117826868098849,0.117826868098849,0.114359308380593,-0.114359308380593,0.698532145362881,0.367377541744067,-0.95
hpt_v2_topology2_paper,topology2,fault,deep_lvrt,lvrt_120ms_0.650pu,0.172,fault,rule_action,0,NaN,0.65,0.65,0.65,1,1,217.09172634602,849.340309138916,0.981111808444746,0.900446901174316,0.128457742715088,1.06167538642364,-0.0616753864236446,0.0188881915552545,0.207482368057801,0.455433945751438,0.0901138440426026,-0.0144066602438837,0,0,1,0,0,1,0,1,0,0.279333333333225,0.820081931141804,1.10522233430018,-3.34970891202369,-0.758358936812531,0.0895249376823049,0.0895249376823049,0.0895249376823049,0.0899260517568951,0.0899260517568951,-0.0138751782505645,-0.0138751782505645,-0.0138751782505645,0.0109790825628442,0.0109790825628442,0,0,0,0.95,0.95,0,0,0,0.95,0.95,0.0545871509093659,-0.0545871509093659,-0.0899083380556681,0.0899083380556681,0.0353211871463021,-0.0353211871463021,0.0480694152796571,0.945809779429073,-0.95
hpt_v2_topology2_paper,topology2,fault,deep_lvrt,lvrt_120ms_0.650pu,0.174,fault,rule_action,0,NaN,0.65,0.65,0.65,1,1,201.67981627562,849.202301830797,0.993046127079263,0.903455971851955,0.0602119603314506,1.0615028772885,-0.0615028772884958,0.00695387292073668,0.207900724149778,0.385094133261175,0.039613270053215,0.0290067865452146,0,0,1,0,0,1,0,1,0,0.295999999999885,0.820081931141804,1.10522233430018,-3.33654300782982,-0.0446223770673715,0.039315848304317,0.039315848304317,0.039315848304317,0.0384123857071458,0.0384123857071458,0.0294922830355501,0.0294922830355501,0.0294922830355501,-0.0306597343566855,-0.0306597343566855,0,0,0,0.95,0.95,0,0,0,0.95,0.95,0.022406742234058,-0.022406742234058,-0.0490861038820389,0.0490861038820389,0.0266793616479809,-0.0266793616479809,-0.598099745675993,0.95,-0.56232841294353
hpt_v2_topology2_paper,topology2,fault,deep_lvrt,lvrt_120ms_0.650pu,0.176,fault,rule_action,0,NaN,0.65,0.65,0.65,1,1,184.463355651496,847.961786601043,0.969043089504795,0.918886578200912,0.0902694034522089,1.0599522332513,-0.0599522332513034,0.0309569104952045,0.126798444590071,0.375435845865911,0.0454856562990216,0.0544542879466754,0,0,1,0,0,1,0,1,0,0.312666666666545,0.820081931141804,1.10522233430018,-0.0312788685601362,2.34264832469222,0.0458781050387948,0.0458781050387948,0.0458781050387948,0.0444034855256533,0.0444034855256533,0.0543857409939051,0.0543857409939051,0.0543857409939051,-0.0555962212617001,-0.0555962212617001,0,0,0,0.95,0.95,0,0,0,0.95,0.95,0.0541165974067238,-0.0541165974067238,-0.0670645784965899,0.0670645784965899,0.0129479810898661,-0.0129479810898661,-0.95,0.903093036836382,0.101817747250619
hpt_v2_topology2_paper,topology2,fault,deep_lvrt,lvrt_120ms_0.650pu,0.178,fault,rule_action,0,NaN,0.65,0.65,0.65,1,1,184.873340956745,845.848495194336,0.939051613557666,0.91408498374208,0.0633056189126199,1.05731061899292,-0.0573106189929202,0.0609483864423341,0.103694381598306,0.406595502403828,0.101324457040114,0.026730165411907,0,0,1,0,0,1,0,1,0,0.329333333333206,0.820081931141804,1.10522233430018,-5,-0.0647955401100741,0.101932313619616,0.101932313619616,0.101932313619616,0.101237608589529,0.101237608589529,0.0260801574377763,0.0260801574377763,0.0260801574377763,-0.0286586423073454,-0.0286586423073454,0,0,0,0.95,0.95,0,0,0,0.95,0.95,0.0901116419306356,-0.0901116419306356,0.00198349631601501,-0.00198349631601501,-0.0920951382466506,0.0920951382466506,-0.95,0.330616129134955,0.735110037871099
hpt_v2_topology2_paper,topology2,fault,deep_lvrt,lvrt_120ms_0.650pu,0.18,fault,rule_action,0,NaN,0.65,0.65,0.65,1,1,212.834506301568,844.460102807011,0.94884918137738,0.910995002104383,0.0835390437797393,1.05557512850876,-0.0555751285087633,0.0511508186226202,0.103398468706636,0.451017981433044,0.133086956646528,-0.0222654339731577,0,0,1,0,0,1,0,1,0,0.345999999999866,0.820081931141804,1.10522233430018,-5,-0.690542307004938,0.132958047162762,0.132958047162762,0.132958047162762,0.133499991343375,0.133499991343375,-0.0224904487281104,-0.0224904487281104,-0.0224904487281104,0.0190109153026806,0.0190109153026806,0,0,0,0.95,0.95,0,0,0,0.95,0.95,-0.0044568484794748,0.0044568484794748,0.118945386666878,-0.118945386666878,-0.114488538187403,0.114488538187403,-0.707028150089812,-0.385047353326728,0.95
hpt_v2_topology2_paper,topology2,fault,deep_lvrt,lvrt_120ms_0.650pu,0.182,fault,rule_action,0,NaN,0.65,0.65,0.65,1,1,221.328341388272,852.986034318456,0.984571258256936,0.931147501488609,0.100932200979036,1.06623254289807,-0.0662325428980699,0.0154287417430639,0.162631742860388,0.464794248986645,0.0879245001329908,-0.00808005934542521,0,0,0,0,0,1,0,1,0,0.362666666666526,0.820081931141804,1.10522233430018,-0.38162042425649,2.16630284646047,0.0872547904215043,0.0872547904215043,0.0872547904215043,0.0874219635034275,0.0874219635034275,-0.00755300050717244,-0.00755300050717244,-0.00755300050717244,0.00527698449565438,0.00527698449565438,0,0,0,0.95,0.95,0,0,0,0.95,0.95,-0.048619259214927,0.048619259214927,0.0873965571453084,-0.0873965571453084,-0.0387772979303815,0.0387772979303815,-0.0613293445037887,-0.915893436288754,0.95
hpt_v2_topology2_paper,topology2,fault,deep_lvrt,lvrt_120ms_0.650pu,0.184,fault,rule_action,0,NaN,0.65,0.65,0.65,1,1,199.581709792692,850.186863201287,0.996029760114825,0.929982485490164,0.0494969698716779,1.06273357900161,-0.0627335790016088,0.0039702398851752,0.20595999499566,0.413165936678789,0.0312538090146237,0.0364032639722485,0,0,0,0,0,1,0,1,0,0.379333333333186,0.820081931141804,1.10522233430018,-1.25534364171898,-0.19174187657689,0.0309730593385262,0.0309730593385262,0.0309730593385262,0.0300791198596783,0.0300791198596783,0.0368943581569203,0.0368943581569203,0.0368943581569203,-0.0376267274296621,-0.0376267274296621,0,0,0,0.95,0.95,0,0,0,0.95,0.95,-0.0120207575436632,0.0120207575436632,0.0464086348295698,-0.0464086348295698,-0.0343878772859066,0.0343878772859066,0.60130726922179,-0.95,0.521889660004506
hpt_v2_topology2_paper,topology2,fault,deep_lvrt,lvrt_120ms_0.650pu,0.186,fault,rule_action,0,NaN,0.65,0.65,0.65,1,1,182.801786054233,846.576441295215,0.967294675567372,0.909819717224133,0.0853099746677735,1.05822055161902,-0.0582205516190186,0.0327053244326275,0.144117205243552,0.370443556620304,0.0432518844611511,0.0601684269113464,0,0,1,0,0,1,0,1,0,0.395999999999846,0.820081931141804,1.10522233430018,-2.32793764614836,-1.61694743075191,0.0437307525979161,0.0437307525979161,0.0437307525979161,0.042464171424843,0.042464171424843,0.0599670595948645,0.0599670595948645,0.0599670595948645,-0.0608705273875274,-0.0608705273875274,0,0,0,0.95,0.95,0,0,0,0.95,0.95,-0.0532443022238827,0.0532443022238827,0.0714005323906847,-0.0714005323906847,-0.0181562301668021,0.0181562301668021,0.95,-0.890959498257054,-0.142074763033366
hpt_v2_topology2_paper,topology2,fault,deep_lvrt,lvrt_120ms_0.650pu,0.188,fault,rule_action,0,NaN,0.65,0.65,0.65,1,1,188.133437906038,850.759866714379,0.938834049238743,0.91890988649524,0.089240017988407,1.06344983339297,-0.0634498333929738,0.0611659507612569,0.0883845516081157,0.407804273677522,0.103527763977982,0.0306512714441301,0,0,1,0,0,1,0,1,0,0.412666666666507,0.820081931141804,1.10522233430018,-5,-0.555915844167032,0.104113899009085,0.104113899009085,0.104113899009085,0.103499132951273,0.103499132951273,0.0300135992330572,0.0300135992330572,0.0300135992330572,-0.0320694493892774,-0.0320694493892774,0,0,0,0.95,0.95,0,0,0,0.95,0.95,-0.0941186970026206,0.0941186970026206,0.000565873311299585,-0.000565873311299585,0.093552823691321,-0.093552823691321,0.95,-0.330859834198178,-0.752817537602827
hpt_v2_topology2_paper,topology2,fault,deep_lvrt,lvrt_120ms_0.650pu,0.19,fault,rule_action,0,NaN,0.65,0.65,0.65,1,1,211.400693903859,842.569728342705,0.949825413943279,0.932013867663441,0.0583037853855125,1.05321216042838,-0.0532121604283815,0.0501745860567214,0.113149333900266,0.471953316044297,0.130892432522022,-0.0163797959775134,0,0,0,0,0,1,0,1,0,0.429333333333167,0.820081931141804,1.10522233430018,0.698122053945593,1.61256305488022,0.13076223203548,0.13076223203548,0.13076223203548,0.131078529763718,0.131078529763718,-0.0166204125568437,-0.0166204125568437,-0.0166204125568437,0.0139074970948299,0.0139074970948299,0,0,0,0.95,0.95,0,0,0,0.95,0.95,-0.000377992052889183,0.000377992052889183,-0.113965033345502,0.113965033345502,0.114343025398392,-0.114343025398392,0.68315216001139,0.390873161404288,-0.95
hpt_v2_topology2_paper,topology2,fault,deep_lvrt,lvrt_120ms_0.650pu,0.192,fault,rule_action,0,NaN,0.65,0.65,0.65,1,1,215.681119986083,849.717909159205,0.979806778955262,0.904872923285276,0.12301236439004,1.06214738644901,-0.0621473864490059,0.0201932210447376,0.205332113662105,0.454422095407474,0.0910301929921202,0.000269828191647712,0,0,1,0,0,1,0,1,0,0.445999999999827,0.820081931141804,1.10522233430018,-3.19091643167946,-2.17868430906787,0.0904722312811029,0.0904722312811029,0.0904722312811029,0.09043861926316,0.09043861926316,0.00068073472517268,0.00068073472517268,0.00068073472517268,-0.002558159205489,-0.002558159205489,0,0,0,0.95,0.95,0,0,0,0.95,0.95,0.0432577805706585,-0.0432577805706585,-0.0904463251375246,0.0904463251375246,0.0471885445668661,-0.0471885445668661,0.0291534762555565,0.95,-0.95
hpt_v2_topology2_paper,topology2,fault,deep_lvrt,lvrt_120ms_0.650pu,0.194,fault,rule_action,0,NaN,0.65,0.65,0.65,1,1,202.168328652199,848.863894715261,0.992542197779054,0.898512682147087,0.0796374812503862,1.06107986839408,-0.0610798683940756,0.0074578022209465,0.202617626478805,0.385153430128769,0.0412899384612827,0.0410620693819286,0,0,1,0,0,1,0,1,0,0.462666666666487,0.820081931141804,1.10522233430018,-2.10668429094307,-0.0678153701154649,0.0409876920395569,0.0409876920395569,0.0409876920395569,0.0401948588093491,0.0401948588093491,0.0414669677130635,0.0414669677130635,0.0414669677130635,-0.0422359282524049,-0.0422359282524049,0,0,0,0.95,0.95,0,0,0,0.95,0.95,0.0192896362185621,-0.0192896362185621,-0.0572951872941153,0.0572951872941153,0.0380055510755533,-0.0380055510755533,-0.615102652789058,0.95,-0.539554470526796
hpt_v2_topology2_paper,topology2,fault,deep_lvrt,lvrt_120ms_0.650pu,0.196,fault,rule_action,0,NaN,0.65,0.65,0.65,1,1,184.089500487019,848.677587082031,0.968029925356454,0.910579757516607,0.102213968915988,1.06084698385254,-0.0608469838525389,0.0319700746435458,0.123532194844507,0.37732518290056,0.0473025988232466,0.0680645722138775,0,0,1,0,0,1,0,1,0,0.479333333333148,0.820081931141804,1.10522233430018,-1.67699475836192,2.29403890299951,0.0477046511070439,0.0477046511070439,0.0477046511070439,0.0466088477241042,0.0466088477241042,0.0679752209658443,0.0679752209658443,0.0679752209658443,-0.0687312135527332,-0.0687312135527332,0,0,0,0.95,0.95,0,0,0,0.95,0.95,0.0586785915142853,-0.0586785915142853,-0.0802302622971371,0.0802302622971371,0.0215516707828518,-0.0215516707828518,-0.95,0.893793538797904,0.118013718321788
hpt_v2_topology2_paper,topology2,fault,deep_lvrt,lvrt_120ms_0.650pu,0.198,fault,rule_action,0,NaN,0.65,0.65,0.65,1,1,184.54859684807,845.38215771296,0.93792655761614,0.935147155106496,0.0801714069854527,1.0567276971412,-0.0567276971412001,0.0620734423838603,0.102517121592612,0.412332735737569,0.103995965737734,0.0343653957995077,0,0,0,0,0,1,0,1,0,0.495999999999808,0.820081931141804,1.10522233430018,-5,-0.122902277549519,0.104605617075461,0.104605617075461,0.104605617075461,0.104085381946024,0.104085381946024,0.0337903117876651,0.0337903117876651,0.0337903117876651,-0.03536033879357,-0.03536033879357,0,0,0,0.95,0.95,0,0,0,0.95,0.95,0.0970502058507856,-0.0970502058507856,-0.00381455183200601,0.00381455183200601,-0.0932356540187795,0.0932356540187795,-0.95,0.315399056124335,0.746265304569851
hpt_v2_topology2_paper,topology2,fault,deep_lvrt,lvrt_120ms_0.650pu,0.2,recovery,rule_action,0,NaN,0.65,0.65,0.65,1,1,213.066157160612,843.955677294382,0.948359525644472,0.89008628185991,0.084864569926515,1.05494459661798,-0.054944596617978,0.0516404743555275,0.109935716530127,0.451127829976502,0.135047765632677,-0.0168958789180738,0,0,1,0,0,1,0,1,0,0.512666666666468,0.820081931141804,1.10522233430018,-5,-0.680778422760264,0.134909797381314,0.134909797381314,0.134909797381314,0.135170962564872,0.135170962564872,-0.0171244261457804,-0.0171244261457804,-0.0171244261457804,0.0149234808129809,0.0149234808129809,0,0,0,0.95,0.95,0,0,0,0.95,0.95,7.42049988829152e-06,-7.42049988829152e-06,0.117769056164534,-0.117769056164534,-0.117776476664422,0.117776476664422,-0.704013820877916,-0.397989116225716,0.95
hpt_v2_topology2_paper,topology2,fault,deep_lvrt,lvrt_120ms_0.650pu,0.202,recovery,rule_action,0,NaN,0.65,0.65,0.65,1,1,220.898493032021,852.645641809507,0.985439171599975,0.950833356477594,0.118643150692263,1.06580705226188,-0.0658070522618837,0.0145608284000246,0.166056165917555,0.472634598371795,0.0875368966220885,-0.0161307634135546,0,0,0,0,0,1,0,1,0,0.529333333333128,0.820081931141804,1.10522233430018,-0.987361240588735,2.19779985582691,0.0868459962016492,0.0868459962016492,0.0868459962016492,0.087106636300572,0.087106636300572,-0.0159084581870023,-0.0159084581870023,-0.0159084581870023,0.0144131887708565,0.0144131887708565,0,0,0,0.95,0.95,0,0,0,0.95,0.95,-0.0565042835622221,0.0565042835622221,0.0870052610850965,-0.0870052610850965,-0.0305009775228743,0.0305009775228743,-0.0514195789649904,-0.919711022335213,0.95
hpt_v2_topology2_paper,topology2,fault,deep_lvrt,lvrt_120ms_0.650pu,0.204,recovery,rule_action,0,NaN,0.65,0.65,0.65,1,1,210.536033189039,852.886038550894,1.00751019295595,1.00302425506059,0.0866223525478383,1.06610754818862,-0.0661075481886175,-0.00751019295594801,0.248325130708826,0.421734971355283,0.0218467789686938,-0.00349809345713063,0,0,0,0,0,1,0,1,0,0.545999999999788,0.820081931141804,1.10522233430018,-2.50569776731435,0.0836690935022144,0.021325479732225,0.021325479732225,0.021325479732225,0.0197197975962139,0.0197197975962139,-0.00323453769556,-0.00323453769556,-0.00323453769556,-0.00873887307825755,-0.00873887307825755,0,0,0,0.95,0.95,0,0,0,0.95,0.95,-0.0207839530814795,0.0207839530814795,0.0153868950250892,-0.0153868950250892,0.00539705805639033,-0.00539705805639033,0.619502749948548,-0.95,0.504994140144955
hpt_v2_topology2_paper,topology2,fault,deep_lvrt,lvrt_120ms_0.650pu,0.206,recovery,rule_action,0,NaN,0.65,0.65,0.65,1,1,211.020315551729,865.55271070312,1.00856955903693,1.03368793583402,0.0475861282059655,1.0819408883789,-0.0819408883789003,-0.00856955903692702,0.246873977178641,0.34245722178322,-0.0078637816354598,0.0165910783307011,0,0,0,0,0,1,0,1,0,0.562666666666449,0.820081931141804,1.10522233430018,-3.93930375672635,-2.26358209338584,-0.00802287327648414,-0.00802287327648414,-0.00802287327648414,-0.0157112457934127,-0.0157112457934127,0.0166385265669675,0.0166385265669675,0.0166385265669675,-0.00971410405282846,-0.00971410405282846,0,0,0,0.95,0.95,0,0,0,0.95,0.95,0.00434084673167478,-0.00434084673167478,0.013378630743231,-0.013378630743231,-0.0177194774749058,0.0177194774749058,0.95,-0.869676271144862,-0.171571258668054
hpt_v2_topology2_paper,topology2,fault,deep_lvrt,lvrt_120ms_0.650pu,0.208,recovery,rule_action,0,NaN,0.65,0.65,0.65,1,1,208.490387246023,852.723601804405,1.00777294526512,1.03017200510831,0.0317592130139572,1.06590450225551,-0.065904502255506,-0.0077729452651174,0.219199938334047,0.308623033996725,-0.0164821555514248,0.0277362735115704,0,0,0,0,0,1,0,1,0,0.579333333333109,0.820081931141804,1.10522233430018,-5,-0.963944781134041,-0.0165008797697657,-0.0165008797697657,-0.0165008797697657,-0.0288388537023898,-0.0288388537023898,0.0277634625070608,0.0277634625070608,0.0277634625070608,-0.01453992437014,-0.01453992437014,0,0,0,0.95,0.95,0,0,0,0.95,0.95,-0.00977521724481594,0.00977521724481594,0.0315456375917526,-0.0315456375917526,-0.0217704203469366,0.0217704203469366,0.95,-0.333200372453746,-0.791385409650798
hpt_v2_topology2_paper,topology2,fault,deep_lvrt,lvrt_120ms_0.650pu,0.21,recovery,rule_action,0,NaN,0.65,0.65,0.65,1,1,206.787264090586,851.613356864623,1.00529376618253,1.0676128409654,0.0254437793508,1.06451669608078,-0.064516696080779,-0.00529376618253297,0.175517035302188,0.317249145988078,-0.0148045743946189,0.033623818367252,0,0,0,0,0,1,0,1,0,0.595999999999769,0.820081931141804,1.10522233430018,0.334526520130218,0.101588393384366,-0.0147663595719821,-0.0147663595719821,-0.0147663595719821,-0.0305533748673811,-0.0305533748673811,0.0336844278450555,0.0336844278450555,0.0336844278450555,-0.0204738208078293,-0.0204738208078293,0,0,0,0.95,0.95,0,0,0,0.95,0.95,-0.0321131639140724,0.0321131639140724,0.0315831098452765,-0.0315831098452765,0.000530054068795964,-0.000530054068795964,0.720805042318062,0.362271061238398,-0.95
hpt_v2_topology2_paper,topology2,fault,deep_lvrt,lvrt_120ms_0.650pu,0.212,recovery,rule_action,0,NaN,0.65,0.65,0.65,1,1,204.342661722999,847.802937078828,0.998981024264305,1.02773655922303,0.0115473621010635,1.05975367134854,-0.0597536713485352,0.00101897573569487,0.175553950977644,0.32671535903391,-0.006205556275791,0.0372635726211714,0,0,0,0,0,1,0,1,0,0.612666666666429,0.820081931141804,1.10522233430018,-0.512019860918089,-0.580174686950929,-0.00607999704653351,-0.00607999704653351,-0.00607999704653351,-0.0067081597963688,-0.0067081597963688,0.0373643761675992,0.0373643761675992,0.0373643761675992,-0.0372567250657662,-0.0372567250657662,0,0,0,0.95,0.95,0,0,0,0.95,0.95,-0.0352554512487523,0.0352554512487523,0.00568674175390225,-0.00568674175390225,0.0295687094948501,-0.0295687094948501,0.0661960925685224,0.926367265740034,-0.95
hpt_v2_topology2_paper,topology2,fault,deep_lvrt,lvrt_120ms_0.650pu,0.214,recovery,rule_action,0,NaN,0.65,0.65,0.65,1,1,206.367859548881,849.860971973189,0.997197842367708,1.02256771108791,0.0257719731350182,1.06232621496649,-0.0623262149664867,0.00280215763229208,0.152416787689702,0.338394703108291,0.00320808836908989,0.0387543371066698,0,0,0,0,0,1,0,1,0,0.629333333333089,0.820081931141804,1.10522233430018,-0.880351723591799,-0.980960593106816,0.00326520365314572,0.00326520365314572,0.00326520365314572,0.00263125036649285,0.00263125036649285,0.0385962669138387,0.0385962669138387,0.0385962669138387,-0.0386446619352483,-0.0386446619352483,0,0,0,0.95,0.95,0,0,0,0.95,0.95,-0.0122518617033737,0.0122518617033737,-0.0256965288982547,0.0256965288982547,0.0379483906016284,-0.0379483906016284,-0.600356178619952,0.95,-0.524377385007759
hpt_v2_topology2_paper,topology2,fault,deep_lvrt,lvrt_120ms_0.650pu,0.216,recovery,rule_action,0,NaN,0.65,0.65,0.65,1,1,207.811538386894,851.41749399094,0.997003812430227,1.04175877804421,0.0066069410337413,1.06427186748867,-0.0642718674886744,0.00299618756977271,0.137210000754915,0.349952904613715,0.00742167739455545,0.0365738182935932,0,0,0,0,0,1,0,1,0,0.64599999999975,0.820081931141804,1.10522233430018,1.14481430030655,0.822773691390166,0.00742883482587422,0.00742883482587422,0.00742883482587422,0.0068368923945782,0.0068368923945782,0.0366695472602773,0.0366695472602773,0.0366695472602773,-0.036784510130336,-0.036784510130336,0,0,0,0.95,0.95,0,0,0,0.95,0.95,0.0154284241652463,-0.0154284241652463,-0.0372329393280653,0.0372329393280653,0.021804515162819,-0.021804515162819,-0.95,0.851884050579284,0.15589439291967
hpt_v2_topology2_paper,topology2,fault,deep_lvrt,lvrt_120ms_0.650pu,0.218,recovery,rule_action,0,NaN,0.65,0.65,0.65,1,1,204.127393093603,849.681256331411,0.995648043011806,1.01555720948221,0.0182433972854481,1.06210157041426,-0.0621015704142633,0.00435195698819435,0.168226963918021,0.364811896018491,0.00809377326841999,0.03783322231536,0,0,0,0,0,1,0,1,0,0.66266666666641,0.820081931141804,1.10522233430018,-5,0.375489181530408,0.00813536664508941,0.00813536664508941,0.00813536664508941,0.00753814385788758,0.00753814385788758,0.0379161356400197,0.0379161356400197,0.0379161356400197,-0.0380393732795401,-0.0380393732795401,0,0,0,0.95,0.95,0,0,0,0.95,0.95,0.0339673245145996,-0.0339673245145996,-0.0331864027116708,0.0331864027116708,-0.000780921802928743,0.000780921802928743,-0.95,0.268708978032559,0.791550402263709
hpt_v2_topology2_paper,topology2,fault,deep_lvrt,lvrt_120ms_0.650pu,0.22,recovery,rule_action,0,NaN,0.65,0.65,0.65,1,1,207.579456578336,848.536418274545,0.995719394370543,1.00384715505232,0.0107069602054942,1.06067052284318,-0.0606705228431816,0.00428060562945654,0.160111601049873,0.359437165835311,0.0217306432283345,0.0341422657085676,0,0,0,0,0,1,0,0,0,0,1,1,-5,-0.932923629669569,0.0217708085235657,0.0217708085235657,0.0217708085235657,0.0212430125310074,0.0212430125310074,0.0342067654834668,0.0342067654834668,0.0342067654834668,-0.0345370138723387,-0.0345370138723387,0,0,0,0.95,0.95,0,0,0,0.95,0.95,0.0359087864879573,-0.0359087864879573,-0.00164573078564954,0.00164573078564954,-0.0342630557023078,0.0342630557023078,-0.70505686217234,-0.412251989009788,0.95
hpt_v2_topology2_paper,topology2,fault,deep_lvrt,lvrt_120ms_0.650pu,0.222,recovery,rule_action,0,NaN,0.65,0.65,0.65,1,1,211.649229620933,853.566614910937,0.999668162569603,1.04846019102521,0.0120431281617178,1.06695826863867,-0.0669582686386714,0.000331837430396553,0.155698029649439,0.384454284731592,0.0181792824689707,0.0418732810542271,0,0,0,0,0,1,0,0,0,0,1,1,0.486533086634155,1.62169542442614,0.0179719884742405,0.0179719884742405,0.0179719884742405,0.0173503601393824,0.0173503601393824,0.0420170826402245,0.0420170826402245,0.0420170826402245,-0.042277566230182,-0.042277566230182,0,0,0,0.95,0.95,0,0,0,0.95,0.95,0.0265884236456609,-0.0265884236456609,0.0188944895879816,-0.0188944895879816,-0.0454829132336425,0.0454829132336425,-0.0512117074756992,-0.918008219066698,0.95
hpt_v2_topology2_paper,topology2,fault,deep_lvrt,lvrt_120ms_0.650pu,0.224,recovery,rule_action,0,NaN,0.65,0.65,0.65,1,1,207.628889986433,850.441856443919,1.00447008656837,1.03935964961859,0.0085010888813656,1.0630523205549,-0.0630523205548992,-0.00447008656837422,0.188399372289761,0.376920589750234,-0.00941030039977526,0.0535899804050808,0,0,0,0,0,1,0,0,0,0,1,1,0.197177363846279,-0.0571410020515639,-0.00960830543990034,-0.00960830543990034,-0.00960830543990034,-0.0367931262519669,-0.0367931262519669,0.0536553126432009,0.0536553126432009,0.0536553126432009,-0.0402178812081501,-0.0402178812081501,0,0,0,0.95,0.95,0,0,0,0.95,0.95,0.029660786557497,-0.029660786557497,0.0247750026515094,-0.0247750026515094,-0.0544357892090064,0.0544357892090064,0.622044320489107,-0.95,0.484663832451035
hpt_v2_topology2_paper,topology2,fault,deep_lvrt,lvrt_120ms_0.650pu,0.226,recovery,rule_action,0,NaN,0.65,0.65,0.65,1,1,209.52118136517,848.929604274848,1.00158836639403,1.01201830299986,0.0215877544305176,1.06116200534356,-0.0611620053435598,-0.00158836639403348,0.178293715795276,0.341252334297231,-0.0111406023606077,0.0548304700137046,0,0,0,0,0,1,0,0,0,0,1,1,-3.57065500427312,-2.74964062456862,-0.0111003927468324,-0.0111003927468324,-0.0111003927468324,-0.0118059541144558,-0.0118059541144558,0.0552313601672723,0.0552313601672723,0.0552313601672723,-0.0550848555640137,-0.0550848555640137,0,0,0,0.95,0.95,0,0,0,0.95,0.95,-0.00173135654296267,0.00173135654296267,0.0496308625958179,-0.0496308625958179,-0.0478995060528552,0.0478995060528552,0.95,-0.856162725564605,-0.190061562921374
hpt_v2_topology2_paper,topology2,fault,deep_lvrt,lvrt_120ms_0.650pu,0.228,recovery,rule_action,0,NaN,0.65,0.65,0.65,1,1,208.686912796216,851.855016343402,1.00097822947332,1.01028662136808,0.0508700206261792,1.06481877042925,-0.0648187704292524,-0.000978229473318937,0.157175894141004,0.346834407212275,-0.00894400216141115,0.0751333322610531,0,0,0,0,0,1,0,0,0,0,1,1,-5,-1.01434163533298,-0.00888753991589839,-0.00888753991589839,-0.00888753991589839,-0.00973721126553152,-0.00973721126553152,0.0751613585942354,0.0751613585942354,0.0751613585942354,-0.0750560118062393,-0.0750560118062393,0,0,0,0.95,0.95,0,0,0,0.95,0.95,-0.050764150045634,0.050764150045634,0.0739970361585026,-0.0739970361585026,-0.0232328861128686,0.0232328861128686,0.95,-0.299462371679823,-0.795680323983886
hpt_v2_topology2_paper,topology2,fault,deep_lvrt,lvrt_120ms_0.650pu,0.23,recovery,rule_action,0,NaN,0.65,0.65,0.65,1,1,205.926216369971,851.278635267858,1.00257561307987,1.03537754592587,0.00298385276901563,1.06409829408482,-0.0640982940848229,-0.0025756130798722,0.153674639074351,0.377891812946311,-0.0120118515065902,0.0800029886909296,0,0,0,0,0,1,1,0,1,0,1.01834012551315,1.02013680134387,1.2113204793438,0.391198184478636,-0.012004930219426,-0.012004930219426,-0.012004930219426,-0.0525663458743736,-0.0525663458743736,0.0798404269595891,0.0798404269595891,0.0798404269595891,-0.0612812484213441,-0.0612812484213441,0,0,0,0.95,0.95,0,0,0,0.95,0.95,-0.0783505982938209,0.0783505982938209,0.0560527072787093,-0.0560527072787093,0.0222978910151116,-0.0222978910151116,0.687416355231643,0.391924413757398,-0.95
hpt_v2_topology2_paper,topology2,fault,deep_lvrt,lvrt_120ms_0.650pu,0.232,recovery,rule_action,0,NaN,0.65,0.65,0.65,1,1,205.031741756527,848.046203926324,0.99735803105553,1.02102510861198,0.0356939774070356,1.06005775490791,-0.0600577549079055,0.00264196894447,0.173402925008399,0.385775057954021,0.00185166188141269,0.0759727376958677,0,0,0,0,0,1,1,0,1,0,0.988708373676983,1.02013680134387,-3.34072222667014,-0.405515707568416,0.00203447398098521,0.00203447398098521,0.00203447398098521,0.0014112670056484,0.0014112670056484,0.0760692420335082,0.0760692420335082,0.0760692420335082,-0.0760833555606647,-0.0760833555606647,0,0,0,0.95,0.95,0,0,0,0.95,0.95,-0.0646531861978966,0.0646531861978966,-0.00242935080700688,0.00242935080700688,0.0670825370049035,-0.0670825370049035,0.0392144536501479,0.939815903240742,-0.95
hpt_v2_topology2_paper,topology2,fault,deep_lvrt,lvrt_120ms_0.650pu,0.234,recovery,rule_action,0,NaN,0.65,0.65,0.65,1,1,210.525017754393,850.27387336907,0.998532679355532,1.00340525962275,0.0386642656238217,1.06284234171134,-0.0628423417113377,0.00146732064446808,0.167656045744311,0.382795823287538,0.0105729499342404,0.0759216315815144,0,0,0,0,0,1,1,0,1,0,0.988708373676983,1.02013680134387,0.393853987608273,-0.422182470927845,0.0105517939961834,0.0105517939961834,0.0105517939961834,0.0100408992645161,0.0100408992645161,0.0756784796917402,0.0756784796917402,0.0756784796917402,-0.0757479569820261,-0.0757479569820261,0,0,0,0.95,0.95,0,0,0,0.95,0.95,-0.0210792955511515,0.0210792955511515,-0.0530659884372921,0.0530659884372921,0.0741452839884435,-0.0741452839884435,-0.618300480591486,0.95,-0.515849685127217
hpt_v2_topology2_paper,topology2,fault,deep_lvrt,lvrt_120ms_0.650pu,0.236,recovery,rule_action,0,NaN,0.65,0.65,0.65,1,1,209.934357103848,853.203014824911,1.003131365754,1.01473473440456,0.0217054531055963,1.06650376853114,-0.0665037685311389,-0.00313136575400308,0.165560645518816,0.377948855592858,-0.00155149500581928,0.0642194151652917,0,0,0,0,0,1,1,0,1,0,0.988708373676983,1.02013680134387,-1.26882432041797,0.745254340172696,-0.00175436709145681,-0.00175436709145681,-0.00175436709145681,-0.0354758955421278,-0.0354758955421278,0.0644323592223757,0.0644323592223757,0.0644323592223757,-0.053815123843924,-0.053815123843924,0,0,0,0.95,0.95,0,0,0,0.95,0.95,0.0115706618980451,-0.0115706618980451,-0.0606993080092436,0.0606993080092436,0.0491286461111985,-0.0491286461111985,-0.95,0.867696518601348,0.151418378336477
hpt_v2_topology2_paper,topology2,fault,deep_lvrt,lvrt_120ms_0.650pu,0.238,recovery,rule_action,0,NaN,0.65,0.65,0.65,1,1,202.457597664111,850.382869173606,0.998577112684046,1.00704084952791,0.00615919785130617,1.06297858646701,-0.0629785864670072,0.00142288731595397,0.197158324082362,0.368288723751546,-0.00659307655155822,0.0639970475791188,0,0,0,0,0,1,1,0,1,0,0.988708373676983,1.02013680134387,-5,0.708637409097879,-0.00638869757994204,-0.00638869757994204,-0.00638869757994204,-0.00666822953596147,-0.00666822953596147,0.0638389903691037,0.0638389903691037,0.0638389903691037,-0.0638103977653345,-0.0638103977653345,0,0,0,0.95,0.95,0,0,0,0.95,0.95,0.0429152027290061,-0.0429152027290061,-0.0627600001100007,0.0627600001100007,0.0198447973809946,-0.0198447973809946,-0.95,0.298059122482217,0.78673060506479
hpt_v2_topology2_paper,topology2,fault,deep_lvrt,lvrt_120ms_0.650pu,0.24,recovery,rule_action,0,NaN,0.65,0.65,0.65,1,1,209.104797090801,846.850895719031,0.998645723200798,0.976657749106287,0.0194445460861977,1.05856361964879,-0.0585636196487886,0.00135427679920219,0.166756964979324,0.362144920836298,0.00819939941769614,0.0574350499569622,0,0,0,0,0,1,1,0,1,0,0.988708373676983,1.02013680134387,-5,-0.894088880897925,0.00820144471841834,0.00820144471841834,0.00820144471841834,0.00800237147972619,0.00800237147972619,0.0573628437860414,0.0573628437860414,0.0573628437860414,-0.0573909539334512,-0.0573909539334512,0,0,0,0.95,0.95,0,0,0,0.95,0.95,0.0579197787301134,-0.0579197787301134,-0.0274452669998041,0.0274452669998041,-0.0304745117303092,0.0304745117303092,-0.729576206782726,-0.391895867002606,0.95
hpt_v2_topology2_paper,topology2,fault,deep_lvrt,lvrt_120ms_0.650pu,0.242,recovery,rule_action,0,NaN,0.65,0.65,0.65,1,1,209.096250743107,854.307097980007,1.00045310766679,1.03209206203795,0.00920025747060339,1.06788387247501,-0.0678838724750093,-0.00045310766678841,0.164792182380043,0.386880818202286,0.00504767091652076,0.0579561174142985,0,0,0,0,0,1,1,0,1,0,0.988708373676983,1.02013680134387,-0.123365885288162,1.79029417914744,0.00496186988307895,0.00496186988307895,0.00496186988307895,0.00481338200923397,0.00481338200923397,0.0579544265718596,0.0579544265718596,0.0579544265718596,-0.0579669480449234,-0.0579669480449234,0,0,0,0.95,0.95,0,0,0,0.95,0.95,0.0480203146937763,-0.0480203146937763,0.00441586623257633,-0.00441586623257633,-0.0524361809263526,0.0524361809263526,-0.0856284545252365,-0.906636395146569,0.95
hpt_v2_topology2_paper,topology2,fault,deep_lvrt,lvrt_120ms_0.650pu,0.244,recovery,rule_action,0,NaN,0.65,0.65,0.65,1,1,203.53633006478,850.254776991924,0.999440544176244,1.02622961418981,0.00630973108032758,1.06281847123991,-0.0628184712399056,0.000559455823755717,0.194146865189032,0.395742130528039,-0.00242064500819139,0.0621822829500089,0,0,0,0,0,1,1,0,1,0,0.988708373676983,1.02013680134387,0.0826931391948449,-0.343402057702447,-0.00233634951481711,-0.00233634951481711,-0.00233634951481711,-0.00243077799591159,-0.00243077799591159,0.0620587154224389,0.0620587154224389,0.0620587154224389,-0.0620550884881589,-0.0620550884881589,0,0,0,0.95,0.95,0,0,0,0.95,0.95,0.0281025624011915,-0.0281025624011915,0.0339095518464785,-0.0339095518464785,-0.0620121142476701,0.0620121142476701,0.600327097002685,-0.95,0.513301811340871
hpt_v2_topology2_paper,topology2,fault,deep_lvrt,lvrt_120ms_0.650pu,0.246,recovery,rule_action,0,NaN,0.65,0.65,0.65,1,1,208.697214156459,852.127449952114,0.996730069540189,0.986674448702074,0.0292400396918693,1.06515931244014,-0.0651593124401422,0.00326993045981105,0.188691348238017,0.367935290741362,0.0129662325023554,0.0469661946960826,0,0,0,0,0,1,1,0,1,0,0.988708373676983,1.02013680134387,-3.92404938455304,-2.73255178935883,0.0130477801023032,0.0130477801023032,0.0130477801023032,0.0130024756016399,0.0130024756016399,0.0466107462602226,0.0466107462602226,0.0466107462602226,-0.0466234046457535,-0.0466234046457535,0,0,0,0.95,0.95,0,0,0,0.95,0.95,-0.0218595859872021,0.0218595859872021,0.0483293056876292,-0.0483293056876292,-0.0264697197004271,0.0264697197004271,0.95,-0.871185414977612,-0.169201375113518
hpt_v2_topology2_paper,topology2,fault,deep_lvrt,lvrt_120ms_0.650pu,0.248,recovery,rule_action,0,NaN,0.65,0.65,0.65,1,1,206.030889291422,854.490375793864,0.999162842558671,1.0111403306242,0.0310891282975071,1.06811296974233,-0.0681129697423299,0.000837157441328618,0.1880789054291,0.362815092202214,0.00833167172873912,0.0417691408920242,0,0,0,0,0,1,1,0,1,0,0.988708373676983,1.02013680134387,-5,-0.931622070504678,0.00829337937959188,0.00829337937959188,0.00829337937959188,0.00826631156050834,0.00826631156050834,0.041450855870435,0.041450855870435,0.041450855870435,-0.0414562623388798,-0.0414562623388798,0,0,0,0.95,0.95,0,0,0,0.95,0.95,-0.036058360653811,0.036058360653811,0.0371357542129749,-0.0371357542129749,-0.00107739355916392,0.00107739355916392,0.95,-0.316005154838593,-0.788491270369138
hpt_v2_topology2_paper,topology2,fault,deep_lvrt,lvrt_120ms_0.650pu,0.25,recovery,rule_action,0,NaN,0.65,0.65,0.65,1,1,205.122873913668,851.763730561727,0.997519908205996,1.01861058874753,0.0261342788053902,1.06470466320216,-0.0647046632021591,0.00248009179400377,0.175545229559002,0.372995180110254,0.010288439076729,0.0254608339151639,0,0,0,0,0,1,1,0,1,0,0.988708373676983,1.02013680134387,-0.499665050095466,0.21192123544167,0.0103467461607387,0.0103467461607387,0.0103467461607387,0.0103254219767532,0.0103254219767532,0.0253180118099143,0.0253180118099143,0.0253180118099143,-0.0253267159166699,-0.0253267159166699,0,0,0,0.95,0.95,0,0,0,0.95,0.95,-0.0263382647035715,0.0263382647035715,0.00678442265636991,-0.00678442265636991,0.0195538420472016,-0.0195538420472016,0.711035675241615,0.37354565566303,-0.95
hpt_v2_topology2_paper,topology2,fault,deep_lvrt,lvrt_120ms_0.650pu,0.252,recovery,rule_action,0,NaN,0.65,0.65,0.65,1,1,203.455443867112,849.121186924989,0.992684932484863,1.01539505889518,0.0293854498232291,1.06140148365624,-0.061401483656236,0.00731506751513711,0.202981869863729,0.367690854087793,0.0236645216679133,0.020111437731745,0,0,0,0,0,1,1,0,1,0,0.988708373676983,1.02013680134387,-2.61096942014904,-1.84615180681957,0.0239055372480723,0.0239055372480723,0.0239055372480723,0.0238820169928321,0.0238820169928321,0.0198194948880581,0.0198194948880581,0.0198194948880581,-0.019847829934046,-0.019847829934046,0,0,0,0.95,0.95,0,0,0,0.95,0.95,-0.00541347618963969,0.00541347618963969,-0.0237741233566266,0.0237741233566266,0.0291875995462663,-0.0291875995462663,0.0618969917570494,0.938365553983425,-0.95
hpt_v2_topology2_paper,topology2,fault,deep_lvrt,lvrt_120ms_0.650pu,0.254,recovery,rule_action,0,NaN,0.65,0.65,0.65,1,1,207.00278409337,849.657531758316,0.992692502151065,1.02625172254868,0.0167679244071716,1.0620719146979,-0.0620719146978954,0.00730749784893536,0.18648271849933,0.365825082326827,0.0286711862376792,0.0260016774750225,0,0,0,0,0,1,0,1,0,0.00533333333333867,0.988708373676983,1.02013680134387,-2.10494302785791,-0.120790928100023,0.0285331544963548,0.0285331544963548,0.0285331544963548,0.0284905342380193,0.0284905342380193,0.026207066213625,0.026207066213625,0.026207066213625,-0.0262533937591014,-0.0262533937591014,0,0,0,0.95,0.95,0,0,0,0.95,0.95,0.0153101344139779,-0.0153101344139779,-0.0384757300315954,0.0384757300315954,0.0231655956176175,-0.0231655956176175,-0.610344673064668,0.95,-0.530170430220695
hpt_v2_topology2_paper,topology2,fault,deep_lvrt,lvrt_120ms_0.650pu,0.256,recovery,rule_action,0,NaN,0.65,0.65,0.65,1,1,207.683759397398,854.348505236943,0.993696734885345,1.04345439938961,0.00890176023670862,1.06793563154618,-0.0679356315461792,0.00630326511465495,0.176608625458863,0.354740881541243,0.0205850679831366,0.0296974974271553,0,0,0,0,0,1,0,1,0,0.022000000000022,0.988708373676983,1.02013680134387,0.530400320064128,0.766255493974466,0.0205227459510679,0.0205227459510679,0.0205227459510679,0.0204597284396705,0.0204597284396705,0.0298562044339253,0.0298562044339253,0.0298562044339253,-0.0298994240203278,-0.0298994240203278,0,0,0,0.95,0.95,0,0,0,0.95,0.95,0.0263098157056668,-0.0263098157056668,-0.0347251937011873,0.0347251937011873,0.00841537799552048,-0.00841537799552048,-0.95,0.871707679221139,0.146684438871094
hpt_v2_topology2_paper,topology2,fault,deep_lvrt,lvrt_120ms_0.650pu,0.258,recovery,rule_action,0,NaN,0.65,0.65,0.65,1,1,203.756620904177,849.774716541457,0.992746593078541,1.02137779723112,0.0106394020661895,1.06221839567682,-0.0622183956768212,0.0072534069214587,0.198805717983862,0.343395789835845,0.0169624179306748,0.0327239664308537,0,0,0,0,0,1,0,1,0,0.0386666666667053,0.988708373676983,1.02013680134387,-5,-0.605491907919919,0.0169788280388696,0.0169788280388696,0.0169788280388696,0.0168913524598634,0.0168913524598634,0.0328458758471845,0.0328458758471845,0.0328458758471845,-0.0328909466847463,-0.0328909466847463,0,0,0,0.95,0.95,0,0,0,0.95,0.95,0.0358186109635013,-0.0358186109635013,-0.025854080669925,0.025854080669925,-0.00996453029357626,0.00996453029357626,-0.95,0.29692655016825,0.786020717081999
hpt_v2_topology2_paper,topology2,fault,deep_lvrt,lvrt_120ms_0.650pu,0.26,recovery,rule_action,0,NaN,0.65,0.65,0.65,1,1,207.901189342051,846.717678434671,0.993772356101709,1.00772042613272,0.00928992145466965,1.05839709804334,-0.0583970980433381,0.00622764389829056,0.164764976200048,0.340568112963885,0.018228008477065,0.0344622073020361,0,0,0,0,0,1,0,1,0,0.0553333333333887,0.988708373676983,1.02013680134387,-5,-0.868779167122025,0.0181947514146286,0.0181947514146286,0.0181947514146286,0.0180817454113905,0.0180817454113905,0.0345948242903222,0.0345948242903222,0.0345948242903222,-0.0346540232815189,-0.0346540232815189,0,0,0,0.95,0.95,0,0,0,0.95,0.95,0.0361681401854256,-0.0361681401854256,-0.00524711711763546,0.00524711711763546,-0.0309210230677901,0.0309210230677901,-0.724125485337758,-0.395208500514138,0.95
hpt_v2_topology2_paper,topology2,fault,deep_lvrt,lvrt_120ms_0.650pu,0.262,recovery,rule_action,0,NaN,0.65,0.65,0.65,1,1,211.329950876585,852.800733722826,0.995831638970455,1.03581054511416,0.0134046246644232,1.06600091715353,-0.066000917153533,0.00416836102954499,0.151456666520877,0.36825418553675,0.015054271831319,0.0399423553942426,0,0,0,0,0,1,0,1,0,0.072000000000072,0.988708373676983,1.02013680134387,2.17920456694887,1.55124442893118,0.0149974577936718,0.0149974577936718,0.0149974577936718,0.0148567342447576,0.0148567342447576,0.0400485187907649,0.0400485187907649,0.0400485187907649,-0.0401009357146172,-0.0401009357146172,0,0,0,0.95,0.95,0,0,0,0.95,0.95,0.0268098172596586,-0.0268098172596586,0.0154487041783304,-0.0154487041783304,-0.0422585214379889,0.0422585214379889,-0.0727915910455987,-0.909839493128989,0.95
hpt_v2_topology2_paper,topology2,fault,deep_lvrt,lvrt_120ms_0.650pu,0.264,recovery,rule_action,0,NaN,0.65,0.65,0.65,1,1,206.191257427178,850.508111348065,1.00027700713604,1.0381784791364,0.021934645550255,1.06313513918508,-0.0631351391850807,-0.000277007136037843,0.184595400224916,0.385957476433869,0.0050863608115474,0.0447504957146184,0,0,0,0,0,1,0,1,0,0.0886666666667554,0.988708373676983,1.02013680134387,0.176232548856126,0.836525865058446,0.00502020381395709,0.00502020381395709,0.00502020381395709,0.00487006165909605,0.00487006165909605,0.0447541142015873,0.0447541142015873,0.0447541142015873,-0.0447707011754227,-0.0447707011754227,0,0,0,0.95,0.95,0,0,0,0.95,0.95,0.0131675318369181,-0.0131675318369181,0.030713177216597,-0.030713177216597,-0.0438807090535151,0.0438807090535151,0.61326779735076,-0.95,0.494834753135049
hpt_v2_topology2_paper,topology2,fault,deep_lvrt,lvrt_120ms_0.650pu,0.266,recovery,rule_action,0,NaN,0.65,0.65,0.65,1,1,210.483996825917,849.763799912684,0.997942504833237,1.01987722680051,0.0155985525132203,1.06220474989086,-0.0622047498908556,0.00205749516676323,0.176908505640659,0.343104356261539,0.00522626555512848,0.0416912426692091,0,0,0,0,0,1,0,1,0,0.105333333333439,0.988708373676983,1.02013680134387,-1.02386153385847,-2.74286358932097,0.0052329536079879,0.0052329536079879,0.0052329536079879,0.00509224508183229,0.00509224508183229,0.0417572464720566,0.0417572464720566,0.0417572464720566,-0.0417746391536539,-0.0417746391536539,0,0,0,0.95,0.95,0,0,0,0.95,0.95,-0.014238202296159,0.014238202296159,0.0414155116573998,-0.0414155116573998,-0.0271773093612408,0.0271773093612408,0.95,-0.860536648600427,-0.181768102390541
hpt_v2_topology2_paper,topology2,fault,deep_lvrt,lvrt_120ms_0.650pu,0.268,recovery,rule_action,0,NaN,0.65,0.65,0.65,1,1,208.749159368996,853.263434228549,1.0016404638128,1.01058691838525,0.0208475624217065,1.06657929278569,-0.0665792927856856,-0.00164046381280092,0.165149074597384,0.352147330470011,0.000767120837965207,0.0458108553257372,0,0,0,0,0,1,0,1,0,0.122000000000122,0.988708373676983,1.02013680134387,-5,-0.993693772355586,0.000714928232015549,0.000714928232015549,0.000714928232015549,0.000568607525154037,0.000568607525154037,0.0457995473590376,0.0457995473590376,0.0457995473590376,-0.0458015976375497,-0.0458015976375497,0,0,0,0.95,0.95,0,0,0,0.95,0.95,-0.0348255783902203,0.0348255783902203,0.0431803378337023,-0.0431803378337023,-0.00835475944348201,0.00835475944348201,0.95,-0.298463423489158,-0.79506378145781
hpt_v2_topology2_paper,topology2,fault,deep_lvrt,lvrt_120ms_0.650pu,0.27,recovery,rule_action,0,NaN,0.65,0.65,0.65,1,1,206.836137417087,850.884074317088,1.00197221188687,1.03360240685398,0.00933194659887614,1.06360509289636,-0.0636050928963601,-0.00197221188686902,0.163302964739387,0.373410142600931,-0.0024908439552756,0.0486225376838058,0,0,0,0,0,1,0,1,0,0.138666666666805,0.988708373676983,1.02013680134387,0.707734617787947,0.482070935691192,-0.00251022020136217,-0.00251022020136217,-0.00251022020136217,-0.00264816525410595,-0.00264816525410595,0.0486617045821479,0.0486617045821479,0.0486617045821479,-0.0486543925980635,-0.0486543925980635,0,0,0,0.95,0.95,0,0,0,0.95,0.95,-0.0481967173487512,0.0481967173487512,0.0303035461274752,-0.0303035461274752,0.017893171221276,-0.017893171221276,0.695471297875549,0.391073334599791,-0.95
hpt_v2_topology2_paper,topology2,fault,deep_lvrt,lvrt_120ms_0.650pu,0.272,recovery,rule_action,0,NaN,0.65,0.65,0.65,1,1,204.42301231331,848.402969268044,0.998729800115237,1.01142267408429,0.0250397594606649,1.06050371158506,-0.0605037115850551,0.00127019988476251,0.183056315937348,0.374848146239454,-0.000879806967902355,0.0481199788093813,0,0,0,0,0,1,0,1,0,0.155333333333489,0.988708373676983,1.02013680134387,-1.44108770130535,-0.284010504274512,-0.000816909933754735,-0.000816909933754735,-0.000816909933754735,-0.000935941419786594,-0.000935941419786594,0.0480502160337733,0.0480502160337733,0.0480502160337733,-0.0480480448758415,-0.0480480448758415,0,0,0,0.95,0.95,0,0,0,0.95,0.95,-0.0418540505669994,0.0418540505669994,0.000474720024668747,-0.000474720024668747,0.0413793305423306,-0.0413793305423306,0.041931032449491,0.944174303338252,-0.95
hpt_v2_topology2_paper,topology2,fault,deep_lvrt,lvrt_120ms_0.650pu,0.274,recovery,rule_action,0,NaN,0.65,0.65,0.65,1,1,207.766056856331,849.48773561378,0.999790415066737,0.99486354227169,0.0303856817259315,1.06185966951723,-0.0618596695172251,0.00020958493326273,0.174667049048876,0.369184728155047,0.0019133408505728,0.0475572501379257,0,0,0,0,0,1,0,1,0,0.172000000000172,0.988708373676983,1.02013680134387,-1.46852917323848,-0.890192858447269,0.00190506064922651,0.00190506064922651,0.00190506064922651,0.00180713809129602,0.00180713809129602,0.0474224519242852,0.0474224519242852,0.0474224519242852,-0.047426284426543,-0.047426284426543,0,0,0,0.95,0.95,0,0,0,0.95,0.95,-0.0173150226599459,0.0173150226599459,-0.0296116818239917,0.0296116818239917,0.0469267044839375,-0.0469267044839375,-0.622347712434018,0.95,-0.515352052969009
hpt_v2_topology2_paper,topology2,fault,deep_lvrt,lvrt_120ms_0.650pu,0.276,recovery,rule_action,0,NaN,0.65,0.65,0.65,1,1,209.832886025341,852.54659285615,0.999819217632611,1.02634666939523,0.0114963693553568,1.06568324107019,-0.0656832410701882,0.00018078236738861,0.158051290254399,0.359545705795302,0.00228619732456538,0.045550541769809,0,0,0,0,0,1,0,1,0,0.188666666666855,0.988708373676983,1.02013680134387,1.0994648998639,0.609582702150391,0.0022720268981886,0.0022720268981886,0.0022720268981886,0.00218642472378181,0.00218642472378181,0.0455905421977918,0.0455905421977918,0.0455905421977918,-0.0455947276671543,-0.0455947276671543,0,0,0,0.95,0.95,0,0,0,0.95,0.95,0.0119221960783995,-0.0119221960783995,-0.0441205092451813,0.0441205092451813,0.0321983131667819,-0.0321983131667819,-0.95,0.864516374073429,0.155545990999244
hpt_v2_topology2_paper,topology2,fault,deep_lvrt,lvrt_120ms_0.650pu,0.278,recovery,rule_action,0,NaN,0.65,0.65,0.65,1,1,204.126384906746,849.664770575335,0.999857148755724,1.00684765266615,0.0205189091900609,1.06208096321917,-0.0620809632191692,0.000142851244276376,0.184998964209431,0.360643508551233,-0.000347154018967235,0.0440814223970607,0,0,0,0,0,1,0,1,0,0.205333333333539,0.988708373676983,1.02013680134387,-5,-0.775667863135432,-0.000327430540112513,-0.000327430540112513,-0.000327430540112513,-0.000402205561713109,-0.000402205561713109,0.0440565312337303,0.0440565312337303,0.0440565312337303,-0.0440559120413297,-0.0440559120413297,0,0,0,0.95,0.95,0,0,0,0.95,0.95,0.0326618151898042,-0.0326618151898042,-0.0419379034692866,0.0419379034692866,0.00927608827948236,-0.00927608827948236,-0.95,0.287492105451832,0.788106468996585
hpt_v2_topology2_paper,topology2,fault,deep_lvrt,lvrt_120ms_0.650pu,0.28,recovery,rule_action,0,NaN,0.65,0.65,0.65,1,1,208.689125415869,845.288074354727,0.999476085361945,1.02026637684762,0.0202768620382848,1.05661009294341,-0.0566100929434084,0.000523914638055345,0.158557155572875,0.36280597675588,0.00323688270411045,0.0428844180689711,0,0,0,0,0,1,0,1,0,0.222000000000222,0.988708373676983,1.02013680134387,-5,-0.915340047942026,0.00322101935498334,0.00322101935498334,0.00322101935498334,0.00315262994297353,0.00315262994297353,0.0428825164496787,0.0428825164496787,0.0428825164496787,-0.0428875985243381,-0.0428875985243381,0,0,0,0.95,0.95,0,0,0,0.95,0.95,0.0429900879162787,-0.0429900879162787,-0.0224187012374227,0.0224187012374227,-0.020571386678856,0.020571386678856,-0.715563237156937,-0.404410253644548,0.95
hpt_v2_topology2_paper,topology2,fault,deep_lvrt,lvrt_120ms_0.650pu,0.282,recovery,rule_action,0,NaN,0.65,0.65,0.65,1,1,207.098553892572,854.561539299488,1.00070936728448,1.03888569135648,0.0223061933579611,1.06820192412436,-0.0682019241243601,-0.000709367284484674,0.153137818336669,0.386814914707068,0.000671456132301032,0.0473571679831792,0,0,0,0,0,1,0,1,0,0.238666666666905,0.988708373676983,1.02013680134387,0.0205214097399598,1.66505080559176,0.000650332224385644,0.000650332224385644,0.000650332224385644,0.000591573478539702,0.000591573478539702,0.0474019831621243,0.0474019831621243,0.0474019831621243,-0.0474027528791723,-0.0474027528791723,0,0,0,0.95,0.95,0,0,0,0.95,0.95,0.0406448717633292,-0.0406448717633292,0.000808678719443934,-0.000808678719443934,-0.0414535504827731,0.0414535504827731,-0.0688508063804957,-0.907297513625867,0.95
hpt_v2_topology2_paper,topology2,fault,deep_lvrt,lvrt_120ms_0.650pu,0.284,recovery,rule_action,0,NaN,0.65,0.65,0.65,1,1,205.617572712259,850.135410485182,1.00050116001494,1.03383517233211,0.0221109924342111,1.06266926310648,-0.0626692631064769,-0.000501160014939606,0.185063933565932,0.3927040595654,-0.00116724631586611,0.0448334848448498,0,0,0,0,0,1,0,1,0,0.255333333333589,0.988708373676983,1.02013680134387,-0.877706589172744,-0.0353993161432697,-0.00115719591451576,-0.00115719591451576,-0.00115719591451576,-0.00119972843890941,-0.00119972843890941,0.0448039765868505,0.0448039765868505,0.0448039765868505,-0.044802857855861,-0.044802857855861,0,0,0,0.95,0.95,0,0,0,0.95,0.95,0.0191917932190166,-0.0191917932190166,0.0254798481447175,-0.0254798481447175,-0.044671641363734,0.044671641363734,0.610332934799224,-0.95,0.496943484555683
hpt_v2_topology2_paper,topology2,fault,deep_lvrt,lvrt_120ms_0.650pu,0.286,recovery,rule_action,0,NaN,0.65,0.65,0.65,1,1,207.264673861765,851.858737902696,0.996319535848199,1.02793119904702,0.0244755149686015,1.06482342237837,-0.0648234223783704,0.0036804641518009,0.182155023210577,0.344531864161546,0.0049350490129536,0.0369802665786494,0,0,0,0,0,1,0,1,0,0.272000000000272,0.988708373676983,1.02013680134387,-3.32309699895972,-2.69724631397295,0.00499755648604005,0.00499755648604005,0.00499755648604005,0.00495568058713967,0.00495568058713967,0.0368211798766864,0.0368211798766864,0.0368211798766864,-0.0368268392379893,-0.0368268392379893,0,0,0,0.95,0.95,0,0,0,0.95,0.95,-0.0126931409889837,0.0126931409889837,0.0365913100806113,-0.0365913100806113,-0.0238981690916276,0.0238981690916276,0.95,-0.861776853762919,-0.176810682036949
hpt_v2_topology2_paper,topology2,fault,deep_lvrt,lvrt_120ms_0.650pu,0.288,recovery,rule_action,0,NaN,0.65,0.65,0.65,1,1,207.442940393188,853.142655671264,0.996976678956407,1.034732177484,0.0245463371299491,1.06642831958908,-0.0664283195890796,0.00302332104359349,0.169536867651266,0.344970847819698,0.00764997527812419,0.035595239013363,0,0,0,0,0,1,0,1,0,0.288666666666955,0.988708373676983,1.02013680134387,-5,-0.996051923140229,0.00765526908802839,0.00765526908802839,0.00765526908802839,0.00760022392376502,0.00760022392376502,0.035424509053416,0.035424509053416,0.035424509053416,-0.0354363596154332,-0.0354363596154332,0,0,0,0.95,0.95,0,0,0,0.95,0.95,-0.0315851747275716,0.0315851747275716,0.0311843641597193,-0.0311843641597193,0.000400810567852318,-0.000400810567852318,0.95,-0.304062463812818,-0.791038513643033
hpt_v2_topology2_paper,topology2,fault,deep_lvrt,lvrt_120ms_0.650pu,0.29,recovery,rule_action,0,NaN,0.65,0.65,0.65,1,1,206.372809738416,852.169985974244,0.996961829269264,1.04023109468016,0.00392342121941524,1.06521248246781,-0.0652124824678053,0.00303817073073587,0.166354501679244,0.362968899797067,0.00774893947477339,0.0375627993463803,0,0,0,0,0,1,0,1,0,0.305333333333639,0.988708373676983,1.02013680134387,2.24068151673174,0.501483379005574,0.00775340154035982,0.00775340154035982,0.00775340154035982,0.00767985101132242,0.00767985101132242,0.037657968643354,0.037657968643354,0.037657968643354,-0.0376730371251612,-0.0376730371251612,0,0,0,0.95,0.95,0,0,0,0.95,0.95,-0.0382192908203014,0.0382192908203014,0.0154843543546168,-0.0154843543546168,0.0227349364656845,-0.0227349364656845,0.692609796837427,0.392402543225382,-0.95
hpt_v2_topology2_paper,topology2,fault,deep_lvrt,lvrt_120ms_0.650pu,0.292,recovery,rule_action,0,NaN,0.65,0.65,0.65,1,1,204.895882864582,848.103710202394,0.994009206794104,1.02356385937391,0.0233566851457425,1.06012963775299,-0.0601296377529921,0.00599079320589613,0.184102593951814,0.362713006991595,0.0109712933291224,0.0367169620422947,0,0,0,0,0,1,0,1,0,0.322000000000322,0.988708373676983,1.02013680134387,-1.61450629016024,-0.706315079711972,0.0110272930682807,0.0110272930682807,0.0110272930682807,0.0109412101918706,0.0109412101918706,0.0366057664177405,0.0366057664177405,0.0366057664177405,-0.0366315881034557,-0.0366315881034557,0,0,0,0.95,0.95,0,0,0,0.95,0.95,-0.0258019005369462,0.0258019005369462,-0.0115302580948907,0.0115302580948907,0.0373321586318369,-0.0373321586318369,0.0372211420510059,0.948008655722879,-0.95
hpt_v2_topology2_paper,topology2,fault,deep_lvrt,lvrt_120ms_0.650pu,0.294,recovery,rule_action,0,NaN,0.65,0.65,0.65,1,1,206.286034259591,850.163177835953,0.994843126560581,1.03045251764664,0.0278273686157417,1.06270397229494,-0.0627039722949407,0.00515687343941895,0.176532182945847,0.357004656570341,0.0134472390920979,0.0391594054162015,0,0,0,0,0,1,0,1,0,0.338666666667005,0.988708373676983,1.02013680134387,-0.730427451254512,-0.914315101242735,0.0134435649322867,0.0134435649322867,0.0134435649322867,0.0133383226878828,0.0133383226878828,0.0390101707140248,0.0390101707140248,0.0390101707140248,-0.0390462802978706,-0.0390462802978706,0,0,0,0.95,0.95,0,0,0,0.95,0.95,-0.00291146417078015,0.00291146417078015,-0.0341888281616683,0.0341888281616683,0.0371002923324484,-0.0371002923324484,-0.62547530676722,0.95,-0.511099282769069
hpt_v2_topology2_paper,topology2,fault,deep_lvrt,lvrt_120ms_0.650pu,0.296,recovery,rule_action,0,NaN,0.65,0.65,0.65,1,1,208.849727898524,852.434799791025,0.99631496074824,1.04064091401053,0.0127483321890576,1.06554349973878,-0.0655434997387816,0.00368503925176011,0.158234298697043,0.343294318732145,0.0127607527034226,0.0371993988536973,0,0,0,0,0,1,0,1,0,0.355333333333689,0.988708373676983,1.02013680134387,1.8852255362567,0.525974657735517,0.012719154344141,0.012719154344141,0.012719154344141,0.0126005061697527,0.0126005061697527,0.0372957130332361,0.0372957130332361,0.0372957130332361,-0.0373359657991273,-0.0373359657991273,0,0,0,0.95,0.95,0,0,0,0.95,0.95,0.020867091923383,-0.020867091923383,-0.0393814937198919,0.0393814937198919,0.0185144017965089,-0.0185144017965089,-0.95,0.854993048874498,0.164407241308575
hpt_v2_topology2_paper,topology2,fault,deep_lvrt,lvrt_120ms_0.650pu,0.298,recovery,rule_action,0,NaN,0.65,0.65,0.65,1,1,204.396944763545,849.924020506401,0.99572226749316,1.01357205351237,0.0193015866977262,1.062405025633,-0.0624050256330007,0.00427773250683994,0.182142749451086,0.348217427311187,0.00971567176907817,0.0394868037424548,0,0,0,0,0,1,0,1,0,0.372000000000372,0.988708373676983,1.02013680134387,-5,0.537793531341535,0.00973365406124817,0.00973365406124817,0.00973365406124817,0.00959465854509449,0.00959465854509449,0.039569628886122,0.039569628886122,0.039569628886122,-0.0396035614430384,-0.0396035614430384,0,0,0,0.95,0.95,0,0,0,0.95,0.95,0.0363439853985744,-0.0363439853985744,-0.0341316514578029,0.0341316514578029,-0.00221233394077151,0.00221233394077151,-0.95,0.26922623836085,0.799165569854872
hpt_v2_topology2_paper,topology2,fault,deep_lvrt,lvrt_120ms_0.650pu,0.3,recovery,rule_action,0,NaN,0.65,0.65,0.65,1,1,210.788568641686,846.580955728436,0.998521612113353,1.0332833197517,0.0256316815047784,1.05822619466055,-0.0582261946605453,0.00147838788664678,0.156211648896305,0.347803076424831,0.00980446615726033,0.0423803830859167,0,0,0,0,0,1,0,1,0,0.388666666667055,0.988708373676983,1.02013680134387,-5,-0.911126107227433,0.00973170269747217,0.00973170269747217,0.00973170269747217,0.00957535940924389,0.00957535940924389,0.0423691895696687,0.0423691895696687,0.0423691895696687,-0.042404796360392,-0.042404796360392,0,0,0,0.95,0.95,0,0,0,0.95,0.95,0.0430146532720642,-0.0430146532720642,-0.0160579780924027,0.0160579780924027,-0.0269566751796615,0.0269566751796615,-0.70724590698385,-0.413680778885447,0.95
hpt_v2_topology2_paper,topology2,fault,deep_lvrt,lvrt_120ms_0.650pu,0.302,recovery,rule_action,0,NaN,0.65,0.65,0.65,1,1,210.078276849088,852.476290418234,1.00222434613799,1.03388320980499,0.0197785519717128,1.06559536302279,-0.0655953630227926,-0.00222434613798894,0.147112524643861,0.381055410415602,0.00121745120901128,0.0512297922656663,0,0,0,0,0,1,0,1,0,0.405333333333739,0.988708373676983,1.02013680134387,1.43010540644406,1.53993907307415,0.00114069064608579,0.00114069064608579,0.00114069064608579,-0.0259794199855939,-0.0259794199855939,0.0512927604538381,0.0512927604538381,0.0512927604538381,-0.0442415888880249,-0.0442415888880249,0,0,0,0.95,0.95,0,0,0,0.95,0.95,0.0432674021039247,-0.0432674021039247,0.00224380455429039,-0.00224380455429039,-0.0455112066582151,0.0455112066582151,-0.052756600065289,-0.920529906846913,0.95
hpt_v2_topology2_paper,topology2,fault,deep_lvrt,lvrt_120ms_0.650pu,0.304,recovery,rule_action,0,NaN,0.65,0.65,0.65,1,1,204.963563302936,850.437563173457,1.00260763671032,1.02470159727919,0.00742670334498972,1.06304695396682,-0.0630469539668215,-0.0026076367103165,0.17720443053519,0.377534756822481,-0.00509539072520458,0.0538721558273157,0,0,0,0,0,1,0,1,0,0.422000000000422,0.988708373676983,1.02013680134387,-0.807681016882889,-0.149144083699149,-0.00510025939932638,-0.00510025939932638,-0.00510025939932638,-0.0326058093857019,-0.0326058093857019,0.0538577183014598,0.0538577183014598,0.0538577183014598,-0.0431685957714991,-0.0431685957714991,0,0,0,0.95,0.95,0,0,0,0.95,0.95,0.0257342117299761,-0.0257342117299761,0.0283434827004818,-0.0283434827004818,-0.0540776944304579,0.0540776944304579,0.618899495790438,-0.95,0.484971278512087
hpt_v2_topology2_paper,topology2,fault,deep_lvrt,lvrt_120ms_0.650pu,0.306,recovery,rule_action,0,NaN,0.65,0.65,0.65,1,1,209.45321130963,847.876598681469,0.999450888541861,1.02656424859277,0.0326239885756829,1.05984574835184,-0.0598457483518362,0.000549111458139073,0.166881620031837,0.347311682678564,-0.000159476982402471,0.0496090297265178,0,0,0,0,0,1,0,1,0,0.438666666667105,0.988708373676983,1.02013680134387,-2.87354933060135,-2.85311498783192,-0.000129142223814595,-0.000129142223814595,-0.000129142223814595,-0.000234477237072693,-0.000234477237072693,0.0496231465239351,0.0496231465239351,0.0496231465239351,-0.0496227605950656,-0.0496227605950656,0,0,0,0.95,0.95,0,0,0,0.95,0.95,-0.0109850535267756,0.0109850535267756,0.04740137380966,-0.04740137380966,-0.0364163202828843,0.0364163202828843,0.95,-0.845993060612967,-0.197039286194957
hpt_v2_topology2_paper,topology2,fault,deep_lvrt,lvrt_120ms_0.650pu,0.308,recovery,rule_action,0,NaN,0.65,0.65,0.65,1,1,208.45943560431,852.516632820944,1.00229758937063,1.02431994180676,0.010917826431633,1.06564579102618,-0.0656457910261805,-0.0022975893706314,0.152452484504057,0.356165399068695,-0.00184068530176434,0.0500810451188481,0,0,0,0,0,1,0,1,0,0.455333333333789,0.988708373676983,1.02013680134387,-5,-1.00998562324417,-0.00187903333022597,-0.00187903333022597,-0.00187903333022597,-0.0278677476750361,-0.0278677476750361,0.0501198300109808,0.0501198300109808,0.0501198300109808,-0.0417003209352906,-0.0417003209352906,0,0,0,0.95,0.95,0,0,0,0.95,0.95,-0.0364897544717658,0.0364897544717658,0.0480445325842585,-0.0480445325842585,-0.0115547781124928,0.0115547781124928,0.95,-0.289431172966926,-0.79407172562007
hpt_v2_topology2_paper,topology2,fault,deep_lvrt,lvrt_120ms_0.650pu,0.31,recovery,rule_action,0,NaN,0.65,0.65,0.65,1,1,207.524425039755,851.26781600319,1.00281955808416,1.03562220689767,0.00952714901100188,1.06408477000399,-0.0640847700039868,-0.00281955808416368,0.15459404672576,0.386945525952355,-0.00473424907204413,0.0537721153492638,0,0,0,0,0,1,0,1,0,0.472000000000472,0.988708373676983,1.02013680134387,1.29148567957005,1.77239350670866,-0.00475073000789659,-0.00475073000789659,-0.00475073000789659,-0.0322117614354388,-0.0322117614354388,0.0537986861617286,0.0537986861617286,0.0537986861617286,-0.0433505535554331,-0.0433505535554331,0,0,0,0.95,0.95,0,0,0,0.95,0.95,-0.0531187592974778,0.0531187592974778,0.0350121371440498,-0.0350121371440498,0.018106622153428,-0.018106622153428,0.680913798219658,0.402224222253821,-0.95
hpt_v2_topology2_paper,topology2,fault,deep_lvrt,lvrt_120ms_0.650pu,0.312,recovery,rule_action,0,NaN,0.65,0.65,0.65,1,1,204.002421647924,847.472433334689,0.998292220604694,1.01866740466361,0.00387848697428353,1.05934054166836,-0.0593405416683608,0.00170777939530609,0.183041542189684,0.389066796461645,-0.00149435120021085,0.0502777463951092,0,0,0,0,0,1,0,1,0,0.488666666667155,0.988708373676983,1.02013680134387,-2.99341072807491,-0.808136894046241,-0.0014091599866603,-0.0014091599866603,-0.0014091599866603,-0.00142883521956812,-0.00142883521956812,0.0502953598909566,0.0502953598909566,0.0502953598909566,-0.0502948047848302,-0.0502948047848302,0,0,0,0.95,0.95,0,0,0,0.95,0.95,-0.0440549348626457,0.0440549348626457,0.000978031464825365,-0.000978031464825365,0.0430769033978203,-0.0430769033978203,0.0337495625648096,0.95,-0.95
hpt_v2_topology2_paper,topology2,fault,deep_lvrt,lvrt_120ms_0.650pu,0.314,recovery,rule_action,0,NaN,0.65,0.65,0.65,1,1,207.361150069771,849.621627874277,0.99915013799581,1.02416109616649,0.0432043152663752,1.06202703484285,-0.0620270348428464,0.000849862004189794,0.178147753497702,0.375180952669175,0.00295950970050695,0.0488504502180955,0,0,0,0,0,1,0,1,0,0.505333333333839,0.988708373676983,1.02013680134387,-0.850243793347749,-0.874950088728621,0.0029578698946867,0.0029578698946867,0.0029578698946867,0.00296491330992442,0.00296491330992442,0.048693277720468,0.048693277720468,0.048693277720468,-0.0486928493573867,-0.0486928493573867,0,0,0,0.95,0.95,0,0,0,0.95,0.95,-0.0168176746434282,0.0168176746434282,-0.031248603112563,0.031248603112563,0.0480662777559912,-0.0480662777559912,-0.626414028872104,0.95,-0.512143113774487
hpt_v2_topology2_paper,topology2,fault,deep_lvrt,lvrt_120ms_0.650pu,0.316,recovery,rule_action,0,NaN,0.65,0.65,0.65,1,1,210.252703088725,853.41488606974,0.999496460261943,1.03418175456176,0.0119281370851629,1.06676860758718,-0.0667686075871754,0.000503539738056835,0.162237581087246,0.355502725950157,0.00362482628340739,0.044469380727811,0,0,0,0,0,1,0,1,0,0.522000000000522,0.988708373676983,1.02013680134387,1.74789338865522,1.08165564508189,0.00360323876522749,0.00360323876522749,0.00360323876522749,0.00361510296395946,0.00361510296395946,0.0445190763875472,0.0445190763875472,0.0445190763875472,-0.0445181145440761,-0.0445181145440761,0,0,0,0.95,0.95,0,0,0,0.95,0.95,0.0130629300168698,-0.0130629300168698,-0.0435209028729172,0.0435209028729172,0.0304579728560474,-0.0304579728560474,-0.95,0.866204475108416,0.151714938482822
hpt_v2_topology2_paper,topology2,fault,deep_lvrt,lvrt_120ms_0.650pu,0.318,recovery,rule_action,0,NaN,0.65,0.65,0.65,1,1,205.104870060719,850.273681750722,1.00003738740803,1.01099621265094,0.0247533143184658,1.0628421021884,-0.0628421021884029,-3.73874080339398e-05,0.186026355708974,0.355181094013483,0.000164466637537433,0.044551318870373,0,0,0,0,0,1,0,1,0,0.538666666667205,0.988708373676983,1.02013680134387,-5,0.60961778778279,0.000171704496069262,0.000171704496069262,0.000171704496069262,0.000190736368392248,0.000190736368392248,0.044518321109287,0.044518321109287,0.044518321109287,-0.0445182436363041,-0.0445182436363041,0,0,0,0.95,0.95,0,0,0,0.95,0.95,0.0333889928279484,-0.0333889928279484,-0.0421957545411545,0.0421957545411545,0.00880676171320614,-0.00880676171320614,-0.95,0.288373882053431,0.786643969477403
hpt_v2_topology2_paper,topology2,fault,deep_lvrt,lvrt_120ms_0.650pu,0.32,tail,rule_action,0,NaN,0.65,0.65,0.65,1,1,209.215181023391,846.33405740281,0.999675772422184,1.0229092998419,0.0288224512495149,1.05791757175351,-0.0579175717535125,0.000324227577816361,0.157069205596297,0.358055829696181,0.00296751763176904,0.044898917406384,0,0,0,0,0,1,0,1,0,0.555333333333889,0.988708373676983,1.02013680134387,-5,-0.465457245009349,0.00294895849702163,0.00294895849702163,0.00294895849702163,0.00297278093344097,0.00297278093344097,0.0448462697259442,0.0448462697259442,0.0448462697259442,-0.0448446968779037,-0.0448446968779037,0,0,0,0.95,0.95,0,0,0,0.95,0.95,0.0449192973126887,-0.0449192973126887,-0.0237268286406726,0.0237268286406726,-0.0211924686720161,0.0211924686720161,-0.715505415521517,-0.404072948547623,0.95
hpt_v2_topology2_paper,topology2,fault,deep_lvrt,lvrt_120ms_0.650pu,0.322,tail,rule_action,0,NaN,0.65,0.65,0.65,1,1,207.230109603391,853.69745362686,1.00091524564243,1.04039022935584,0.00493040397703019,1.06712181703358,-0.0671218170335757,-0.000915245642425511,0.149894609079279,0.383952042864245,0.000130926530205023,0.0478184422376029,0,0,0,0,0,1,0,1,0,0.572000000000572,0.988708373676983,1.02013680134387,-0.160381497880335,1.61438846916573,0.000110523093166703,0.000110523093166703,0.000110523093166703,0.000152423467248759,0.000152423467248759,0.0478795833215871,0.0478795833215871,0.0478795833215871,-0.0478794682665707,-0.0478794682665707,0,0,0,0.95,0.95,0,0,0,0.95,0.95,0.0412957738757727,-0.0412957738757727,0.000336496083851106,-0.000336496083851106,-0.0416322699596238,0.0416322699596238,-0.0698522134948786,-0.90927518462382,0.95
hpt_v2_topology2_paper,topology2,fault,deep_lvrt,lvrt_120ms_0.650pu,0.324,tail,rule_action,0,NaN,0.65,0.65,0.65,1,1,204.776668313312,850.643541604637,1.00086329150835,1.02671008564897,0.00678725286046057,1.0633044270058,-0.0633044270057961,-0.000863291508346187,0.185538412709704,0.397871279459295,-0.00234818853079803,0.0491223358908409,0,0,0,0,0,1,0,1,0,0.588666666667255,0.988708373676983,1.02013680134387,-0.403733596446409,0.863936758213724,-0.00233388141982115,-0.00233388141982115,-0.00233388141982115,-0.00226893385240839,-0.00226893385240839,0.0491220102393509,0.0491220102393509,0.0491220102393509,-0.0491250529934582,-0.0491250529934582,0,0,0,0.95,0.95,0,0,0,0.95,0.95,0.0220160914763628,-0.0220160914763628,0.0270745350095283,-0.0270745350095283,-0.0490906264858911,0.0490906264858911,0.616348469713623,-0.95,0.490879833959938
