model,topology,scenario_type,condition_class,case_name,t,window_zone,action_source,actor_select_mode,grid_V,fault_pu,grid_pu,fault_a_pu,fault_b_pu,fault_c_pu,lv_rms_inst,vdc_inst,obs_01,obs_02,obs_03,obs_04,obs_05,obs_06,obs_07,obs_08,obs_09,obs_10,obs_11,obs_12,obs_13,obs_14,obs_15,obs_16,obs_17,obs_18,obs_19,obs_20,obs_21,obs_22,obs_23,obs_24,action_01,actor_action_01,cmd_action_01,meas_action_01,teacher_action_01,action_02,actor_action_02,cmd_action_02,meas_action_02,teacher_action_02,action_03,actor_action_03,cmd_action_03,meas_action_03,teacher_action_03,action_04,actor_action_04,cmd_action_04,meas_action_04,teacher_action_04,mref_01,mref_02,mref_03,mref_04,mref_05,mref_06,menergy_01,menergy_02,menergy_03
hpt_v2_topology2_paper,topology2,fault,deep_lvrt,lvrt_200ms_0.500pu,0,prefault,rule_action,0,NaN,0.5,0.5,0.5,1,1,1.59571870491636,799.999999999999,0.00770878601408869,1,1,0.999999999999999,9.99200722162641e-16,0.992291213985911,-3.74154734478252e-09,-9.16296000993556e-07,0,0,0,0,0,0,0,1,0,0,0,0,1,1,0,-9.99200722162641e-13,0.00791548465140535,0.00791548465140535,0.00791548465140535,0.00791511895402981,0.00791511895402981,-0.00115978564112783,-0.00115978564112783,-0.00115978564112783,0.00116227877187791,0.00116227877187791,0,0,0,3.74079394561572e-05,3.74079394561572e-05,0,0,0,8.26086669215458e-20,8.26086669215458e-20,-0.00626875697245669,0.00626875697245669,-0.00116992337530585,0.00116992337530585,0.00743868034776254,-0.00743868034776254,1.77635683940025e-17,0.016246300864286,-0.0162463008642861
hpt_v2_topology2_paper,topology2,fault,deep_lvrt,lvrt_200ms_0.500pu,0.002,prefault,rule_action,0,NaN,0.5,0.5,0.5,1,1,125.124988312347,803.136924889596,0.137612622435518,2.1471418192046,2.1471418192046,1.00392115611199,-0.00392115611199473,0.862387377564482,-0.0717414735080924,-0.237449200345437,0.42554783817692,0.112084495646375,0,0,0,1,0,1,0,0,0,0,1,1,-5,-0.0005852920614835,0.427169239042628,0.427169239042628,0.427169239042628,0.430485796487381,0.430485796487381,0.113872953123053,0.113872953123053,0.113872953123053,-0.100611069270973,-0.100611069270973,0,0,0,0.95,0.95,0,0,0,-0.95,-0.95,-0.342384963242,0.342384963242,-0.0710054929519689,0.0710054929519689,0.413390456193968,-0.413390456193968,-0.0159080116758815,-0.0528159616563993,0.0687239733322808
hpt_v2_topology2_paper,topology2,fault,deep_lvrt,lvrt_200ms_0.500pu,0.004,prefault,rule_action,0,NaN,0.5,0.5,0.5,1,1,168.90629493469,821.260021079123,0.33639159451339,2.12344143547731,2.12344143547731,1.0265750263489,-0.0265750263489037,0.66360840548661,-0.184669801591395,-0.440867205822374,0.533512465071112,0.157614192696169,0,0,0,1,0,1,0,0,0,0,1,1,-5,-0.0757308357948183,0.53421095682381,0.53421095682381,0.53421095682381,0.542613669918304,0.542613669918304,0.157236848810247,0.157236848810247,0.157236848810247,-0.12520055204422,-0.12520055204422,0,0,0,0.95,0.95,0,0,0,-0.95,-0.95,-0.251874392479427,0.251874392479427,-0.304176797453389,0.304176797453389,0.556051189932816,-0.556051189932816,0.0658412642778602,-0.221189636917423,0.155348372639563
hpt_v2_topology2_paper,topology2,fault,deep_lvrt,lvrt_200ms_0.500pu,0.006,prefault,rule_action,0,NaN,0.5,0.5,0.5,1,1,192.971896269114,848.075668574059,0.514216327315169,2.55240201748593,0.675977553153259,1.06009458571757,-0.0600945857175732,0.485783672684831,-0.253864342919063,-0.540529711430265,0.550385756566251,0.204694913351125,0,0,0,1,0,1,0,0,0,0,1,1,-5,-0.833050998430229,0.550422154598374,0.550422154598374,0.550422154598374,0.566058361341568,0.566058361341568,0.205065844911869,0.205065844911869,0.205065844911869,-0.156826275150033,-0.156826275150033,0,0,0,0.95,0.95,0,0,0,-0.95,-0.95,-0.0490094528181542,0.0490094528181542,-0.482408448520762,0.482408448520762,0.531417901338917,-0.531417901338917,0.263542264190457,-0.363742978330853,0.100200714140396
hpt_v2_topology2_paper,topology2,fault,deep_lvrt,lvrt_200ms_0.500pu,0.008,prefault,rule_action,0,NaN,0.5,0.5,0.5,1,1,207.055883566082,848.525338267357,0.667906689140709,2.289935865297,0.172703582999863,1.0606566728342,-0.0606566728341962,0.332093310859291,-0.262400245265613,-0.539438566500987,0.548953929882805,0.228097769048406,0,0,0,1,0,1,0,0,0,0,1,1,-5,-2.00210029200543,0.548929916192436,0.548929916192436,0.548929916192436,0.570977906716519,0.570977906716519,0.228339382879725,0.228339382879725,0.228339382879725,-0.165671834379143,-0.165671834379143,0,0,0,0.95,0.95,0,0,0,-0.95,-0.95,0.200208632289993,-0.200208632289993,-0.584907959557589,0.584907959557589,0.384699327267596,-0.384699327267596,0.465961935343237,-0.388317405613965,-0.0776445297292718
hpt_v2_topology2_paper,topology2,fault,deep_lvrt,lvrt_200ms_0.500pu,0.01,prefault,rule_action,0,NaN,0.5,0.5,0.5,1,1,215.730650576302,848.405768070809,0.787692932773457,1.91174004308966,0.0191440395634174,1.06050721008851,-0.0605072100885107,0.212307067226543,-0.205184234964237,-0.495568843841206,0.549815717109995,0.224235864626964,0,0,0,1,0,1,0,0,0,0,1,1,-4.85980186812163,-2.22344266028807,0.55032948628739,0.55032948628739,0.55032948628739,0.575018386866164,0.575018386866164,0.219677124017499,0.219677124017499,0.219677124017499,-0.143088913126688,-0.143088913126688,0,0,0,0.95,0.95,0,0,0,-0.95,-0.95,0.43618892157619,-0.43618892157619,-0.565434143578741,0.565434143578741,0.129245222002551,-0.129245222002551,0.570973048157792,-0.216866709546156,-0.354106338611635
hpt_v2_topology2_paper,topology2,fault,deep_lvrt,lvrt_200ms_0.500pu,0.012,prefault,rule_action,0,NaN,0.5,0.5,0.5,1,1,222.67978448028,849.32191896435,0.874818236297646,1.54544315723336,0.0482873137382779,1.06165239870544,-0.0616523987054372,0.125181763702354,-0.0868006297864586,-0.431602855741432,0.548537977832631,0.232963934695377,0,0,0,1,0,1,0,0,0,0,1,1,-3.11791910186887,-0.995838325919651,0.548464386117618,0.548464386117618,0.548464386117618,0.578320784981844,0.578320784981844,0.233260513812222,0.233260513812222,0.233260513812222,-0.144113565639397,-0.144113565639397,0,0,0,0.95,0.95,0,0,0,-0.95,-0.95,0.57140515757307,-0.57140515757307,-0.432467176124106,0.432467176124106,-0.138937981448964,0.138937981448964,0.466229207276377,0.113921984579347,-0.580151191855724
hpt_v2_topology2_paper,topology2,fault,deep_lvrt,lvrt_200ms_0.500pu,0.014,prefault,rule_action,0,NaN,0.5,0.5,0.5,1,1,224.62356464357,848.803765041978,0.940805229201482,1.4195203135118,0.13749003193922,1.06100470630247,-0.0610047063024728,0.0591947707985178,0.0748885541725063,-0.379123803342907,0.455669212365458,0.240658565230975,0,0,0,1,0,1,0,0,0,0,1,1,-5,0.62257496241358,0.453789771326975,0.453789771326975,0.453789771326975,0.489256175602717,0.489256175602717,0.241049784361229,0.241049784361229,0.241049784361229,-0.157030410227404,-0.157030410227404,0,0,0,0.95,0.95,0,0,0,-0.95,-0.95,0.510743955399479,-0.510743955399479,-0.206606463826113,0.206606463826113,-0.304137491573365,0.304137491573365,0.152319896003256,0.45992114273697,-0.612241038740227
hpt_v2_topology2_paper,topology2,fault,deep_lvrt,lvrt_200ms_0.500pu,0.016,prefault,rule_action,0,NaN,0.5,0.5,0.5,1,1,217.467164392616,847.27202954821,0.981643178731024,1.29726378396098,0.0330440091315249,1.05909003693526,-0.0590900369352623,0.0183568212689756,0.242789224761721,-0.327442344399025,0.247155009281256,0.238445367728354,0,0,0,1,0,1,0,0,0,0,1,1,-1.38021369894115,-0.000612462019988769,0.245200581136097,0.245200581136097,0.245200581136097,0.286988247513417,0.286988247513417,0.238866096158643,0.238866096158643,0.238866096158643,-0.186596041417624,-0.186596041417624,0,0,0,0.95,0.95,0,0,0,-0.95,-0.95,0.32572795768402,-0.32572795768402,-0.0716980540131007,0.0716980540131007,-0.254029903670919,0.254029903670919,-0.257242915683309,0.665029946125405,-0.407787030442096
hpt_v2_topology2_paper,topology2,fault,deep_lvrt,lvrt_200ms_0.500pu,0.018,prefault,rule_action,0,NaN,0.5,0.5,0.5,1,1,208.759344355007,851.299788442706,0.99694808500736,1.16386288909569,0.0420258773888894,1.06412473555338,-0.0641247355533821,0.00305191499263979,0.404616366406307,-0.277188680068836,0.0932018088687471,0.219421564476174,0,0,0,1,0,1,0,0,0,0,1,1,-0.819281723587473,-0.797632091661171,0.0921830594913856,0.0921830594913856,0.0921830594913856,0.136649351780668,0.136649351780668,0.220095943616492,0.220095943616492,0.220095943616492,-0.195619261606697,-0.195619261606697,0,0,0,0.95,0.95,0,0,0,-0.619735227821744,-0.619735227821744,0.220429688500619,-0.220429688500619,-0.0310756001241512,0.0310756001241512,-0.189354088376468,0.189354088376468,-0.6100810271685,0.592458718087875,0.0176223090806252
hpt_v2_topology2_paper,topology2,fault,deep_lvrt,lvrt_200ms_0.500pu,0.02,prefault,rule_action,0,NaN,0.5,0.5,0.5,1,1,193.273845831036,851.538104750485,0.984022575748929,1.10585046811061,0.0184954639390516,1.06442263093811,-0.0644226309381062,0.0159774242510707,0.521344540012303,-0.248012856507914,0.0601438810579789,0.173352838953226,0,0,0,1,0,1,0,0,0,0,1,1,-5,-1.18847030341773,0.0605344218083511,0.0605344218083511,0.0605344218083511,0.0973692065392213,0.0973692065392213,0.169441467767183,0.169441467767183,0.169441467767183,-0.151307847915074,-0.151307847915074,0,0,0,0.95,0.95,0,0,0,-0.00973349808431863,-0.00973349808431863,0.122258490765078,-0.122258490765078,0.0531982075496433,-0.0531982075496433,-0.175456698314722,0.175456698314722,-0.745234844200256,0.265178957327146,0.48005588687311
hpt_v2_topology2_paper,topology2,fault,deep_lvrt,lvrt_200ms_0.500pu,0.022,prefault,rule_action,0,NaN,0.5,0.5,0.5,1,1,192.359882566038,854.782634602377,0.962419007435705,1.10186626400975,0.0295153158774039,1.06847829325297,-0.0684782932529719,0.0375809925642954,0.581048028354703,-0.196663712499734,0.138685416202426,0.189535352875063,0,0,0,1,0,1,0,0,0,0,1,1,-1.00118486441203,-1.99313246395705,0.139642255557508,0.139642255557508,0.139642255557508,0.181106404365937,0.181106404365937,0.190608214836729,0.190608214836729,0.190608214836729,-0.151762714123314,-0.151762714123314,0,0,0,0.95,0.95,0,0,0,0.208125417407431,0.208125417407431,-0.00894325001386995,0.00894325001386995,0.208955370167074,-0.208955370167074,-0.200012120153204,0.200012120153204,-0.563229967503058,-0.216507508689094,0.779737476192153
hpt_v2_topology2_paper,topology2,fault,deep_lvrt,lvrt_200ms_0.500pu,0.024,prefault,rule_action,0,NaN,0.5,0.5,0.5,1,1,206.276888435307,852.934487538606,0.95857037339853,1.03889105405607,0.0421473100442552,1.06616810942326,-0.0661681094232569,0.0414296266014704,0.593497387567946,-0.119600035216697,0.21119772185199,0.229522938098814,0,0,0,0,0,1,0,0,0,0,1,1,2.1183062441088,-0.465286724982805,0.211475155168669,0.211475155168669,0.211475155168669,0.261764556854099,0.261764556854099,0.230062632257496,0.230062632257496,0.230062632257496,-0.170674757330537,-0.170674757330537,0,0,0,0.95,0.95,0,0,0,0.95,0.95,-0.191409706037454,0.191409706037454,0.309619930414261,-0.309619930414261,-0.118210224376807,0.118210224376807,-0.117506726809612,-0.669632161775931,0.787138888585542
hpt_v2_topology2_paper,topology2,fault,deep_lvrt,lvrt_200ms_0.500pu,0.026,prefault,rule_action,0,NaN,0.5,0.5,0.5,1,1,206.41270218239,855.947059058079,0.968660983767811,1.03998967949354,0.0681082976088385,1.0699338238226,-0.0699338238225988,0.031339016232189,0.602640280087663,-0.0513077994623725,0.198746059935128,0.230764454361244,0,0,0,0,0,1,0,0,0,0,1,1,-2.17700016667965,1.78387544805481,0.198436091130787,0.198436091130787,0.198436091130787,0.250345848326986,0.250345848326986,0.23128759496976,0.23128759496976,0.23128759496976,-0.173775113510548,-0.173775113510548,0,0,0,0.95,0.95,0,0,0,0.95,0.95,-0.277852553284803,0.277852553284803,0.24733104758196,-0.24733104758196,0.030521505702843,-0.030521505702843,0.405714394332674,-0.860069440570697,0.454355046238024
hpt_v2_topology2_paper,topology2,fault,deep_lvrt,lvrt_200ms_0.500pu,0.028,prefault,rule_action,0,NaN,0.5,0.5,0.5,1,1,202.728562454008,853.870213657901,0.976921608306415,1.02450440500206,0.0251333556636852,1.06733776707238,-0.0673377670723758,0.0230783916935853,0.607669995809386,0.0470574195149722,0.154544637482856,0.223490355169741,0,0,0,0,0,1,0,0,0,0,1,1,-3.68699494951641,-1.81481882100698,0.15420722873478,0.15420722873478,0.15420722873478,0.206212243584076,0.206212243584076,0.224110483767478,0.224110483767478,0.224110483767478,-0.177431363982175,-0.177431363982175,0,0,0,0.95,0.95,0,0,0,0.95,0.95,-0.272039258500337,0.272039258500337,0.136142602236042,-0.136142602236042,0.135896656264295,-0.135896656264295,0.841653005999758,-0.760436735343628,-0.08121627065613
hpt_v2_topology2_paper,topology2,fault,deep_lvrt,lvrt_200ms_0.500pu,0.03,prefault,rule_action,0,NaN,0.5,0.5,0.5,1,1,201.633630441215,852.545148754604,0.974273818299063,0.998881825026389,0.0226221930299801,1.06568143594325,-0.0656814359432545,0.0257261817009371,0.601097972157235,0.131926897033822,0.141812277300029,0.218773138358347,0,0,0,0,0,1,0,0,0,0,1,1,-5,-0.416853734528599,0.14184233514829,0.14184233514829,0.14184233514829,0.19305479131331,0.19305479131331,0.219203948477029,0.219203948477029,0.219203948477029,-0.175782441157285,-0.175782441157285,0,0,0,0.95,0.95,0,0,0,0.95,0.95,-0.22829458123393,0.22829458123393,0.0044276367914157,-0.0044276367914157,0.223866944442514,-0.223866944442514,0.935148190636013,-0.294420975297933,-0.640727215338081
hpt_v2_topology2_paper,topology2,fault,deep_lvrt,lvrt_200ms_0.500pu,0.032,prefault,rule_action,0,NaN,0.5,0.5,0.5,1,1,198.959181710886,856.093653107204,0.9718818047657,1.02152193491684,0.0552401446291561,1.070117066384,-0.0701170663840047,0.0281181952343001,0.579862042676076,0.210140614940237,0.14864159783395,0.193137479787187,0,0,0,0,0,1,0,0,0,0,1,1,-5,2.07536335493663,0.148759201770819,0.148759201770819,0.148759201770819,0.192775500859744,0.192775500859744,0.193325547283957,0.193325547283957,0.193325547283957,-0.149471313677266,-0.149471313677266,0,0,0,0.95,0.95,0,0,0,0.95,0.95,-0.103356012014403,0.103356012014403,-0.139675597547732,0.139675597547732,0.243031609562135,-0.243031609562135,0.617414231186125,0.312081402770899,-0.929495633957024
hpt_v2_topology2_paper,topology2,fault,deep_lvrt,lvrt_200ms_0.500pu,0.034,prefault,rule_action,0,NaN,0.5,0.5,0.5,1,1,197.705184529345,851.530955118227,0.96778838875902,1.03220578724279,0.0476266465690588,1.06441369389778,-0.0644136938977835,0.0322116112409803,0.575589204725767,0.28576601823362,0.164850840231465,0.131158533749339,0,0,0,0,0,1,0,0,0,0,1,1,-5,-1.34004399891996,0.165057962667329,0.165057962667329,0.165057962667329,0.192313211051378,0.192313211051378,0.130844845315667,0.130844845315667,0.130844845315667,-0.0859077030345835,-0.0859077030345835,0,0,0,0.95,0.95,0,0,0,0.95,0.95,0.0747418535555428,-0.0747418535555428,-0.207910130289717,0.207910130289717,0.133168276734175,-0.133168276734175,0.057677071632028,0.808180526049833,-0.865857597681861
hpt_v2_topology2_paper,topology2,fault,deep_lvrt,lvrt_200ms_0.500pu,0.036,prefault,rule_action,0,NaN,0.5,0.5,0.5,1,1,197.402926740341,855.898851511483,0.963144346866064,1.01184766892,0.0341906877407014,1.06987356438935,-0.0698735643893535,0.0368556531339357,0.572823486071145,0.345231096650088,0.188400958033114,0.0387259187799148,0,0,0,0,0,1,0,0,0,0,1,1,-5,-1.82323509270588,0.188640834026623,0.188640834026623,0.188640834026623,0.19217229932417,0.19217229932417,0.0376800817838418,0.0376800817838418,0.0376800817838418,0.00865795576095374,0.00865795576095374,0,0,0,0.95,0.95,0,0,0,0.95,0.95,0.189662869356354,-0.189662869356354,-0.12266777081925,0.12266777081925,-0.0669950985371039,0.0669950985371039,-0.5367863682576,0.95,-0.469987882715277
hpt_v2_topology2_paper,topology2,fault,deep_lvrt,lvrt_200ms_0.500pu,0.038,prefault,rule_action,0,NaN,0.5,0.5,0.5,1,1,201.971692191681,866.543218886071,0.958982768643401,1.05128648060896,0.011252319234669,1.08317902360759,-0.0831790236075891,0.0410172313565988,0.560870012489467,0.357262387787582,0.216076092719215,-0.0926255646693876,0,0,0,0,0,1,0,0,0,0,1,1,-2.31249174343939,3.05891770643019,0.216257698090911,0.216257698090911,0.216257698090911,0.189345254902868,0.189345254902868,-0.0925872781331462,-0.0925872781331462,-0.0925872781331462,0.139600037612646,0.139600037612646,0,0,0,0.95,0.95,0,0,0,0.95,0.95,0.123646733890396,-0.123646733890396,0.111492705420989,-0.111492705420989,-0.235139439311385,0.235139439311385,-0.925942129144818,0.778792341608309,0.147149787536509
hpt_v2_topology2_paper,topology2,fault,deep_lvrt,lvrt_200ms_0.500pu,0.04,prefault,rule_action,0,NaN,0.5,0.5,0.5,1,1,203.655491592591,869.357645185733,0.964432922242232,1.05144705620127,0.0217978408396998,1.08669705648217,-0.0866970564821665,0.0355670777577682,0.573141407913446,0.357202429030825,0.212810058196332,-0.199994032365149,0,0,0,0,0,1,0,0,0,0,1,1,-4.60771157314754,0.153514186959969,0.21262826589296,0.21262826589296,0.21262826589296,0.164615955146316,0.164615955146316,-0.200927445266947,-0.200927445266947,-0.200927445266947,0.241835078161575,0.241835078161575,0,0,0,0.95,0.95,0,0,0,0.95,0.95,-0.113918879028587,0.113918879028587,0.290312883969833,-0.290312883969833,-0.176394004941246,0.176394004941246,-0.95,0.270406634609379,0.699399279688906
hpt_v2_topology2_paper,topology2,fault,deep_lvrt,lvrt_200ms_0.500pu,0.042,prefault,rule_action,0,NaN,0.5,0.5,0.5,1,1,206.876178981293,892.053095478236,0.972965810489358,1.03461258311141,0.0391952878749193,1.11506636934779,-0.115066369347795,0.027034189510642,0.556218493894803,0.368363800039018,0.183318846191944,-0.229431860821203,0,0,0,0,0,1,0,0,0,0,1,1,-5,-2.37573580463257,0.182893147726179,0.182893147726179,0.182893147726179,0.133837206997395,0.133837206997395,-0.229972769343587,-0.229972769343587,-0.229972769343587,0.261581689244269,0.261581689244269,0,0,0,0.95,0.95,0,0,0,0.95,0.95,-0.268668641139308,0.268668641139308,0.237367832325926,-0.237367832325926,0.0313008088133811,-0.0313008088133811,-0.64023669742564,-0.377681142650852,0.95
hpt_v2_topology2_paper,topology2,fault,deep_lvrt,lvrt_200ms_0.500pu,0.044,prefault,rule_action,0,NaN,0.5,0.5,0.5,1,1,203.450011501413,907.98303444775,0.978301608913606,1.03589430873393,0.0271961331250737,1.13497879305969,-0.134978793059687,0.0216983910863937,0.551014906024075,0.389156282928887,0.144464025122204,-0.209776441303248,0,0,0,0,0,1,0,0,0,0,1,1,-5,-0.522782986883019,0.144157984655025,0.144157984655025,0.144157984655025,0.10396824448128,0.10396824448128,-0.210579422085871,-0.210579422085871,-0.210579422085871,0.233057550157249,0.233057550157249,0,0,0,0.95,0.95,0,0,0,0.95,0.95,-0.245852331031983,0.245852331031983,0.063669211038322,-0.063669211038322,0.182183119993661,-0.182183119993661,-0.0179310454452795,-0.878802957857186,0.896734003302466
hpt_v2_topology2_paper,topology2,fault,deep_lvrt,lvrt_200ms_0.500pu,0.046,prefault,rule_action,0,NaN,0.5,0.5,0.5,1,1,202.066243012559,934.408865527765,0.980223051499295,1.06586119142059,0.0218579047906184,1.16801108190971,-0.168011081909706,0.019776948500705,0.538863629413476,0.373261535481506,0.121179828945381,-0.235431696068833,0,0,0,0,0,1,0,0,0,0,1,1,-2.93394640562217,1.04222792001418,0.121040776714162,0.121040776714162,0.121040776714162,0.0815267098754442,0.0815267098754442,-0.235892606787915,-0.235892606787915,-0.235892606787915,0.252288698006174,0.252288698006174,0,0,0,0.95,0.95,0,0,0,0.95,0.95,-0.13895612285228,0.13895612285228,-0.126073825844146,0.126073825844146,0.265029948696426,-0.265029948696426,0.577432635177933,-0.95,0.397279960999304
hpt_v2_topology2_paper,topology2,fault,deep_lvrt,lvrt_200ms_0.500pu,0.048,prefault,rule_action,0,NaN,0.5,0.5,0.5,1,1,202.668760365666,952.00461310617,0.981283116509926,1.04315438709888,0.048583731329267,1.19000576638271,-0.190005766382713,0.0187168834900741,0.506454512381219,0.38266104703814,0.111723456077203,-0.221094430512979,0,0,0,0,0,1,0,0,0,0,1,1,-5,-2.24364755337736,0.111631337296766,0.111631337296766,0.111631337296766,0.0791309304717335,0.0791309304717335,-0.221746504772806,-0.221746504772806,-0.221746504772806,0.235311206040635,0.235311206040635,0,0,0,0.95,0.95,0,0,0,0.95,0.95,0.019883453184905,-0.019883453184905,-0.224250585721743,0.224250585721743,0.204367132536838,-0.204367132536838,0.95,-0.714611521592354,-0.266485897302482
hpt_v2_topology2_paper,topology2,fault,deep_lvrt,lvrt_200ms_0.500pu,0.05,prefault,rule_action,0,NaN,0.5,0.5,0.5,1,1,205.947314578053,963.786965190547,0.985121758035546,1.10222225652522,0.033259907108592,1.20473370648818,-0.204733706488184,0.0148782419644535,0.461419907844073,0.393917447283319,0.100502122261286,-0.224836470377643,0,0,0,1,0,1,0,0,0,0,1,1,-5,-0.717608980180362,0.100273002697815,0.100273002697815,0.100273002697815,0.0720411073438342,0.0720411073438342,-0.225438650772608,-0.225438650772608,-0.225438650772608,0.235981650102045,0.235981650102045,0,0,0,0.95,0.95,0,0,0,0.95,0.95,0.169076442876125,-0.169076442876125,-0.240158954624308,0.240158954624308,0.0710825117481831,-0.0710825117481831,0.91747629268533,-0.145872504438974,-0.771603788246356
hpt_v2_topology2_paper,topology2,fault,deep_lvrt,lvrt_200ms_0.500pu,0.052,prefault,rule_action,0,NaN,0.5,0.5,0.5,1,1,204.651575022499,967.286102400678,0.989490033323477,1.10752919834395,0.0563047530054306,1.20910762800085,-0.209107628000848,0.0105099666765232,0.428508093737877,0.394124992443723,0.0774802353498866,-0.2387748127675,0,0,0,1,0,1,0,0,0,0,1,1,-5,0.976979443651382,0.0772319097237351,0.0772319097237351,0.0772319097237351,0.0524080291271926,0.0524080291271926,-0.239191148597267,-0.239191148597267,-0.239191148597267,0.24582630438962,0.24582630438962,0,0,0,0.95,0.95,0,0,0,0.95,0.95,0.2505700887839,-0.2505700887839,-0.1424271866228,0.1424271866228,-0.108142902161099,0.108142902161099,0.488508096039585,0.480794878144462,-0.95
hpt_v2_topology2_paper,topology2,fault,deep_lvrt,lvrt_200ms_0.500pu,0.054,prefault,rule_action,0,NaN,0.5,0.5,0.5,1,1,203.458413880062,964.123394647351,0.989627639460306,1.0859799327649,0.0768417066357202,1.20515424330919,-0.205154243309189,0.0103723605396941,0.400197751368858,0.412840328276715,0.0655077953351582,-0.21234722654329,0,0,0,1,0,1,0,0,0,0,1,1,-5,-2.18457941258121,0.0654088276509866,0.0654088276509866,0.0654088276509866,0.0476401976844659,0.0476401976844659,-0.213115930189379,-0.213115930189379,-0.213115930189379,0.217777698582168,0.217777698582168,0,0,0,0.95,0.95,0,0,0,0.95,0.95,0.187748832889531,-0.187748832889531,0.0102184153825739,-0.0102184153825739,-0.197967248272105,0.197967248272105,-0.144952583299539,0.947700775670195,-0.802748192370656
hpt_v2_topology2_paper,topology2,fault,deep_lvrt,lvrt_200ms_0.500pu,0.056,prefault,rule_action,0,NaN,0.5,0.5,0.5,1,1,208.825338709643,956.545399907484,0.991891749276686,1.13892913448763,0.0412043705110691,1.19568174988436,-0.195681749884355,0.00810825072331389,0.351747658506862,0.428474532479496,0.0598254498184365,-0.208590739813897,0,0,0,1,0,1,0,0,0,0,1,1,-0.482396545210761,-0.815911164260052,0.0596331932081982,0.0596331932081982,0.0596331932081982,0.04628375304266,0.04628375304266,-0.209409529949712,-0.209409529949712,-0.209409529949712,0.212758744051218,0.212758744051218,0,0,0,0.95,0.95,0,0,0,0.95,0.95,0.074054215265495,-0.074054215265495,0.14029556893608,-0.14029556893608,-0.214349784201575,0.214349784201575,-0.718094362280122,0.95,-0.250082269535749
hpt_v2_topology2_paper,topology2,fault,deep_lvrt,lvrt_200ms_0.500pu,0.058,prefault,rule_action,0,NaN,0.5,0.5,0.5,1,1,207.534719012112,937.341735726703,0.993416200247642,1.09330309952756,0.012415944792888,1.17167716965838,-0.171677169658378,0.00658379975235768,0.3498167565024,0.452001067420337,0.0451865887896202,-0.235320860512615,0,0,0,1,0,1,0,0,0,0,1,1,0.884050044097639,1.08466388267714,0.0450756913206013,0.0450756913206013,0.0450756913206013,0.0346914456711772,0.0346914456711772,-0.231673846468482,-0.231673846468482,-0.231673846468482,0.233454690856225,0.233454690856225,0,0,0,0.95,0.95,0,0,0,0.95,0.95,-0.0860716090247203,0.0860716090247203,0.233357112841382,-0.233357112841382,-0.147285503816662,0.147285503816662,-0.95,0.588056318895307,0.431329914334115
hpt_v2_topology2_paper,topology2,fault,deep_lvrt,lvrt_200ms_0.500pu,0.06,prefault,rule_action,0,NaN,0.5,0.5,0.5,1,1,208.34295898899,941.738342321974,0.993582853751461,1.08774864778595,0.00160416816544675,1.17717292790247,-0.177172927902468,0.00641714624853917,0.353550479047016,0.42850985430355,0.0403133610081539,-0.219420701139709,0,0,0,1,0,1,0,0,0,0,1,1,-1.7348630189018,-1.94343442638512,0.0402549964479361,0.0402549964479361,0.0402549964479361,0.0345602909714836,0.0345602909714836,-0.215560726459955,-0.215560726459955,-0.215560726459955,0.216546710478209,0.216546710478209,0,0,0,0.95,0.95,0,0,0,0.95,0.95,-0.186856658667541,0.186856658667541,0.192819528551442,-0.192819528551442,-0.0059628698839014,0.0059628698839014,-0.874175714993252,-0.040575281162682,0.914750996155934
hpt_v2_topology2_paper,topology2,fault,deep_lvrt,lvrt_200ms_0.500pu,0.062,prefault,rule_action,0,NaN,0.5,0.5,0.5,1,1,209.750241027325,941.535161594693,0.997522261071176,1.07952389448577,0.0498801693625555,1.17691895199337,-0.176918951993366,0.00247773892882397,0.319491417432281,0.432447814053447,0.0280763048016695,-0.231827462748121,0,0,0,0,0,1,0,0,0,0,1,1,5,-0.789081301746819,0.0278869585776661,0.0278869585776661,0.0278869585776661,0.025761665407289,0.025761665407289,-0.232336429911479,-0.232336429911479,-0.232336429911479,0.232581675370539,0.232581675370539,0,0,0,0.95,0.95,0,0,0,0.95,0.95,-0.231282552618424,0.231282552618424,0.0848239113541633,-0.0848239113541633,0.14645864126426,-0.14645864126426,-0.384357900434142,-0.659428769722635,0.95
hpt_v2_topology2_paper,topology2,fault,deep_lvrt,lvrt_200ms_0.500pu,0.064,prefault,rule_action,0,NaN,0.5,0.5,0.5,1,1,205.763658352984,933.590484971177,0.996514847213357,1.08802950681476,0.0358430284808857,1.16698810621397,-0.166988106213972,0.00348515278664296,0.314380407781684,0.447195765621103,0.0200059062153694,-0.226709647156983,0,0,0,1,0,1,0,0,0,0,1,1,4.45302593693553,1.47813273934005,0.0199993855405672,0.0199993855405672,0.0199993855405672,0.0216256622055244,0.0216256622055244,-0.227286851861557,-0.227286851861557,-0.227286851861557,0.227137885843181,0.227137885843181,0,0,0,0.95,0.95,0,0,0,0.95,0.95,-0.155090472420342,0.155090472420342,-0.0673846618843191,0.0673846618843191,0.222475134304661,-0.222475134304661,0.288473342783095,-0.95,0.71892532901154
hpt_v2_topology2_paper,topology2,fault,deep_lvrt,lvrt_200ms_0.500pu,0.066,prefault,rule_action,0,NaN,0.5,0.5,0.5,1,1,208.291288497851,935.566617471712,0.993824156839545,1.0500213981083,0.0337343531359961,1.16945827183964,-0.16945827183964,0.00617584316045527,0.323335175811727,0.421179058591027,0.0284801966352558,-0.193814447404883,0,0,0,0,0,1,0,0,0,0,1,1,4.23414865807947,-1.23841865176066,0.0285615903027664,0.0285615903027664,0.0285615903027664,0.0329478612031894,0.0329478612031894,-0.194830254772818,-0.194830254772818,-0.194830254772818,0.19413662987082,0.19413662987082,0,0,0,0.95,0.95,0,0,0,0.95,0.95,-0.032355668202103,0.032355668202103,-0.152035653803441,0.152035653803441,0.184391322005544,-0.184391322005544,0.835769012721508,-0.95,0.12185929434258
hpt_v2_topology2_paper,topology2,fault,deep_lvrt,lvrt_200ms_0.500pu,0.068,prefault,rule_action,0,NaN,0.5,0.5,0.5,1,1,208.823271847584,933.250826276888,0.992629009915623,1.00070397186878,0.0842361654571336,1.16656353284611,-0.16656353284611,0.00737099008437714,0.300300719508407,0.419391956855643,0.0368373526013029,-0.214472307935296,0,0,0,0,0,1,0,0,0,0,1,1,3.05128524885145,-2.5884724373042,0.0368965551595857,0.0368965551595857,0.0368965551595857,0.0447719702657761,0.0447719702657761,-0.215212677162826,-0.215212677162826,-0.215212677162826,0.213713178987061,0.213713178987061,0,0,0,0.95,0.95,0,0,0,0.95,0.95,0.094956554828658,-0.094956554828658,-0.217759893177688,0.217759893177688,0.12280333834903,-0.12280333834903,0.95,-0.535097660899785,-0.550181826336934
hpt_v2_topology2_paper,topology2,fault,deep_lvrt,lvrt_200ms_0.500pu,0.07,prefault,rule_action,0,NaN,0.5,0.5,0.5,1,1,206.181884995956,920.190944717572,0.995757313746883,1.05356976091579,0.018803573382775,1.15023868089697,-0.150238680896966,0.00424268625311741,0.290787653902919,0.426587362336222,0.0320353583985222,-0.230763259705139,0,0,0,0,0,1,0,0,0,0,1,1,1.12201364087605,1.83398697231318,0.0319250083188516,0.0319250083188516,0.0319250083188516,0.0432484327606975,0.0432484327606975,-0.227348879356198,-0.227348879356198,-0.227348879356198,0.225469049238296,0.225469049238296,0,0,0,0.95,0.95,0,0,0,0.95,0.95,0.20673947555353,-0.20673947555353,-0.189822795914675,0.189822795914675,-0.0169166796388555,0.0169166796388555,0.848727981215428,0.130581233678349,-0.95
hpt_v2_topology2_paper,topology2,fault,deep_lvrt,lvrt_200ms_0.500pu,0.072,prefault,rule_action,0,NaN,0.5,0.5,0.5,1,1,204.490727556892,913.21488333982,0.996683043135151,1.0215741121519,0.0577554879511014,1.14151860417478,-0.141518604174775,0.0033169568648489,0.309758422915961,0.407621237336864,0.0203049181843469,-0.224944696593021,0,0,0,0,0,1,1,0,0.0148333333333379,0,0.996093289703328,1.05991269268568,-5,-0.448665708931983,0.0202818820424187,0.0202818820424187,0.0202818820424187,0.0343062558383223,0.0343062558383223,-0.225545433971781,-0.225545433971781,-0.225545433971781,0.223841860104532,0.223841860104532,0,0,0,0.95,0.95,0,0,0,0.95,0.95,0.219845921284424,-0.219845921284424,-0.0628867903636046,0.0628867903636046,-0.156959130920819,0.156959130920819,0.276861182537606,0.757349421382985,-0.95
hpt_v2_topology2_paper,topology2,fault,deep_lvrt,lvrt_200ms_0.500pu,0.074,prefault,rule_action,0,NaN,0.5,0.5,0.5,1,1,209.092275914687,915.243467751644,0.998765293110978,0.970019187481326,0.0475366779425399,1.14405433468956,-0.144054334689555,0.00123470688902239,0.277690183357596,0.394076801469147,0.0158780793599201,-0.184693364459959,0,0,0,0,0,1,1,0,0.0315000000000096,0,0.976020825842168,1.10522233430018,-5,-2.3439217194432,0.0157586218806257,0.0157586218806257,0.0157586218806257,0.0293283509618716,0.0293283509618716,-0.18473308888654,-0.18473308888654,-0.18473308888654,0.183069648284461,0.183069648284461,0,0,0,0.95,0.95,0,0,0,0.95,0.95,0.11678736315043,-0.11678736315043,0.0663120523592411,-0.0663120523592411,-0.183099415509671,0.183099415509671,-0.394386466675411,0.95,-0.686587137068074
hpt_v2_topology2_paper,topology2,fault,deep_lvrt,lvrt_200ms_0.500pu,0.076,prefault,rule_action,0,NaN,0.5,0.5,0.5,1,1,206.008673849719,895.735186850162,0.999358029059736,1.06788287182328,0.0385502907192723,1.1196689835627,-0.119668983562703,0.000641970940264192,0.257806565127226,0.42435320670472,0.00768810142593147,-0.122895485227916,0,0,0,0,0,1,1,0,0.0481666666666814,0,0.976020825842168,1.10522233430018,-3.40240088874033,2.0560290158127,0.00762640541636995,0.00762640541636995,0.00762640541636995,0.0177811592584003,0.0177811592584003,-0.122543387830856,-0.122543387830856,-0.122543387830856,0.121486107584636,0.121486107584636,0,0,0,0.95,0.95,0,0,0,0.95,0.95,0.00266980422895803,-0.00266980422895803,0.104970963572759,-0.104970963572759,-0.107640767801717,0.107640767801717,-0.906699886272384,0.95,-0.0557385660679421
hpt_v2_topology2_paper,topology2,fault,deep_lvrt,lvrt_200ms_0.500pu,0.078,prefault,rule_action,0,NaN,0.5,0.5,0.5,1,1,204.50513038568,876.474229231836,0.998704515661199,1.06274576462405,0.0523127648033806,1.0955927865398,-0.0955927865397954,0.00129548433880122,0.272384976891294,0.419098972096926,0.00493511561132831,-0.0501975842118506,0,0,0,0,0,1,1,0,0.0648333333333532,0,0.976020825842168,1.10522233430018,-0.201969210934516,0.0668123722351588,0.00495160915584434,0.00495160915584434,0.00495160915584434,0.00949767441796523,0.00949767441796523,-0.0503619618554291,-0.0503619618554291,-0.0503619618554291,0.0497055310384093,0.0497055310384093,0,0,0,0.95,0.95,0,0,0,0.95,0.95,-0.0274917074345359,0.0274917074345359,0.0505397219988222,-0.0505397219988222,-0.0230480145642864,0.0230480145642864,-0.95,0.479439187450886,0.625645718380709
hpt_v2_topology2_paper,topology2,fault,deep_lvrt,lvrt_200ms_0.500pu,0.08,fault,rule_action,0,NaN,0.5,0.5,0.5,1,1,209.039311059403,877.191741090412,0.995086337594096,1.00105156795132,0.0235216156750955,1.09648967636302,-0.0964896763630152,0.00491366240590363,0.251193758140452,0.395073824909056,0.0187721725804934,-0.0463477911045285,0,0,0,0,0,1,1,0,0.081500000000025,0,0.976020825842168,1.10522233430018,-2.49545162145881,-2.76859778980176,0.018888878455109,0.018888878455109,0.018888878455109,0.0233603744151158,0.0233603744151158,-0.0470432140139076,-0.0470432140139076,-0.0470432140139076,0.0449905170145421,0.0449905170145421,0,0,0,0.95,0.95,0,0,0,0.95,0.95,-0.0403533514185267,0.0403533514185267,0.0467491343367091,-0.0467491343367091,-0.00639578291818247,0.00639578291818247,-0.834919997214464,-0.213870470812837,0.95
hpt_v2_topology2_paper,topology2,fault,deep_lvrt,lvrt_200ms_0.500pu,0.082,fault,rule_action,0,NaN,0.5,0.5,0.5,1,1,204.741264299471,854.638112211152,0.995984905892157,1.00712371327497,0.0687957364537379,1.06829764026394,-0.0682976402639397,0.0040150941078434,0.250469310189916,0.395359243201259,0.0195165945367271,-0.0219801621307178,0,0,0,0,0,1,1,0,0.0981666666666967,0,0.976020825842168,1.10522233430018,-5,-0.792234097899191,0.0195563196724298,0.0195563196724298,0.0195563196724298,0.0216010179236422,0.0216010179236422,-0.021142447612762,-0.021142447612762,-0.021142447612762,0.0190485893139397,0.0190485893139397,0,0,0,0.95,0.95,0,0,0,0.95,0.95,-0.0266432795191024,0.0266432795191024,0.0227921883176717,-0.0227921883176717,0.00385109120143069,-0.00385109120143069,-0.279316215379506,-0.842108088606173,0.95
hpt_v2_topology2_paper,topology2,fault,deep_lvrt,lvrt_200ms_0.500pu,0.084,fault,rule_action,0,NaN,0.5,0.5,0.5,1,1,190.681484270964,852.090580347211,0.983127567456982,0.931937874111233,0.13100415224643,1.06511322543401,-0.0651132254340134,0.0168724325430176,0.195001783415008,0.381607485088567,0.0491646629362742,0.127472939111399,0,0,0,0,0,1,1,0,0.114833333333368,0,0.870281969269701,1.10522233430018,1.54694714498371,0.7404316970121,0.0499203512359604,0.0499203512359604,0.0499203512359604,0.0364690324848461,0.0364690324848461,0.12890220882146,0.12890220882146,0.12890220882146,-0.13333353132724,-0.13333353132724,0,0,0,0.95,0.95,0,0,0,0.95,0.95,0.0325750917469388,-0.0325750917469388,0.100052529888018,-0.100052529888018,-0.132627621634957,0.132627621634957,0.402683469238307,-0.95,0.709719614764337
hpt_v2_topology2_paper,topology2,fault,deep_lvrt,lvrt_200ms_0.500pu,0.086,fault,rule_action,0,NaN,0.5,0.5,0.5,1,1,175.475348763942,840.545182353256,0.945546594685538,0.805280925798853,0.174610977784448,1.05068147794157,-0.0506814779415705,0.0544534053144615,0.0905102923852873,0.393168266073071,0.19010415739362,0.193691985692404,0,0,1,0,0,1,1,0,0.13150000000004,0,0.805280925798853,1.10522233430018,-1.67436236982299,-1.0364346923708,0.192123745117085,0.192123745117085,0.192123745117085,0.17171835263685,0.17171835263685,0.193262511075443,0.193262511075443,0.193262511075443,-0.21160042295016,-0.21160042295016,0,0,0,0.95,0.95,0,0,0,0.95,0.95,-0.189804615674014,0.189804615674014,0.264245464239561,-0.264245464239561,-0.0744408485655472,0.0744408485655472,0.928147706601974,-0.95,0.075398438957803
hpt_v2_topology2_paper,topology2,fault,deep_lvrt,lvrt_200ms_0.500pu,0.088,fault,rule_action,0,NaN,0.5,0.5,0.5,1,1,189.362903902029,767.953991589163,0.921662781838895,0.809461864509342,0.15161077024159,0.959942489486453,0.0400575105135468,0.0783372181611052,-0.0022760736172988,0.509400244832782,0.384820044851568,0.0514031732879167,0,0,1,0,0,1,1,0,0.148166666666712,0,0.760629126034179,1.10522233430018,-5,-0.106326890546016,0.386241397606199,0.386241397606199,0.386241397606199,0.379369599204312,0.379369599204312,0.0487288372227886,0.0487288372227886,0.0487288372227886,-0.0873820576630859,-0.0873820576630859,0,0,0,0.95,0.95,0,0,0,0.95,0.95,-0.345751776185058,0.345751776185058,0.0179259944169777,-0.0179259944169777,0.32782578176808,-0.32782578176808,0.95,-0.551757420338202,-0.648219209118113
hpt_v2_topology2_paper,topology2,fault,deep_lvrt,lvrt_200ms_0.500pu,0.09,fault,rule_action,0,NaN,0.5,0.5,0.5,1,1,221.817601824017,684.368009650835,0.949374247385965,0.833503770790071,0.11854929291674,0.855460012063544,0.144539987936456,0.0506257526140346,0.106410800644196,0.618244414883368,0.373829997536859,-0.176224909819614,0,0,1,0,0,1,1,0,0.164833333333384,0,0.760629126034179,1.10522233430018,1.2349100319653,2.76938943852567,0.372017819076409,0.372017819076409,0.372017819076409,0.388491033796729,0.388491033796729,-0.177475244355352,-0.177475244355352,-0.177475244355352,0.137729578264469,0.137729578264469,0,0,0,0.95,0.95,0,0,0,0.95,0.95,0.0490787178029491,-0.0490787178029491,-0.378960717803748,0.378960717803748,0.329882000000798,-0.329882000000798,0.95,0.27591373427714,-0.95
hpt_v2_topology2_paper,topology2,fault,deep_lvrt,lvrt_200ms_0.500pu,0.092,fault,rule_action,0,NaN,0.5,0.5,0.5,1,1,221.652563662163,771.190845556317,0.993622025313175,0.788395938337693,0.222509518947142,0.963988556945396,0.0360114430546044,0.00637797468682466,0.328847748977512,0.557764866675274,0.140926255475498,-0.244926810524698,0,0,1,0,0,1,1,0,0.181500000000056,0,0.760629126034179,1.10522233430018,-5,1.27128984796254,0.138519413229321,0.138519413229321,0.138519413229321,0.164173892961102,0.164173892961102,-0.245261119717702,-0.245261119717702,-0.245261119717702,0.228883327388809,0.228883327388809,0,0,0,0.95,0.95,0,0,0,0.95,0.95,0.27636494028503,-0.27636494028503,-0.18532372968096,0.18532372968096,-0.0910412106040701,0.0910412106040701,0.257402431256502,0.95,-0.95
hpt_v2_topology2_paper,topology2,fault,deep_lvrt,lvrt_200ms_0.500pu,0.094,fault,rule_action,0,NaN,0.5,0.5,0.5,1,1,187.596891163914,902.755159597271,0.992877146240083,0.859709144489808,0.0912809220533718,1.12844394949659,-0.128443949496589,0.00712285375991717,0.359085357904119,0.401408655563742,-0.0158006411672012,-0.244703090340299,0,0,1,0,0,1,1,0,0.198166666666727,0,0.760629126034179,1.10522233430018,-5,-2.20202096302602,-0.0160554889440701,-0.0160554889440701,-0.0160554889440701,0.010758741615251,0.010758741615251,-0.244045532775536,-0.244045532775536,-0.244045532775536,0.244336346603989,0.244336346603989,0,0,0,0.95,0.95,0,0,0,0.95,0.95,0.128179430648629,-0.128179430648629,0.116297439882594,-0.116297439882594,-0.244476870531223,0.244476870531223,-0.420251537383794,0.95,-0.723457229288633
hpt_v2_topology2_paper,topology2,fault,deep_lvrt,lvrt_200ms_0.500pu,0.096,fault,rule_action,0,NaN,0.5,0.5,0.5,1,1,164.627428363878,917.301351261662,0.937972986190279,0.895408999341637,0.0943038351416984,1.14662668907708,-0.146626689077077,0.0620270138097212,0.220602530231318,0.321563760530208,0.116477630302688,-0.230690620406191,0,0,1,0,0,1,1,0,0.214833333333399,0,0.760629126034179,1.10522233430018,0.289248087304794,1.30869326103533,0.119050832715207,0.119050832715207,0.119050832715207,0.143889928722303,0.143889928722303,-0.231214745467442,-0.231214745467442,-0.231214745467442,0.216631132813474,0.216631132813474,0,0,0,0.95,0.95,0,0,0,0.95,0.95,0.115227645693655,-0.115227645693655,0.144294477427683,-0.144294477427683,-0.259522123121338,0.259522123121338,-0.86734446520599,0.95,-0.104665939941832
hpt_v2_topology2_paper,topology2,fault,deep_lvrt,lvrt_200ms_0.500pu,0.098,fault,rule_action,0,NaN,0.5,0.5,0.5,1,1,198.760563044461,837.997187068218,0.913695956423679,0.870554507695035,0.159190779341312,1.04749648383527,-0.0474964838352727,0.0863040435763213,0.100523863571309,0.380367332177553,0.353461540111613,-0.257275526058608,0,0,1,0,0,1,1,0,0.231500000000071,0,0.760629126034179,1.10522233430018,1.82459585977202,0.413154038293007,0.354905911667357,0.354905911667357,0.354905911667357,0.382049198226958,0.382049198226958,-0.25744518571116,-0.25744518571116,-0.25744518571116,0.215115410690239,0.215115410690239,0,0,0,0.95,0.95,0,0,0,0.95,0.95,0.117320041297601,-0.117320041297601,0.307200852182889,-0.307200852182889,-0.42452089348049,0.42452089348049,-0.95,0.487521277338176,0.625027925551643
hpt_v2_topology2_paper,topology2,fault,deep_lvrt,lvrt_200ms_0.500pu,0.1,fault,rule_action,0,NaN,0.5,0.5,0.5,1,1,236.243238020518,800.56414965978,0.964476529549628,0.86577084314665,0.123310049692514,1.00070518707472,-0.000705187074724778,0.0355234704503719,0.108455384800525,0.452911314998005,0.314063641693302,-0.266675812817577,0,0,1,0,0,1,1,0,0.248166666666743,0,0.760629126034179,1.10522233430018,-5,-0.59394969088844,0.311787322572146,0.311787322572146,0.311787322572146,0.341430261705515,0.341430261705515,-0.266720135313342,-0.266720135313342,-0.266720135313342,0.227544152836278,0.227544152836278,0,0,0,0.95,0.95,0,0,0,0.95,0.95,-0.187410255949055,0.187410255949055,0.409808387681761,-0.409808387681761,-0.222398131732706,0.222398131732706,-0.853408979898952,-0.274128369360311,0.95
hpt_v2_topology2_paper,topology2,fault,deep_lvrt,lvrt_200ms_0.500pu,0.102,fault,rule_action,0,NaN,0.5,0.5,0.5,1,1,223.26490731864,854.279353155967,1.01844025544512,0.937796529014355,0.166229935729115,1.06784919144496,-0.0678491914449584,-0.0184402554451184,0.22554180195545,0.457776093862981,0.0165357949832368,-0.25765824707373,0,0,0,0,0,1,1,0,0.264833333333414,0,0.760629126034179,1.10522233430018,1.95187126343976,2.8344021884148,0.0137137438243462,0.0137137438243462,0.0137137438243462,0.170657731855396,0.170657731855396,-0.256784681752825,-0.256784681752825,-0.256784681752825,0.192360022121415,0.192360022121415,0,0,0,0.95,0.95,0,0,0,0.95,0.95,-0.240388851199675,0.240388851199675,0.0411075756903248,-0.0411075756903248,0.19928127550935,-0.19928127550935,-0.187405746583921,-0.856874610394771,0.95
hpt_v2_topology2_paper,topology2,fault,deep_lvrt,lvrt_200ms_0.500pu,0.104,fault,rule_action,0,NaN,0.5,0.5,0.5,1,1,178.452924838792,873.668741307796,1.00045613339423,0.874388413426656,0.0790344905985033,1.09208592663474,-0.0920859266347447,-0.000456133394233005,0.255810174264213,0.384002394947979,-0.121419994130751,-0.0531008485806551,0,0,1,0,0,1,1,0,0.281500000000086,0,0.760629126034179,1.10522233430018,2.13974492964919,0.532566152104286,-0.120898835704797,-0.120898835704797,-0.120898835704797,-0.113868583180027,-0.113868583180027,-0.0507057225613207,-0.0507057225613207,-0.0507057225613207,0.0649734141000345,0.0649734141000345,0,0,0,0.95,0.95,0,0,0,0.95,0.95,0.0791590834620701,-0.0791590834620701,-0.130084120126355,0.130084120126355,0.0509250366642851,-0.0509250366642851,0.490566987736046,-0.95,0.624762556085691
hpt_v2_topology2_paper,topology2,fault,deep_lvrt,lvrt_200ms_0.500pu,0.106,fault,rule_action,0,NaN,0.5,0.5,0.5,1,1,163.344209262647,847.877661515441,0.932511258312462,0.858586792019571,0.179604730087155,1.0598470768943,-0.0598470768943011,0.0674887416875385,0.144975927114541,0.327161218037867,0.0966660827489638,0.112021531736449,0,0,1,0,0,1,1,0,0.298166666666758,0,0.760629126034179,1.10522233430018,-3.34043218412017,-1.08634010527586,0.0999617422080296,0.0999617422080296,0.0999617422080296,0.0860492472518815,0.0860492472518815,0.11274689215561,0.11274689215561,0.11274689215561,-0.123692112292571,-0.123692112292571,0,0,0,0.95,0.95,0,0,0,0.95,0.95,-0.109422566451294,0.109422566451294,0.144422961174614,-0.144422961174614,-0.0350003947233198,0.0350003947233198,0.95,-0.95,-0.00981196701460663
hpt_v2_topology2_paper,topology2,fault,deep_lvrt,lvrt_200ms_0.500pu,0.108,fault,rule_action,0,NaN,0.5,0.5,0.5,1,1,194.860621908434,795.989798298614,0.907794330145266,0.880176571458782,0.183399750945077,0.994987247873267,0.00501275212673302,0.0922056698547339,0.00385845781599819,0.427901364770815,0.376655811903709,0.0581687176437294,0,0,1,0,0,1,1,0,0.31483333333343,0,0.760629126034179,1.10522233430018,-1.40290306258328,0.745780198951329,0.378286073240182,0.378286073240182,0.378286073240182,0.369319232967235,0.369319232967235,0.0563753884961228,0.0563753884961228,0.0563753884961228,-0.0994074534230646,-0.0994074534230646,0,0,0,0.95,0.95,0,0,0,0.95,0.95,-0.323062214541703,0.323062214541703,-0.0157596352348754,0.0157596352348754,0.338821849776578,-0.338821849776578,0.95,-0.446522008036352,-0.703079009840426
hpt_v2_topology2_paper,topology2,fault,deep_lvrt,lvrt_200ms_0.500pu,0.11,fault,rule_action,0,NaN,0.5,0.5,0.5,1,1,229.678211865155,695.100016978377,0.950633953676634,0.868640899222525,0.0917834802161354,0.868875021222972,0.131124978777028,0.0493660463233665,0.0640635569498778,0.542864350402385,0.365988010932683,-0.147333846401226,0,0,1,0,0,1,1,0,0.331500000000101,0,0.760629126034179,1.10522233430018,1.69685363964012,1.65385554526842,0.364178673729667,0.364178673729667,0.364178673729667,0.378838776456196,0.378838776456196,-0.148969395115876,-0.148969395115876,-0.148969395115876,0.106297547167664,0.106297547167664,0,0,0,0.95,0.95,0,0,0,0.95,0.95,0.0679021944749411,-0.0679021944749411,-0.369592958899022,0.369592958899022,0.301690764424081,-0.301690764424081,0.882674198458093,0.380145493912042,-0.95
hpt_v2_topology2_paper,topology2,fault,deep_lvrt,lvrt_200ms_0.500pu,0.112,fault,rule_action,0,NaN,0.5,0.5,0.5,1,1,221.022732629947,751.454681705845,0.999145333149015,0.850707585581778,0.215370678402487,0.939318352132306,0.0606816478676936,0.000854666850984787,0.268726234769406,0.497124382500314,0.116117066042961,-0.237526745126051,0,0,1,0,0,1,1,0,0.348166666666773,0,0.760629126034179,1.10522233430018,-5,0.356522594990749,0.113582700230215,0.113582700230215,0.113582700230215,0.139916621586492,0.139916621586492,-0.237523787152447,-0.237523787152447,-0.237523787152447,0.223028962824675,0.223028962824675,0,0,0,0.95,0.95,0,0,0,0.95,0.95,0.263240439054431,-0.263240439054431,-0.135778088686243,0.135778088686243,-0.127462350368188,0.127462350368188,0.142818992940258,0.95,-0.95
hpt_v2_topology2_paper,topology2,fault,deep_lvrt,lvrt_200ms_0.500pu,0.114,fault,rule_action,0,NaN,0.5,0.5,0.5,1,1,187.963882489332,873.103757961754,0.994183824500124,0.868775643228508,0.0841357393437695,1.09137969745219,-0.091379697452193,0.00581617549987601,0.293298144313721,0.368581488828189,-0.0340708354970486,-0.141396312490355,0,0,1,0,0,1,1,0,0.364833333333445,0,0.760629126034179,1.10522233430018,-0.305668441361595,-2.2779051564068,-0.0341877988014865,-0.0341877988014865,-0.0341877988014865,-0.018381076984813,-0.018381076984813,-0.140052152018909,-0.140052152018909,-0.140052152018909,0.142987925647227,0.142987925647227,0,0,0,0.95,0.95,0,0,0,0.95,0.95,0.0390547271479039,-0.0390547271479039,0.100654183967948,-0.100654183967948,-0.139708911115852,0.139708911115852,-0.528112267293797,0.95,-0.639155838093426
hpt_v2_topology2_paper,topology2,fault,deep_lvrt,lvrt_200ms_0.500pu,0.116,fault,rule_action,0,NaN,0.5,0.5,0.5,1,1,169.664662571352,859.984625315851,0.940574830560891,0.874074531838916,0.142530685485491,1.07498078164481,-0.0749807816448134,0.0594251694391091,0.150443678699718,0.298754338423357,0.104899696309037,-0.0593604752891606,0,0,1,0,0,1,1,0,0.381500000000117,0,0.760629126034179,1.10522233430018,1.68143941193621,0.58448036652381,0.107413229688737,0.107413229688737,0.107413229688737,0.113184004199987,0.113184004199987,-0.0594992668830537,-0.0594992668830537,-0.0594992668830537,0.0476145551805697,0.0476145551805697,0,0,0,0.95,0.95,0,0,0,0.95,0.95,0.100329872643528,-0.100329872643528,0.0111437987438024,-0.0111437987438024,-0.11147367138733,0.11147367138733,-0.95,0.95,-0.012603884523794
hpt_v2_topology2_paper,topology2,fault,deep_lvrt,lvrt_200ms_0.500pu,0.118,fault,rule_action,0,NaN,0.5,0.5,0.5,1,1,191.988067029463,819.544074316223,0.912479828720243,0.885780179219404,0.166095977725634,1.02443009289528,-0.0244300928952788,0.0875201712797572,0.0437559379314635,0.38297454346263,0.343641369411281,-0.174285447935371,0,0,1,0,0,1,1,0,0.398166666666789,0,0.760629126034179,1.10522233430018,-0.593595048899997,-0.387012075702797,0.345321900886911,0.345321900886911,0.345321900886911,0.361987426939028,0.361987426939028,-0.175561641962899,-0.175561641962899,-0.175561641962899,0.137964517535925,0.137964517535925,0,0,0,0.95,0.95,0,0,0,0.95,0.95,0.133129744756324,-0.133129744756324,0.248489380595006,-0.248489380595006,-0.38161912535133,0.38161912535133,-0.95,0.408726438533318,0.692884552297292
hpt_v2_topology2_paper,topology2,fault,deep_lvrt,lvrt_200ms_0.500pu,0.12,fault,rule_action,0,NaN,0.5,0.5,0.5,1,1,233.075284884987,750.914857510592,0.957530104600016,0.877183763685354,0.133779206456519,0.93864357188824,0.0613564281117602,0.042469895399984,0.0760535139986493,0.47084975247732,0.336124681503553,-0.244995187336616,0,0,1,0,0,1,1,0,0.41483333333346,0,0.760629126034179,1.10522233430018,-5,-0.736283225472367,0.334138689076379,0.334138689076379,0.334138689076379,0.35848977016006,0.35848977016006,-0.245328584838795,-0.245328584838795,-0.245328584838795,0.208134242178634,0.208134242178634,0,0,0,0.95,0.95,0,0,0,0.95,0.95,-0.187954285108956,0.187954285108956,0.413947412406852,-0.413947412406852,-0.225993127297897,0.225993127297897,-0.817178757220805,-0.383396259816479,0.95
hpt_v2_topology2_paper,topology2,fault,deep_lvrt,lvrt_200ms_0.500pu,0.122,fault,rule_action,0,NaN,0.5,0.5,0.5,1,1,226.625227298703,803.61046507794,1.01268880134516,0.925267210273697,0.217699155978602,1.00451308134742,-0.00451308134742456,-0.01268880134516,0.210275889623931,0.440425914388326,0.0576740890071894,-0.258976084006955,0,0,0,0,0,1,1,0,0.431500000000132,0,0.760629126034179,1.10522233430018,3.97581390969925,3.83630676737545,0.0547881417090726,0.0547881417090726,0.0547881417090726,0.201413342183831,0.201413342183831,-0.258755524445475,-0.258755524445475,-0.258755524445475,0.171431699207951,0.171431699207951,0,0,0,0.95,0.95,0,0,0,0.95,0.95,-0.254393890466953,0.254393890466953,0.0645077691577319,-0.0645077691577319,0.189886121309221,-0.189886121309221,-0.106440521169124,-0.95,0.95
hpt_v2_topology2_paper,topology2,fault,deep_lvrt,lvrt_200ms_0.500pu,0.124,fault,rule_action,0,NaN,0.5,0.5,0.5,1,1,179.370967568229,869.101098357583,0.996259630448942,0.874629183142344,0.0956193762571484,1.08637637294698,-0.0863763729469789,0.0037403695510585,0.254812411791173,0.362239437776797,-0.089887727745952,-0.106301102135703,0,0,1,0,0,1,1,0,0.448166666666804,0,0.760629126034179,1.10522233430018,-0.261956579541089,0.294406454491858,-0.0894323776847724,-0.0894323776847724,-0.0894323776847724,-0.0781421339542949,-0.0781421339542949,-0.104417383144998,-0.104417383144998,-0.104417383144998,0.113114751391099,0.113114751391099,0,0,0,0.95,0.95,0,0,0,0.95,0.95,0.0343282366120371,-0.0343282366120371,-0.132455202910301,0.132455202910301,0.098126966298264,-0.098126966298264,0.566437907340618,-0.95,0.562156932191912
hpt_v2_topology2_paper,topology2,fault,deep_lvrt,lvrt_200ms_0.500pu,0.126,fault,rule_action,0,NaN,0.5,0.5,0.5,1,1,162.174051415243,846.218278111736,0.93152383478664,0.892718896382931,0.182688892706677,1.05777284763967,-0.0577728476396697,0.0684761652133602,0.139359407275468,0.314471857951915,0.115440222272164,0.00522062805973494,0,0,1,0,0,1,1,0,0.46483333333347,0,0.760629126034179,1.10522233430018,-5,-1.27529097561419,0.118571840964828,0.118571840964828,0.118571840964828,0.117452055965729,0.117452055965729,0.00555222174590332,0.00555222174590332,0.00555222174590332,-0.0171791497323722,-0.0171791497323722,0,0,0,0.95,0.95,0,0,0,0.95,0.95,-0.117926671163648,0.117926671163648,0.0472348809404951,-0.0472348809404951,0.0706917902231527,-0.0706917902231527,0.95,-0.933178401395339,-0.0894231793387777
hpt_v2_topology2_paper,topology2,fault,deep_lvrt,lvrt_200ms_0.500pu,0.128,fault,rule_action,0,NaN,0.5,0.5,0.5,1,1,198.550480487973,801.433678904043,0.910791116726084,0.8985774118175,0.144116657178874,1.00179209863005,-0.0017920986300537,0.0892088832739155,0.0113349376677747,0.397758412177212,0.37663462230531,-0.104215513661763,0,0,1,0,0,1,1,0,0.48150000000013,0,0.760629126034179,1.10522233430018,-5,0.660502614785452,0.378018254386885,0.378018254386885,0.378018254386885,0.386445217262323,0.386445217262323,-0.106425973479606,-0.106425973479606,-0.106425973479606,0.0698883576560906,0.0698883576560906,0,0,0,0.95,0.95,0,0,0,0.95,0.95,-0.188538985799978,0.188538985799978,-0.204072600150471,0.204072600150471,0.392611585950449,-0.392611585950449,0.95,-0.354862029206306,-0.763989496758418
hpt_v2_topology2_paper,topology2,fault,deep_lvrt,lvrt_200ms_0.500pu,0.13,fault,rule_action,0,NaN,0.5,0.5,0.5,1,1,230.707717797589,710.227997407101,0.960961152153304,0.878697429823244,0.138650485717389,0.887784996758877,0.112215003241123,0.0390388478466959,0.074140858252204,0.498608144353538,0.330035586537944,-0.221995642330165,0,0,1,0,0,1,1,0,0.49816666666679,0,0.760629126034179,1.10522233430018,-3.37606735665419,1.24721759755175,0.32784562002477,0.32784562002477,0.32784562002477,0.347537558330605,0.347537558330605,-0.22263570043243,-0.22263570043243,-0.22263570043243,0.190439101095511,0.190439101095511,0,0,0,0.95,0.95,0,0,0,0.95,0.95,0.180921238926453,-0.180921238926453,-0.395809081447787,0.395809081447787,0.214887842521334,-0.214887842521334,0.786038554931788,0.462779253805638,-0.95
hpt_v2_topology2_paper,topology2,fault,deep_lvrt,lvrt_200ms_0.500pu,0.132,fault,rule_action,0,NaN,0.5,0.5,0.5,1,1,219.234621767472,784.72654615279,1.00795149200825,0.913237106916556,0.20299779683343,0.980908182690987,0.0190918173090128,-0.00795149200825462,0.24468374921279,0.434006604968452,0.0611089481646197,-0.249963334753328,0,0,1,0,0,1,1,0,0.51483333333345,0,0.760629126034179,1.10522233430018,-5,-0.0409449897182945,0.0585751350333839,0.0585751350333839,0.0585751350333839,0.196360771565265,0.196360771565265,-0.249013756908557,-0.249013756908557,-0.249013756908557,0.163955313924823,0.163955313924823,0,0,0,0.95,0.95,0,0,0,0.95,0.95,0.244976898663746,-0.244976898663746,-0.0587004212918118,0.0587004212918118,-0.186276477371934,0.186276477371934,0.0412965075630232,0.95,-0.95
hpt_v2_topology2_paper,topology2,fault,deep_lvrt,lvrt_200ms_0.500pu,0.134,fault,rule_action,0,NaN,0.5,0.5,0.5,1,1,187.186317182402,865.208978682804,0.996490006714988,0.917414544037794,0.041723099658499,1.08151122335351,-0.0815112233535051,0.00350999328501234,0.242891581274666,0.326883535851807,-0.0693343517422395,-0.0845611210804608,0,0,1,0,0,1,1,0,0.531500000000111,0,0.760629126034179,1.10522233430018,-1.75529861006818,-1.37040617628026,-0.0691705016490667,-0.0691705016490667,-0.0691705016490667,-0.0614643479533677,-0.0614643479533677,-0.0826433042878716,-0.0826433042878716,-0.0826433042878716,0.0885246178905541,0.0885246178905541,0,0,0,0.95,0.95,0,0,0,0.95,0.95,-0.0292801584802276,0.0292801584802276,0.104461344934995,-0.104461344934995,-0.0751811864547678,0.0751811864547678,-0.595293784352801,0.95,-0.555753253992161
hpt_v2_topology2_paper,topology2,fault,deep_lvrt,lvrt_200ms_0.500pu,0.136,fault,rule_action,0,NaN,0.5,0.5,0.5,1,1,168.734984446045,846.472413574291,0.941916353026149,0.917388348579746,0.166173535962268,1.05809051696786,-0.058090516967864,0.0580836469738508,0.102230399985019,0.320564482110026,0.0898693463194649,0.0400056919969836,0,0,1,0,0,1,1,0,0.548166666666771,0,0.760629126034179,1.10522233430018,-1.93958293111762,1.88505601901179,0.0924745765229439,0.0924745765229439,0.0924745765229439,0.088792447065245,0.088792447065245,0.0401474706253341,0.0401474706253341,0.0401474706253341,-0.0477416803733963,-0.0477416803733963,0,0,0,0.95,0.95,0,0,0,0.95,0.95,0.0984037829732793,-0.0984037829732793,-0.06817678668907,0.06817678668907,-0.0302269962842093,0.0302269962842093,-0.95,0.90889683081585,0.0922853271006697
hpt_v2_topology2_paper,topology2,fault,deep_lvrt,lvrt_200ms_0.500pu,0.138,fault,rule_action,0,NaN,0.5,0.5,0.5,1,1,193.646766448819,811.978985548394,0.913007318406058,0.907978059060541,0.140817936325539,1.01497373193549,-0.0149737319354928,0.0869926815939422,0.0210441818024644,0.385848029876376,0.337924544632554,-0.078214661347161,0,0,1,0,0,1,1,0,0.564833333333431,0,0.760629126034179,1.10522233430018,-5,-0.849801902343961,0.339640662426169,0.339640662426169,0.339640662426169,0.345000975182597,0.345000975182597,-0.080635879239969,-0.080635879239969,-0.080635879239969,0.0532189037574706,0.0532189037574706,0,0,0,0.95,0.95,0,0,0,0.95,0.95,0.172399358897099,-0.172399358897099,0.176673463406459,-0.176673463406459,-0.349072822303558,0.349072822303558,-0.95,0.321756412295952,0.757387932836719
hpt_v2_topology2_paper,topology2,fault,deep_lvrt,lvrt_200ms_0.500pu,0.14,fault,rule_action,0,NaN,0.5,0.5,0.5,1,1,230.629152384973,741.697360860548,0.956326283780421,0.890444256720618,0.127779404546992,0.927121701075685,0.0728782989243152,0.0436737162195793,0.0531205468556093,0.47398032444293,0.223174256123877,-0.0970386794330767,0,0,1,0,0,1,0,1,0,0.0084999999999967,0.760629126034179,1.10522233430018,-5,-0.824540866371959,0.220543526284961,0.220543526284961,0.220543526284961,0.227457833730789,0.227457833730789,-0.0957671627275042,-0.0957671627275042,-0.0957671627275042,0.0779341408984416,0.0779341408984416,0,0,0,0.95,0.95,0,0,0,0.95,0.95,-0.0738011462362074,0.0738011462362074,0.235075093283986,-0.235075093283986,-0.161273947047779,0.161273947047779,-0.758395866675618,-0.459416727672752,0.95
hpt_v2_topology2_paper,topology2,fault,deep_lvrt,lvrt_200ms_0.500pu,0.142,fault,rule_action,0,NaN,0.5,0.5,0.5,1,1,220.868017389608,788.490821944844,1.00132096116202,0.905580651662206,0.172882987672318,0.985613527431055,0.0143864725689454,-0.00132096116202485,0.192576677905743,0.465814459905948,0.0246701919042481,0.0296381426558772,0,0,1,0,0,1,0,1,0,0.0251666666666569,0.760629126034179,1.10522233430018,2.74488513130478,3.6746150187662,0.0232464302928911,0.0232464302928911,0.0232464302928911,0.0208234756767783,0.0208234756767783,0.0306430283896583,0.0306430283896583,0.0306430283896583,-0.0323384379800614,-0.0323384379800614,0,0,0,0.95,0.95,0,0,0,0.95,0.95,0.0144018691167862,-0.0144018691167862,0.0236856872566575,-0.0236856872566575,-0.0380875563734437,0.0380875563734437,-0.0373925051713796,-0.95,0.95
hpt_v2_topology2_paper,topology2,fault,deep_lvrt,lvrt_200ms_0.500pu,0.144,fault,rule_action,0,NaN,0.5,0.5,0.5,1,1,191.441427774375,850.955071471233,0.997699046602307,0.871734227862914,0.0545580654647263,1.06369383933904,-0.0636938393390416,0.00230095339769287,0.222515578714745,0.384332640186461,-0.0586122203586906,0.145939613942192,0,0,1,0,0,1,0,1,0,0.0418333333333171,0.760629126034179,1.10522233430018,2.10235079105914,-0.0979564840024594,-0.058809666227613,-0.058809666227613,-0.058809666227613,-0.0689860672235469,-0.0689860672235469,0.147095581969069,0.147095581969069,0.147095581969069,-0.14260648514584,-0.14260648514584,0,0,0,0.95,0.95,0,0,0,0.95,0.95,0.114183792267289,-0.114183792267289,0.0380044313194288,-0.0380044313194288,-0.152188223586718,0.152188223586718,0.60574590689623,-0.95,0.531252679802716
hpt_v2_topology2_paper,topology2,fault,deep_lvrt,lvrt_200ms_0.500pu,0.146,fault,rule_action,0,NaN,0.5,0.5,0.5,1,1,168.722667755711,844.391636824639,0.949200223097266,0.880597275359225,0.140304488017626,1.0554895460308,-0.0554895460307987,0.0507997769027341,0.111867674534086,0.356968403341562,-0.0214373662689505,0.197414266411561,0,0,1,0,0,1,0,1,0,0.0584999999999773,0.760629126034179,1.10522233430018,-5,-1.29836288151486,-0.0205784118725247,-0.0205784118725247,-0.0205784118725247,-0.0326332727635893,-0.0326332727635893,0.197378806949013,0.197378806949013,0.197378806949013,-0.19574711741568,-0.19574711741568,0,0,0,0.95,0.95,0,0,0,0.95,0.95,-0.0129691904204332,0.0129691904204332,0.177978759617456,-0.177978759617456,-0.165009569197023,0.165009569197023,0.95,-0.901506040261101,-0.118023210434846
hpt_v2_topology2_paper,topology2,fault,deep_lvrt,lvrt_200ms_0.500pu,0.148,fault,rule_action,0,NaN,0.5,0.5,0.5,1,1,174.785546747853,836.162673983496,0.898883647970649,0.849232165179503,0.166827019342922,1.04520334247937,-0.0452033424793701,0.101116352029351,0.00967738130894352,0.439146490223806,0.084723028221716,0.150590054111166,0,0,1,0,0,1,0,1,0,0.0751666666666375,0.760629126034179,1.10522233430018,-5,0.734420056227369,0.0857769718552056,0.0857769718552056,0.0857769718552056,0.0773918285523316,0.0773918285523316,0.150082907513371,0.150082907513371,0.150082907513371,-0.154573842876608,-0.154573842876608,0,0,0,0.95,0.95,0,0,0,0.95,0.95,-0.166615154155926,0.166615154155926,0.123200794865384,-0.123200794865384,0.0434143592905423,-0.0434143592905423,0.95,-0.357005029554489,-0.730372743874768
hpt_v2_topology2_paper,topology2,fault,deep_lvrt,lvrt_200ms_0.500pu,0.15,fault,rule_action,0,NaN,0.5,0.5,0.5,1,1,206.125163036559,794.603394876342,0.907461263068192,0.89841539425881,0.11088157409678,0.993254243595428,0.00674575640457187,0.0925387369318076,0.0503100452293948,0.554605991690981,0.143181611526762,0.0864183649729727,0,0,1,0,0,1,0,1,0,0.0918333333332977,0.760629126034179,1.10522233430018,0.980541607515706,1.2540241207194,0.143182052843763,0.143182052843763,0.143182052843763,0.138495529153208,0.138495529153208,0.0860945776318712,0.0860945776318712,0.0860945776318712,-0.0934471238655166,-0.0934471238655166,0,0,0,0.95,0.95,0,0,0,0.95,0.95,-0.107059694426296,0.107059694426296,-0.0575498484455738,0.0575498484455738,0.16460954287187,-0.16460954287187,0.712159047328981,0.39434112785456,-0.95
hpt_v2_topology2_paper,topology2,fault,deep_lvrt,lvrt_200ms_0.500pu,0.152,fault,rule_action,0,NaN,0.5,0.5,0.5,1,1,220.212989861585,828.784134719797,0.951169767397575,0.843651594351724,0.185766070950028,1.03598016839975,-0.0359801683997458,0.0488302326024255,0.1917218221675,0.540906942928706,0.0974333824120373,0.0887030332146699,0,0,1,0,0,1,0,1,0,0.108499999999958,0.760629126034179,1.10522233430018,0.658717242435602,-0.7050112111886,0.0966454266082891,0.0966454266082891,0.0966454266082891,0.0921932022930903,0.0921932022930903,0.0889646545445674,0.0889646545445674,0.0889646545445674,-0.0935706240947326,-0.0935706240947326,0,0,0,0.95,0.95,0,0,0,0.95,0.95,-0.0349826691659581,0.0349826691659581,-0.092160139759221,0.092160139759221,0.127142808925179,-0.127142808925179,0.0358642550568978,0.95,-0.95
hpt_v2_topology2_paper,topology2,fault,deep_lvrt,lvrt_200ms_0.500pu,0.154,fault,rule_action,0,NaN,0.5,0.5,0.5,1,1,201.693607386454,849.775393204997,0.975442862458716,0.843086685688926,0.150375254276932,1.06221924150625,-0.0622192415062459,0.024557137541284,0.213052034115982,0.450178595304614,0.0210133112887085,0.152635628507054,0,0,1,0,0,1,0,1,0,0.125166666666618,0.760629126034179,1.10522233430018,-1.4130206359112,-0.00658533153585772,0.0204676882655793,0.0204676882655793,0.0204676882655793,0.0139124221102889,0.0139124221102889,0.153324835535228,0.153324835535228,0.153324835535228,-0.154058027917622,-0.154058027917622,0,0,0,0.95,0.95,0,0,0,0.95,0.95,-0.0537634125090077,0.0537634125090077,-0.0987275895705705,0.0987275895705705,0.152491002079578,-0.152491002079578,-0.592731511827188,0.95,-0.573362025065381
hpt_v2_topology2_paper,topology2,fault,deep_lvrt,lvrt_200ms_0.500pu,0.156,fault,rule_action,0,NaN,0.5,0.5,0.5,1,1,170.369425780096,849.91169159391,0.944698383773045,0.888398449888855,0.142661141177972,1.06238961449239,-0.0623896144923877,0.0553016162269551,0.126759410941199,0.413021021437091,0.0179816474012244,0.18854482227235,0,0,1,0,0,1,0,1,0,0.141833333333278,0.760629126034179,1.10522233430018,-0.245164949938537,2.63338622324127,0.0184604241233151,0.0184604241233151,0.0184604241233151,0.011868304544154,0.011868304544154,0.188379074753002,0.188379074753002,0.188379074753002,-0.188908989756594,-0.188908989756594,0,0,0,0.95,0.95,0,0,0,0.95,0.95,0.0389564551331186,-0.0389564551331186,-0.179891422941202,0.179891422941202,0.140934967808084,-0.140934967808084,-0.95,0.940073322149324,0.046846271039655
hpt_v2_topology2_paper,topology2,fault,deep_lvrt,lvrt_200ms_0.500pu,0.158,fault,rule_action,0,NaN,0.5,0.5,0.5,1,1,172.227442061324,841.606444836593,0.897599739155786,0.862463495005123,0.0996219612649132,1.05200805604574,-0.0520080560457412,0.102400260844214,0.0711148062456947,0.485871779649409,0.0980305592851557,0.136309416590328,0,0,1,0,0,1,0,1,0,0.158499999999939,0.760629126034179,1.10522233430018,-5,-0.247308552254299,0.0989495125465496,0.0989495125465496,0.0989495125465496,0.0948248411716731,0.0948248411716731,0.135599583042218,0.135599583042218,0.135599583042218,-0.138515350958622,-0.138515350958622,0,0,0,0.95,0.95,0,0,0,0.95,0.95,0.164009666063821,-0.164009666063821,-0.112977591934581,0.112977591934581,-0.0510320741292401,0.0510320741292401,-0.95,0.375249053580689,0.698132823074619
hpt_v2_topology2_paper,topology2,fault,deep_lvrt,lvrt_200ms_0.500pu,0.16,fault,rule_action,0,NaN,0.5,0.5,0.5,1,1,208.444044891486,840.867190349966,0.90331336792929,0.802599335527422,0.129470665045974,1.05108398793746,-0.0510839879374572,0.09668663207071,0.0980204651756248,0.557317580153721,0.154032301518245,0.0651011639108921,0,0,1,0,0,1,0,1,0,0.175166666666599,0.760629126034179,1.10522233430018,-5,-0.814846710710082,0.154022173696172,0.154022173696172,0.154022173696172,0.15208974723994,0.15208974723994,0.0646318663708614,0.0646318663708614,0.0646318663708614,-0.0690566211537005,-0.0690566211537005,0,0,0,0.95,0.95,0,0,0,0.95,0.95,0.0947977492303629,-0.0947977492303629,0.0717024316797072,-0.0717024316797072,-0.16650018091007,0.16650018091007,-0.744900475879253,-0.347745586229198,0.95
hpt_v2_topology2_paper,topology2,fault,deep_lvrt,lvrt_200ms_0.500pu,0.162,fault,rule_action,0,NaN,0.5,0.5,0.5,1,1,221.769612650349,858.174880714887,0.952694401619435,0.894380485856765,0.139788172304145,1.07271860089361,-0.0727186008936092,0.0473055983805651,0.202399963143318,0.540709513290187,0.101445417416887,0.0698898800256736,0,0,1,0,0,1,0,1,0,0.191833333333259,0.760629126034179,1.10522233430018,2.24356386340363,3.08359142416847,0.10055655891237,0.10055655891237,0.10055655891237,0.0985859918455927,0.0985859918455927,0.07042302610614,0.07042302610614,0.07042302610614,-0.0731561778530272,-0.0731561778530272,0,0,0,0.95,0.95,0,0,0,0.95,0.95,0.0223549147909592,-0.0223549147909592,0.0933618244472755,-0.0933618244472755,-0.115716739238235,0.115716739238235,-0.12492429037043,-0.888967208378389,0.95
hpt_v2_topology2_paper,topology2,fault,deep_lvrt,lvrt_200ms_0.500pu,0.164,fault,rule_action,0,NaN,0.5,0.5,0.5,1,1,196.576495322618,852.753151247538,0.973186908319979,0.871701491141784,0.0915222846925528,1.06594143905942,-0.0659414390594226,0.0268130916800213,0.24826394483712,0.458236119674467,0.0217746783853424,0.121893129513707,0,0,1,0,0,1,0,1,0,0.208499999999919,0.760629126034179,1.10522233430018,2.24529755853997,0.516152468630127,0.0212924711806372,0.0212924711806372,0.0212924711806372,0.0184030194619872,0.0184030194619872,0.122562351670169,0.122562351670169,0.122562351670169,-0.123029379623658,-0.123029379623658,0,0,0,0.95,0.95,0,0,0,0.95,0.95,0.0433291121113223,-0.0433291121113223,0.0793211635519087,-0.0793211635519087,-0.122650275663231,0.122650275663231,0.536973492883292,-0.95,0.606666612970171
hpt_v2_topology2_paper,topology2,fault,deep_lvrt,lvrt_200ms_0.500pu,0.166,fault,rule_action,0,NaN,0.5,0.5,0.5,1,1,169.780389123093,849.877648270712,0.936340423516842,0.847052491925114,0.116703761698877,1.06234706033839,-0.0623470603383898,0.0636595764831583,0.170505535254953,0.373858911120785,0.0294910552053116,0.15631266146627,0,0,1,0,0,1,0,1,0,0.225166666666579,0.760629126034179,1.10522233430018,-2.88456427188355,-2.44897449602699,0.0300852283248909,0.0300852283248909,0.0300852283248909,0.0272297680915813,0.0272297680915813,0.15625725430166,0.15625725430166,0.15625725430166,-0.156780069571783,-0.156780069571783,0,0,0,0.95,0.95,0,0,0,0.95,0.95,-0.0420349017753289,0.0420349017753289,0.1539305357909,-0.1539305357909,-0.111895634015571,0.111895634015571,0.95,-0.95,-0.0262302816586031
hpt_v2_topology2_paper,topology2,fault,deep_lvrt,lvrt_200ms_0.500pu,0.168,fault,rule_action,0,NaN,0.5,0.5,0.5,1,1,175.769093907199,839.999478641035,0.896111342871672,0.872846330571487,0.13964015305907,1.04999934830129,-0.0499993483012939,0.103888657128328,0.0504585011133599,0.449363910850757,0.110314741131253,0.118784366464154,0,0,1,0,0,1,0,1,0,0.24183333333324,0.760629126034179,1.10522233430018,-0.435876418997894,0.860183191573105,0.111118959356932,0.111118959356932,0.111118959356932,0.109247748051382,0.109247748051382,0.118234303701593,0.118234303701593,0.118234303701593,-0.119965425211058,-0.119965425211058,0,0,0,0.95,0.95,0,0,0,0.95,0.95,-0.161156367459822,0.161156367459822,0.0969045181513954,-0.0969045181513954,0.0642518493084266,-0.0642518493084266,0.95,-0.436964640375917,-0.668425564436453
hpt_v2_topology2_paper,topology2,fault,deep_lvrt,lvrt_200ms_0.500pu,0.17,fault,rule_action,0,NaN,0.5,0.5,0.5,1,1,206.817192521511,820.874301942867,0.904689453050036,0.882585424070643,0.142628949049047,1.02609287742858,-0.0260928774285838,0.095310546949964,0.0782407592794433,0.556900263259132,0.1550923621668,0.0534098985522285,0,0,1,0,0,1,0,1,0,0.2584999999999,0.760629126034179,1.10522233430018,2.37360983715396,1.88325118595145,0.155025486983593,0.155025486983593,0.155025486983593,0.154141951116217,0.154141951116217,0.0530229858583467,0.0530229858583467,0.0530229858583467,-0.0555391533057579,-0.0555391533057579,0,0,0,0.95,0.95,0,0,0,0.95,0.95,-0.0868190476656445,0.0868190476656445,-0.0769237371746768,0.0769237371746768,0.163742784840321,-0.163742784840321,0.758775774911099,0.30718566808914,-0.95
hpt_v2_topology2_paper,topology2,fault,deep_lvrt,lvrt_200ms_0.500pu,0.172,fault,rule_action,0,NaN,0.5,0.5,0.5,1,1,217.747289207568,853.217976324251,0.947446424613837,0.887401013293654,0.17516382097685,1.06652247040531,-0.0665224704053136,0.0525535753861632,0.217683252439758,0.532445732723282,0.106242880088986,0.0527352842262827,0,0,1,0,0,1,0,1,0,0.27516666666656,0.760629126034179,1.10522233430018,-5,-1.92256407927305,0.105459419755509,0.105459419755509,0.105459419755509,0.10455805941039,0.10455805941039,0.0533315564143033,0.0533315564143033,0.0533315564143033,-0.0550777299557091,-0.0550777299557091,0,0,0,0.95,0.95,0,0,0,0.95,0.95,-0.00699084843803823,0.00699084843803823,-0.0986701478791333,0.0986701478791333,0.105660996317172,-0.105660996317172,0.119759870415058,0.899243879412186,-0.95
hpt_v2_topology2_paper,topology2,fault,deep_lvrt,lvrt_200ms_0.500pu,0.174,fault,rule_action,0,NaN,0.5,0.5,0.5,1,1,199.987951089723,850.944014619473,0.96840237742772,0.871432097767923,0.129254127459453,1.06368001827434,-0.0636800182743418,0.0315976225722799,0.226498287579053,0.442530189718118,0.0344480519144399,0.108478536675615,0,0,1,0,0,1,0,1,0,0.29183333333322,0.760629126034179,1.10522233430018,-0.219215228052572,-2.42763801002632,0.033951427634757,0.033951427634757,0.033951427634757,0.0323631161981018,0.0323631161981018,0.109111803516869,0.109111803516869,0.109111803516869,-0.109593402242517,-0.109593402242517,0,0,0,0.95,0.95,0,0,0,0.95,0.95,-0.0272274833684505,0.0272274833684505,-0.0824984944822593,0.0824984944822593,0.10972597785071,-0.10972597785071,-0.532418402099475,0.95,-0.637604643792485
hpt_v2_topology2_paper,topology2,fault,deep_lvrt,lvrt_200ms_0.500pu,0.176,fault,rule_action,0,NaN,0.5,0.5,0.5,1,1,172.000630669188,852.209319731881,0.93694729198634,0.885154958310549,0.143523899394938,1.06526164966485,-0.0652616496648508,0.0630527080136604,0.13406696589512,0.38310111374178,0.0349538989137338,0.143317183426489,0,0,1,0,0,1,0,1,0,0.30849999999988,0.760629126034179,1.10522233430018,3.71416602018937,1.3264531412871,0.0354572778890205,0.0354572778890205,0.0354572778890205,0.0338720818937321,0.0338720818937321,0.143210912459062,0.143210912459062,0.143210912459062,-0.143594101796838,-0.143594101796838,0,0,0,0.95,0.95,0,0,0,0.95,0.95,0.0450356401068375,-0.0450356401068375,-0.144188610887201,0.144188610887201,0.0991529707803631,-0.0991529707803631,-0.95,0.95,-0.0157947905305622
hpt_v2_topology2_paper,topology2,fault,deep_lvrt,lvrt_200ms_0.500pu,0.178,fault,rule_action,0,NaN,0.5,0.5,0.5,1,1,172.473490521376,838.159421053149,0.895621740594548,0.880451419172287,0.132216112524083,1.04769927631644,-0.0476992763164357,0.104378259405452,0.0596158087175127,0.464727872737877,0.110280609220625,0.110782025546657,0,0,1,0,0,1,0,1,0,0.325166666666541,0.760629126034179,1.10522233430018,1.03812595600994,-0.170882859538146,0.111102409330659,0.111102409330659,0.111102409330659,0.110000099263049,0.110000099263049,0.110158268175963,0.110158268175963,0.110158268175963,-0.111259011179877,-0.111259011179877,0,0,0,0.95,0.95,0,0,0,0.95,0.95,0.155851361907216,-0.155851361907216,-0.0898297474312041,0.0898297474312041,-0.0660216144760115,0.0660216144760115,-0.95,0.41820546843263,0.662577730567687
hpt_v2_topology2_paper,topology2,fault,deep_lvrt,lvrt_200ms_0.500pu,0.18,fault,rule_action,0,NaN,0.5,0.5,0.5,1,1,207.149090410728,830.198597951142,0.904296511863179,0.834135348485234,0.0924725183780591,1.03774824743893,-0.0377482474389275,0.0957034881368209,0.0857664867583837,0.555737839386409,0.156768167212766,0.0413476576363549,0,0,1,0,0,1,0,1,0,0.341833333333201,0.760629126034179,1.10522233430018,-5,-0.805041719246668,0.156692985483016,0.156692985483016,0.156692985483016,0.156190178194679,0.156190178194679,0.0408441423462508,0.0408441423462508,0.0408441423462508,-0.0427266181565527,-0.0427266181565527,0,0,0,0.95,0.95,0,0,0,0.95,0.95,0.0757351695578615,-0.0757351695578615,0.0860833725256321,-0.0860833725256321,-0.161818542083494,0.161818542083494,-0.774313897410516,-0.321401350717923,0.95
hpt_v2_topology2_paper,topology2,fault,deep_lvrt,lvrt_200ms_0.500pu,0.182,fault,rule_action,0,NaN,0.5,0.5,0.5,1,1,217.153984611303,858.164620000036,0.95031915081405,0.885310814931057,0.161835554768542,1.07270577500005,-0.072705775000045,0.0496808491859501,0.207972928619978,0.547285422526295,0.103211633056678,0.050070867490743,0,0,1,0,0,1,0,1,0,0.358499999999861,0.760629126034179,1.10522233430018,0.162863575695282,2.76845702975281,0.102378118638286,0.102378118638286,0.102378118638286,0.10169062763834,0.10169062763834,0.0506293387684709,0.0506293387684709,0.0506293387684709,-0.0519963976691459,-0.0519963976691459,0,0,0,0.95,0.95,0,0,0,0.95,0.95,0.00591270738599148,-0.00591270738599148,0.0958223725518862,-0.0958223725518862,-0.101735079937878,0.101735079937878,-0.137603098978895,-0.882778895377857,0.95
hpt_v2_topology2_paper,topology2,fault,deep_lvrt,lvrt_200ms_0.500pu,0.184,fault,rule_action,0,NaN,0.5,0.5,0.5,1,1,196.000046920122,853.525944652486,0.969550606728924,0.853420364518637,0.10851950028386,1.06690743081561,-0.0669074308156072,0.0304493932710764,0.25610559277853,0.464039194541675,0.0288451044519007,0.109007408415294,0,0,1,0,0,1,0,1,0,0.375166666666521,0.760629126034179,1.10522233430018,-0.998190077136085,0.65458865276069,0.0283878871048876,0.0283878871048876,0.0283878871048876,0.0270621028813386,0.0270621028813386,0.109681028947932,0.109681028947932,0.109681028947932,-0.110015648127877,-0.110015648127877,0,0,0,0.95,0.95,0,0,0,0.95,0.95,0.0324115570426896,-0.0324115570426896,0.0778100095760226,-0.0778100095760226,-0.110221566618712,0.110221566618712,0.534286070586792,-0.95,0.613098964590425
hpt_v2_topology2_paper,topology2,fault,deep_lvrt,lvrt_200ms_0.500pu,0.186,fault,rule_action,0,NaN,0.5,0.5,0.5,1,1,170.410925650595,851.698689430196,0.933917380788364,0.859330709074557,0.110089477883232,1.06462336178774,-0.0646233617877447,0.0660826192116357,0.179047361408521,0.363181348847904,0.0364679648745825,0.13768909093627,0,0,1,0,0,1,0,1,0,0.391833333333181,0.760629126034179,1.10522233430018,-2.41357711263368,-2.29842256997848,0.0370495627091958,0.0370495627091958,0.0370495627091958,0.0357397219700349,0.0357397219700349,0.137587031144471,0.137587031144471,0.137587031144471,-0.137933076198557,-0.137933076198557,0,0,0,0.95,0.95,0,0,0,0.95,0.95,-0.0463688193437649,0.0463688193437649,0.139866007927855,-0.139866007927855,-0.0934971885840901,0.0934971885840901,0.95,-0.95,-0.00759322394370912
hpt_v2_topology2_paper,topology2,fault,deep_lvrt,lvrt_200ms_0.500pu,0.188,fault,rule_action,0,NaN,0.5,0.5,0.5,1,1,176.064253472447,843.150827425032,0.896121006037868,0.867813112861246,0.148771124406159,1.05393853428129,-0.0539385342812901,0.103878993962132,0.0531253041110379,0.434911234080817,0.113833825532798,0.109945295872511,0,0,1,0,0,1,0,1,0,0.408499999999842,0.760629126034179,1.10522233430018,-2.16315720785054,0.841429324689669,0.114593731048121,0.114593731048121,0.114593731048121,0.11358352017337,0.11358352017337,0.109386208785468,0.109386208785468,0.109386208785468,-0.110434821560108,-0.110434821560108,0,0,0,0.95,0.95,0,0,0,0.95,0.95,-0.15807225756514,0.15807225756514,0.0881284575373659,-0.0881284575373659,0.0699438000277744,-0.0699438000277744,0.95,-0.43956862198448,-0.664122706435607
hpt_v2_topology2_paper,topology2,fault,deep_lvrt,lvrt_200ms_0.500pu,0.19,fault,rule_action,0,NaN,0.5,0.5,0.5,1,1,206.628057906021,818.527788794515,0.906715099534876,0.872682739673313,0.0942076079037581,1.02315973599314,-0.0231597359931444,0.0932849004651237,0.0758510834581059,0.551658212423336,0.153410662277237,0.0481748780111192,0,0,1,0,0,1,0,1,0,0.425166666666502,0.760629126034179,1.10522233430018,-0.724649390485888,1.85580199409285,0.153304301318835,0.153304301318835,0.153304301318835,0.152739635517407,0.152739635517407,0.0478135752175579,0.0478135752175579,0.0478135752175579,-0.0495878061619053,-0.0495878061619053,0,0,0,0.95,0.95,0,0,0,0.95,0.95,-0.0814749392091771,0.0814749392091771,-0.0791067450830695,0.0791067450830695,0.160581684292247,-0.160581684292247,0.7606252444716,0.31386056894723,-0.95
hpt_v2_topology2_paper,topology2,fault,deep_lvrt,lvrt_200ms_0.500pu,0.192,fault,rule_action,0,NaN,0.5,0.5,0.5,1,1,215.952572277558,851.920803800707,0.949559624404179,0.887261716110015,0.177890717762955,1.06490100475088,-0.0649010047508838,0.0504403755958212,0.216128819433169,0.528697422290734,0.101797456741822,0.0518914711778497,0,0,1,0,0,1,0,1,0,0.441833333333162,0.760629126034179,1.10522233430018,-5,-1.9247665544333,0.101008548675236,0.101008548675236,0.101008548675236,0.100296053484012,0.100296053484012,0.0525265481286248,0.0525265481286248,0.0525265481286248,-0.0538745470451352,-0.0538745470451352,0,0,0,0.95,0.95,0,0,0,0.95,0.95,-0.00790630484093469,0.00790630484093469,-0.0944055870522476,0.0944055870522476,0.102311891893182,-0.102311891893182,0.117571199622313,0.900788654726077,-0.95
hpt_v2_topology2_paper,topology2,fault,deep_lvrt,lvrt_200ms_0.500pu,0.194,fault,rule_action,0,NaN,0.5,0.5,0.5,1,1,199.731780491045,849.894165948121,0.970049869173846,0.856376455348943,0.104543776058101,1.06236770743515,-0.0623677074351514,0.0299501308261545,0.223011459953533,0.440955861996353,0.0304733995347412,0.109099313344144,0,0,1,0,0,1,0,1,0,0.458499999999822,0.760629126034179,1.10522233430018,-0.35777154996508,-2.42933692704095,0.0299799459952178,0.0299799459952178,0.0299799459952178,0.0286051935341266,0.0286051935341266,0.109778670073518,0.109778670073518,0.109778670073518,-0.110144888523533,-0.110144888523533,0,0,0,0.95,0.95,0,0,0,0.95,0.95,-0.0306911680903134,0.0306911680903134,-0.0795551763557955,0.0795551763557955,0.110246344446109,-0.110246344446109,-0.536799439757715,0.95,-0.629852482822045
hpt_v2_topology2_paper,topology2,fault,deep_lvrt,lvrt_200ms_0.500pu,0.196,fault,rule_action,0,NaN,0.5,0.5,0.5,1,1,172.566276707146,852.722499199607,0.937983161566838,0.874780299470695,0.130951754628184,1.06590312399951,-0.0659031239995085,0.0620168384331621,0.130831165796945,0.385137129676095,0.0320783415155635,0.1446532253338,0,0,1,0,0,1,0,1,0,0.475166666666482,0.760629126034179,1.10522233430018,1.22832316837607,1.29625672952605,0.0325898036110387,0.0325898036110387,0.0325898036110387,0.0311347431107741,0.0311347431107741,0.144601926206483,0.144601926206483,0.144601926206483,-0.144922186477632,-0.144922186477632,0,0,0,0.95,0.95,0,0,0,0.95,0.95,0.0428316324700897,-0.0428316324700897,-0.144309867012468,0.144309867012468,0.101478234542378,-0.101478234542378,-0.95,0.95,-0.00671645518782044
hpt_v2_topology2_paper,topology2,fault,deep_lvrt,lvrt_200ms_0.500pu,0.198,fault,rule_action,0,NaN,0.5,0.5,0.5,1,1,172.136144398258,839.221243517733,0.895572800297436,0.880914478799791,0.15823207793229,1.04902655439717,-0.0490265543971666,0.104427199702564,0.0598019196970014,0.468837244160466,0.108610708427288,0.112033685138632,0,0,1,0,0,1,0,1,0,0.491833333333143,0.760629126034179,1.10522233430018,-0.176846607585102,-0.197987894578588,0.109459227171526,0.109459227171526,0.109459227171526,0.108361349893692,0.108361349893692,0.111476106972896,0.111476106972896,0.111476106972896,-0.112543603496765,-0.112543603496765,0,0,0,0.95,0.95,0,0,0,0.95,0.95,0.155510152194719,-0.155510152194719,-0.0907407625403886,0.0907407625403886,-0.06476938965433,0.06476938965433,-0.95,0.410702825788909,0.671167108049162
hpt_v2_topology2_paper,topology2,fault,deep_lvrt,lvrt_200ms_0.500pu,0.2,fault,rule_action,0,NaN,0.5,0.5,0.5,1,1,207.504321805,833.574269135365,0.904433263656228,0.841699457066457,0.0926334868662548,1.04196783641921,-0.0419678364192058,0.0955667363437723,0.0862270659884063,0.556089589008948,0.156654162207389,0.0457739283340958,0,0,1,0,0,1,0,1,0,0.508499999999803,0.760629126034179,1.10522233430018,-5,-0.811121040033003,0.156579012061458,0.156579012061458,0.156579012061458,0.155999614890173,0.155999614890173,0.0453492157568193,0.0453492157568193,0.0453492157568193,-0.0473038956325832,-0.0473038956325832,0,0,0,0.95,0.95,0,0,0,0.95,0.95,0.0792440283628322,-0.0792440283628322,0.0837491403383844,-0.0837491403383844,-0.162993168701217,0.162993168701217,-0.762558889125724,-0.330283765176234,0.95
hpt_v2_topology2_paper,topology2,fault,deep_lvrt,lvrt_200ms_0.500pu,0.202,fault,rule_action,0,NaN,0.5,0.5,0.5,1,1,219.298459060623,857.963996046418,0.952506626255849,0.904459440897078,0.177169115652796,1.07245499505802,-0.072454995058022,0.0474933737441505,0.200734108413936,0.54457580053771,0.101548034651997,0.0545100488458818,0,0,1,0,0,1,0,1,0,0.525166666666463,0.760629126034179,1.10522233430018,0.776434699195305,2.67888011440931,0.100669586426609,0.100669586426609,0.100669586426609,0.0998659459754623,0.0998659459754623,0.0551509404344856,0.0551509404344856,0.0551509404344856,-0.056593150615059,-0.056593150615059,0,0,0,0.95,0.95,0,0,0,0.95,0.95,0.00996467318469257,-0.00996467318469257,0.0940506016798581,-0.0940506016798581,-0.104015274864551,0.104015274864551,-0.128840762030526,-0.881064562752005,0.95
hpt_v2_topology2_paper,topology2,fault,deep_lvrt,lvrt_200ms_0.500pu,0.204,fault,rule_action,0,NaN,0.5,0.5,0.5,1,1,197.189015579998,852.26746201112,0.97183860783534,0.854505199427413,0.11286541968142,1.0653343275139,-0.0653343275138993,0.0281613921646598,0.250413068951922,0.465566071993059,0.0245245522739122,0.113468650780382,0,0,1,0,0,1,0,1,0,0.541833333333123,0.760629126034179,1.10522233430018,-0.338390467557681,0.572975929440611,0.0240546007698804,0.0240546007698804,0.0240546007698804,0.0225210007938534,0.0225210007938534,0.11416616464023,0.11416616464023,0.11416616464023,-0.114478563452297,-0.114478563452297,0,0,0,0.95,0.95,0,0,0,0.95,0.95,0.0376296697422282,-0.0376296697422282,0.0768272515315879,-0.0768272515315879,-0.114456921273816,0.114456921273816,0.542578845462902,-0.95,0.603494668675823
hpt_v2_topology2_paper,topology2,fault,deep_lvrt,lvrt_200ms_0.500pu,0.206,fault,rule_action,0,NaN,0.5,0.5,0.5,1,1,170.483889807635,849.992574119604,0.936176168234496,0.863449755163785,0.12259648294986,1.0624907176495,-0.0624907176495044,0.0638238317655042,0.171299475617959,0.368833221099284,0.031190133981668,0.14402568221819,0,0,1,0,0,1,0,1,0,0.558499999999784,0.760629126034179,1.10522233430018,-3.85324993751424,-2.41113325458153,0.031772686088744,0.031772686088744,0.031772686088744,0.0301811990807625,0.0301811990807625,0.144011116411154,0.144011116411154,0.144011116411154,-0.144353041025564,-0.144353041025564,0,0,0,0.95,0.95,0,0,0,0.95,0.95,-0.0425855430449279,0.0425855430449279,0.143568617731505,-0.143568617731505,-0.100983074686577,0.100983074686577,0.95,-0.95,-0.0219574959196511
hpt_v2_topology2_paper,topology2,fault,deep_lvrt,lvrt_200ms_0.500pu,0.208,fault,rule_action,0,NaN,0.5,0.5,0.5,1,1,175.40728422224,840.663522320805,0.897556670358091,0.889046016049216,0.154274244103107,1.05082940290101,-0.0508294029010059,0.102443329641909,0.0518546803256458,0.443410460034211,0.109538528289763,0.114174790546972,0,0,1,0,0,1,0,1,0,0.575166666666444,0.760629126034179,1.10522233430018,-1.43846937904202,0.849845058550569,0.110312619859564,0.110312619859564,0.110312619859564,0.109076007079351,0.109076007079351,0.113630779420349,0.113630779420349,0.113630779420349,-0.114818347016416,-0.114818347016416,0,0,0,0.95,0.95,0,0,0,0.95,0.95,-0.15762639836241,0.15762639836241,0.0920819596145989,-0.0920819596145989,0.0655444387478106,-0.0655444387478106,0.95,-0.428937520566776,-0.673839742681039
hpt_v2_topology2_paper,topology2,fault,deep_lvrt,lvrt_200ms_0.500pu,0.21,fault,rule_action,0,NaN,0.5,0.5,0.5,1,1,207.786669847593,823.957108789103,0.906882359020006,0.88689954746751,0.107629434629497,1.02994638598638,-0.0299463859863793,0.0931176409799935,0.0763122750773878,0.546974141645479,0.151956345942621,0.0515660338936258,0,0,1,0,0,1,0,1,0,0.591833333333104,0.760629126034179,1.10522233430018,1.22763846257379,1.81078487101138,0.15186687830877,0.15186687830877,0.15186687830877,0.151170719919347,0.151170719919347,0.0511832708162902,0.0511832708162902,0.0511832708162902,-0.0532042233076547,-0.0532042233076547,0,0,0,0.95,0.95,0,0,0,0.95,0.95,-0.0833184018475272,0.0833184018475272,-0.0768987591177652,0.0768987591177652,0.160217160965292,-0.160217160965292,0.743663744826267,0.322132690765073,-0.95
hpt_v2_topology2_paper,topology2,fault,deep_lvrt,lvrt_200ms_0.500pu,0.212,fault,rule_action,0,NaN,0.5,0.5,0.5,1,1,217.68528480039,851.328200808751,0.950623423216303,0.885090441968737,0.176044806278421,1.06416025101094,-0.0641602510109389,0.0493765767836974,0.208477031160802,0.523633850020352,0.10066788234383,0.0555194785984363,0,0,1,0,0,1,0,1,0,0.608499999999764,0.760629126034179,1.10522233430018,-5,-2.01657125541432,0.0998628467647909,0.0998628467647909,0.0998628467647909,0.0989960417204376,0.0989960417204376,0.0561979316796519,0.0561979316796519,0.0561979316796519,-0.0577111723388489,-0.0577111723388489,0,0,0,0.95,0.95,0,0,0,0.95,0.95,-0.0107043339822951,0.0107043339822951,-0.0934514751091101,0.0934514751091101,0.104155809091405,-0.104155809091405,0.103950516461789,0.907884468611112,-0.95
hpt_v2_topology2_paper,topology2,fault,deep_lvrt,lvrt_200ms_0.500pu,0.214,fault,rule_action,0,NaN,0.5,0.5,0.5,1,1,199.152394899772,849.059051550801,0.971189643283836,0.879070182010702,0.108069031089856,1.0613238144385,-0.0613238144385007,0.0288103567161637,0.221155544654915,0.435933452431168,0.0278276519896617,0.112776101943211,0,0,1,0,0,1,0,1,0,0.625166666666424,0.760629126034179,1.10522233430018,-1.10065523627179,-1.07282646272999,0.0273358493507922,0.0273358493507922,0.0273358493507922,0.0257074818822102,0.0257074818822102,0.113457024443006,0.113457024443006,0.113457024443006,-0.113837034529479,-0.113837034529479,0,0,0,0.95,0.95,0,0,0,0.95,0.95,-0.0337753277618208,0.0337753277618208,-0.0798554455239908,0.0798554455239908,0.113630773285812,-0.113630773285812,-0.547788196501989,0.95,-0.620423255894424
hpt_v2_topology2_paper,topology2,fault,deep_lvrt,lvrt_200ms_0.500pu,0.216,fault,rule_action,0,NaN,0.5,0.5,0.5,1,1,172.248898830587,851.732333075381,0.938993769792468,0.885694466989617,0.1298374289448,1.06466541634423,-0.0646654163442264,0.0610062302075317,0.128174254596076,0.388331691512939,0.0296378302813382,0.15134805064986,0,0,1,0,0,1,0,1,0,0.641833333333085,0.760629126034179,1.10522233430018,2.10878271903425,1.2627546471875,0.0301523355798117,0.0301523355798117,0.0301523355798117,0.0283797838104929,0.0283797838104929,0.151383798935961,0.151383798935961,0.151383798935961,-0.15172608804049,-0.15172608804049,0,0,0,0.95,0.95,0,0,0,0.95,0.95,0.042269980540464,-0.042269980540464,-0.149702482272419,0.149702482272419,0.107432501731955,-0.107432501731955,-0.95,0.95,0.00741168892948623
hpt_v2_topology2_paper,topology2,fault,deep_lvrt,lvrt_200ms_0.500pu,0.218,fault,rule_action,0,NaN,0.5,0.5,0.5,1,1,173.794180791299,835.318572109388,0.896104119447599,0.882284610617274,0.117755775220937,1.04414821513673,-0.0441482151367345,0.103895880552401,0.0590925478212999,0.474529189941411,0.107512968312857,0.118188803590641,0,0,1,0,0,1,0,1,0,0.658499999999745,0.760629126034179,1.10522233430018,-5,-0.251259439687068,0.108361962015553,0.108361962015553,0.108361962015553,0.107048024576342,0.107048024576342,0.117605204743201,0.117605204743201,0.117605204743201,-0.118802438648596,-0.118802438648596,0,0,0,0.95,0.95,0,0,0,0.95,0.95,0.158774239654786,-0.158774239654786,-0.0959107351232757,0.0959107351232757,-0.06286350453151,0.06286350453151,-0.95,0.399140857645969,0.680964954371805
hpt_v2_topology2_paper,topology2,fault,deep_lvrt,lvrt_200ms_0.500pu,0.22,fault,rule_action,0,NaN,0.5,0.5,0.5,1,1,216.42310850096,822.706600757053,0.904896670762842,0.811536523557644,0.0622844202562648,1.02838325094632,-0.0283832509463162,0.0951033292371583,0.0831538483688728,0.549161491020145,0.346345698271123,-0.0291068996909119,0,0,1,0,0,1,1,0,1,0,0.787579068816798,0.895873827555868,-5,-0.811857189384479,0.348526788283149,0.348526788283149,0.348526788283149,0.34891673098328,0.34891673098328,-0.0311516993851934,-0.0311516993851934,-0.0311516993851934,0.0264284953316285,0.0264284953316285,0,0,0,0.95,0.95,0,0,0,0.95,0.95,0.0449183766680283,-0.0449183766680283,0.278069957461025,-0.278069957461025,-0.322988334129054,0.322988334129054,-0.766968830655295,-0.350797227076576,0.95
hpt_v2_topology2_paper,topology2,fault,deep_lvrt,lvrt_200ms_0.500pu,0.222,fault,rule_action,0,NaN,0.5,0.5,0.5,1,1,240.239777604152,826.723064402338,0.979065066855082,0.905444053548864,0.160770779351515,1.03340383050292,-0.0334038305029223,0.020934933144918,0.196389504376903,0.502063431309268,0.266310744824305,-0.136652456015646,0,0,1,0,0,1,1,0,1,0,0.787579068816798,0.905444053548864,1.96322426227113,4.19092077975835,0.263357065778596,0.263357065778596,0.263357065778596,0.265569542911222,0.265569542911222,-0.136467533207929,-0.136467533207929,-0.136467533207929,0.132110368984775,0.132110368984775,0,0,0,0.95,0.95,0,0,0,0.95,0.95,-0.233997080680857,0.233997080680857,0.274856937206589,-0.274856937206589,-0.0408598565257318,0.0408598565257318,-0.12741735953863,-0.920650512263341,0.95
hpt_v2_topology2_paper,topology2,fault,deep_lvrt,lvrt_200ms_0.500pu,0.224,fault,rule_action,0,NaN,0.5,0.5,0.5,1,1,199.510883881258,854.380094726371,1.00894380110798,0.900517015112876,0.107168269978062,1.06797511840796,-0.0679751184079633,-0.00894380110797521,0.257213897786193,0.415076940436166,-0.0179441586748887,0.0148849309856724,0,0,1,0,0,1,1,0,1,0,0.787579068816798,0.935723750998693,0.498744357586345,0.512895297546612,-0.0196064522104084,-0.0196064522104084,-0.0196064522104084,-0.0257595282590408,-0.0257595282590408,0.0171669166545777,0.0171669166545777,0.0171669166545777,-0.00394495875465489,-0.00394495875465489,0,0,0,0.95,0.95,0,0,0,0.95,0.95,0.0254738702921975,-0.0254738702921975,-0.00797789679466566,0.00797789679466566,-0.0174959734975318,0.0174959734975318,0.549373698023171,-0.95,0.593498816772117
hpt_v2_topology2_paper,topology2,fault,deep_lvrt,lvrt_200ms_0.500pu,0.226,fault,rule_action,0,NaN,0.5,0.5,0.5,1,1,166.610323543541,848.999325991499,0.959275915738628,0.83348784241564,0.0949268511419533,1.06124915748937,-0.0612491574893737,0.0407240842613721,0.169271751994374,0.339532491957784,0.0131014313849214,0.160578689703331,0,0,1,0,0,1,1,0,1,0,0.787579068816798,0.935723750998693,-2.94106034239994,-1.04482428476671,0.015178872228615,0.015178872228615,0.015178872228615,0.0127176020948798,0.0127176020948798,0.161002680396468,0.161002680396468,0.161002680396468,-0.161215768006533,-0.161215768006533,0,0,0,0.95,0.95,0,0,0,0.95,0.95,-0.0326500081210287,0.0326500081210287,0.153491613226184,-0.153491613226184,-0.120841605105155,0.120841605105155,0.95,-0.95,-0.0506690216677669
hpt_v2_topology2_paper,topology2,fault,deep_lvrt,lvrt_200ms_0.500pu,0.228,fault,rule_action,0,NaN,0.5,0.5,0.5,1,1,184.923233731843,822.636611965133,0.917235098011593,0.874980997184529,0.155209843426434,1.02829576495642,-0.0282957649564168,0.0827649019884068,0.0311105248057031,0.424908995174477,0.267762470681656,0.0890861433667618,0,0,1,0,0,1,1,0,1,0,0.787579068816798,0.935723750998693,-2.06170680896567,0.767634505734804,0.269960786164283,0.269960786164283,0.269960786164283,0.268648069184879,0.268648069184879,0.0872473015362605,0.0872473015362605,0.0872473015362605,-0.091209279215625,-0.091209279215625,0,0,0,0.95,0.95,0,0,0,0.95,0.95,-0.258681173708704,0.258681173708704,0.0284385252036445,-0.0284385252036445,0.23024264850506,-0.23024264850506,0.95,-0.396688886200738,-0.717977302151636
hpt_v2_topology2_paper,topology2,fault,deep_lvrt,lvrt_200ms_0.500pu,0.23,fault,rule_action,0,NaN,0.5,0.5,0.5,1,1,224.647624141343,750.201087937287,0.944334007736203,0.885961848076382,0.0615220379782554,0.937751359921608,0.0622486400783916,0.0556659922637969,0.0674287322513459,0.522163988699214,0.339210887495554,-0.130952266010273,0,0,1,0,0,1,1,0,1,0,0.787579068816798,0.935723750998693,-0.268482078857102,1.51006067991144,0.338191064889518,0.338191064889518,0.338191064889518,0.340465393585301,0.340465393585301,-0.132806235796803,-0.132806235796803,-0.132806235796803,0.126862163029126,0.126862163029126,0,0,0,0.95,0.95,0,0,0,0.95,0.95,0.0682095675996821,-0.0682095675996821,-0.343165636455293,0.343165636455293,0.274956068855611,-0.274956068855611,0.786078362175611,0.394804306776247,-0.95
hpt_v2_topology2_paper,topology2,fault,deep_lvrt,lvrt_200ms_0.500pu,0.232,fault,rule_action,0,NaN,0.5,0.5,0.5,1,1,224.638541594184,806.173602379801,0.994894281559431,0.880404927754006,0.201269799149991,1.00771700297475,-0.00771700297475109,0.00510571844056851,0.228458129982152,0.457534974664704,0.133563495147769,-0.232834077835359,0,0,1,0,0,1,1,0,1,0,0.787579068816798,0.935723750998693,-5,-0.0113376066612769,0.131057716649118,0.131057716649118,0.131057716649118,0.135857827159338,0.135857827159338,-0.2327598720558,-0.2327598720558,-0.2327598720558,0.229991160552436,0.229991160552436,0,0,0,0.95,0.95,0,0,0,0.95,0.95,0.266834356805322,-0.266834356805322,-0.144119134801005,0.144119134801005,-0.122715222004318,0.122715222004318,0.0784928016748424,0.95,-0.95
hpt_v2_topology2_paper,topology2,fault,deep_lvrt,lvrt_200ms_0.500pu,0.234,fault,rule_action,0,NaN,0.5,0.5,0.5,1,1,189.950904474791,864.026166746342,0.996966901059313,0.880647533758487,0.0958439127141392,1.08003270843293,-0.0800327084329278,0.00303309894068726,0.235881350333068,0.354924299774509,-0.0376020915295983,-0.120662744281963,0,0,1,0,0,1,1,0,1,0,0.787579068816798,0.935723750998693,0.0494965539629133,-1.35128650255711,-0.0379990050982457,-0.0379990050982457,-0.0379990050982457,-0.0353849659601465,-0.0353849659601465,-0.119214799098918,-0.119214799098918,-0.119214799098918,0.120016652580594,0.120016652580594,0,0,0,0.95,0.95,0,0,0,0.95,0.95,0.0197492581968074,-0.0197492581968074,0.0971279158946746,-0.0971279158946746,-0.116877174091482,0.116877174091482,-0.575874166684484,0.95,-0.575541261665379
hpt_v2_topology2_paper,topology2,fault,deep_lvrt,lvrt_200ms_0.500pu,0.236,fault,rule_action,0,NaN,0.5,0.5,0.5,1,1,167.40788587913,850.878236624712,0.943632206093797,0.865619254235738,0.137405336496202,1.06359779578089,-0.06359779578089,0.0563677939062033,0.118739635516538,0.327794580970529,0.0817940483378709,-0.0309315550035533,0,0,1,0,0,1,1,0,1,0,0.787579068816798,0.935723750998693,0.412943757057804,0.757812267011104,0.0842656510929442,0.0842656510929442,0.0842656510929442,0.0849030120429402,0.0849030120429402,-0.0307302994058919,-0.0307302994058919,-0.0307302994058919,0.0289228249265165,0.0289228249265165,0,0,0,0.95,0.95,0,0,0,0.95,0.95,0.0782864058086846,-0.0782864058086846,-0.00123255214576726,0.00123255214576726,-0.0770538536629173,0.0770538536629173,-0.95,0.91763019024146,0.0821887402568621
hpt_v2_topology2_paper,topology2,fault,deep_lvrt,lvrt_200ms_0.500pu,0.238,fault,rule_action,0,NaN,0.5,0.5,0.5,1,1,188.581922956376,831.927461737039,0.910321639314833,0.872518779172103,0.135516692636381,1.0399093271713,-0.0399093271712989,0.0896783606851665,0.0469640835297069,0.378557523502569,0.334430651731746,-0.145503787999901,0,0,1,0,0,1,1,0,1,0,0.787579068816798,0.936949842375164,-5,-0.545799850004469,0.336320146264099,0.336320146264099,0.336320146264099,0.339675366637287,0.339675366637287,-0.147163737493236,-0.147163737493236,-0.147163737493236,0.139244575175865,0.139244575175865,0,0,0,0.95,0.95,0,0,0,0.95,0.95,0.126716688713811,-0.126716688713811,0.235026416334919,-0.235026416334919,-0.36174310504873,0.36174310504873,-0.95,0.323133922717872,0.7450297176575
hpt_v2_topology2_paper,topology2,fault,deep_lvrt,lvrt_200ms_0.500pu,0.24,fault,rule_action,0,NaN,0.5,0.5,0.5,1,1,234.411945402813,767.214367154711,0.958039300406086,0.891423388186797,0.154179091263345,0.959017958943389,0.0409820410566111,0.041960699593914,0.0644856453939462,0.446070567464287,0.331348661838876,-0.237476163329257,0,0,1,0,0,1,1,0,1,0,0.787579068816798,0.946903487422309,-5,-0.755262076786223,0.329289447676358,0.329289447676358,0.329289447676358,0.335888946394043,0.335888946394043,-0.237909814484866,-0.237909814484866,-0.237909814484866,0.228497780885338,0.228497780885338,0,0,0,0.95,0.95,0,0,0,0.95,0.95,-0.203826138396518,0.203826138396518,0.406241254081274,-0.406241254081274,-0.202415115684756,0.202415115684756,-0.730212257463331,-0.44930303046166,0.95
hpt_v2_topology2_paper,topology2,fault,deep_lvrt,lvrt_200ms_0.500pu,0.242,fault,rule_action,0,NaN,0.5,0.5,0.5,1,1,224.767148120602,809.073542507037,1.01356076109695,0.911569647094846,0.222943820804794,1.0113419281338,-0.0113419281337965,-0.0135607610969455,0.196770263728553,0.42110891530959,0.0452121520453085,-0.229861367191916,0,0,1,0,0,1,1,0,1,0,0.787579068816798,0.946903487422309,-0.731654274174431,3.46910533330891,0.0423251139636781,0.0423251139636781,0.0423251139636781,0.160833841079359,0.160833841079359,-0.228422330327201,-0.228422330327201,-0.228422330327201,0.167632490370474,0.167632490370474,0,0,0,0.95,0.95,0,0,0,0.95,0.95,-0.216609830032774,0.216609830032774,0.0355981866620577,-0.0355981866620577,0.181011643370716,-0.181011643370716,-0.0217965972812063,-0.95,0.95
hpt_v2_topology2_paper,topology2,fault,deep_lvrt,lvrt_200ms_0.500pu,0.244,fault,rule_action,0,NaN,0.5,0.5,0.5,1,1,180.807094833113,858.521069543704,1.00043692448141,0.914920923350098,0.0479827563089681,1.07315133692963,-0.0731513369296304,-0.000436924481406198,0.229621411555645,0.326008885692425,-0.11032924609047,-0.0258550489933948,0,0,1,0,0,1,1,0,1,0,0.787579068816798,0.946903487422309,-2.09790021033107,-0.115494542783034,-0.110045026882104,-0.110045026882104,-0.110045026882104,-0.109260402329827,-0.109260402329827,-0.0233901671639339,-0.0233901671639339,-0.0233901671639339,0.0268173888394069,0.0268173888394069,0,0,0,0.95,0.95,0,0,0,0.95,0.95,0.0930576622368559,-0.0930576622368559,-0.101282456754893,0.101282456754893,0.0082247945180376,-0.0082247945180376,0.624620870981825,-0.95,0.499390118183312
hpt_v2_topology2_paper,topology2,fault,deep_lvrt,lvrt_200ms_0.500pu,0.246,fault,rule_action,0,NaN,0.5,0.5,0.5,1,1,167.301104777222,845.259524335698,0.939734244515645,0.923207221476034,0.161489388157715,1.05657440541962,-0.0565744054196224,0.0602657554843552,0.0892212833665198,0.278014578292777,0.0766295486911093,0.119967445608141,0,0,0,0,0,1,1,0,1,0,0.787579068816798,0.949106485023793,-5,-1.13160936952905,0.0794976296395709,0.0794976296395709,0.0794976296395709,0.0760688261084467,0.0760688261084467,0.120126025155282,0.120126025155282,0.120126025155282,-0.122326075439379,-0.122326075439379,0,0,0,0.95,0.95,0,0,0,0.95,0.95,-0.104448292146509,0.104448292146509,0.138134081349662,-0.138134081349662,-0.0336857892031528,0.0336857892031528,0.95,-0.869522780672071,-0.154984984818326
hpt_v2_topology2_paper,topology2,fault,deep_lvrt,lvrt_200ms_0.500pu,0.248,fault,rule_action,0,NaN,0.5,0.5,0.5,1,1,196.284388460159,784.105471917078,0.914995968994471,0.910403887469513,0.176425291477049,0.980131839896347,0.0198681601036526,0.0850040310055294,-0.037500014237578,0.381631424849413,0.328881024418514,0.0394820458687003,0,0,1,0,0,1,1,0,1,0,0.787579068816798,0.956299152976836,-5,0.511046275188609,0.330455260223861,0.330455260223861,0.330455260223861,0.329312248317069,0.329312248317069,0.0377281336519759,0.0377281336519759,0.0377281336519759,-0.0466640566907562,-0.0466640566907562,0,0,0,0.95,0.95,0,0,0,0.95,0.95,-0.245379671455648,0.245379671455648,-0.0717572803117284,0.0717572803117284,0.317136951767377,-0.317136951767377,0.95,-0.28782838829635,-0.819614391050579
hpt_v2_topology2_paper,topology2,fault,deep_lvrt,lvrt_200ms_0.500pu,0.25,fault,rule_action,0,NaN,0.5,0.5,0.5,1,1,224.645435275259,678.041007384684,0.952582831813531,0.889364191418913,0.0821289490741675,0.847551259230855,0.152448740769145,0.0474171681864689,0.044841157353927,0.490371001592215,0.327860911390581,-0.14726500673,0,0,1,0,0,1,1,0,1,0,0.787579068816798,0.956299152976836,0.163182842390697,0.721644841664149,0.326306137642742,0.326306137642742,0.326306137642742,0.330434606900002,0.330434606900002,-0.148318646287005,-0.148318646287005,-0.148318646287005,0.138877956719469,0.138877956719469,0,0,0,0.95,0.95,0,0,0,0.95,0.95,0.125926216283015,-0.125926216283015,-0.353587484724551,0.353587484724551,0.227661268441536,-0.227661268441536,0.746086353685131,0.564837519852444,-0.95
hpt_v2_topology2_paper,topology2,fault,deep_lvrt,lvrt_200ms_0.500pu,0.252,fault,rule_action,0,NaN,0.5,0.5,0.5,1,1,218.316564027531,733.354252723317,0.997078707303234,0.886746335726892,0.187748870465025,0.916692815904147,0.0833071840958531,0.00292129269676622,0.226397867605401,0.42104116474469,0.105211867203888,-0.137855316144493,0,0,1,0,0,1,1,0,1,0,0.787579068816798,0.956299152976836,-1.83968240676702,-0.367807866444303,0.102904914475383,0.102904914475383,0.102904914475383,0.106937702195411,0.106937702195411,-0.136562563814342,-0.136562563814342,-0.136562563814342,0.133428194576325,0.133428194576325,0,0,0,0.95,0.95,0,0,0,0.95,0.95,0.170589273498904,-0.170589273498904,-0.0954701598016619,0.0954701598016619,-0.0751191136972424,0.0751191136972424,-0.0519821683019706,0.95,-0.95
hpt_v2_topology2_paper,topology2,fault,deep_lvrt,lvrt_200ms_0.500pu,0.254,fault,rule_action,0,NaN,0.5,0.5,0.5,1,1,193.370912799624,851.844643026342,0.995220367021505,0.862458159976269,0.0774514250664572,1.06480580378293,-0.0648058037829278,0.00477963297849515,0.232639075078607,0.302684663436051,-0.0365337897825184,0.0568848683340926,0,0,1,0,0,1,1,0,1,0,0.787579068816798,0.956299152976836,-0.682825657339125,-0.937676576813651,-0.0367953973551566,-0.0367953973551566,-0.0367953973551566,-0.0384351347030697,-0.0384351347030697,0.0591813540874502,0.0591813540874502,0.0591813540874502,-0.0581298061110212,-0.0581298061110212,0,0,0,0.95,0.95,0,0,0,0.95,0.95,-0.0556870793493897,0.0556870793493897,-0.00843954658821974,0.00843954658821974,0.0641266259376095,-0.0641266259376095,-0.66473042378559,0.95,-0.501977083888845
hpt_v2_topology2_paper,topology2,fault,deep_lvrt,lvrt_200ms_0.500pu,0.256,fault,rule_action,0,NaN,0.5,0.5,0.5,1,1,175.398728839558,844.299451117517,0.953723154463673,0.880355059684983,0.160633598469204,1.0553743138969,-0.0553743138968961,0.046276845536327,0.0671918228216563,0.266699594707976,0.0606643415468942,0.181672923049811,0,0,1,0,0,1,1,0,1,0,0.787579068816798,0.956299152976836,-2.16562740395831,1.31502753339596,0.0625772630155415,0.0625772630155415,0.0625772630155415,0.0583364194324401,0.0583364194324401,0.181866088993032,0.181866088993032,0.181866088993032,-0.183270429529535,-0.183270429529535,0,0,0,0.95,0.95,0,0,0,0.95,0.95,0.103524977668246,-0.103524977668246,-0.192138146902733,0.192138146902733,0.0886131692344863,-0.0886131692344863,-0.95,0.876762640627921,0.13352832803836
hpt_v2_topology2_paper,topology2,fault,deep_lvrt,lvrt_200ms_0.500pu,0.258,fault,rule_action,0,NaN,0.5,0.5,0.5,1,1,186.261176776321,784.047051516251,0.922534932925972,0.898114971672982,0.132396713837699,0.980058814395314,0.0199411856046856,0.0774650670740281,-0.0306535149598067,0.368913059271238,0.268662754364528,0.0581195963384786,0,0,1,0,0,1,1,0,1,0,0.787579068816798,0.956299152976836,-5,-1.38060051330713,0.270411138863643,0.270411138863643,0.270411138863643,0.269207010696423,0.269207010696423,0.0561677002321279,0.0561677002321279,0.0561677002321279,-0.0616812772467837,-0.0616812772467837,0,0,0,0.15781516424582,0.15781516424582,0,0,0,0.95,0.95,0.21927372669011,-0.21927372669011,0.0357832883387731,-0.0357832883387731,-0.255057015028883,0.255057015028883,-0.95,0.280521302162581,0.796743599028259
hpt_v2_topology2_paper,topology2,fault,deep_lvrt,lvrt_200ms_0.500pu,0.26,fault,rule_action,0,NaN,0.5,0.5,0.5,1,1,222.924649773348,687.222295307543,0.948965218110609,0.885705745551441,0.102150968618754,0.859027869134429,0.140972130865571,0.0510347818893913,0.0189819592684249,0.475644047563691,0.315694250510864,-0.155997577517077,0,0,1,0,0,1,1,0,1,0,0.787579068816798,0.956299152976836,-5,-0.89463886729968,0.314605920610257,0.314605920610257,0.314605920610257,0.317854056044946,0.317854056044946,-0.15751760981685,-0.15751760981685,-0.15751760981685,0.150855830981825,0.150855830981825,0,0,0,0.95,0.95,0,0,0,0.95,0.95,-0.135867205903365,0.135867205903365,0.3489969210565,-0.3489969210565,-0.213129715153135,0.213129715153135,-0.741247408525323,-0.558781613009022,0.95
hpt_v2_topology2_paper,topology2,fault,deep_lvrt,lvrt_200ms_0.500pu,0.262,fault,rule_action,0,NaN,0.5,0.5,0.5,1,1,219.135330145696,715.669382444607,0.992047623617462,0.882417842592468,0.1743549405652,0.894586728055759,0.105413271944241,0.00795237638253776,0.191347650751144,0.443532665733809,0.126171788340605,-0.236665450527854,0,0,1,0,0,1,1,0,1,0,0.787579068816798,0.956299152976836,-1.81896322073283,3.4553618293659,0.12400784373256,0.12400784373256,0.12400784373256,0.129131946817578,0.129131946817578,-0.237109911187482,-0.237109911187482,-0.237109911187482,0.234358690049327,0.234358690049327,0,0,0,0.95,0.95,0,0,0,0.95,0.95,-0.266389037923725,0.266389037923725,0.111355292248102,-0.111355292248102,0.155033745675623,-0.155033745675623,0.035842956335855,-0.95,0.95
hpt_v2_topology2_paper,topology2,fault,deep_lvrt,lvrt_200ms_0.500pu,0.264,fault,rule_action,0,NaN,0.5,0.5,0.5,1,1,183.323009229993,852.106234199846,0.984503548921579,0.915140172286279,0.0817681203552739,1.06513279274981,-0.0651327927498078,0.0154964510784213,0.257912056171661,0.305835382101601,0.000353072382275483,-0.209327383090636,0,0,1,0,0,1,1,0,1,0,0.787579068816798,0.956299152976836,0.948247164505589,0.108779525139324,0.000497650637380848,0.000497650637380848,0.000497650637380848,0.00478883986490747,0.00478883986490747,-0.208847926479028,-0.208847926479028,-0.208847926479028,0.208793608770706,0.208793608770706,0,0,0,0.95,0.95,0,0,0,0.95,0.95,-0.0747661028998572,0.0747661028998572,-0.131497973034576,0.131497973034576,0.206264075934433,-0.206264075934433,0.664773982458561,-0.95,0.477072092369361
hpt_v2_topology2_paper,topology2,fault,deep_lvrt,lvrt_200ms_0.500pu,0.266,fault,rule_action,0,NaN,0.5,0.5,0.5,1,1,170.975640629911,846.638039648186,0.933019807542587,0.907635143045838,0.125495595467208,1.05829754956023,-0.0582975495602327,0.0669801924574128,0.105533318700636,0.209457675600994,0.154042196433197,-0.225462825159568,0,0,1,0,0,1,1,0,1,0,0.787579068816798,0.956299152976836,-0.620597348152896,-0.678990004951974,0.156443388463582,0.156443388463582,0.156443388463582,0.160900537316123,0.160900537316123,-0.225552608769304,-0.225552608769304,-0.225552608769304,0.222394986921893,0.222394986921893,0,0,0,0.95,0.95,0,0,0,0.95,0.95,-0.0903532230614131,0.0903532230614131,-0.179297454118903,0.179297454118903,0.269650677180317,-0.269650677180317,0.95,-0.858473740891392,-0.18061634660018
hpt_v2_topology2_paper,topology2,fault,deep_lvrt,lvrt_200ms_0.500pu,0.268,fault,rule_action,0,NaN,0.5,0.5,0.5,1,1,207.539454557131,797.649538532509,0.920802281165329,0.904317710451166,0.133017375102392,0.997061923165637,0.00293807683436331,0.0791977188346707,-0.0416026218214226,0.302913511199974,0.349539659383956,-0.254716058381705,0,0,1,0,0,1,1,0,1,0,0.787579068816798,0.956299152976836,-5,0.339556601048008,0.350356669066178,0.350356669066178,0.350356669066178,0.355989370713704,0.355989370713704,-0.254919844269949,-0.254919844269949,-0.254919844269949,0.246992895648081,0.246992895648081,0,0,0,-0.493555471579721,-0.493555471579721,0,0,0,0.95,0.95,-0.00628197901188166,0.00628197901188166,-0.372053419402418,0.372053419402418,0.378335398414299,-0.378335398414299,0.95,-0.235720192784167,-0.828185166648903
hpt_v2_topology2_paper,topology2,fault,deep_lvrt,lvrt_200ms_0.500pu,0.27,fault,rule_action,0,NaN,0.5,0.5,0.5,1,1,229.442562301706,702.376476107056,0.968816182578821,0.911143546849348,0.124060299726035,0.87797059513382,0.12202940486618,0.0311838174211795,0.0347392424184485,0.418853449282543,0.270023849283,-0.266007168307433,0,0,1,0,0,1,1,0,1,0,0.787579068816798,0.956960340835559,-0.567902617174765,0.247114919323166,0.267886361618708,0.267886361618708,0.267886361618708,0.274753007088087,0.274753007088087,-0.266060406063333,-0.266060406063333,-0.266060406063333,0.258963370985066,0.258963370985066,0,0,0,0.95,0.95,0,0,0,0.95,0.95,0.271259786465125,-0.271259786465125,-0.363065659982413,0.363065659982413,0.0918058735172888,-0.0918058735172888,0.65000976671212,0.605881964850787,-0.95
hpt_v2_topology2_paper,topology2,fault,deep_lvrt,lvrt_200ms_0.500pu,0.272,fault,rule_action,0,NaN,0.5,0.5,0.5,1,1,216.233881322533,765.218340090869,1.00812067960993,0.931728911318499,0.160302433028178,0.956522925113586,0.0434770748864137,-0.00812067960993312,0.182695439902805,0.357060791744138,0.0245530403067732,-0.248158131451918,0,0,0,0,0,1,1,0,1,0,0.787579068816798,0.966163858196254,-2.53541282724878,-0.71350013863225,0.0224016637178213,0.0224016637178213,0.0224016637178213,0.153668948294916,0.153668948294916,-0.24700339537631,-0.24700339537631,-0.24700339537631,0.194675027147004,0.194675027147004,0,0,0,0.95,0.95,0,0,0,0.95,0.95,0.207824051330189,-0.207824051330189,0.0133110806966386,-0.0133110806966386,-0.221135132026828,0.221135132026828,-0.129428970555478,0.95,-0.95
hpt_v2_topology2_paper,topology2,fault,deep_lvrt,lvrt_200ms_0.500pu,0.274,fault,rule_action,0,NaN,0.5,0.5,0.5,1,1,183.090812382916,849.858494934612,0.991390171110972,0.893137225896326,0.103076704868584,1.06232311866827,-0.0623231186682653,0.00860982888902839,0.164963056711421,0.277591471194098,-0.0700615385374897,-0.0598540844426169,0,0,1,0,0,1,1,0,1,0,0.787579068816798,0.982738524550363,-1.80544210750011,-1.08996661732497,-0.0695523139932429,-0.0695523139932429,-0.0695523139932429,-0.0680367999459237,-0.0680367999459237,-0.057988742867498,-0.057988742867498,-0.057988742867498,0.0597596229429689,0.0597596229429689,0,0,0,0.95,0.95,0,0,0,0.95,0.95,-0.05086979161155,0.05086979161155,0.090314493807949,-0.090314493807949,-0.039444702196399,0.039444702196399,-0.72699803791232,0.95,-0.402510688954161
hpt_v2_topology2_paper,topology2,fault,deep_lvrt,lvrt_200ms_0.500pu,0.276,fault,rule_action,0,NaN,0.5,0.5,0.5,1,1,169.241027467389,839.294568295944,0.940157618484039,0.888129037442036,0.184229808940923,1.04911821036993,-0.0491182103699304,0.0598423815159609,0.0267208488146879,0.300279139604614,0.0978055299608601,0.0636459351809224,0,0,1,0,0,1,1,0,1,0,0.787579068816798,0.982738524550363,-3.12915185669094,0.797953842822441,0.100361252657342,0.100361252657342,0.100361252657342,0.0989893594536858,0.0989893594536858,0.0635951742727105,0.0635951742727105,0.0635951742727105,-0.0657102270630392,-0.0657102270630392,0,0,0,0.95,0.95,0,0,0,0.95,0.95,0.115530041922216,-0.115530041922216,-0.0817890189502777,0.0817890189502777,-0.0337410229719384,0.0337410229719384,-0.95,0.782270501009746,0.257220352847644
hpt_v2_topology2_paper,topology2,fault,deep_lvrt,lvrt_200ms_0.500pu,0.278,fault,rule_action,0,NaN,0.5,0.5,0.5,1,1,193.365373638626,779.793984231896,0.916016893498453,0.89623794493332,0.109839272806219,0.97474248028987,0.0252575197101298,0.0839831065015469,-0.0414281350582695,0.362392079770445,0.327587564770877,-0.0748289505159249,0,0,1,0,0,1,1,0,1,0,0.787579068816798,0.982738524550363,-5,-1.75055380252453,0.329099049059657,0.329099049059657,0.329099049059657,0.330537845867999,0.330537845867999,-0.0772905923930629,-0.0772905923930629,-0.0772905923930629,0.0708854866202118,0.0708854866202118,0,0,0,-0.95,-0.95,0,0,0,0.95,0.95,0.126095149186264,-0.126095149186264,0.208586415984449,-0.208586415984449,-0.334681565170712,0.334681565170712,-0.95,0.158504156680177,0.879035877952747
hpt_v2_topology2_paper,topology2,fault,deep_lvrt,lvrt_200ms_0.500pu,0.28,recovery,rule_action,0,NaN,0.5,0.5,0.5,1,1,228.199103988929,684.230949234022,0.958513386771854,0.881985329780541,0.128191264142655,0.855288686542527,0.144711313457473,0.0414866132281462,0.0215374404430593,0.440825801882801,0.311457279235001,-0.218629307459554,0,0,1,0,0,1,1,0,1,0,0.787579068816798,0.982738524550363,-5,-0.00625098467321727,0.309630618216994,0.309630618216994,0.309630618216994,0.314125249174337,0.314125249174337,-0.21931425002676,-0.21931425002676,-0.21931425002676,0.212826661472191,0.212826661472191,0,0,0,0.95,0.95,0,0,0,0.95,0.95,-0.230731223238119,0.230731223238119,0.376229027929127,-0.376229027929127,-0.145497804691008,0.145497804691008,-0.64004142041035,-0.669365205029245,0.95
hpt_v2_topology2_paper,topology2,fault,deep_lvrt,lvrt_200ms_0.500pu,0.282,recovery,rule_action,0,NaN,0.5,0.5,0.5,1,1,220.472986123143,720.599309030303,1.0049915104,0.943760355236277,0.19466426839936,0.900749136287879,0.0992508637121214,-0.00499151039999868,0.185891451174871,0.407750760658056,0.0676583291162814,-0.24626120201788,0,0,0,0,0,1,1,0,1,0,0.787579068816798,0.982738524550363,-2.57025948280742,2.96036190798876,0.0651956535606645,0.0651956535606645,0.0651956535606645,0.187856457927535,0.187856457927535,-0.245864740415985,-0.245864740415985,-0.245864740415985,0.171493134083969,0.171493134083969,0,0,0,0.95,0.95,0,0,0,0.95,0.95,-0.23180677209953,0.23180677209953,0.0252161588682937,-0.0252161588682937,0.206590613231237,-0.206590613231237,0.142117274966964,-0.95,0.95
hpt_v2_topology2_paper,topology2,fault,deep_lvrt,lvrt_200ms_0.500pu,0.284,recovery,rule_action,0,NaN,0.5,0.5,0.5,1,1,202.618142829446,855.032983458556,1.00875351040604,1.0263103074319,0.10631353609128,1.06879122932319,-0.0687912293231947,-0.00875351040604122,0.275819272814905,0.332941549769171,-0.0886106136406222,-0.183615987022512,0,0,0,0,0,1,1,0,1,0,0.787579068816798,1.04541607479751,-2.47078260633837,-0.188452997144317,-0.0892259697447419,-0.0892259697447419,-0.0892259697447419,0.023806086120907,0.023806086120907,-0.182739481193815,-0.182739481193815,-0.182739481193815,0.201961040617933,0.201961040617933,0,0,0,0.95,0.95,0,0,0,0.95,0.95,0.0415235146312735,-0.0415235146312735,-0.193165620518888,0.193165620518888,0.151642105887615,-0.151642105887615,0.758776389078454,-0.95,0.344007700663055
hpt_v2_topology2_paper,topology2,fault,deep_lvrt,lvrt_200ms_0.500pu,0.286,recovery,rule_action,0,NaN,0.5,0.5,0.5,1,1,199.065382463854,889.395466315537,0.995824461046794,1.10153018703398,0.0319852665860569,1.11174433289442,-0.111744332894421,0.00417553895320555,0.224176450149679,0.235606634175883,-0.0887545766753853,-0.132497872484715,0,0,0,1,0,1,1,0,1,0,0.787579068816798,1.13584282183886,-5,-2.00817844420142,-0.0884494270763271,-0.0884494270763271,-0.0884494270763271,-0.0857123860103641,-0.0857123860103641,-0.132007645044923,-0.132007645044923,-0.132007645044923,0.133800995455367,0.133800995455367,0,0,0,0.95,0.95,0,0,0,0.95,0.95,0.131532599258963,-0.131532599258963,-0.142976215601871,0.142976215601871,0.0114436163429081,-0.0114436163429081,0.95,-0.766726689175497,-0.292329035755545
hpt_v2_topology2_paper,topology2,fault,deep_lvrt,lvrt_200ms_0.500pu,0.288,recovery,rule_action,0,NaN,0.5,0.5,0.5,1,1,197.504756246819,871.175014964689,0.981535528814131,1.11387932981211,0.0368929516862538,1.08896876870586,-0.0889687687058618,0.0184644711858689,0.155261657020991,0.20399329697343,-0.0611250384308087,-0.107970843855799,0,0,0,1,0,1,0,1,0,0.0126666666666793,0.787579068816798,1.13584282183886,-5,-1.30415251179028,-0.0608623687557757,-0.0608623687557757,-0.0608623687557757,-0.0588047899162135,-0.0588047899162135,-0.107878221655562,-0.107878221655562,-0.107878221655562,0.109013463943866,0.109013463943866,0,0,0,0.95,0.95,0,0,0,0.95,0.95,0.123747502711351,-0.123747502711351,-0.0664965922707478,0.0664965922707478,-0.0572509104406027,0.0572509104406027,0.95,-0.172471020271017,-0.846146309324667
hpt_v2_topology2_paper,topology2,fault,deep_lvrt,lvrt_200ms_0.500pu,0.29,recovery,rule_action,0,NaN,0.5,0.5,0.5,1,1,200.89332344684,849.525860290038,0.974921206249569,1.08503228133953,0.0326034829391096,1.06190732536255,-0.0619073253625479,0.0250787937504311,0.0895025234965134,0.23034398948813,-0.0380980708215912,-0.100938906676958,0,0,0,1,0,1,0,1,0,0.0293333333333627,0.787579068816798,1.13584282183886,1.06846156804941,0.22665332425853,-0.0379306736795231,-0.0379306736795231,-0.0379306736795231,-0.0361996781599349,-0.0361996781599349,-0.100752052845908,-0.100752052845908,-0.100752052845908,0.101386860389127,0.101386860389127,0,0,0,0.95,0.95,0,0,0,0.95,0.95,0.0977935038838045,-0.0977935038838045,-0.00991461414224296,0.00991461414224296,-0.0878788897415614,0.0878788897415614,0.568975076904637,0.494360730876809,-0.95
hpt_v2_topology2_paper,topology2,fault,deep_lvrt,lvrt_200ms_0.500pu,0.292,recovery,rule_action,0,NaN,0.5,0.5,0.5,1,1,204.67300461721,846.105349792444,0.974876347757205,1.07366109370587,0.0342460428099411,1.05763168724056,-0.0576316872405551,0.0251236522427949,0.058469410885236,0.26555150119328,-0.0276254471622831,-0.0975438586522077,0,0,0,0,0,1,0,1,0,0.046000000000046,0.787579068816798,1.13584282183886,-0.371959282482681,-1.15176814336992,-0.0275961416000677,-0.0275961416000677,-0.0275961416000677,-0.0261310939845473,-0.0261310939845473,-0.0975039245353197,-0.0975039245353197,-0.0975039245353197,0.0979067324455835,0.0979067324455835,0,0,0,0.95,0.95,0,0,0,0.95,0.95,0.0569874750878859,-0.0569874750878859,0.0440716985160775,-0.0440716985160775,-0.101059173603963,0.101059173603963,-0.110487793244045,0.95,-0.853624264144302
hpt_v2_topology2_paper,topology2,fault,deep_lvrt,lvrt_200ms_0.500pu,0.294,recovery,rule_action,0,NaN,0.5,0.5,0.5,1,1,203.863033782256,849.218485169049,0.978068959699343,1.04596165900311,0.0210295945903951,1.06152310646131,-0.0615231064613107,0.0219310403006566,0.0454147356534639,0.298532413798403,-0.0298379855555696,-0.0991629374798842,0,0,0,0,0,1,0,1,0,0.0626666666667293,0.787579068816798,1.13584282183886,-0.0270164877915757,-1.26359705231649,-0.029881245450128,-0.029881245450128,-0.029881245450128,-0.0286088849129965,-0.0286088849129965,-0.0991144560247681,-0.0991144560247681,-0.0991144560247681,0.0994891749225583,0.0994891749225583,0,0,0,0.95,0.95,0,0,0,0.95,0.95,-0.00475449370541403,0.00475449370541403,0.0919343194894131,-0.0919343194894131,-0.0871798257839991,0.0871798257839991,-0.712112170645046,0.95,-0.338479534702079
hpt_v2_topology2_paper,topology2,fault,deep_lvrt,lvrt_200ms_0.500pu,0.296,recovery,rule_action,0,NaN,0.5,0.5,0.5,1,1,204.438996430377,850.566511468047,0.981130622812528,1.05537627216301,0.0168679753437022,1.06320813933506,-0.0632081393350585,0.0188693771874721,0.0538782627930983,0.323710040639791,-0.0356624696518737,-0.103482131908092,0,0,0,0,0,1,0,1,0,0.0793333333334127,0.787579068816798,1.13584282183886,1.43337732064897,0.931828127542555,-0.035725957248719,-0.035725957248719,-0.035725957248719,-0.0346012625754919,-0.0346012625754919,-0.103547998430831,-0.103547998430831,-0.103547998430831,0.103929228942346,0.103929228942346,0,0,0,0.95,0.95,0,0,0,0.95,0.95,-0.0716416628105981,0.0716416628105981,0.107580869815099,-0.107580869815099,-0.0359392070045005,0.0359392070045005,-0.95,0.689109796797567,0.333932902737029
hpt_v2_topology2_paper,topology2,fault,deep_lvrt,lvrt_200ms_0.500pu,0.298,recovery,rule_action,0,NaN,0.5,0.5,0.5,1,1,203.264968659908,846.185140275317,0.98018413117143,1.04786744296762,0.0267599165171769,1.05773142534415,-0.0577314253441465,0.0198158688285696,0.0885920602616382,0.33305346976286,-0.0385638537916194,-0.104790496339785,0,0,0,0,0,1,0,1,0,0.096000000000096,0.787579068816798,1.13584282183886,-1.6441893893695,-0.699443645803877,-0.0385582884644885,-0.0385582884644885,-0.0385582884644885,-0.0376322611643088,-0.0376322611643088,-0.10479752141092,-0.10479752141092,-0.10479752141092,0.105133605582822,0.105133605582822,0,0,0,0.95,0.95,0,0,0,0.95,0.95,-0.109198080921893,0.109198080921893,0.0748173717377608,-0.0748173717377608,0.0343807091841324,-0.0343807091841324,-0.95,0.07437434113594,0.886033492031958
hpt_v2_topology2_paper,topology2,fault,deep_lvrt,lvrt_200ms_0.500pu,0.3,recovery,rule_action,0,NaN,0.5,0.5,0.5,1,1,203.289360537695,849.733130207737,0.983008323355511,1.0715860752179,0.00302089510914383,1.06216641275967,-0.0621664127596715,0.0169916766444885,0.0979212113238663,0.323867056028758,-0.0413220792358156,-0.105265502909853,0,0,0,0,0,1,0,1,0,0.112666666666779,0.787579068816798,1.13584282183886,-2.5037367678693,0.287660005092283,-0.0413700346207107,-0.0413700346207107,-0.0413700346207107,-0.0406384892086053,-0.0406384892086053,-0.1053101885796,-0.1053101885796,-0.1053101885796,0.105594643699536,0.105594643699536,0,0,0,0.95,0.95,0,0,0,0.95,0.95,-0.102435471644083,0.102435471644083,0.00960623141300761,-0.00960623141300761,0.0928292402310754,-0.0928292402310754,-0.52599581281822,-0.567674493161277,0.95
hpt_v2_topology2_paper,topology2,fault,deep_lvrt,lvrt_200ms_0.500pu,0.302,recovery,rule_action,0,NaN,0.5,0.5,0.5,1,1,204.721725391795,851.678017926419,0.984643351664996,1.088620316395,0.0366221509639462,1.06459752240802,-0.0645975224080235,0.0153566483350036,0.098185415667743,0.319161099808633,-0.0448537462081366,-0.103223459471452,0,0,0,1,0,1,0,1,0,0.129333333333463,0.787579068816798,1.13584282183886,0.528735090071342,0.0832854453005627,-0.0449068633103068,-0.0449068633103068,-0.0449068633103068,-0.0443803493518615,-0.0443803493518615,-0.103212302881253,-0.103212302881253,-0.103212302881253,0.103439791327268,0.103439791327268,0,0,0,0.95,0.95,0,0,0,0.95,0.95,-0.0508645201504434,0.0508645201504434,-0.0615255160072853,0.0615255160072853,0.112390036157729,-0.112390036157729,0.125768358212652,-0.95,0.848827097172463
hpt_v2_topology2_paper,topology2,fault,deep_lvrt,lvrt_200ms_0.500pu,0.304,recovery,rule_action,0,NaN,0.5,0.5,0.5,1,1,201.633160703347,850.183101638574,0.982446975455021,1.0732843609792,0.0221013798131637,1.06272887704822,-0.0627288770482171,0.0175530245449788,0.124130727752346,0.299042806811087,-0.04640929384278,-0.102870034842593,0,0,0,0,0,1,0,1,0,0.146000000000146,0.787579068816798,1.13584282183886,-5,0.375514972138502,-0.0463713194965062,-0.0463713194965062,-0.0463713194965062,-0.0460326796431006,-0.0460326796431006,-0.102803172452376,-0.102803172452376,-0.102803172452376,0.102955252138955,0.102955252138955,0,0,0,0.95,0.95,0,0,0,0.95,0.95,0.0192364405940714,-0.0192364405940714,-0.105855235881182,0.105855235881182,0.0866187952871101,-0.0866187952871101,0.73719709996123,-0.95,0.312323612184782
hpt_v2_topology2_paper,topology2,fault,deep_lvrt,lvrt_200ms_0.500pu,0.306,recovery,rule_action,0,NaN,0.5,0.5,0.5,1,1,207.681206589183,845.913668287873,0.983675094560823,1.05815476512348,0.0253628069153305,1.05739208535984,-0.0573920853598413,0.016324905439177,0.0832458882017854,0.271778917788156,-0.0441158268189555,-0.107856134967566,0,0,0,0,0,1,0,1,0,0.162666666666829,0.787579068816798,1.13584282183886,-5,-0.821684604799033,-0.0441476570629608,-0.0441476570629608,-0.0441476570629608,-0.0439484089735958,-0.0439484089735958,-0.107813464804753,-0.107813464804753,-0.107813464804753,0.10789483845877,0.10789483845877,0,0,0,0.95,0.95,0,0,0,0.95,0.95,0.0806903576306457,-0.0806903576306457,-0.113121333921888,0.113121333921888,0.0324309762912418,-0.0324309762912418,0.95,-0.733525966246737,-0.341389747106532
hpt_v2_topology2_paper,topology2,fault,deep_lvrt,lvrt_200ms_0.500pu,0.308,recovery,rule_action,0,NaN,0.5,0.5,0.5,1,1,207.020812760057,851.222601429341,0.985490748211267,1.08719544383929,0.02600246668526,1.06402825178668,-0.0640282517866759,0.0145092517887333,0.0604176537446985,0.289819157159361,-0.0478682902376849,-0.102319371596475,0,0,0,1,0,1,0,1,0,0.179333333333513,0.787579068816798,1.13584282183886,1.36734128216198,0.574458291096702,-0.0479081240768408,-0.0479081240768408,-0.0479081240768408,-0.0478906524609968,-0.0478906524609968,-0.102317845472386,-0.102317845472386,-0.102317845472386,0.102326024361025,0.102326024361025,0,0,0,0.95,0.95,0,0,0,0.95,0.95,0.112025304028287,-0.112025304028287,-0.0686951531094369,0.0686951531094369,-0.0433301509188505,0.0433301509188505,0.95,-0.118564418227291,-0.849636689044169
hpt_v2_topology2_paper,topology2,fault,deep_lvrt,lvrt_200ms_0.500pu,0.31,recovery,rule_action,0,NaN,0.5,0.5,0.5,1,1,200.570358025741,849.62688390442,0.984930973309315,1.07951246597718,0.0267666964017092,1.06203360488053,-0.0620336048805255,0.0150690266906852,0.0760802789351027,0.299351155792468,-0.05148646540497,-0.103278635997349,0,0,0,0,0,1,0,1,0,0.196000000000196,0.787579068816798,1.13584282183886,1.53241192663245,0.0900707518933785,-0.0514600867109889,-0.0514600867109889,-0.0514600867109889,-0.0516014592491841,-0.0516014592491841,-0.103296372097363,-0.103296372097363,-0.103296372097363,0.103225822428955,0.103225822428955,0,0,0,0.95,0.95,0,0,0,0.95,0.95,0.100091086689429,-0.100091086689429,-0.000295754062934785,0.000295754062934785,-0.0997953326264941,0.0997953326264941,0.508445176329633,0.554525639426874,-0.95
hpt_v2_topology2_paper,topology2,fault,deep_lvrt,lvrt_200ms_0.500pu,0.312,recovery,rule_action,0,NaN,0.5,0.5,0.5,1,1,202.52413679889,846.859491831222,0.983483046847877,1.0463939113333,0.023290578953115,1.05857436478903,-0.0585743647890278,0.0165169531521226,0.0701765045018619,0.288126646728411,-0.0476069246159221,-0.108831236380248,0,0,0,0,0,1,0,1,0,0.212666666666879,0.787579068816798,1.13584282183886,-5,-0.303191461579644,-0.0475858710860871,-0.0475858710860871,-0.0475858710860871,-0.047871395716319,-0.047871395716319,-0.10886983635827,-0.10886983635827,-0.10886983635827,0.108744590062539,0.108744590062539,0,0,0,0.95,0.95,0,0,0,0.95,0.95,0.0540091805275106,-0.0540091805275106,0.0646471888288171,-0.0646471888288171,-0.118656369356328,0.118656369356328,-0.143902565628745,0.95,-0.86562069508977
hpt_v2_topology2_paper,topology2,fault,deep_lvrt,lvrt_200ms_0.500pu,0.314,recovery,rule_action,0,NaN,0.5,0.5,0.5,1,1,206.186939780136,850.220721990106,0.985471883343544,1.06318234283606,0.0104983331375698,1.06277590248763,-0.0627759024876322,0.0145281166564563,0.0523704935328481,0.296265197202316,-0.0481399479405256,-0.108895280823549,0,0,0,0,0,1,0,1,0,0.229333333333563,0.787579068816798,1.13584282183886,-5,-1.24511530098803,-0.0481753640307692,-0.0481753640307692,-0.0481753640307692,-0.048583888628673,-0.048583888628673,-0.108916974070293,-0.108916974070293,-0.108916974070293,0.108735360880639,0.108735360880639,0,0,0,0.95,0.95,0,0,0,0.95,0.95,-0.0190400321844637,0.0190400321844637,0.11133326466974,-0.11133326466974,-0.0922932324852762,0.0922932324852762,-0.748609048329226,0.95,-0.297772525536504
hpt_v2_topology2_paper,topology2,fault,deep_lvrt,lvrt_200ms_0.500pu,0.316,recovery,rule_action,0,NaN,0.5,0.5,0.5,1,1,202.752187424298,850.327424959189,0.984639488629702,1.07425755605296,0.0169965583564216,1.06290928119899,-0.0629092811989864,0.0153605113702977,0.0575314476024448,0.307377538556349,-0.0507299338110088,-0.112648270985172,0,0,0,0,0,1,0,1,0,0.246000000000246,0.787579068816798,1.13584282183886,2.9153631537453,0.504678130065494,-0.0507041206494348,-0.0507041206494348,-0.0507041206494348,-0.0512323264697681,-0.0512323264697681,-0.112660300712743,-0.112660300712743,-0.112660300712743,0.112421083129514,0.112421083129514,0,0,0,0.95,0.95,0,0,0,0.95,0.95,-0.0882510817772153,0.0882510817772153,0.119000425392706,-0.119000425392706,-0.0307493436154903,0.0307493436154903,-0.95,0.670261414594963,0.368873828173906
hpt_v2_topology2_paper,topology2,fault,deep_lvrt,lvrt_200ms_0.500pu,0.318,recovery,rule_action,0,NaN,0.5,0.5,0.5,1,1,204.551269943641,846.07285062538,0.980504563595134,1.07010616066018,0.0251969075425696,1.05759106328172,-0.0575910632817245,0.0194954364048657,0.0759512943442262,0.309479955729246,-0.0437302446627374,-0.114901174454191,0,0,0,0,0,1,0,1,0,0.262666666666929,0.787579068816798,1.13584282183886,-1.87974336332397,-0.683478264961845,-0.0436653671518889,-0.0436653671518889,-0.0436653671518889,-0.0442926484124242,-0.0442926484124242,-0.114848359879874,-0.114848359879874,-0.114848359879874,0.114607902660418,0.114607902660418,0,0,0,0.95,0.95,0,0,0,0.95,0.95,-0.120278510184311,0.120278510184311,0.0818744231979404,-0.0818744231979404,0.0384040869863708,-0.0384040869863708,-0.95,0.0446933077459263,0.908613768515754
hpt_v2_topology2_paper,topology2,fault,deep_lvrt,lvrt_200ms_0.500pu,0.32,recovery,rule_action,0,NaN,0.5,0.5,0.5,1,1,201.021510298872,849.188249858829,0.980795597761779,1.09701915591403,0.0562968137912023,1.06148531232354,-0.0614853123235364,0.0192044022382213,0.064940145431531,0.294073431488561,-0.0410811544200863,-0.120106929738397,0,0,0,1,0,1,0,1,0,0.279333333333613,0.787579068816798,1.13584282183886,-1.38856923813635,0.188429327230732,-0.0410608316522692,-0.0410608316522692,-0.0410608316522692,-0.0417765438013181,-0.0417765438013181,-0.120110775176471,-0.120110775176471,-0.120110775176471,0.119863716768192,0.119863716768192,0,0,0,0.95,0.95,0,0,0,0.95,0.95,-0.117376412090577,0.117376412090577,0.0168369686602499,-0.0168369686602499,0.100539443430327,-0.100539443430327,-0.499412581092476,-0.592894584122829,0.95
hpt_v2_topology2_paper,topology2,fault,deep_lvrt,lvrt_200ms_0.500pu,0.322,recovery,rule_action,0,NaN,0.5,0.5,0.5,1,1,204.242135859294,849.898501973838,0.983725354703313,1.09268378218598,0.037790090643578,1.0623731274673,-0.0623731274672974,0.0162746452966867,0.0480164964577149,0.277714852713029,-0.0424036210341473,-0.120336710931661,0,0,0,1,0,1,0,1,0,0.296000000000296,0.787579068816798,1.13584282183886,3.3849505414385,-0.483651724705769,-0.0424593409558815,-0.0424593409558815,-0.0424593409558815,-0.0432178759591605,-0.0432178759591605,-0.120368146813942,-0.120368146813942,-0.120368146813942,0.120097883409364,0.120097883409364,0,0,0,0.95,0.95,0,0,0,0.95,0.95,-0.0656241208612587,0.0656241208612587,-0.0619960134463514,0.0619960134463514,0.12762013430761,-0.12762013430761,0.161831274225152,-0.95,0.81631488673102
hpt_v2_topology2_paper,topology2,fault,deep_lvrt,lvrt_200ms_0.500pu,0.324,recovery,rule_action,0,NaN,0.5,0.5,0.5,1,1,204.018505133415,848.744452832396,0.981039905193327,1.03634633844858,0.0285458719708154,1.0609305660405,-0.0609305660404955,0.0189600948066735,0.0622290872127242,0.28553972775437,-0.0429328111349941,-0.121787330992796,0,0,0,0,0,1,0,1,0,0.312666666666979,0.787579068816798,1.13584282183886,-5,-0.155491258165386,-0.0428954675897041,-0.0428954675897041,-0.0428954675897041,-0.0436750788327966,-0.0436750788327966,-0.121702088193472,-0.121702088193472,-0.121702088193472,0.121424490525346,0.121424490525346,0,0,0,0.95,0.95,0,0,0,0.95,0.95,0.0117534404656443,-0.0117534404656443,-0.117164442087969,0.117164442087969,0.105411001622325,-0.105411001622325,0.771803977207355,-0.95,0.251934356792828
hpt_v2_topology2_paper,topology2,fault,deep_lvrt,lvrt_200ms_0.500pu,0.326,recovery,rule_action,0,NaN,0.5,0.5,0.5,1,1,203.36455287529,848.112354780328,0.981127740568803,1.05033644516423,0.0186854694645023,1.06014044347541,-0.0601404434754098,0.018872259431197,0.0428185621953341,0.276387164980933,-0.0413389240753908,-0.119866249195612,0,0,0,0,0,1,0,1,0,0.329333333333663,0.787579068816798,1.13584282183886,-5,-0.90514883261017,-0.0413255647042169,-0.0413255647042169,-0.0413255647042169,-0.0421138953087452,-0.0421138953087452,-0.119823011501939,-0.119823011501939,-0.119823011501939,0.119548217073448,0.119548217073448,0,0,0,0.95,0.95,0,0,0,0.95,0.95,0.0830872398628462,-0.0830872398628462,-0.124437529337468,0.124437529337468,0.0413502894746214,-0.0413502894746214,0.95,-0.669384447131524,-0.409386216740979
hpt_v2_topology2_paper,topology2,fault,deep_lvrt,lvrt_200ms_0.500pu,0.328,recovery,rule_action,0,NaN,0.5,0.5,0.5,1,1,207.100680176197,850.713495665232,0.982800489092483,1.09348799708902,0.0365583960441237,1.06339186958154,-0.0633918695815401,0.0171995109075175,0.0303468010754839,0.288394722993935,-0.0409635595419417,-0.116390454604116,0,0,0,1,0,1,0,1,0,0.346000000000346,0.787579068816798,1.13584282183886,2.53938961424915,1.66883599832901,-0.0410086538543607,-0.0410086538543607,-0.0410086538543607,-0.0417931601775836,-0.0417931601775836,-0.116423817551539,-0.116423817551539,-0.116423817551539,0.116144508034567,0.116144508034567,0,0,0,0.95,0.95,0,0,0,0.95,0.95,0.120477240536407,-0.120477240536407,-0.0834998997410778,0.0834998997410778,-0.0369773407953293,0.0369773407953293,0.930343482412144,-0.0427486272898187,-0.887594855122325
hpt_v2_topology2_paper,topology2,fault,deep_lvrt,lvrt_200ms_0.500pu,0.33,recovery,rule_action,0,NaN,0.5,0.5,0.5,1,1,201.151462615332,849.38838006761,0.982520140871764,1.07911265383082,0.0319864898186098,1.06173547508451,-0.0617354750845127,0.0174798591282361,0.0453961231540935,0.287867622814327,-0.044887692182419,-0.117458909430522,0,0,0,0,0,1,0,1,0,0.362666666667029,0.787579068816798,1.13584282183886,0.159308192383856,-0.215181102567907,-0.0448714250326337,-0.0448714250326337,-0.0448714250326337,-0.0456692457841174,-0.0456692457841174,-0.117476591413686,-0.117476591413686,-0.117476591413686,0.117168742863219,0.117168742863219,0,0,0,0.95,0.95,0,0,0,0.95,0.95,0.113926124503632,-0.113926124503632,-0.0108515197416681,0.0108515197416681,-0.103074604761964,0.103074604761964,0.445778550960845,0.607875653481107,-0.95
hpt_v2_topology2_paper,topology2,fault,deep_lvrt,lvrt_200ms_0.500pu,0.332,recovery,rule_action,0,NaN,0.5,0.5,0.5,1,1,201.818094801801,845.827901496976,0.982556012052505,1.04890146293362,0.0321304334959115,1.05728487687122,-0.0572848768712195,0.0174439879474946,0.0364685453573097,0.269943455873054,-0.0438316906350779,-0.116582314203714,0,0,0,0,0,1,0,1,0,0.379333333333713,0.787579068816798,1.13584282183886,-5,-0.344887963661611,-0.0438305773611083,-0.0438305773611083,-0.0438305773611083,-0.0446341875364376,-0.0446341875364376,-0.116688445828466,-0.116688445828466,-0.116688445828466,0.116383427534306,0.116383427534306,0,0,0,0.95,0.95,0,0,0,0.95,0.95,0.0607880797966091,-0.0607880797966091,0.0638481570849687,-0.0638481570849687,-0.124636236881578,0.124636236881578,-0.207973424972017,0.95,-0.818182964875044
hpt_v2_topology2_paper,topology2,fault,deep_lvrt,lvrt_200ms_0.500pu,0.334,recovery,rule_action,0,NaN,0.5,0.5,0.5,1,1,207.27205493363,849.296138330749,0.983152698225527,1.0745149040836,0.016994798027703,1.06162017291344,-0.061620172913436,0.0168473017744726,0.0138399499842303,0.282797771511463,-0.0426313563189559,-0.114208791053774,0,0,0,0,0,1,0,1,0,0.396000000000396,0.787579068816798,1.13584282183886,-5,-0.884135772952765,-0.0426652653323077,-0.0426652653323077,-0.0426652653323077,-0.0434574291049355,-0.0434574291049355,-0.114174973214741,-0.114174973214741,-0.114174973214741,0.113875814947918,0.113875814947918,0,0,0,0.770139005636719,0.770139005636719,0,0,0,0.95,0.95,-0.0144180186529715,0.0144180186529715,0.112024454678968,-0.112024454678968,-0.0976064360259963,0.0976064360259963,-0.792951779038374,0.95,-0.227243506799748
hpt_v2_topology2_paper,topology2,fault,deep_lvrt,lvrt_200ms_0.500pu,0.336,recovery,rule_action,0,NaN,0.5,0.5,0.5,1,1,203.735647233852,849.476158899061,0.985609226867739,1.075017566242,0.015556087893265,1.06184519862383,-0.0618451986238269,0.0143907731322613,0.0210116457933826,0.298295732926652,-0.0491639519704074,-0.114358292617697,0,0,0,0,0,1,0,1,0,0.412666666667079,0.787579068816798,1.13584282183886,2.37437686053132,-1.24365285503458,-0.0491893074509573,-0.0491893074509573,-0.0491893074509573,-0.0500045293036198,-0.0500045293036198,-0.114338893728335,-0.114338893728335,-0.114338893728335,0.113984725448841,0.113984725448841,0,0,0,0.95,0.95,0,0,0,0.95,0.95,-0.0889183115329261,0.0889183115329261,0.11989043804042,-0.11989043804042,-0.0309721265074934,0.0309721265074934,-0.95,0.612278545803119,0.431709859453412
hpt_v2_topology2_paper,topology2,fault,deep_lvrt,lvrt_200ms_0.500pu,0.338,recovery,rule_action,0,NaN,0.5,0.5,0.5,1,1,203.026843224606,847.263167836741,0.983612386576437,1.09605806836401,0.0202240275988372,1.05907895979593,-0.0590789597959263,0.0163876134235633,0.0383106386476368,0.268966172735073,-0.0479936288158062,-0.115759022848798,0,0,0,1,0,1,0,1,0,0.429333333333763,0.787579068816798,1.13584282183886,-1.40036701735902,-0.861458215265065,-0.0479706240808027,-0.0479706240808027,-0.0479706240808027,-0.0487952679114484,-0.0487952679114484,-0.115784950040916,-0.115784950040916,-0.115784950040916,0.115439842602669,0.115439842602669,0,0,0,0.95,0.95,0,0,0,0.95,0.95,-0.123750460722962,0.123750460722962,0.079046985546966,-0.079046985546966,0.0447034751759962,-0.0447034751759962,-0.908643385000176,-0.0130153624609831,0.921658747461159
hpt_v2_topology2_paper,topology2,fault,deep_lvrt,lvrt_200ms_0.500pu,0.34,recovery,rule_action,0,NaN,0.5,0.5,0.5,1,1,204.033080831196,849.69596927694,0.982468773875308,1.07502584733266,0.041817779004672,1.06211996159618,-0.0621199615961754,0.0175312261246925,0.00923335586959889,0.263964958865654,-0.0447546015230778,-0.119697736499916,0,0,0,0,0,1,0,1,0,0.446000000000446,0.787579068816798,1.13584282183886,0.656982630696801,0.504610765727387,-0.0447381152326301,-0.0447381152326301,-0.0447381152326301,-0.0455567622181899,-0.0455567622181899,-0.119736828892254,-0.119736828892254,-0.119736828892254,0.119427754579647,0.119427754579647,0,0,0,0.95,0.95,0,0,0,0.95,0.95,-0.115795341373392,0.115795341373392,0.011021402192174,-0.011021402192174,0.104773939181218,-0.104773939181218,-0.434852572949248,-0.632553051142063,0.95
hpt_v2_topology2_paper,topology2,fault,deep_lvrt,lvrt_200ms_0.500pu,0.342,recovery,rule_action,0,NaN,0.5,0.5,0.5,1,1,202.500788716755,847.821357452004,0.985519973188845,1.08363342872885,0.0345587068097944,1.05977669681501,-0.0597766968150055,0.0144800268111546,-0.000353736810248302,0.284549799922066,-0.0475201183073032,-0.11537766042322,0,0,0,1,0,1,0,1,0,0.462666666667129,0.787579068816798,1.13584282183886,0.161577630614529,0.88351700929179,-0.0475643300083286,-0.0475643300083286,-0.0475643300083286,-0.0483560866322201,-0.0483560866322201,-0.115408942533038,-0.115408942533038,-0.115408942533038,0.115079443826221,0.115079443826221,0,0,0,0.95,0.95,0,0,0,0.95,0.95,-0.056667823467789,0.056667823467789,-0.0679872202510912,0.0679872202510912,0.12465504371888,-0.12465504371888,0.236035347214977,-0.95,0.755452155439183
hpt_v2_topology2_paper,topology2,fault,deep_lvrt,lvrt_200ms_0.500pu,0.344,recovery,rule_action,0,NaN,0.5,0.5,0.5,1,1,204.379563434407,847.806840495415,0.982505505405261,1.07934280335549,0.028216358451851,1.05975855061927,-0.0597585506192686,0.0174944945947391,0.0211634411410776,0.271857842661049,-0.0460545043397444,-0.115834693494342,0,0,0,0,0,1,0,1,0,0.479333333333813,0.787579068816798,1.13584282183886,-5,-0.525880123945832,-0.0460217260085461,-0.0460217260085461,-0.0460217260085461,-0.0468027941353527,-0.0468027941353527,-0.115924986966138,-0.115924986966138,-0.115924986966138,0.115611852026636,0.115611852026636,0,0,0,0.826542455844124,0.826542455844124,0,0,0,0.95,0.95,0.0180995375770003,-0.0180995375770003,-0.115922386682668,0.115922386682668,0.0978228491056677,-0.0978228491056677,0.801087692681132,-0.95,0.184600993367158
hpt_v2_topology2_paper,topology2,fault,deep_lvrt,lvrt_200ms_0.500pu,0.346,recovery,rule_action,0,NaN,0.5,0.5,0.5,1,1,206.555109302362,847.507568245722,0.983857965434885,1.06440251244294,0.0116800276882001,1.05938446030715,-0.0593844603071532,0.0161420345651154,-0.00994936267826778,0.256810756821838,-0.0452943274398686,-0.117644997842265,0,0,0,0,0,1,0,1,0,0.496000000000496,0.787579068816798,1.13584282183886,-5,-0.499238319780826,-0.0453148922440479,-0.0453148922440479,-0.0453148922440479,-0.0460771846853216,-0.0460771846853216,-0.117633367524671,-0.117633367524671,-0.117633367524671,0.117336872575328,0.117336872575328,0,0,0,0.0177180669070973,0.0177180669070973,0,0,0,0.95,0.95,0.0873983884367004,-0.0873983884367004,-0.122372110363067,0.122372110363067,0.0349737219263665,-0.0349737219263665,0.95,-0.597250453014454,-0.464172482902888
hpt_v2_topology2_paper,topology2,fault,deep_lvrt,lvrt_200ms_0.500pu,0.348,recovery,rule_action,0,NaN,0.5,0.5,0.5,1,1,207.531953392112,848.52590768881,0.986591564509526,1.11390535809651,0.00900265102130154,1.06065738461101,-0.0606573846110121,0.013408435490474,-0.026075957651278,0.265510310687351,-0.0482063997710342,-0.116370095337951,0,0,0,1,0,1,0,1,0,0.512666666667179,0.787579068816798,1.13584282183886,2.86984033748472,1.07728303690591,-0.0482755470885318,-0.0482755470885318,-0.0482755470885318,-0.0490112959833822,-0.0490112959833822,-0.116309255339527,-0.116309255339527,-0.116309255339527,0.11600113874597,0.11600113874597,0,0,0,0.594373380166395,0.594373380166395,0,0,0,0.95,0.95,0.12453043619907,-0.12453043619907,-0.078479604868738,0.078479604868738,-0.0460508313303323,0.0460508313303323,0.873862698946421,0.030138782899735,-0.904001481846156
hpt_v2_topology2_paper,topology2,fault,deep_lvrt,lvrt_200ms_0.500pu,0.35,recovery,rule_action,0,NaN,0.5,0.5,0.5,1,1,201.823667427951,848.465673501691,0.982995414570061,1.08348129692658,0.0338581156413019,1.06058209187711,-0.0605820918771138,0.0170045854299387,-0.00559764599561339,0.269097117553493,-0.0496757895882352,-0.119499001467032,0,0,0,1,0,1,0,1,0,0.529333333333863,0.787579068816798,1.13584282183886,-5,-0.260280912375954,-0.0496102080682173,-0.0496102080682173,-0.0496102080682173,-0.0503327771985798,-0.0503327771985798,-0.119486678379336,-0.119486678379336,-0.119486678379336,0.119184103781405,0.119184103781405,0,0,0,0.490116551432299,0.490116551432299,0,0,0,0.95,0.95,0.11466888080084,-0.11466888080084,-0.00545028942022063,0.00545028942022063,-0.109218591380619,0.109218591380619,0.374089413357266,0.654498685560667,-0.95
hpt_v2_topology2_paper,topology2,fault,deep_lvrt,lvrt_200ms_0.500pu,0.352,recovery,rule_action,0,NaN,0.5,0.5,0.5,1,1,203.335179822038,846.463477488902,0.983582718359582,1.05276427985724,0.0300571409444975,1.05807934686113,-0.0580793468611276,0.0164172816404178,-0.0152507202808009,0.266505975947228,-0.0465904056836631,-0.117464785083871,0,0,0,0,0,1,0,1,0,0.546000000000546,0.787579068816798,1.13584282183886,-5,-0.437686124620917,-0.0465846859092276,-0.0465846859092276,-0.0465846859092276,-0.047282173871656,-0.047282173871656,-0.117564860360821,-0.117564860360821,-0.117564860360821,0.117286083517574,0.117286083517574,0,0,0,0.160288711010432,0.160288711010432,0,0,0,0.95,0.95,0.0579726598269558,-0.0579726598269558,0.068343521874818,-0.068343521874818,-0.126316181701774,0.126316181701774,-0.286235659616392,0.95,-0.743272996105993
hpt_v2_topology2_paper,topology2,fault,deep_lvrt,lvrt_200ms_0.500pu,0.354,recovery,rule_action,0,NaN,0.5,0.5,0.5,1,1,208.105307273169,847.345228559563,0.984711009649792,1.06992887870856,0.0124115569957194,1.05918153569945,-0.0591815356994541,0.0152889903502077,-0.0250156315300216,0.262145433477531,-0.046062497131727,-0.118578461178805,0,0,0,0,0,1,0,1,0,0.562666666667229,0.787579068816798,1.13584282183886,-5,0.364995092059672,-0.0460998517333757,-0.0460998517333757,-0.0460998517333757,-0.0467656543172195,-0.0467656543172195,-0.118513435081522,-0.118513435081522,-0.118513435081522,0.118252290468065,0.118252290468065,0,0,0,-0.565826999013537,-0.565826999013537,0,0,0,0.95,0.95,-0.0187742056159879,0.0187742056159879,0.118307348268204,-0.118307348268204,-0.0995331426522165,0.0995331426522165,-0.832714993172835,0.95,-0.14964722700535
hpt_v2_topology2_paper,topology2,fault,deep_lvrt,lvrt_200ms_0.500pu,0.356,recovery,rule_action,0,NaN,0.5,0.5,0.5,1,1,203.670045274336,849.733187224161,0.984244941502113,1.10348885615744,0.00729864336044268,1.0621664840302,-0.0621664840302008,0.0157550584978867,-0.0193309290914313,0.252511805876461,-0.0488448424329961,-0.118990252856042,0,0,0,1,0,1,0,1,0,0.579333333333913,0.787579068816798,1.13584282183886,3.04876442915014,0.101290332116033,-0.0488301227260518,-0.0488301227260518,-0.0488301227260518,-0.0494545775219851,-0.0494545775219851,-0.118954786477831,-0.118954786477831,-0.118954786477831,0.118696532693881,0.118696532693881,0,0,0,-0.0382490534206551,-0.0382490534206551,0,0,0,0.95,0.95,-0.0920407169618931,0.0920407169618931,0.12378504455005,-0.12378504455005,-0.0317443275881573,0.0317443275881573,-0.95,0.53888913565487,0.486122602003426
hpt_v2_topology2_paper,topology2,fault,deep_lvrt,lvrt_200ms_0.500pu,0.358,recovery,rule_action,0,NaN,0.5,0.5,0.5,1,1,205.908235054271,845.972144960721,0.984644977905022,1.08364332088552,0.00903416989722378,1.0574651812009,-0.0574651812009019,0.0153550220949781,-0.0225482066714048,0.252470774757116,-0.0470494926555242,-0.116570451941396,0,0,0,1,0,1,0,1,0,0.596000000000596,0.787579068816798,1.13584282183886,-5,-0.339872435364263,-0.0470714434533772,-0.0470714434533772,-0.0470714434533772,-0.0476568523968592,-0.0476568523968592,-0.116515461729291,-0.116515461729291,-0.116515461729291,0.116277246400137,0.116277246400137,0,0,0,-0.215316742871886,-0.215316742871886,0,0,0,0.95,0.95,-0.124279006270932,0.124279006270932,0.0782555404372648,-0.0782555404372648,0.0460234658336669,-0.0460234658336669,-0.867281904502639,-0.0947570086264598,0.95
hpt_v2_topology2_paper,topology2,fault,deep_lvrt,lvrt_200ms_0.500pu,0.36,recovery,rule_action,0,NaN,0.5,0.5,0.5,1,1,204.73321088515,849.931000338537,0.984152287906314,1.07003951403751,0.0542662773950852,1.06241375042317,-0.0624137504231714,0.0158477120936861,-0.0360006909637438,0.245005257499233,-0.0478477670438498,-0.116694947080113,0,0,0,0,0,1,0,1,0,0.612666666667279,0.787579068816798,1.13584282183886,-0.237952496199956,0.408007004951028,-0.0478432429489568,-0.0478432429489568,-0.0478432429489568,-0.0483974011845845,-0.0483974011845845,-0.116780946939277,-0.116780946939277,-0.116780946939277,0.116552378879564,0.116552378879564,0,0,0,-0.448850383062162,-0.448850383062162,0,0,0,0.95,0.95,-0.111549646406389,0.111549646406389,0.00466140629640188,-0.00466140629640188,0.106888240109987,-0.106888240109987,-0.346639514545494,-0.691315226484493,0.95
hpt_v2_topology2_paper,topology2,fault,deep_lvrt,lvrt_200ms_0.500pu,0.362,recovery,rule_action,0,NaN,0.5,0.5,0.5,1,1,202.967586542834,849.822736278604,0.986441457790989,1.07544580962606,0.00906701292152772,1.06227842034825,-0.0622784203482545,0.0135585422090111,-0.0503590147474083,0.226011366120199,-0.051423067971651,-0.116891076517409,0,0,0,0,0,1,0,1,0,0.629333333333963,0.787579068816798,1.13584282183886,2.82340224011945,0.225303205207306,-0.0514440676337656,-0.0514440676337656,-0.0514440676337656,-0.0519649800361687,-0.0519649800361687,-0.116882577256668,-0.116882577256668,-0.116882577256668,0.116651917304042,0.116651917304042,0,0,0,-0.92921433940728,-0.92921433940728,0,0,0,0.95,0.95,-0.0529880470494917,0.0529880470494917,-0.0741301379528135,0.0741301379528135,0.127118185002305,-0.127118185002305,0.304162769556403,-0.95,0.683809321018463
hpt_v2_topology2_paper,topology2,fault,deep_lvrt,lvrt_200ms_0.500pu,0.364,recovery,rule_action,0,NaN,0.5,0.5,0.5,1,1,204.643452819026,845.88870745809,0.984814463616113,1.07149664764658,0.0243376468815068,1.05736088432261,-0.0573608843226121,0.0151855363838872,-0.0552693343380794,0.234801949081554,-0.0503974755922406,-0.11742346919102,0,0,0,0,0,1,0,1,0,0.646000000000646,0.787579068816798,1.13584282183886,-1.12597724711438,-1.14532441197834,-0.0503800248107137,-0.0503800248107137,-0.0503800248107137,-0.0508554493083057,-0.0508554493083057,-0.117381577283805,-0.117381577283805,-0.117381577283805,0.117176383547251,0.117176383547251,0,0,0,-0.95,-0.95,0,0,0,0.95,0.95,0.0246544606767613,-0.0246544606767613,-0.120870099130969,0.120870099130969,0.0962156384542078,-0.0962156384542078,0.833730662315542,-0.91698852229461,0.0832578599790679
hpt_v2_topology2_paper,topology2,fault,deep_lvrt,lvrt_200ms_0.500pu,0.366,recovery,rule_action,0,NaN,0.5,0.5,0.5,1,1,204.63879540552,848.750256110277,0.985517808956926,1.09243189346188,0.0169837574948915,1.06093782013785,-0.0609378201378468,0.0144821910430737,-0.0708288124609102,0.234823917523423,-0.0502598533935252,-0.117465997292563,0,0,0,1,0,1,0,1,0,0.662666666667329,0.787579068816798,1.13584282183886,0.630916455150343,-0.000597826351089736,-0.0502666828839851,-0.0502666828839851,-0.0502666828839851,-0.0507053866393292,-0.0507053866393292,-0.117462869224703,-0.117462869224703,-0.117462869224703,0.117274160923943,0.117274160923943,0,0,0,-0.95,-0.95,0,0,0,0.95,0.95,0.0937533871663937,-0.0937533871663937,-0.122049332136831,0.122049332136831,0.0282959449704371,-0.0282959449704371,0.95,-0.486485663838088,-0.539979126086428
hpt_v2_topology2_paper,topology2,fault,deep_lvrt,lvrt_200ms_0.500pu,0.368,recovery,rule_action,0,NaN,0.5,0.5,0.5,1,1,208.238343714714,844.447399071361,0.988176646634246,1.10807724724524,0.0217820767826845,1.0555592488392,-0.0555592488392014,0.0118233533657537,-0.0881787210514671,0.216772033996893,-0.0464586238430002,-0.117238088659649,0,0,0,1,0,1,0,1,0,0.00816666666667483,1.09126107187862,1.10516568585682,2.20755843301856,0.300482685955838,-0.0466011401857041,-0.0466011401857041,-0.0466011401857041,-0.0469890022501783,-0.0469890022501783,-0.117288082089582,-0.117288082089582,-0.117288082089582,0.117133232408198,0.117133232408198,0,0,0,-0.95,-0.95,0,0,0,0.95,0.95,0.124944470689819,-0.124944470689819,-0.0778923450454192,0.0778923450454192,-0.0470521256444002,0.0470521256444002,0.780016550569339,0.134188984398186,-0.914205534967525
hpt_v2_topology2_paper,topology2,fault,deep_lvrt,lvrt_200ms_0.500pu,0.37,recovery,rule_action,0,NaN,0.5,0.5,0.5,1,1,204.181769981158,843.036722380713,0.986333987375334,1.08136927913826,0.0254724969042115,1.05379590297589,-0.0537959029758917,0.0136660126246664,-0.0839231407908594,0.221116726850233,-0.0531982943050023,-0.119567713299527,0,0,0,1,0,1,0,1,0,0.0248333333333582,1.09126107187862,1.10516568585682,-5,-0.992417395456746,-0.0531919317625319,-0.0531919317625319,-0.0531919317625319,-0.0535218369476601,-0.0535218369476601,-0.119529804574471,-0.119529804574471,-0.119529804574471,0.119382447436753,0.119382447436753,0,0,0,-0.95,-0.95,0,0,0,0.95,0.95,0.112794558354152,-0.112794558354152,0.00101010313521629,-0.00101010313521629,-0.113804661489368,0.113804661489368,0.255859117317983,0.707818835952393,-0.95
hpt_v2_topology2_paper,topology2,fault,deep_lvrt,lvrt_200ms_0.500pu,0.372,recovery,rule_action,0,NaN,0.5,0.5,0.5,1,1,203.476215498835,836.568188503648,0.987292796357245,1.05962116012498,0.0103053623729386,1.04571023562956,-0.0457102356295604,0.0127072036427546,-0.099911056099652,0.221301810104223,-0.054474859563732,-0.117290041965029,0,0,0,0,0,1,0,1,0,0.0415000000000415,1.09126107187862,1.10516568585682,-5,-0.524730271550533,-0.0544821042239337,-0.0544821042239337,-0.0544821042239337,-0.054772689865002,-0.054772689865002,-0.117260071508053,-0.117260071508053,-0.117260071508053,0.117124619511414,0.117124619511414,0,0,0,-0.95,-0.95,0,0,0,0.95,0.95,0.0494686262923115,-0.0494686262923115,0.078722486038913,-0.078722486038913,-0.128191112331225,0.128191112331225,-0.391748160705745,0.95,-0.618550577152985
hpt_v2_topology2_paper,topology2,fault,deep_lvrt,lvrt_200ms_0.500pu,0.374,recovery,rule_action,0,NaN,0.5,0.5,0.5,1,1,205.789036252537,829.792935309424,0.986684839738542,1.0875028132751,0.00535595183441947,1.03724116913678,-0.0372411691367802,0.0133151602614583,-0.0998978531264839,0.210702083643794,-0.0528882892071397,-0.118517728976964,0,0,0,1,0,1,0,1,0,0.0581666666667248,1.09126107187862,1.10516568585682,-5,0.141857733443329,-0.0528971758352636,-0.0528971758352636,-0.0528971758352636,-0.0531373144698837,-0.0531373144698837,-0.118449444877323,-0.118449444877323,-0.118449444877323,0.118341911485414,0.118341911485414,0,0,0,-0.95,-0.95,0,0,0,0.95,0.95,-0.028860599576032,0.028860599576032,0.123959227457393,-0.123959227457393,-0.0950986278813609,0.0950986278813609,-0.877426659423833,0.892959642545115,-0.0155329831212824
hpt_v2_topology2_paper,topology2,fault,deep_lvrt,lvrt_200ms_0.500pu,0.376,recovery,rule_action,0,NaN,0.5,0.5,0.5,1,1,202.239450751591,826.986628115163,0.983930567262959,1.09621334114038,0.023242889999088,1.03373328514395,-0.0337332851439534,0.0160694327370405,-0.0934993244333345,0.202841414356258,-0.0510631994024002,-0.119371087466825,0,0,0,1,0,1,0,1,0,0.0748333333334082,1.09126107187862,1.10516568585682,-5,-0.691994891599546,-0.0510082237530426,-0.0510082237530426,-0.0510082237530426,-0.0511851615414877,-0.0511851615414877,-0.119433476087161,-0.119433476087161,-0.119433476087161,0.119357753575856,0.119357753575856,0,0,0,-0.95,-0.95,0,0,0,0.95,0.95,-0.096761058493848,0.096761058493848,0.123397985514714,-0.123397985514714,-0.026636927020866,0.026636927020866,-0.95,0.407106538089021,0.579644715714389
hpt_v2_topology2_paper,topology2,fault,deep_lvrt,lvrt_200ms_0.500pu,0.378,recovery,rule_action,0,NaN,0.5,0.5,0.5,1,1,206.116805601708,816.438229319666,0.984785003953867,1.08512984592089,0.0137735270962716,1.02054778664958,-0.020547786649582,0.0152149960461332,-0.108162353746098,0.189152974970398,-0.0475367909668239,-0.11740149949116,0,0,0,1,0,1,0,1,0,0.0915000000000915,1.09126107187862,1.10516568585682,-5,-0.447519515564876,-0.0475561069412153,-0.0475561069412153,-0.0475561069412153,-0.0476830662209846,-0.0476830662209846,-0.117357135010663,-0.117357135010663,-0.117357135010663,0.117305607884195,0.117305607884195,0,0,0,-0.95,-0.95,0,0,0,0.95,0.95,-0.125759704683166,0.125759704683166,0.0756893348638658,-0.0756893348638658,0.0500703698192997,-0.0500703698192997,-0.750663639392049,-0.224117154311031,0.95
hpt_v2_topology2_paper,topology2,fault,deep_lvrt,lvrt_200ms_0.500pu,0.38,recovery,rule_action,0,NaN,0.5,0.5,0.5,1,1,206.022432148534,801.718727905397,0.984030696987229,1.07047819329098,0.0494079781397082,1.00214840988175,-0.00214840988174658,0.0159693030127707,-0.120145601985646,0.183066592267841,-0.047634167070262,-0.117963304434498,0,0,0,0,0,1,0,1,0,0.108166666666775,1.09126107187862,1.10516568585682,-5,0.163413822210634,-0.0476279811255628,-0.0476279811255628,-0.0476279811255628,-0.0477040923180526,-0.0477040923180526,-0.11800710370209,-0.11800710370209,-0.11800710370209,0.11797635647181,0.11797635647181,0,0,0,-0.95,-0.95,0,0,0,0.95,0.95,-0.110833615938837,0.110833615938837,0.00126417168888853,-0.00126417168888853,0.109569444249949,-0.109569444249949,-0.204476989657003,-0.784193463609002,0.95
hpt_v2_topology2_paper,topology2,fault,deep_lvrt,lvrt_200ms_0.500pu,0.382,recovery,rule_action,0,NaN,0.5,0.5,0.5,1,1,201.521821603847,778.566845077854,0.985921882710323,1.08124223075218,0.0179467683386804,0.973208556347317,0.0267914436526828,0.0140781172896774,-0.118965384808906,0.180130346839304,-0.0514035584089596,-0.115363956243616,0,0,0,1,0,1,0,1,0,0.124833333333458,1.09126107187862,1.10516568585682,1.36580812399711,-0.57773059928079,-0.0514075732733563,-0.0514075732733563,-0.0514075732733563,-0.0514566342732957,-0.0514566342732957,-0.115328902623348,-0.115328902623348,-0.115328902623348,0.115307021292831,0.115307021292831,0,0,0,-0.95,-0.95,0,0,0,0.95,0.95,-0.0480788581298513,0.0480788581298513,-0.077074063250977,0.077074063250977,0.125152921380828,-0.125152921380828,0.450368459618423,-0.95,0.580794425698265
hpt_v2_topology2_paper,topology2,fault,deep_lvrt,lvrt_200ms_0.500pu,0.384,recovery,rule_action,0,NaN,0.5,0.5,0.5,1,1,203.339362122735,760.78629065383,0.9829073830584,1.07372704349407,0.0177414188408482,0.950982863317288,0.0490171366827121,0.0170926169416004,-0.109224186552429,0.161262874332925,-0.0475605728308066,-0.114648533551114,0,0,0,0,0,1,0,1,0,0.141500000000142,1.09126107187862,1.10516568585682,-0.971357653010596,-1.44823569133878,-0.0475192962048554,-0.0475192962048554,-0.0475192962048554,-0.0475382770334639,-0.0475382770334639,-0.114614550002904,-0.114614550002904,-0.114614550002904,0.114606678692224,0.114606678692224,0,0,0,-0.95,-0.95,0,0,0,0.95,0.95,0.0263940278966487,-0.0263940278966487,-0.118189634673178,0.118189634673178,0.0917956067765291,-0.0917956067765291,0.940686998255391,-0.893368417506917,-0.047318580748475
hpt_v2_topology2_paper,topology2,fault,deep_lvrt,lvrt_200ms_0.500pu,0.386,recovery,rule_action,0,NaN,0.5,0.5,0.5,1,1,202.870714996667,739.498637954214,0.982347663074325,1.06980143110872,0.0207363176186002,0.924373297442768,0.0756267025572321,0.0176523369256751,-0.120584396258847,0.152126358839593,-0.045163499369954,-0.114077117927069,0,0,0,0,0,1,0,1,0,0.158166666666825,1.09126107187862,1.10516568585682,-0.999541466355058,0.186083698083706,-0.0451362012964732,-0.0451362012964732,-0.0451362012964732,-0.045136469996417,-0.045136469996417,-0.114163097128731,-0.114163097128731,-0.114163097128731,0.114162990893557,0.114162990893557,0,0,0,-0.95,-0.95,0,0,0,0.95,0.95,0.0904773465877463,-0.0904773465877463,-0.117094462037408,0.117094462037408,0.0266171154496613,-0.0266171154496613,0.95,-0.417305201606928,-0.682967418886447
hpt_v2_topology2_paper,topology2,fault,deep_lvrt,lvrt_200ms_0.500pu,0.388,recovery,rule_action,0,NaN,0.5,0.5,0.5,1,1,206.082761059629,701.559305332065,0.983793674704739,1.05959057718051,0.0349868381415137,0.876949131665081,0.123050868334919,0.0162063252952611,-0.125934623185711,0.167392281143622,-0.0442104310857229,-0.108403892705964,0,0,0,0,0,1,0,1,0,0.174833333333508,1.09126107187862,1.10516568585682,0.531405106372063,-0.293451157791225,-0.0442420391790933,-0.0442420391790933,-0.0442420391790933,-0.0442539691604608,-0.0442539691604608,-0.108317174149656,-0.108317174149656,-0.108317174149656,0.108312300594329,0.108312300594329,0,0,0,-0.95,-0.95,0,0,0,0.95,0.95,0.116398652921024,-0.116398652921024,-0.0684945381386091,0.0684945381386091,-0.0479041147824146,0.0479041147824146,0.823686993281001,0.278697707951062,-0.95
hpt_v2_topology2_paper,topology2,fault,deep_lvrt,lvrt_200ms_0.500pu,0.39,recovery,rule_action,0,NaN,0.5,0.5,0.5,1,1,199.742309983668,682.433963478029,0.980305435797851,1.06158902713854,0.0246690373988942,0.853042454347537,0.146957545652463,0.0196945642021489,-0.08203500544608,0.169146322442934,-0.0437292410659077,-0.103721474972141,0,0,0,0,0,1,0,1,0,0.191500000000192,1.09126107187862,1.10516568585682,-3.76386712112553,-0.962887112359367,-0.0436555696321373,-0.0436555696321373,-0.0436555696321373,-0.0437088898508506,-0.0437088898508506,-0.103607927171295,-0.103607927171295,-0.103607927171295,0.103585444347383,0.103585444347383,0,0,0,-0.95,-0.95,0,0,0,0.95,0.95,0.0966294525206268,-0.0966294525206268,0.00145846108640925,-0.00145846108640925,-0.098087913607036,0.098087913607036,0.201114137214779,0.930690372501235,-0.95
hpt_v2_topology2_paper,topology2,fault,deep_lvrt,lvrt_200ms_0.500pu,0.392,recovery,rule_action,0,NaN,0.5,0.5,0.5,1,1,201.900012585694,669.411461752309,0.979514866961737,1.06176592774891,0.0188046213339972,0.836764327190386,0.163235672809614,0.0204851330382635,-0.0834278834451068,0.137325977553104,-0.0378845953261535,-0.105897062643137,0,0,0,0,0,1,0,1,0,0.208166666666875,1.09126107187862,1.10516568585682,-5,-0.364284406331628,-0.0378634675927819,-0.0378634675927819,-0.0378634675927819,-0.0379484388637545,-0.0379484388637545,-0.105911245914555,-0.105911245914555,-0.105911245914555,0.105880830073847,0.105880830073847,0,0,0,-0.95,-0.95,0,0,0,0.95,0.95,0.0500608671160197,-0.0500608671160197,0.0621966140229231,-0.0621966140229231,-0.112257481138943,0.112257481138943,-0.53043221415781,0.95,-0.715206936992112
hpt_v2_topology2_paper,topology2,fault,deep_lvrt,lvrt_200ms_0.500pu,0.394,recovery,rule_action,0,NaN,0.5,0.5,0.5,1,1,202.576150888266,653.376294674708,0.978746244511113,1.05981271556925,0.0249070934363314,0.816720368343385,0.183279631656615,0.0212537554888871,-0.0833957482599923,0.126508662649061,-0.0355845484896848,-0.100976871996791,0,0,0,0,0,1,0,1,0,0.224833333333558,1.09126107187862,1.10516568585682,0.860027822488174,0.173915504951827,-0.0355694037950661,-0.0355694037950661,-0.0355694037950661,-0.0356993122607187,-0.0356993122607187,-0.100917939104326,-0.100917939104326,-0.100917939104326,0.100872057694451,0.100872057694451,0,0,0,-0.95,-0.95,0,0,0,0.95,0.95,-0.0171960482751545,0.0171960482751545,0.100060757708905,-0.100060757708905,-0.0828647094337502,0.0828647094337502,-0.95,0.95,0.00222718292391353
hpt_v2_topology2_paper,topology2,fault,deep_lvrt,lvrt_200ms_0.500pu,0.396,recovery,rule_action,0,NaN,0.5,0.5,0.5,1,1,200.846554592218,637.12272524499,0.976648485341447,1.05705162890377,0.00920156936182233,0.796403406556237,0.203596593443763,0.023351514658553,-0.0651513408590954,0.131796858832202,-0.0332884623263967,-0.0840144396396631,0,0,0,0,0,1,0,1,0,0.241500000000242,1.09126107187862,1.10516568585682,0.822728680924367,-0.508208012530598,-0.0332367117923878,-0.0332367117923878,-0.0332367117923878,-0.0333873028079748,-0.0333873028079748,-0.0837144174389461,-0.0837144174389461,-0.0837144174389461,0.0836544721405913,0.0836544721405913,0,0,0,-0.95,-0.95,0,0,0,0.95,0.95,-0.0663176194603901,0.0663176194603901,0.0859420176211943,-0.0859420176211943,-0.0196243981608043,0.0196243981608043,-0.95,0.510988684292532,0.775468686172234
hpt_v2_topology2_paper,topology2,fault,deep_lvrt,lvrt_200ms_0.500pu,0.398,recovery,rule_action,0,NaN,0.5,0.5,0.5,1,1,201.924026809349,633.830413298531,0.971891414362007,1.05070565267163,0.0105659741947495,0.792288016623163,0.207711983376837,0.0281085856379932,-0.0632459068342457,0.092472079293366,-0.0242893304748372,-0.065442498987995,0,0,0,0,0,1,0,1,0,0.258166666666925,1.09126107187862,1.10516568585682,-5,-0.9396991974292,-0.024205231639789,-0.024205231639789,-0.024205231639789,-0.0243496656201327,-0.0243496656201327,-0.0651843331659799,-0.0651843331659799,-0.0651843331659799,0.0651305175260956,0.0651305175260956,0,0,0,-0.95,-0.95,0,0,0,0.95,0.95,-0.0688739132948029,0.0688739132948029,0.042710767581123,-0.042710767581123,0.0261631457136798,-0.0261631457136798,-0.95,-0.281469653360321,0.95
hpt_v2_topology2_paper,topology2,fault,deep_lvrt,lvrt_200ms_0.500pu,0.4,tail,rule_action,0,NaN,0.5,0.5,0.5,1,1,204.403641438228,607.070928612114,0.974365299507784,1.05447642305032,0.0296854030797957,0.758838660765143,0.241161339234857,0.0256347004922163,-0.0729127583300419,0.0887398509566971,-0.00912970428213535,-0.0212787614600626,0,0,0,0,0,1,0,1,0,0.274833333333608,1.09126107187862,1.10516568585682,1.84796309189017,0.250400006784335,-0.00900797489170688,-0.00900797489170688,-0.00900797489170688,-0.00906958098114425,-0.00906958098114425,-0.0209950446405951,-0.0209950446405951,-0.0209950446405951,0.020968505238492,0.020968505238492,0,0,0,-0.95,-0.95,0,0,0,0.95,0.95,-0.0196237283985101,0.0196237283985101,-0.000318959860947756,0.000318959860947756,0.0199426882594578,-0.0199426882594578,-0.3222263510354,-0.95,0.95
hpt_v2_topology2_paper,topology2,fault,deep_lvrt,lvrt_200ms_0.500pu,0.402,tail,rule_action,0,NaN,0.5,0.5,0.5,1,1,202.947103427636,571.35846925594,0.977177330571891,1.04132881526271,0.0119428237275127,0.714198086569924,0.285801913430076,0.0228226694281092,-0.0658489852686549,0.105624216408082,-0.00238507667144219,-0.00555893991603724,0,0,0,0,0,1,0,1,0,0.291500000000292,1.09126107187862,1.10516568585682,1.43663598136401,-0.300049194272844,-0.00235327564915629,-0.00235327564915629,-0.00235327564915629,-0.00237561125574241,-0.00237561125574241,-0.00548482071715675,-0.00548482071715675,-0.00548482071715675,0.00547518362631371,0.00547518362631371,0,0,0,-0.95,-0.95,0,0,0,0.95,0.95,-0.00238142928931822,0.00238142928931822,-0.00354874411559832,0.00354874411559832,0.00593017340491654,-0.00593017340491654,0.574288633982724,-0.95,0.865601224469516
hpt_v2_topology2_paper,topology2,fault,deep_lvrt,lvrt_200ms_0.500pu,0.404,tail,rule_action,0,NaN,0.5,0.5,0.5,1,1,199.856971844514,552.068250200903,0.974804182853102,1.01295472091489,0.0111290052960208,0.690085312751129,0.309914687248871,0.0251958171468976,-0.0331811968991254,0.0928187046987131,-0.000623085978785638,-0.00145223738929123,0,0,0,0,0,1,0,1,0,0.308166666666975,1.09126107187862,1.10516568585682,-5,-0.565612436434382,-0.000614778165735163,-0.000614778165735163,-0.000614778165735163,-0.000622466257330536,-0.000622466257330536,-0.00143287422410068,-0.00143287422410068,-0.00143287422410068,0.00142955115111064,0.00142955115111064,0,0,0,-0.95,-0.95,0,0,0,0.95,0.95,0.00032711281869918,-0.00032711281869918,-0.00148380580027906,0.00148380580027906,0.00115669298157988,-0.00115669298157988,0.95,-0.95,0.0241799046558645
