model,topology,scenario_type,condition_class,case_name,t,window_zone,action_source,actor_select_mode,grid_V,fault_pu,grid_pu,fault_a_pu,fault_b_pu,fault_c_pu,lv_rms_inst,vdc_inst,obs_01,obs_02,obs_03,obs_04,obs_05,obs_06,obs_07,obs_08,obs_09,obs_10,obs_11,obs_12,obs_13,obs_14,obs_15,obs_16,obs_17,obs_18,obs_19,obs_20,obs_21,obs_22,obs_23,obs_24,action_01,actor_action_01,cmd_action_01,meas_action_01,teacher_action_01,action_02,actor_action_02,cmd_action_02,meas_action_02,teacher_action_02,action_03,actor_action_03,cmd_action_03,meas_action_03,teacher_action_03,action_04,actor_action_04,cmd_action_04,meas_action_04,teacher_action_04,mref_01,mref_02,mref_03,mref_04,mref_05,mref_06,menergy_01,menergy_02,menergy_03
hpt_v2_topology2_paper,topology2,fault,deep_lvrt,lvrt_200ms_0.575pu,0,prefault,rule_action,0,NaN,0.575,0.575,0.575,1,1,1.59571870491636,799.999999999999,0.00770878601408869,1,1,0.999999999999999,9.99200722162641e-16,0.992291213985911,-3.74154734478252e-09,-9.16296000993556e-07,0,0,0,0,0,0,0,1,0,0,0,0,1,1,0,-9.99200722162641e-13,0.00791548465140535,0.00791548465140535,0.00791548465140535,0.00791511895402981,0.00791511895402981,-0.00115978564112783,-0.00115978564112783,-0.00115978564112783,0.00116227877187791,0.00116227877187791,0,0,0,3.74079394561572e-05,3.74079394561572e-05,0,0,0,8.26086669215458e-20,8.26086669215458e-20,-0.00626875697245669,0.00626875697245669,-0.00116992337530585,0.00116992337530585,0.00743868034776254,-0.00743868034776254,1.77635683940025e-17,0.016246300864286,-0.0162463008642861
hpt_v2_topology2_paper,topology2,fault,deep_lvrt,lvrt_200ms_0.575pu,0.002,prefault,rule_action,0,NaN,0.575,0.575,0.575,1,1,125.124988312347,803.136924889596,0.137612622435518,2.1471418192046,2.1471418192046,1.00392115611199,-0.00392115611199473,0.862387377564482,-0.0717414735080924,-0.237449200345437,0.42554783817692,0.112084495646375,0,0,0,1,0,1,0,0,0,0,1,1,-5,-0.0005852920614835,0.427169239042628,0.427169239042628,0.427169239042628,0.430485796487381,0.430485796487381,0.113872953123053,0.113872953123053,0.113872953123053,-0.100611069270973,-0.100611069270973,0,0,0,0.95,0.95,0,0,0,-0.95,-0.95,-0.342384963242,0.342384963242,-0.0710054929519689,0.0710054929519689,0.413390456193968,-0.413390456193968,-0.0159080116758815,-0.0528159616563993,0.0687239733322808
hpt_v2_topology2_paper,topology2,fault,deep_lvrt,lvrt_200ms_0.575pu,0.004,prefault,rule_action,0,NaN,0.575,0.575,0.575,1,1,168.90629493469,821.260021079123,0.33639159451339,2.12344143547731,2.12344143547731,1.0265750263489,-0.0265750263489037,0.66360840548661,-0.184669801591395,-0.440867205822374,0.533512465071112,0.157614192696169,0,0,0,1,0,1,0,0,0,0,1,1,-5,-0.0757308357948183,0.53421095682381,0.53421095682381,0.53421095682381,0.542613669918304,0.542613669918304,0.157236848810247,0.157236848810247,0.157236848810247,-0.12520055204422,-0.12520055204422,0,0,0,0.95,0.95,0,0,0,-0.95,-0.95,-0.251874392479427,0.251874392479427,-0.304176797453389,0.304176797453389,0.556051189932816,-0.556051189932816,0.0658412642778602,-0.221189636917423,0.155348372639563
hpt_v2_topology2_paper,topology2,fault,deep_lvrt,lvrt_200ms_0.575pu,0.006,prefault,rule_action,0,NaN,0.575,0.575,0.575,1,1,192.971896269114,848.075668574059,0.514216327315169,2.55240201748593,0.675977553153259,1.06009458571757,-0.0600945857175732,0.485783672684831,-0.253864342919063,-0.540529711430265,0.550385756566251,0.204694913351125,0,0,0,1,0,1,0,0,0,0,1,1,-5,-0.833050998430229,0.550422154598374,0.550422154598374,0.550422154598374,0.566058361341568,0.566058361341568,0.205065844911869,0.205065844911869,0.205065844911869,-0.156826275150033,-0.156826275150033,0,0,0,0.95,0.95,0,0,0,-0.95,-0.95,-0.0490094528181542,0.0490094528181542,-0.482408448520762,0.482408448520762,0.531417901338917,-0.531417901338917,0.263542264190457,-0.363742978330853,0.100200714140396
hpt_v2_topology2_paper,topology2,fault,deep_lvrt,lvrt_200ms_0.575pu,0.008,prefault,rule_action,0,NaN,0.575,0.575,0.575,1,1,207.055883566082,848.525338267357,0.667906689140709,2.289935865297,0.172703582999863,1.0606566728342,-0.0606566728341962,0.332093310859291,-0.262400245265613,-0.539438566500987,0.548953929882805,0.228097769048406,0,0,0,1,0,1,0,0,0,0,1,1,-5,-2.00210029200543,0.548929916192436,0.548929916192436,0.548929916192436,0.570977906716519,0.570977906716519,0.228339382879725,0.228339382879725,0.228339382879725,-0.165671834379143,-0.165671834379143,0,0,0,0.95,0.95,0,0,0,-0.95,-0.95,0.200208632289993,-0.200208632289993,-0.584907959557589,0.584907959557589,0.384699327267596,-0.384699327267596,0.465961935343237,-0.388317405613965,-0.0776445297292718
hpt_v2_topology2_paper,topology2,fault,deep_lvrt,lvrt_200ms_0.575pu,0.01,prefault,rule_action,0,NaN,0.575,0.575,0.575,1,1,215.730650576302,848.405768070809,0.787692932773457,1.91174004308966,0.0191440395634174,1.06050721008851,-0.0605072100885107,0.212307067226543,-0.205184234964237,-0.495568843841206,0.549815717109995,0.224235864626964,0,0,0,1,0,1,0,0,0,0,1,1,-4.85980186812163,-2.22344266028807,0.55032948628739,0.55032948628739,0.55032948628739,0.575018386866164,0.575018386866164,0.219677124017499,0.219677124017499,0.219677124017499,-0.143088913126688,-0.143088913126688,0,0,0,0.95,0.95,0,0,0,-0.95,-0.95,0.43618892157619,-0.43618892157619,-0.565434143578741,0.565434143578741,0.129245222002551,-0.129245222002551,0.570973048157792,-0.216866709546156,-0.354106338611635
hpt_v2_topology2_paper,topology2,fault,deep_lvrt,lvrt_200ms_0.575pu,0.012,prefault,rule_action,0,NaN,0.575,0.575,0.575,1,1,222.67978448028,849.32191896435,0.874818236297646,1.54544315723336,0.0482873137382779,1.06165239870544,-0.0616523987054372,0.125181763702354,-0.0868006297864586,-0.431602855741432,0.548537977832631,0.232963934695377,0,0,0,1,0,1,0,0,0,0,1,1,-3.11791910186887,-0.995838325919651,0.548464386117618,0.548464386117618,0.548464386117618,0.578320784981844,0.578320784981844,0.233260513812222,0.233260513812222,0.233260513812222,-0.144113565639397,-0.144113565639397,0,0,0,0.95,0.95,0,0,0,-0.95,-0.95,0.57140515757307,-0.57140515757307,-0.432467176124106,0.432467176124106,-0.138937981448964,0.138937981448964,0.466229207276377,0.113921984579347,-0.580151191855724
hpt_v2_topology2_paper,topology2,fault,deep_lvrt,lvrt_200ms_0.575pu,0.014,prefault,rule_action,0,NaN,0.575,0.575,0.575,1,1,224.62356464357,848.803765041978,0.940805229201482,1.4195203135118,0.13749003193922,1.06100470630247,-0.0610047063024728,0.0591947707985178,0.0748885541725063,-0.379123803342907,0.455669212365458,0.240658565230975,0,0,0,1,0,1,0,0,0,0,1,1,-5,0.62257496241358,0.453789771326975,0.453789771326975,0.453789771326975,0.489256175602717,0.489256175602717,0.241049784361229,0.241049784361229,0.241049784361229,-0.157030410227404,-0.157030410227404,0,0,0,0.95,0.95,0,0,0,-0.95,-0.95,0.510743955399479,-0.510743955399479,-0.206606463826113,0.206606463826113,-0.304137491573365,0.304137491573365,0.152319896003256,0.45992114273697,-0.612241038740227
hpt_v2_topology2_paper,topology2,fault,deep_lvrt,lvrt_200ms_0.575pu,0.016,prefault,rule_action,0,NaN,0.575,0.575,0.575,1,1,217.467164392616,847.27202954821,0.981643178731024,1.29726378396098,0.0330440091315249,1.05909003693526,-0.0590900369352623,0.0183568212689756,0.242789224761721,-0.327442344399025,0.247155009281256,0.238445367728354,0,0,0,1,0,1,0,0,0,0,1,1,-1.38021369894115,-0.000612462019988769,0.245200581136097,0.245200581136097,0.245200581136097,0.286988247513417,0.286988247513417,0.238866096158643,0.238866096158643,0.238866096158643,-0.186596041417624,-0.186596041417624,0,0,0,0.95,0.95,0,0,0,-0.95,-0.95,0.32572795768402,-0.32572795768402,-0.0716980540131007,0.0716980540131007,-0.254029903670919,0.254029903670919,-0.257242915683309,0.665029946125405,-0.407787030442096
hpt_v2_topology2_paper,topology2,fault,deep_lvrt,lvrt_200ms_0.575pu,0.018,prefault,rule_action,0,NaN,0.575,0.575,0.575,1,1,208.759344355007,851.299788442706,0.99694808500736,1.16386288909569,0.0420258773888894,1.06412473555338,-0.0641247355533821,0.00305191499263979,0.404616366406307,-0.277188680068836,0.0932018088687471,0.219421564476174,0,0,0,1,0,1,0,0,0,0,1,1,-0.819281723587473,-0.797632091661171,0.0921830594913856,0.0921830594913856,0.0921830594913856,0.136649351780668,0.136649351780668,0.220095943616492,0.220095943616492,0.220095943616492,-0.195619261606697,-0.195619261606697,0,0,0,0.95,0.95,0,0,0,-0.619735227821744,-0.619735227821744,0.220429688500619,-0.220429688500619,-0.0310756001241512,0.0310756001241512,-0.189354088376468,0.189354088376468,-0.6100810271685,0.592458718087875,0.0176223090806252
hpt_v2_topology2_paper,topology2,fault,deep_lvrt,lvrt_200ms_0.575pu,0.02,prefault,rule_action,0,NaN,0.575,0.575,0.575,1,1,193.273845831036,851.538104750485,0.984022575748929,1.10585046811061,0.0184954639390516,1.06442263093811,-0.0644226309381062,0.0159774242510707,0.521344540012303,-0.248012856507914,0.0601438810579789,0.173352838953226,0,0,0,1,0,1,0,0,0,0,1,1,-5,-1.18847030341773,0.0605344218083511,0.0605344218083511,0.0605344218083511,0.0973692065392213,0.0973692065392213,0.169441467767183,0.169441467767183,0.169441467767183,-0.151307847915074,-0.151307847915074,0,0,0,0.95,0.95,0,0,0,-0.00973349808431863,-0.00973349808431863,0.122258490765078,-0.122258490765078,0.0531982075496433,-0.0531982075496433,-0.175456698314722,0.175456698314722,-0.745234844200256,0.265178957327146,0.48005588687311
hpt_v2_topology2_paper,topology2,fault,deep_lvrt,lvrt_200ms_0.575pu,0.022,prefault,rule_action,0,NaN,0.575,0.575,0.575,1,1,192.359882566038,854.782634602377,0.962419007435705,1.10186626400975,0.0295153158774039,1.06847829325297,-0.0684782932529719,0.0375809925642954,0.581048028354703,-0.196663712499734,0.138685416202426,0.189535352875063,0,0,0,1,0,1,0,0,0,0,1,1,-1.00118486441203,-1.99313246395705,0.139642255557508,0.139642255557508,0.139642255557508,0.181106404365937,0.181106404365937,0.190608214836729,0.190608214836729,0.190608214836729,-0.151762714123314,-0.151762714123314,0,0,0,0.95,0.95,0,0,0,0.208125417407431,0.208125417407431,-0.00894325001386995,0.00894325001386995,0.208955370167074,-0.208955370167074,-0.200012120153204,0.200012120153204,-0.563229967503058,-0.216507508689094,0.779737476192153
hpt_v2_topology2_paper,topology2,fault,deep_lvrt,lvrt_200ms_0.575pu,0.024,prefault,rule_action,0,NaN,0.575,0.575,0.575,1,1,206.276888435307,852.934487538606,0.95857037339853,1.03889105405607,0.0421473100442552,1.06616810942326,-0.0661681094232569,0.0414296266014704,0.593497387567946,-0.119600035216697,0.21119772185199,0.229522938098814,0,0,0,0,0,1,0,0,0,0,1,1,2.1183062441088,-0.465286724982805,0.211475155168669,0.211475155168669,0.211475155168669,0.261764556854099,0.261764556854099,0.230062632257496,0.230062632257496,0.230062632257496,-0.170674757330537,-0.170674757330537,0,0,0,0.95,0.95,0,0,0,0.95,0.95,-0.191409706037454,0.191409706037454,0.309619930414261,-0.309619930414261,-0.118210224376807,0.118210224376807,-0.117506726809612,-0.669632161775931,0.787138888585542
hpt_v2_topology2_paper,topology2,fault,deep_lvrt,lvrt_200ms_0.575pu,0.026,prefault,rule_action,0,NaN,0.575,0.575,0.575,1,1,206.41270218239,855.947059058079,0.968660983767811,1.03998967949354,0.0681082976088385,1.0699338238226,-0.0699338238225988,0.031339016232189,0.602640280087663,-0.0513077994623725,0.198746059935128,0.230764454361244,0,0,0,0,0,1,0,0,0,0,1,1,-2.17700016667965,1.78387544805481,0.198436091130787,0.198436091130787,0.198436091130787,0.250345848326986,0.250345848326986,0.23128759496976,0.23128759496976,0.23128759496976,-0.173775113510548,-0.173775113510548,0,0,0,0.95,0.95,0,0,0,0.95,0.95,-0.277852553284803,0.277852553284803,0.24733104758196,-0.24733104758196,0.030521505702843,-0.030521505702843,0.405714394332674,-0.860069440570697,0.454355046238024
hpt_v2_topology2_paper,topology2,fault,deep_lvrt,lvrt_200ms_0.575pu,0.028,prefault,rule_action,0,NaN,0.575,0.575,0.575,1,1,202.728562454008,853.870213657901,0.976921608306415,1.02450440500206,0.0251333556636852,1.06733776707238,-0.0673377670723758,0.0230783916935853,0.607669995809386,0.0470574195149722,0.154544637482856,0.223490355169741,0,0,0,0,0,1,0,0,0,0,1,1,-3.68699494951641,-1.81481882100698,0.15420722873478,0.15420722873478,0.15420722873478,0.206212243584076,0.206212243584076,0.224110483767478,0.224110483767478,0.224110483767478,-0.177431363982175,-0.177431363982175,0,0,0,0.95,0.95,0,0,0,0.95,0.95,-0.272039258500337,0.272039258500337,0.136142602236042,-0.136142602236042,0.135896656264295,-0.135896656264295,0.841653005999758,-0.760436735343628,-0.08121627065613
hpt_v2_topology2_paper,topology2,fault,deep_lvrt,lvrt_200ms_0.575pu,0.03,prefault,rule_action,0,NaN,0.575,0.575,0.575,1,1,201.633630441215,852.545148754604,0.974273818299063,0.998881825026389,0.0226221930299801,1.06568143594325,-0.0656814359432545,0.0257261817009371,0.601097972157235,0.131926897033822,0.141812277300029,0.218773138358347,0,0,0,0,0,1,0,0,0,0,1,1,-5,-0.416853734528599,0.14184233514829,0.14184233514829,0.14184233514829,0.19305479131331,0.19305479131331,0.219203948477029,0.219203948477029,0.219203948477029,-0.175782441157285,-0.175782441157285,0,0,0,0.95,0.95,0,0,0,0.95,0.95,-0.22829458123393,0.22829458123393,0.0044276367914157,-0.0044276367914157,0.223866944442514,-0.223866944442514,0.935148190636013,-0.294420975297933,-0.640727215338081
hpt_v2_topology2_paper,topology2,fault,deep_lvrt,lvrt_200ms_0.575pu,0.032,prefault,rule_action,0,NaN,0.575,0.575,0.575,1,1,198.959181710886,856.093653107204,0.9718818047657,1.02152193491684,0.0552401446291561,1.070117066384,-0.0701170663840047,0.0281181952343001,0.579862042676076,0.210140614940237,0.14864159783395,0.193137479787187,0,0,0,0,0,1,0,0,0,0,1,1,-5,2.07536335493663,0.148759201770819,0.148759201770819,0.148759201770819,0.192775500859744,0.192775500859744,0.193325547283957,0.193325547283957,0.193325547283957,-0.149471313677266,-0.149471313677266,0,0,0,0.95,0.95,0,0,0,0.95,0.95,-0.103356012014403,0.103356012014403,-0.139675597547732,0.139675597547732,0.243031609562135,-0.243031609562135,0.617414231186125,0.312081402770899,-0.929495633957024
hpt_v2_topology2_paper,topology2,fault,deep_lvrt,lvrt_200ms_0.575pu,0.034,prefault,rule_action,0,NaN,0.575,0.575,0.575,1,1,197.705184529345,851.530955118227,0.96778838875902,1.03220578724279,0.0476266465690588,1.06441369389778,-0.0644136938977835,0.0322116112409803,0.575589204725767,0.28576601823362,0.164850840231465,0.131158533749339,0,0,0,0,0,1,0,0,0,0,1,1,-5,-1.34004399891996,0.165057962667329,0.165057962667329,0.165057962667329,0.192313211051378,0.192313211051378,0.130844845315667,0.130844845315667,0.130844845315667,-0.0859077030345835,-0.0859077030345835,0,0,0,0.95,0.95,0,0,0,0.95,0.95,0.0747418535555428,-0.0747418535555428,-0.207910130289717,0.207910130289717,0.133168276734175,-0.133168276734175,0.057677071632028,0.808180526049833,-0.865857597681861
hpt_v2_topology2_paper,topology2,fault,deep_lvrt,lvrt_200ms_0.575pu,0.036,prefault,rule_action,0,NaN,0.575,0.575,0.575,1,1,197.402926740341,855.898851511483,0.963144346866064,1.01184766892,0.0341906877407014,1.06987356438935,-0.0698735643893535,0.0368556531339357,0.572823486071145,0.345231096650088,0.188400958033114,0.0387259187799148,0,0,0,0,0,1,0,0,0,0,1,1,-5,-1.82323509270588,0.188640834026623,0.188640834026623,0.188640834026623,0.19217229932417,0.19217229932417,0.0376800817838418,0.0376800817838418,0.0376800817838418,0.00865795576095374,0.00865795576095374,0,0,0,0.95,0.95,0,0,0,0.95,0.95,0.189662869356354,-0.189662869356354,-0.12266777081925,0.12266777081925,-0.0669950985371039,0.0669950985371039,-0.5367863682576,0.95,-0.469987882715277
hpt_v2_topology2_paper,topology2,fault,deep_lvrt,lvrt_200ms_0.575pu,0.038,prefault,rule_action,0,NaN,0.575,0.575,0.575,1,1,201.971692191681,866.543218886071,0.958982768643401,1.05128648060896,0.011252319234669,1.08317902360759,-0.0831790236075891,0.0410172313565988,0.560870012489467,0.357262387787582,0.216076092719215,-0.0926255646693876,0,0,0,0,0,1,0,0,0,0,1,1,-2.31249174343939,3.05891770643019,0.216257698090911,0.216257698090911,0.216257698090911,0.189345254902868,0.189345254902868,-0.0925872781331462,-0.0925872781331462,-0.0925872781331462,0.139600037612646,0.139600037612646,0,0,0,0.95,0.95,0,0,0,0.95,0.95,0.123646733890396,-0.123646733890396,0.111492705420989,-0.111492705420989,-0.235139439311385,0.235139439311385,-0.925942129144818,0.778792341608309,0.147149787536509
hpt_v2_topology2_paper,topology2,fault,deep_lvrt,lvrt_200ms_0.575pu,0.04,prefault,rule_action,0,NaN,0.575,0.575,0.575,1,1,203.655491592591,869.357645185733,0.964432922242232,1.05144705620127,0.0217978408396998,1.08669705648217,-0.0866970564821665,0.0355670777577682,0.573141407913446,0.357202429030825,0.212810058196332,-0.199994032365149,0,0,0,0,0,1,0,0,0,0,1,1,-4.60771157314754,0.153514186959969,0.21262826589296,0.21262826589296,0.21262826589296,0.164615955146316,0.164615955146316,-0.200927445266947,-0.200927445266947,-0.200927445266947,0.241835078161575,0.241835078161575,0,0,0,0.95,0.95,0,0,0,0.95,0.95,-0.113918879028587,0.113918879028587,0.290312883969833,-0.290312883969833,-0.176394004941246,0.176394004941246,-0.95,0.270406634609379,0.699399279688906
hpt_v2_topology2_paper,topology2,fault,deep_lvrt,lvrt_200ms_0.575pu,0.042,prefault,rule_action,0,NaN,0.575,0.575,0.575,1,1,206.876178981293,892.053095478236,0.972965810489358,1.03461258311141,0.0391952878749193,1.11506636934779,-0.115066369347795,0.027034189510642,0.556218493894803,0.368363800039018,0.183318846191944,-0.229431860821203,0,0,0,0,0,1,0,0,0,0,1,1,-5,-2.37573580463257,0.182893147726179,0.182893147726179,0.182893147726179,0.133837206997395,0.133837206997395,-0.229972769343587,-0.229972769343587,-0.229972769343587,0.261581689244269,0.261581689244269,0,0,0,0.95,0.95,0,0,0,0.95,0.95,-0.268668641139308,0.268668641139308,0.237367832325926,-0.237367832325926,0.0313008088133811,-0.0313008088133811,-0.64023669742564,-0.377681142650852,0.95
hpt_v2_topology2_paper,topology2,fault,deep_lvrt,lvrt_200ms_0.575pu,0.044,prefault,rule_action,0,NaN,0.575,0.575,0.575,1,1,203.450011501413,907.98303444775,0.978301608913606,1.03589430873393,0.0271961331250737,1.13497879305969,-0.134978793059687,0.0216983910863937,0.551014906024075,0.389156282928887,0.144464025122204,-0.209776441303248,0,0,0,0,0,1,0,0,0,0,1,1,-5,-0.522782986883019,0.144157984655025,0.144157984655025,0.144157984655025,0.10396824448128,0.10396824448128,-0.210579422085871,-0.210579422085871,-0.210579422085871,0.233057550157249,0.233057550157249,0,0,0,0.95,0.95,0,0,0,0.95,0.95,-0.245852331031983,0.245852331031983,0.063669211038322,-0.063669211038322,0.182183119993661,-0.182183119993661,-0.0179310454452795,-0.878802957857186,0.896734003302466
hpt_v2_topology2_paper,topology2,fault,deep_lvrt,lvrt_200ms_0.575pu,0.046,prefault,rule_action,0,NaN,0.575,0.575,0.575,1,1,202.066243012559,934.408865527765,0.980223051499295,1.06586119142059,0.0218579047906184,1.16801108190971,-0.168011081909706,0.019776948500705,0.538863629413476,0.373261535481506,0.121179828945381,-0.235431696068833,0,0,0,0,0,1,0,0,0,0,1,1,-2.93394640562217,1.04222792001418,0.121040776714162,0.121040776714162,0.121040776714162,0.0815267098754442,0.0815267098754442,-0.235892606787915,-0.235892606787915,-0.235892606787915,0.252288698006174,0.252288698006174,0,0,0,0.95,0.95,0,0,0,0.95,0.95,-0.13895612285228,0.13895612285228,-0.126073825844146,0.126073825844146,0.265029948696426,-0.265029948696426,0.577432635177933,-0.95,0.397279960999304
hpt_v2_topology2_paper,topology2,fault,deep_lvrt,lvrt_200ms_0.575pu,0.048,prefault,rule_action,0,NaN,0.575,0.575,0.575,1,1,202.668760365666,952.00461310617,0.981283116509926,1.04315438709888,0.048583731329267,1.19000576638271,-0.190005766382713,0.0187168834900741,0.506454512381219,0.38266104703814,0.111723456077203,-0.221094430512979,0,0,0,0,0,1,0,0,0,0,1,1,-5,-2.24364755337736,0.111631337296766,0.111631337296766,0.111631337296766,0.0791309304717335,0.0791309304717335,-0.221746504772806,-0.221746504772806,-0.221746504772806,0.235311206040635,0.235311206040635,0,0,0,0.95,0.95,0,0,0,0.95,0.95,0.019883453184905,-0.019883453184905,-0.224250585721743,0.224250585721743,0.204367132536838,-0.204367132536838,0.95,-0.714611521592354,-0.266485897302482
hpt_v2_topology2_paper,topology2,fault,deep_lvrt,lvrt_200ms_0.575pu,0.05,prefault,rule_action,0,NaN,0.575,0.575,0.575,1,1,205.947314578053,963.786965190547,0.985121758035546,1.10222225652522,0.033259907108592,1.20473370648818,-0.204733706488184,0.0148782419644535,0.461419907844073,0.393917447283319,0.100502122261286,-0.224836470377643,0,0,0,1,0,1,0,0,0,0,1,1,-5,-0.717608980180362,0.100273002697815,0.100273002697815,0.100273002697815,0.0720411073438342,0.0720411073438342,-0.225438650772608,-0.225438650772608,-0.225438650772608,0.235981650102045,0.235981650102045,0,0,0,0.95,0.95,0,0,0,0.95,0.95,0.169076442876125,-0.169076442876125,-0.240158954624308,0.240158954624308,0.0710825117481831,-0.0710825117481831,0.91747629268533,-0.145872504438974,-0.771603788246356
hpt_v2_topology2_paper,topology2,fault,deep_lvrt,lvrt_200ms_0.575pu,0.052,prefault,rule_action,0,NaN,0.575,0.575,0.575,1,1,204.651575022499,967.286102400678,0.989490033323477,1.10752919834395,0.0563047530054306,1.20910762800085,-0.209107628000848,0.0105099666765232,0.428508093737877,0.394124992443723,0.0774802353498866,-0.2387748127675,0,0,0,1,0,1,0,0,0,0,1,1,-5,0.976979443651382,0.0772319097237351,0.0772319097237351,0.0772319097237351,0.0524080291271926,0.0524080291271926,-0.239191148597267,-0.239191148597267,-0.239191148597267,0.24582630438962,0.24582630438962,0,0,0,0.95,0.95,0,0,0,0.95,0.95,0.2505700887839,-0.2505700887839,-0.1424271866228,0.1424271866228,-0.108142902161099,0.108142902161099,0.488508096039585,0.480794878144462,-0.95
hpt_v2_topology2_paper,topology2,fault,deep_lvrt,lvrt_200ms_0.575pu,0.054,prefault,rule_action,0,NaN,0.575,0.575,0.575,1,1,203.458413880062,964.123394647351,0.989627639460306,1.0859799327649,0.0768417066357202,1.20515424330919,-0.205154243309189,0.0103723605396941,0.400197751368858,0.412840328276715,0.0655077953351582,-0.21234722654329,0,0,0,1,0,1,0,0,0,0,1,1,-5,-2.18457941258121,0.0654088276509866,0.0654088276509866,0.0654088276509866,0.0476401976844659,0.0476401976844659,-0.213115930189379,-0.213115930189379,-0.213115930189379,0.217777698582168,0.217777698582168,0,0,0,0.95,0.95,0,0,0,0.95,0.95,0.187748832889531,-0.187748832889531,0.0102184153825739,-0.0102184153825739,-0.197967248272105,0.197967248272105,-0.144952583299539,0.947700775670195,-0.802748192370656
hpt_v2_topology2_paper,topology2,fault,deep_lvrt,lvrt_200ms_0.575pu,0.056,prefault,rule_action,0,NaN,0.575,0.575,0.575,1,1,208.825338709643,956.545399907484,0.991891749276686,1.13892913448763,0.0412043705110691,1.19568174988436,-0.195681749884355,0.00810825072331389,0.351747658506862,0.428474532479496,0.0598254498184365,-0.208590739813897,0,0,0,1,0,1,0,0,0,0,1,1,-0.482396545210761,-0.815911164260052,0.0596331932081982,0.0596331932081982,0.0596331932081982,0.04628375304266,0.04628375304266,-0.209409529949712,-0.209409529949712,-0.209409529949712,0.212758744051218,0.212758744051218,0,0,0,0.95,0.95,0,0,0,0.95,0.95,0.074054215265495,-0.074054215265495,0.14029556893608,-0.14029556893608,-0.214349784201575,0.214349784201575,-0.718094362280122,0.95,-0.250082269535749
hpt_v2_topology2_paper,topology2,fault,deep_lvrt,lvrt_200ms_0.575pu,0.058,prefault,rule_action,0,NaN,0.575,0.575,0.575,1,1,207.534719012112,937.341735726703,0.993416200247642,1.09330309952756,0.012415944792888,1.17167716965838,-0.171677169658378,0.00658379975235768,0.3498167565024,0.452001067420337,0.0451865887896202,-0.235320860512615,0,0,0,1,0,1,0,0,0,0,1,1,0.884050044097639,1.08466388267714,0.0450756913206013,0.0450756913206013,0.0450756913206013,0.0346914456711772,0.0346914456711772,-0.231673846468482,-0.231673846468482,-0.231673846468482,0.233454690856225,0.233454690856225,0,0,0,0.95,0.95,0,0,0,0.95,0.95,-0.0860716090247203,0.0860716090247203,0.233357112841382,-0.233357112841382,-0.147285503816662,0.147285503816662,-0.95,0.588056318895307,0.431329914334115
hpt_v2_topology2_paper,topology2,fault,deep_lvrt,lvrt_200ms_0.575pu,0.06,prefault,rule_action,0,NaN,0.575,0.575,0.575,1,1,208.34295898899,941.738342321974,0.993582853751461,1.08774864778595,0.00160416816544675,1.17717292790247,-0.177172927902468,0.00641714624853917,0.353550479047016,0.42850985430355,0.0403133610081539,-0.219420701139709,0,0,0,1,0,1,0,0,0,0,1,1,-1.7348630189018,-1.94343442638512,0.0402549964479361,0.0402549964479361,0.0402549964479361,0.0345602909714836,0.0345602909714836,-0.215560726459955,-0.215560726459955,-0.215560726459955,0.216546710478209,0.216546710478209,0,0,0,0.95,0.95,0,0,0,0.95,0.95,-0.186856658667541,0.186856658667541,0.192819528551442,-0.192819528551442,-0.0059628698839014,0.0059628698839014,-0.874175714993252,-0.040575281162682,0.914750996155934
hpt_v2_topology2_paper,topology2,fault,deep_lvrt,lvrt_200ms_0.575pu,0.062,prefault,rule_action,0,NaN,0.575,0.575,0.575,1,1,209.750241027325,941.535161594693,0.997522261071176,1.07952389448577,0.0498801693625555,1.17691895199337,-0.176918951993366,0.00247773892882397,0.319491417432281,0.432447814053447,0.0280763048016695,-0.231827462748121,0,0,0,0,0,1,0,0,0,0,1,1,5,-0.789081301746819,0.0278869585776661,0.0278869585776661,0.0278869585776661,0.025761665407289,0.025761665407289,-0.232336429911479,-0.232336429911479,-0.232336429911479,0.232581675370539,0.232581675370539,0,0,0,0.95,0.95,0,0,0,0.95,0.95,-0.231282552618424,0.231282552618424,0.0848239113541633,-0.0848239113541633,0.14645864126426,-0.14645864126426,-0.384357900434142,-0.659428769722635,0.95
hpt_v2_topology2_paper,topology2,fault,deep_lvrt,lvrt_200ms_0.575pu,0.064,prefault,rule_action,0,NaN,0.575,0.575,0.575,1,1,205.763658352984,933.590484971177,0.996514847213357,1.08802950681476,0.0358430284808857,1.16698810621397,-0.166988106213972,0.00348515278664296,0.314380407781684,0.447195765621103,0.0200059062153694,-0.226709647156983,0,0,0,1,0,1,0,0,0,0,1,1,4.45302593693553,1.47813273934005,0.0199993855405672,0.0199993855405672,0.0199993855405672,0.0216256622055244,0.0216256622055244,-0.227286851861557,-0.227286851861557,-0.227286851861557,0.227137885843181,0.227137885843181,0,0,0,0.95,0.95,0,0,0,0.95,0.95,-0.155090472420342,0.155090472420342,-0.0673846618843191,0.0673846618843191,0.222475134304661,-0.222475134304661,0.288473342783095,-0.95,0.71892532901154
hpt_v2_topology2_paper,topology2,fault,deep_lvrt,lvrt_200ms_0.575pu,0.066,prefault,rule_action,0,NaN,0.575,0.575,0.575,1,1,208.291288497851,935.566617471712,0.993824156839545,1.0500213981083,0.0337343531359961,1.16945827183964,-0.16945827183964,0.00617584316045527,0.323335175811727,0.421179058591027,0.0284801966352558,-0.193814447404883,0,0,0,0,0,1,0,0,0,0,1,1,4.23414865807947,-1.23841865176066,0.0285615903027664,0.0285615903027664,0.0285615903027664,0.0329478612031894,0.0329478612031894,-0.194830254772818,-0.194830254772818,-0.194830254772818,0.19413662987082,0.19413662987082,0,0,0,0.95,0.95,0,0,0,0.95,0.95,-0.032355668202103,0.032355668202103,-0.152035653803441,0.152035653803441,0.184391322005544,-0.184391322005544,0.835769012721508,-0.95,0.12185929434258
hpt_v2_topology2_paper,topology2,fault,deep_lvrt,lvrt_200ms_0.575pu,0.068,prefault,rule_action,0,NaN,0.575,0.575,0.575,1,1,208.823271847584,933.250826276888,0.992629009915623,1.00070397186878,0.0842361654571336,1.16656353284611,-0.16656353284611,0.00737099008437714,0.300300719508407,0.419391956855643,0.0368373526013029,-0.214472307935296,0,0,0,0,0,1,0,0,0,0,1,1,3.05128524885145,-2.5884724373042,0.0368965551595857,0.0368965551595857,0.0368965551595857,0.0447719702657761,0.0447719702657761,-0.215212677162826,-0.215212677162826,-0.215212677162826,0.213713178987061,0.213713178987061,0,0,0,0.95,0.95,0,0,0,0.95,0.95,0.094956554828658,-0.094956554828658,-0.217759893177688,0.217759893177688,0.12280333834903,-0.12280333834903,0.95,-0.535097660899785,-0.550181826336934
hpt_v2_topology2_paper,topology2,fault,deep_lvrt,lvrt_200ms_0.575pu,0.07,prefault,rule_action,0,NaN,0.575,0.575,0.575,1,1,206.181884995956,920.190944717572,0.995757313746883,1.05356976091579,0.018803573382775,1.15023868089697,-0.150238680896966,0.00424268625311741,0.290787653902919,0.426587362336222,0.0320353583985222,-0.230763259705139,0,0,0,0,0,1,0,0,0,0,1,1,1.12201364087605,1.83398697231318,0.0319250083188516,0.0319250083188516,0.0319250083188516,0.0432484327606975,0.0432484327606975,-0.227348879356198,-0.227348879356198,-0.227348879356198,0.225469049238296,0.225469049238296,0,0,0,0.95,0.95,0,0,0,0.95,0.95,0.20673947555353,-0.20673947555353,-0.189822795914675,0.189822795914675,-0.0169166796388555,0.0169166796388555,0.848727981215428,0.130581233678349,-0.95
hpt_v2_topology2_paper,topology2,fault,deep_lvrt,lvrt_200ms_0.575pu,0.072,prefault,rule_action,0,NaN,0.575,0.575,0.575,1,1,204.490727556892,913.21488333982,0.996683043135151,1.0215741121519,0.0577554879511014,1.14151860417478,-0.141518604174775,0.0033169568648489,0.309758422915961,0.407621237336864,0.0203049181843469,-0.224944696593021,0,0,0,0,0,1,1,0,0.0148333333333379,0,0.996093289703328,1.05991269268568,-5,-0.448665708931983,0.0202818820424187,0.0202818820424187,0.0202818820424187,0.0343062558383223,0.0343062558383223,-0.225545433971781,-0.225545433971781,-0.225545433971781,0.223841860104532,0.223841860104532,0,0,0,0.95,0.95,0,0,0,0.95,0.95,0.219845921284424,-0.219845921284424,-0.0628867903636046,0.0628867903636046,-0.156959130920819,0.156959130920819,0.276861182537606,0.757349421382985,-0.95
hpt_v2_topology2_paper,topology2,fault,deep_lvrt,lvrt_200ms_0.575pu,0.074,prefault,rule_action,0,NaN,0.575,0.575,0.575,1,1,209.092275914687,915.243467751644,0.998765293110978,0.970019187481326,0.0475366779425399,1.14405433468956,-0.144054334689555,0.00123470688902239,0.277690183357596,0.394076801469147,0.0158780793599201,-0.184693364459959,0,0,0,0,0,1,1,0,0.0315000000000096,0,0.976020825842168,1.10522233430018,-5,-2.3439217194432,0.0157586218806257,0.0157586218806257,0.0157586218806257,0.0293283509618716,0.0293283509618716,-0.18473308888654,-0.18473308888654,-0.18473308888654,0.183069648284461,0.183069648284461,0,0,0,0.95,0.95,0,0,0,0.95,0.95,0.11678736315043,-0.11678736315043,0.0663120523592411,-0.0663120523592411,-0.183099415509671,0.183099415509671,-0.394386466675411,0.95,-0.686587137068074
hpt_v2_topology2_paper,topology2,fault,deep_lvrt,lvrt_200ms_0.575pu,0.076,prefault,rule_action,0,NaN,0.575,0.575,0.575,1,1,206.008673849719,895.735186850162,0.999358029059736,1.06788287182328,0.0385502907192723,1.1196689835627,-0.119668983562703,0.000641970940264192,0.257806565127226,0.42435320670472,0.00768810142593147,-0.122895485227916,0,0,0,0,0,1,1,0,0.0481666666666814,0,0.976020825842168,1.10522233430018,-3.40240088874033,2.0560290158127,0.00762640541636995,0.00762640541636995,0.00762640541636995,0.0177811592584003,0.0177811592584003,-0.122543387830856,-0.122543387830856,-0.122543387830856,0.121486107584636,0.121486107584636,0,0,0,0.95,0.95,0,0,0,0.95,0.95,0.00266980422895803,-0.00266980422895803,0.104970963572759,-0.104970963572759,-0.107640767801717,0.107640767801717,-0.906699886272384,0.95,-0.0557385660679421
hpt_v2_topology2_paper,topology2,fault,deep_lvrt,lvrt_200ms_0.575pu,0.078,prefault,rule_action,0,NaN,0.575,0.575,0.575,1,1,204.50513038568,876.474229231836,0.998704515661199,1.06274576462405,0.0523127648033806,1.0955927865398,-0.0955927865397954,0.00129548433880122,0.272384976891294,0.419098972096926,0.00493511561132831,-0.0501975842118506,0,0,0,0,0,1,1,0,0.0648333333333532,0,0.976020825842168,1.10522233430018,-0.201969210934516,0.0668123722351588,0.00495160915584434,0.00495160915584434,0.00495160915584434,0.00949767441796523,0.00949767441796523,-0.0503619618554291,-0.0503619618554291,-0.0503619618554291,0.0497055310384093,0.0497055310384093,0,0,0,0.95,0.95,0,0,0,0.95,0.95,-0.0274917074345359,0.0274917074345359,0.0505397219988222,-0.0505397219988222,-0.0230480145642864,0.0230480145642864,-0.95,0.479439187450886,0.625645718380709
hpt_v2_topology2_paper,topology2,fault,deep_lvrt,lvrt_200ms_0.575pu,0.08,fault,rule_action,0,NaN,0.575,0.575,0.575,1,1,209.039311059403,877.191741090412,0.995086337594096,1.00105156795132,0.0235216156750955,1.09648967636302,-0.0964896763630152,0.00491366240590363,0.251193758140452,0.395073824909056,0.0187721725804934,-0.0463477911045285,0,0,0,0,0,1,1,0,0.081500000000025,0,0.976020825842168,1.10522233430018,-2.49545162145881,-2.76859778980176,0.018888878455109,0.018888878455109,0.018888878455109,0.0233603744151158,0.0233603744151158,-0.0470432140139076,-0.0470432140139076,-0.0470432140139076,0.0449905170145421,0.0449905170145421,0,0,0,0.95,0.95,0,0,0,0.95,0.95,-0.0403533514185267,0.0403533514185267,0.0467491343367091,-0.0467491343367091,-0.00639578291818247,0.00639578291818247,-0.834919997214464,-0.213870470812837,0.95
hpt_v2_topology2_paper,topology2,fault,deep_lvrt,lvrt_200ms_0.575pu,0.082,fault,rule_action,0,NaN,0.575,0.575,0.575,1,1,204.464722834491,854.37959207975,0.995630655111752,1.00865033631209,0.0634458610702249,1.06797449009969,-0.0679744900996873,0.00436934488824792,0.250256198533163,0.398289371373044,0.0201720885217283,-0.0280249486051106,0,0,0,0,0,1,1,0,0.0981666666666967,0,0.976020825842168,1.10522233430018,-5,-0.788045773112422,0.0202295257208273,0.0202295257208273,0.0202295257208273,0.0229027124414895,0.0229027124414895,-0.0273475645590059,-0.0273475645590059,-0.0273475645590059,0.0251513172820242,0.0251513172820242,0,0,0,0.95,0.95,0,0,0,0.95,0.95,-0.0326981987266629,0.0326981987266629,0.0244708663307285,-0.0244708663307285,0.00822733239593438,-0.00822733239593438,-0.279261237535121,-0.842692030257505,0.95
hpt_v2_topology2_paper,topology2,fault,deep_lvrt,lvrt_200ms_0.575pu,0.084,fault,rule_action,0,NaN,0.575,0.575,0.575,1,1,192.077133272512,852.399721321326,0.982747253890906,0.947682164267209,0.117187368341521,1.06549965165166,-0.0654996516516568,0.0172527461090944,0.205743004153895,0.387670494587787,0.0514435203404585,0.0996248629718696,0,0,0,0,0,1,1,0,0.114833333333368,0,0.87473661592443,1.10522233430018,2.42066451600376,0.388290934118407,0.0522006337545083,0.0522006337545083,0.0522006337545083,0.0415463858112757,0.0415463858112757,0.100862123708569,0.100862123708569,0.100862123708569,-0.105697549590308,-0.105697549590308,0,0,0,0.95,0.95,0,0,0,0.95,0.95,0.014265472015224,-0.014265472015224,0.0904425060042238,-0.0904425060042238,-0.104707978019448,0.104707978019448,0.409522044012154,-0.95,0.704864269698847
hpt_v2_topology2_paper,topology2,fault,deep_lvrt,lvrt_200ms_0.575pu,0.086,fault,rule_action,0,NaN,0.575,0.575,0.575,1,1,180.219591184695,840.543039316615,0.949072099350744,0.826952363695354,0.147903994847742,1.05067879914577,-0.0506787991457693,0.0509279006492556,0.119880205093941,0.397180289248733,0.183936569166051,0.171197225752281,0,0,1,0,0,1,1,0,0.13150000000004,0,0.826952363695354,1.10522233430018,-2.06277797069743,-0.855121405094028,0.185743560974867,0.185743560974867,0.185743560974867,0.167277822033342,0.167277822033342,0.171408730211631,0.171408730211631,0.171408730211631,-0.189472302704563,-0.189472302704563,0,0,0,0.95,0.95,0,0,0,0.95,0.95,-0.185457304314433,0.185457304314433,0.241441155446647,-0.241441155446647,-0.0559838511322143,0.0559838511322143,0.941380058626011,-0.95,0.0737312891094547
hpt_v2_topology2_paper,topology2,fault,deep_lvrt,lvrt_200ms_0.575pu,0.088,fault,rule_action,0,NaN,0.575,0.575,0.575,1,1,194.985281818678,794.516227396236,0.931840115036532,0.842643737507863,0.146434829407613,0.993145284245296,0.00685471575470442,0.0681598849634683,0.03423932175663,0.489855484281178,0.346933127059416,0.0683671088785742,0,0,1,0,0,1,1,0,0.148166666666712,0,0.793908635747661,1.10522233430018,-2.94781249340015,-0.0313144397626752,0.348008470947379,0.348008470947379,0.348008470947379,0.339407942505244,0.339407942505244,0.0660817521774829,0.0660817521774829,0.0660817521774829,-0.101385119156293,-0.101385119156293,0,0,0,0.95,0.95,0,0,0,0.95,0.95,-0.322464750148196,0.322464750148196,0.0342682697120692,-0.0342682697120692,0.288196480436127,-0.288196480436127,0.95,-0.542292197501611,-0.632530682613777
hpt_v2_topology2_paper,topology2,fault,deep_lvrt,lvrt_200ms_0.575pu,0.09,fault,rule_action,0,NaN,0.575,0.575,0.575,1,1,224.547466729698,729.395891472023,0.96137850515364,0.855702721543772,0.112028583837118,0.911744864340029,0.0882551356599711,0.0386214948463602,0.111906872055651,0.586252601907518,0.342441596305911,-0.156873316327992,0,0,1,0,0,1,1,0,0.164833333333384,0,0.782394679620119,1.10522233430018,1.16596325684037,2.69004226413505,0.341107165998018,0.341107165998018,0.341107165998018,0.355899002586516,0.355899002586516,-0.158381672110286,-0.158381672110286,-0.158381672110286,0.121551440606735,0.121551440606735,0,0,0,0.95,0.95,0,0,0,0.95,0.95,0.0435851752759933,-0.0435851752759933,-0.345295893554424,0.345295893554424,0.301710718278431,-0.301710718278431,0.944366862071921,0.247973398830895,-0.95
hpt_v2_topology2_paper,topology2,fault,deep_lvrt,lvrt_200ms_0.575pu,0.092,fault,rule_action,0,NaN,0.575,0.575,0.575,1,1,221.168837450764,807.015460270322,1.00079477464782,0.820569422119176,0.205518789276788,1.0087693253379,-0.00876932533790198,-0.000794774647816965,0.308732057532901,0.538682018987415,0.14981131243706,-0.240446379662955,0,0,1,0,0,1,1,0,0.181500000000056,0,0.782394679620119,1.10522233430018,-5,1.12643921116584,0.147749192488567,0.147749192488567,0.147749192488567,0.173032958687976,0.173032958687976,-0.240840427934115,-0.240840427934115,-0.240840427934115,0.223368598545535,0.223368598545535,0,0,0,0.95,0.95,0,0,0,0.95,0.95,0.275357518322408,-0.275357518322408,-0.192534292463481,0.192534292463481,-0.0828232258589271,0.0828232258589271,0.249204241791517,0.916156428583208,-0.95
hpt_v2_topology2_paper,topology2,fault,deep_lvrt,lvrt_200ms_0.575pu,0.094,fault,rule_action,0,NaN,0.575,0.575,0.575,1,1,194.530257334746,896.345423188129,1.00399236245749,0.904886044505049,0.093936408526541,1.12043177898516,-0.120431778985161,-0.00399236245749468,0.326329268863972,0.407876499059184,0.00601174723118092,-0.250812346136469,0,0,1,0,0,1,1,0,0.198166666666727,0,0.782394679620119,1.10522233430018,-5,-2.25189637423351,0.00559948654308222,0.00559948654308222,0.00559948654308222,0.158094449888977,0.158094449888977,-0.250435047741319,-0.250435047741319,-0.250435047741319,0.194307005280418,0.194307005280418,0,0,0,0.95,0.95,0,0,0,0.95,0.95,0.148229067476317,-0.148229067476317,0.100765162643048,-0.100765162643048,-0.248994230119365,0.248994230119365,-0.418939648579568,0.95,-0.713359596164186
hpt_v2_topology2_paper,topology2,fault,deep_lvrt,lvrt_200ms_0.575pu,0.096,fault,rule_action,0,NaN,0.575,0.575,0.575,1,1,172.333773864438,898.641566822974,0.956016749774722,0.915393726138904,0.0686507379189716,1.12330195852872,-0.123301958528718,0.0439832502252779,0.225182322357762,0.350601728984137,0.109221296408216,-0.238157454797836,0,0,1,0,0,1,1,0,0.214833333333399,0,0.782394679620119,1.10522233430018,2.27581476306515,1.49832179016118,0.111445119119541,0.111445119119541,0.111445119119541,0.137418101968596,0.137418101968596,-0.238582022067198,-0.238582022067198,-0.238582022067198,0.22462782793009,0.22462782793009,0,0,0,0.95,0.95,0,0,0,0.95,0.95,0.105425772702044,-0.105425772702044,0.156261039557364,-0.156261039557364,-0.261686812259409,0.261686812259409,-0.893586492322294,0.95,-0.0858345097892243
hpt_v2_topology2_paper,topology2,fault,deep_lvrt,lvrt_200ms_0.575pu,0.098,fault,rule_action,0,NaN,0.575,0.575,0.575,1,1,201.011737849256,844.535885839706,0.932061210408124,0.898575102050088,0.145053448285068,1.05566985729963,-0.055669857299633,0.0679387895918765,0.137715038492854,0.384956832983188,0.325022855389723,-0.261681339354043,0,0,1,0,0,1,1,0,0.231500000000071,0,0.782394679620119,1.10522233430018,0.29932502369101,0.718485181141259,0.326373221569185,0.326373221569185,0.326373221569185,0.354435196054996,0.354435196054996,-0.261792254829322,-0.261792254829322,-0.261792254829322,0.222329386819479,0.222329386819479,0,0,0,0.95,0.95,0,0,0,0.95,0.95,0.0891060371385992,-0.0891060371385992,0.309475347446254,-0.309475347446254,-0.398581384584853,0.398581384584853,-0.95,0.481666494521458,0.634192911958668
hpt_v2_topology2_paper,topology2,fault,deep_lvrt,lvrt_200ms_0.575pu,0.1,fault,rule_action,0,NaN,0.575,0.575,0.575,1,1,236.336641072799,828.16709397408,0.979426415946323,0.919408857189987,0.096972517269024,1.0352088674676,-0.0352088674676003,0.020573584053677,0.136653001401022,0.440598854256346,0.286839775999322,-0.262564881393713,0,0,1,0,0,1,1,0,0.248166666666743,0,0.782394679620119,1.10522233430018,-5,-0.534251205051461,0.284738710912321,0.284738710912321,0.284738710912321,0.314227494022034,0.314227494022034,-0.262354100076844,-0.262354100076844,-0.262354100076844,0.226200993189185,0.226200993189185,0,0,0,0.95,0.95,0,0,0,0.95,0.95,-0.191538390866039,0.191538390866039,0.387169502755596,-0.387169502755596,-0.195631111889557,0.195631111889557,-0.832239300953178,-0.266614530758745,0.95
hpt_v2_topology2_paper,topology2,fault,deep_lvrt,lvrt_200ms_0.575pu,0.102,fault,rule_action,0,NaN,0.575,0.575,0.575,1,1,224.49295281056,856.556534836237,1.02997209608453,0.923010645954631,0.164161971414565,1.0706956685453,-0.0706956685452957,-0.0299720960845327,0.226788516044025,0.431901650403236,0.0127396386584983,-0.126424417552894,0,0,0,0,0,1,1,0,0.264833333333414,0,0.782394679620119,1.10522233430018,-5,-0.817345642612377,0.0100661960241048,0.0100661960241048,0.0100661960241048,0.0850494165150764,0.0850494165150764,-0.12382851455067,-0.12382851455067,-0.12382851455067,0.0905617251860095,0.0905617251860095,0,0,0,0.95,0.95,0,0,0,0.95,0.95,-0.117092816391666,0.117092816391666,0.0225870387524384,-0.0225870387524384,0.0945057776392281,-0.0945057776392281,-0.182966610186595,-0.878051481467533,0.95
hpt_v2_topology2_paper,topology2,fault,deep_lvrt,lvrt_200ms_0.575pu,0.104,fault,rule_action,0,NaN,0.575,0.575,0.575,1,1,188.019405274476,854.395500574702,1.01663199180387,0.916488546694659,0.0574479170583433,1.06799437571838,-0.0679943757183772,-0.0166319918038678,0.242527088348843,0.392350877752951,-0.124089633452289,0.141060022633137,0,0,1,0,0,1,1,0,0.281500000000086,0,0.782394679620119,1.10522233430018,1.96111602741644,0.46010326070145,-0.1238233678826,-0.1238233678826,-0.1238233678826,-0.185740735870999,-0.185740735870999,0.142777487848161,0.142777487848161,0.142777487848161,-0.0349000932394379,-0.0349000932394379,0,0,0,0.95,0.95,0,0,0,0.95,0.95,0.178922431513158,-0.178922431513158,-0.0367516271736607,0.0367516271736607,-0.142170804339497,0.142170804339497,0.491492845883397,-0.95,0.638873898525807
hpt_v2_topology2_paper,topology2,fault,deep_lvrt,lvrt_200ms_0.575pu,0.106,fault,rule_action,0,NaN,0.575,0.575,0.575,1,1,168.348557511426,848.176158546895,0.95417593828224,0.885254990061494,0.185047445160331,1.06022019818362,-0.0602201981836183,0.0458240617177599,0.149330870610358,0.349409768172707,0.0606941950170741,0.192051296159645,0,0,1,0,0,1,1,0,0.298166666666758,0,0.782394679620119,1.10522233430018,-2.12042383870237,-1.11454452011128,0.0637197956972434,0.0637197956972434,0.0637197956972434,0.0414074534587276,0.0414074534587276,0.191378165894738,0.191378165894738,0.191378165894738,-0.197411340968536,-0.197411340968536,0,0,0,0.95,0.95,0,0,0,0.95,0.95,-0.0770724950881148,0.0770724950881148,0.199964974647906,-0.199964974647906,-0.122892479559791,0.122892479559791,0.95,-0.95,0.0046578250037189
hpt_v2_topology2_paper,topology2,fault,deep_lvrt,lvrt_200ms_0.575pu,0.108,fault,rule_action,0,NaN,0.575,0.575,0.575,1,1,191.953979145869,810.312000946015,0.922255408060724,0.898017333654429,0.195717714411876,1.01289000118252,-0.012890001182519,0.0777445919392755,0.0207205652139449,0.429943290639248,0.341024897707091,0.0424417622612664,0,0,1,0,0,1,1,0,0.31483333333343,0,0.782394679620119,1.10522233430018,-1.75885661641828,0.789837042865171,0.342982788602257,0.342982788602257,0.342982788602257,0.336443214326892,0.336443214326892,0.0400933544914074,0.0400933544914074,0.0400933544914074,-0.077785820591822,-0.077785820591822,0,0,0,0.95,0.95,0,0,0,0.95,0.95,-0.290293899522557,0.290293899522557,-0.0168116612750175,0.0168116612750175,0.307105560797575,-0.307105560797575,0.95,-0.470042327984203,-0.672459642665231
hpt_v2_topology2_paper,topology2,fault,deep_lvrt,lvrt_200ms_0.575pu,0.11,fault,rule_action,0,NaN,0.575,0.575,0.575,1,1,229.219209515851,719.93394073641,0.958177713611431,0.883676168665416,0.0953824763335996,0.899917425920512,0.100082574079488,0.041822286388569,0.0691254304279151,0.536375026752975,0.370709799961141,-0.170152323998888,0,0,1,0,0,1,1,0,0.331500000000101,0,0.782394679620119,1.10522233430018,3.17141005266708,1.80197396888793,0.369268431797525,0.369268431797525,0.369268431797525,0.38591673502918,0.38591673502918,-0.17148362634557,-0.17148362634557,-0.17148362634557,0.129746223263909,0.129746223263909,0,0,0,0.95,0.95,0,0,0,0.95,0.95,0.0791727814950652,-0.0791727814950652,-0.385452130049467,0.385452130049467,0.306279348554402,-0.306279348554402,0.891281942306534,0.318186977360302,-0.95
hpt_v2_topology2_paper,topology2,fault,deep_lvrt,lvrt_200ms_0.575pu,0.112,fault,rule_action,0,NaN,0.575,0.575,0.575,1,1,225.518663554197,767.89175747801,1.00708700538785,0.861623567957677,0.209873360316084,0.959864696847513,0.0401353031524873,-0.00708700538785445,0.25439203919042,0.497592231539384,0.143423561274012,-0.24391543522456,0,0,1,0,0,1,1,0,0.348166666666773,0,0.782394679620119,1.10522233430018,-5,0.347791839783951,0.140922693735494,0.140922693735494,0.140922693735494,0.261109951979619,0.261109951979619,-0.244263229421566,-0.244263229421566,-0.244263229421566,0.106514430169443,0.106514430169443,0,0,0,0.95,0.95,0,0,0,0.95,0.95,0.280055974084212,-0.280055974084212,-0.168651171310242,0.168651171310242,-0.11140480277397,0.11140480277397,0.164774660141947,0.95,-0.95
hpt_v2_topology2_paper,topology2,fault,deep_lvrt,lvrt_200ms_0.575pu,0.114,fault,rule_action,0,NaN,0.575,0.575,0.575,1,1,193.066525286931,873.845415506938,1.00657391956875,0.855060029138297,0.101327786451782,1.09230676938367,-0.092306769383673,-0.00657391956875109,0.286801201927013,0.378389403286918,-0.0175328209633515,-0.227884389790352,0,0,1,0,0,1,1,0,0.364833333333445,0,0.782394679620119,1.10522233430018,-1.85216690312584,-2.29146395329916,-0.0178448079990179,-0.0178448079990179,-0.0178448079990179,0.124906771078543,0.124906771078543,-0.227158493675019,-0.227158493675019,-0.227158493675019,0.190572078122578,0.190572078122578,0,0,0,0.95,0.95,0,0,0,0.95,0.95,0.0992043230044433,-0.0992043230044433,0.12804479326718,-0.12804479326718,-0.227249116271623,0.227249116271623,-0.511947992865631,0.95,-0.650328076891976
hpt_v2_topology2_paper,topology2,fault,deep_lvrt,lvrt_200ms_0.575pu,0.116,fault,rule_action,0,NaN,0.575,0.575,0.575,1,1,172.630707924275,871.770461187505,0.956076306216091,0.905761215395942,0.110178824976068,1.08971307648438,-0.0897130764843819,0.0439236937839094,0.180124909210384,0.295262807531533,0.100970537921445,-0.220675342826058,0,0,1,0,0,1,1,0,0.381500000000117,0,0.782394679620119,1.10522233430018,-0.137514296687624,0.799910358447509,0.103301616477233,0.103301616477233,0.103301616477233,0.12632087752461,0.12632087752461,-0.221333004921711,-0.221333004921711,-0.221333004921711,0.209051570039299,0.209051570039299,0,0,0,0.95,0.95,0,0,0,0.95,0.95,0.0788921037025558,-0.0788921037025558,0.160745529529912,-0.160745529529912,-0.239637633232468,0.239637633232468,-0.95,0.95,-0.012004895888052
hpt_v2_topology2_paper,topology2,fault,deep_lvrt,lvrt_200ms_0.575pu,0.118,fault,rule_action,0,NaN,0.575,0.575,0.575,1,1,197.355280634688,835.505603575077,0.932114518424495,0.891524112660034,0.129895001502994,1.04438200446885,-0.0443820044688459,0.0678854815755051,0.0904635076198256,0.361457657992974,0.317757880527824,-0.252930419699902,0,0,1,0,0,1,1,0,0.398166666666789,0,0.782394679620119,1.10522233430018,0.036796886232926,0.0345936593033613,0.319202870253101,0.319202870253101,0.319202870253101,0.344567317656845,0.344567317656845,-0.253158014103903,-0.253158014103903,-0.253158014103903,0.217377128708651,0.217377128708651,0,0,0,0.95,0.95,0,0,0,0.95,0.95,0.0558959649622606,-0.0558959649622606,0.321539242160689,-0.321539242160689,-0.377435207122949,0.377435207122949,-0.95,0.38905273041579,0.702661380051891
hpt_v2_topology2_paper,topology2,fault,deep_lvrt,lvrt_200ms_0.575pu,0.12,fault,rule_action,0,NaN,0.575,0.575,0.575,1,1,236.549666205933,796.518448998215,0.979817374906931,0.886482792918266,0.125288416974436,0.995648061247769,0.00435193875223094,0.0201826250930692,0.0950565043201404,0.429646652035935,0.281845778609224,-0.236736775111119,0,0,1,0,0,1,1,0,0.41483333333346,0,0.782394679620119,1.10522233430018,-5,-0.648442922434822,0.279780818139367,0.279780818139367,0.279780818139367,0.303954922275491,0.303954922275491,-0.236075002037587,-0.236075002037587,-0.236075002037587,0.204010092912778,0.204010092912778,0,0,0,0.95,0.95,0,0,0,0.95,0.95,-0.193132204859746,0.193132204859746,0.365882827075493,-0.365882827075493,-0.172750622215747,0.172750622215747,-0.772743342567109,-0.366389518407697,0.95
hpt_v2_topology2_paper,topology2,fault,deep_lvrt,lvrt_200ms_0.575pu,0.122,fault,rule_action,0,NaN,0.575,0.575,0.575,1,1,227.214858376999,843.700483564615,1.02809448771174,0.938396654548125,0.165084454566865,1.05462560445577,-0.0546256044557691,-0.0280944877117433,0.193314486102974,0.439625269652935,0.0175033871254785,-0.0438171574865131,0,0,0,0,0,1,1,0,0.431500000000132,0,0.782394679620119,1.10522233430018,0.77894353425656,3.6618367003487,0.0149256685266143,0.0149256685266143,0.0149256685266143,0.0365869632264468,0.0365869632264468,-0.0404676663501114,-0.0404676663501114,-0.0404676663501114,0.0228429797236905,0.0228429797236905,0,0,0,0.95,0.95,0,0,0,0.95,0.95,-0.0426626697497719,0.0426626697497719,0.015833320873526,-0.015833320873526,0.0268293488762459,-0.0268293488762459,-0.0986064610487874,-0.907603044299965,0.95
hpt_v2_topology2_paper,topology2,fault,deep_lvrt,lvrt_200ms_0.575pu,0.124,fault,rule_action,0,NaN,0.575,0.575,0.575,1,1,191.672145467521,851.137696427858,1.01846655528018,0.9004576164367,0.0392380017432429,1.06392212053482,-0.0639221205348228,-0.018466555280175,0.228923118854563,0.41012581088315,-0.125041706765033,0.176471063795986,0,0,1,0,0,1,1,0,0.448166666666804,0,0.782394679620119,1.10522233430018,-0.840256014591034,0.0648944200001278,-0.124913944359102,-0.124913944359102,-0.124913944359102,-0.207117691861362,-0.207117691861362,0.177511836633723,0.177511836633723,0.177511836633723,-0.0649323290699481,-0.0649323290699481,0,0,0,0.95,0.95,0,0,0,0.95,0.95,0.190416286675659,-0.190416286675659,-0.00497684302131099,0.00497684302131099,-0.185439443654348,0.185439443654348,0.581808270326584,-0.95,0.556293261197722
hpt_v2_topology2_paper,topology2,fault,deep_lvrt,lvrt_200ms_0.575pu,0.126,fault,rule_action,0,NaN,0.575,0.575,0.575,1,1,167.592989471069,845.813314341157,0.960822536879378,0.899835614528836,0.153878535032816,1.05726664292645,-0.0572666429264468,0.0391774631206222,0.146481298994455,0.375975542924731,0.0360371559885579,0.187108137079583,0,0,1,0,0,1,1,0,0.46483333333347,0,0.782394679620119,1.10522233430018,-5,-1.50000244765991,0.0388378599020497,0.0388378599020497,0.0388378599020497,0.020992559172871,0.020992559172871,0.186104666921287,0.186104666921287,0.186104666921287,-0.188951419341131,-0.188951419341131,0,0,0,0.95,0.95,0,0,0,0.95,0.95,-0.0638590309933312,0.0638590309933312,0.187006957212685,-0.187006957212685,-0.123147926219353,0.123147926219353,0.95,-0.932476090051732,-0.0860077206201286
hpt_v2_topology2_paper,topology2,fault,deep_lvrt,lvrt_200ms_0.575pu,0.128,fault,rule_action,0,NaN,0.575,0.575,0.575,1,1,190.409763013298,816.095835406075,0.924992522548495,0.908380185647841,0.134997572750017,1.02011979425759,-0.0201197942575935,0.0750074774515046,0.0427065739158353,0.448783427449962,0.315882050676664,-0.0214241374584288,0,0,1,0,0,1,1,0,0.48150000000013,0,0.782394679620119,1.10522233430018,-5,0.823402964877484,0.317948417604791,0.317948417604791,0.317948417604791,0.318860423676833,0.318860423676833,-0.024431099966876,-0.024431099966876,-0.024431099966876,-0.00401311794149667,-0.00401311794149667,0,0,0,0.95,0.95,0,0,0,0.95,0.95,-0.215348385444676,0.215348385444676,-0.0960041341610472,0.0960041341610472,0.311352519605723,-0.311352519605723,0.95,-0.384780544930475,-0.7357207115761
hpt_v2_topology2_paper,topology2,fault,deep_lvrt,lvrt_200ms_0.575pu,0.13,fault,rule_action,0,NaN,0.575,0.575,0.575,1,1,231.45587388325,748.265279487703,0.962480016254022,0.887647779941423,0.0994923799510711,0.935331599359629,0.0646684006403712,0.0375199837459779,0.0915588127344291,0.512949658137586,0.349775955796429,-0.201212629734492,0,0,1,0,0,1,1,0,0.49816666666679,0,0.782394679620119,1.10522233430018,0.28397976913308,1.65016042544108,0.348256025474339,0.348256025474339,0.348256025474339,0.364667255779114,0.364667255779114,-0.202129794671365,-0.202129794671365,-0.202129794671365,0.170752762014563,0.170752762014563,0,0,0,0.95,0.95,0,0,0,0.95,0.95,0.139793798648951,-0.139793798648951,-0.3969248878427,0.3969248878427,0.25713108919375,-0.25713108919375,0.799621118299954,0.38766648606704,-0.95
hpt_v2_topology2_paper,topology2,fault,deep_lvrt,lvrt_200ms_0.575pu,0.132,fault,rule_action,0,NaN,0.575,0.575,0.575,1,1,227.603533933368,815.10770571808,1.01377011128991,0.868935246047341,0.192512561158259,1.0188846321476,-0.0188846321475997,-0.0137701112899062,0.249066080930431,0.439117289600082,0.109537632613817,-0.252029740828391,0,0,1,0,0,1,1,0,0.51483333333345,0,0.782394679620119,1.10522233430018,-5,0.189315749634877,0.106931743754896,0.106931743754896,0.106931743754896,0.236012583725918,0.236012583725918,-0.252269344284013,-0.252269344284013,-0.252269344284013,0.139184338957243,0.139184338957243,0,0,0,0.95,0.95,0,0,0,0.95,0.95,0.273211397888438,-0.273211397888438,-0.118652594370204,0.118652594370204,-0.154558803518234,0.154558803518234,0.0852298482530738,0.95,-0.95
hpt_v2_topology2_paper,topology2,fault,deep_lvrt,lvrt_200ms_0.575pu,0.134,fault,rule_action,0,NaN,0.575,0.575,0.575,1,1,188.525804711649,873.704526605787,1.00991330213748,0.917547707859733,0.0923088838084655,1.09213065825723,-0.0921306582572332,-0.00991330213747799,0.257905148370705,0.353095711753262,-0.0524085105343228,-0.143644526750525,0,0,1,0,0,1,1,0,0.531500000000111,0,0.782394679620119,1.10522233430018,-2.62219788838913,-1.32771081607364,-0.0525327546806357,-0.0525327546806357,-0.0525327546806357,0.0418120640725067,0.0418120640725067,-0.141954123967414,-0.141954123967414,-0.141954123967414,0.145473072847481,0.145473072847481,0,0,0,0.95,0.95,0,0,0,0.95,0.95,0.0158509093468672,-0.0158509093468672,0.122437727337159,-0.122437727337159,-0.138288636684026,0.138288636684026,-0.567052647446793,0.95,-0.577718519040074
hpt_v2_topology2_paper,topology2,fault,deep_lvrt,lvrt_200ms_0.575pu,0.136,fault,rule_action,0,NaN,0.575,0.575,0.575,1,1,174.282467011727,852.201489727891,0.957727873533572,0.897248708566314,0.124772583389338,1.06525186215986,-0.0652518621598639,0.0422721264664278,0.141438321199306,0.326678311772715,0.0847534174727085,-0.0362729964206439,0,0,1,0,0,1,1,0,0.548166666666771,0,0.782394679620119,1.10522233430018,0.601565807647697,0.947394192903905,0.0871645892277563,0.0871645892277563,0.0871645892277563,0.0897520214972808,0.0897520214972808,-0.0358096565482238,-0.0358096565482238,-0.0358096565482238,0.0287153574676842,0.0287153574676842,0,0,0,0.95,0.95,0,0,0,0.95,0.95,0.080069702625293,-0.080069702625293,0.00299571781131228,-0.00299571781131228,-0.0830654204366053,0.0830654204366053,-0.95,0.930555378773923,0.0661818103723086
hpt_v2_topology2_paper,topology2,fault,deep_lvrt,lvrt_200ms_0.575pu,0.138,fault,rule_action,0,NaN,0.575,0.575,0.575,1,1,194.030105501441,830.003644854606,0.929996391103613,0.880569473821717,0.133249044671362,1.03750455606826,-0.0375045560682572,0.0700036088963871,0.0700712455350996,0.389669076028926,0.312325320996355,-0.11938340994335,0,0,1,0,0,1,1,0,0.564833333333431,0,0.782394679620119,1.10522233430018,-5,-0.360078585238011,0.314021859205907,0.314021859205907,0.314021859205907,0.322501574003418,0.322501574003418,-0.121291804010302,-0.121291804010302,-0.121291804010302,0.0965099194100066,0.0965099194100066,0,0,0,0.95,0.95,0,0,0,0.95,0.95,0.130777746624007,-0.130777746624007,0.20324462808975,-0.20324462808975,-0.334022374713758,0.334022374713758,-0.95,0.340775201213263,0.738271347118882
hpt_v2_topology2_paper,topology2,fault,deep_lvrt,lvrt_200ms_0.575pu,0.14,fault,rule_action,0,NaN,0.575,0.575,0.575,1,1,226.857130251383,798.050470079941,0.967692586744275,0.903437183154504,0.105584968075032,0.997563087599926,0.00243691240007426,0.0323074132557249,0.0825042927561125,0.45792757321563,0.200318062853088,-0.0963408268370718,0,0,1,0,0,1,0,1,0,0.0124999999999952,0.782394679620119,1.10522233430018,-5,-0.74124880832982,0.198688016032577,0.198688016032577,0.198688016032577,0.205511598325533,0.205511598325533,-0.0956260591194806,-0.0956260591194806,-0.0956260591194806,0.0799140403894624,0.0799140403894624,0,0,0,0.95,0.95,0,0,0,0.95,0.95,-0.0720423509458289,0.0720423509458289,0.216502138252681,-0.216502138252681,-0.144459787306852,0.144459787306852,-0.728724978173923,-0.41124356765272,0.95
hpt_v2_topology2_paper,topology2,fault,deep_lvrt,lvrt_200ms_0.575pu,0.142,fault,rule_action,0,NaN,0.575,0.575,0.575,1,1,220.816878160778,836.14970566526,1.0103990456158,0.922586175026713,0.187786792933627,1.04518713208157,-0.0451871320815744,-0.0103990456157956,0.183294610690593,0.469194732421926,0.0606655099528293,-0.00524927766476653,0,0,0,0,0,1,0,1,0,0.0291666666666554,0.782394679620119,1.10522233430018,-4.44504234348619,3.6656887173736,0.059530927233306,0.059530927233306,0.059530927233306,0.0506371500644074,0.0506371500644074,-0.00406437297664013,-0.00406437297664013,-0.00406437297664013,-0.031564686887487,-0.031564686887487,0,0,0,0.95,0.95,0,0,0,0.95,0.95,-0.0331733036555581,0.0331733036555581,0.0595399609220143,-0.0595399609220143,-0.0263666572664561,0.0263666572664561,-0.0518432906520793,-0.935819773069357,0.95
hpt_v2_topology2_paper,topology2,fault,deep_lvrt,lvrt_200ms_0.575pu,0.144,fault,rule_action,0,NaN,0.575,0.575,0.575,1,1,194.797704947207,850.912077218122,1.01019457833204,0.94269153443657,0.0961116684203558,1.06364009652265,-0.063640096522652,-0.0101945783320436,0.22331703169196,0.413292620948492,-0.00991674917190843,0.0894070757102396,0,0,0,0,0,1,0,1,0,0.0458333333333156,0.782394679620119,1.10522233430018,-0.324752411578144,-0.0761907028781206,-0.0101037544622807,-0.0101037544622807,-0.0101037544622807,-0.0606864075289803,-0.0606864075289803,0.090285107074651,0.090285107074651,0.090285107074651,-0.0676065555618816,-0.0676065555618816,0,0,0,0.95,0.95,0,0,0,0.95,0.95,0.0472518318779652,-0.0472518318779652,0.0435720237498116,-0.0435720237498116,-0.0908238556277768,0.0908238556277768,0.603101689752088,-0.95,0.517816635934249
hpt_v2_topology2_paper,topology2,fault,deep_lvrt,lvrt_200ms_0.575pu,0.146,fault,rule_action,0,NaN,0.575,0.575,0.575,1,1,174.160222528438,846.151734199878,0.964172138078823,0.904745869628307,0.12910177882374,1.05768966774985,-0.0576896677498475,0.0358278619211772,0.139298925518706,0.373064566388675,0.0263499893775583,0.123989002763355,0,0,1,0,0,1,0,1,0,0.0624999999999758,0.782394679620119,1.10522233430018,-5,-1.19846874726481,0.0271521938722965,0.0271521938722965,0.0271521938722965,0.0192836127224056,0.0192836127224056,0.123998950640211,0.123998950640211,0.123998950640211,-0.125463634860164,-0.125463634860164,0,0,0,0.95,0.95,0,0,0,0.95,0.95,-0.0476396867072497,0.0476396867072497,0.125714795298216,-0.125714795298216,-0.0780751085909664,0.0780751085909664,0.95,-0.903915755926159,-0.12289632129806
hpt_v2_topology2_paper,topology2,fault,deep_lvrt,lvrt_200ms_0.575pu,0.148,fault,rule_action,0,NaN,0.575,0.575,0.575,1,1,183.442431674065,843.022712464605,0.925151139391836,0.928691665923564,0.169529322706645,1.05377839058076,-0.0537783905807567,0.0748488606081639,0.0570696193366929,0.429341281662631,0.117468710985854,0.0884406712415919,0,0,0,0,0,1,0,1,0,0.079166666666636,0.782394679620119,1.10522233430018,-5,0.790643039747296,0.118304915671311,0.118304915671311,0.118304915671311,0.112975272290185,0.112975272290185,0.0880576378176746,0.0880576378176746,0.0880576378176746,-0.0947986735191127,-0.0947986735191127,0,0,0,0.95,0.95,0,0,0,0.95,0.95,-0.145831718080163,0.145831718080163,0.0538768730150987,-0.0538768730150987,0.0919548450650638,-0.0919548450650638,0.95,-0.353216571433139,-0.732839038243111
hpt_v2_topology2_paper,topology2,fault,deep_lvrt,lvrt_200ms_0.575pu,0.15,fault,rule_action,0,NaN,0.575,0.575,0.575,1,1,211.407357832442,824.204171080515,0.9371191172206,0.906520680630615,0.135965265843622,1.03025521385064,-0.030255213850644,0.0628808827793996,0.0880704875952014,0.507119808575903,0.158540692573539,0.0346334676970693,0,0,1,0,0,1,0,1,0,0.0958333333332962,0.782394679620119,1.10522233430018,1.98994884843473,1.49096984678132,0.158446603415692,0.158446603415692,0.158446603415692,0.156272564046447,0.156272564046447,0.0343641725175402,0.0343641725175402,0.0343641725175402,-0.0431868986283339,-0.0431868986283339,0,0,0,0.95,0.95,0,0,0,0.95,0.95,-0.056809100220388,0.056809100220388,-0.103102907717114,0.103102907717114,0.159912007937502,-0.159912007937502,0.706708604505855,0.375030906092545,-0.95
hpt_v2_topology2_paper,topology2,fault,deep_lvrt,lvrt_200ms_0.575pu,0.152,fault,rule_action,0,NaN,0.575,0.575,0.575,1,1,220.016295428973,847.682013157509,0.97709824433194,0.902016031188653,0.158091795246085,1.05960251644689,-0.0596025164468859,0.0229017556680602,0.203567479995405,0.495949318815825,0.110955110033839,0.0451014434072034,0,0,1,0,0,1,0,1,0,0.112499999999956,0.782394679620119,1.10522233430018,-2.53718794453661,-0.47768499176204,0.110216344078505,0.110216344078505,0.110216344078505,0.107632507274926,0.107632507274926,0.0455996116071645,0.0455996116071645,0.0455996116071645,-0.0514024363086862,-0.0514024363086862,0,0,0,0.95,0.95,0,0,0,0.95,0.95,0.0112801847016356,-0.0112801847016356,-0.108473906757313,0.108473906757313,0.0971937220556771,-0.0971937220556771,0.0390883354353026,0.944283067372949,-0.95
hpt_v2_topology2_paper,topology2,fault,deep_lvrt,lvrt_200ms_0.575pu,0.154,fault,rule_action,0,NaN,0.575,0.575,0.575,1,1,202.606126913608,849.807597372752,0.99290049719237,0.87481887136997,0.134871958751296,1.06225949671594,-0.06225949671594,0.00709950280763039,0.211802870194201,0.421986469128995,0.0470835515010501,0.0955668798802852,0,0,1,0,0,1,0,1,0,0.129166666666617,0.782394679620119,1.10522233430018,-2.04843097852025,-0.0257060620960647,0.0466907825229363,0.0466907825229363,0.0466907825229363,0.0420150835390469,0.0420150835390469,0.0960728149059739,0.0960728149059739,0.0960728149059739,-0.0982076763383015,-0.0982076763383015,0,0,0,0.95,0.95,0,0,0,0.95,0.95,-0.00182392081383805,0.00182392081383805,-0.0915813700935548,0.0915813700935548,0.0934052909073929,-0.0934052909073929,-0.601012544835377,0.95,-0.561430479504268
hpt_v2_topology2_paper,topology2,fault,deep_lvrt,lvrt_200ms_0.575pu,0.156,fault,rule_action,0,NaN,0.575,0.575,0.575,1,1,179.807547180774,847.131917604202,0.962875730679638,0.873673698476581,0.124092345944065,1.05891489700525,-0.0589148970052522,0.0371242693203615,0.126108704966881,0.396457435751037,0.052977589740836,0.121013294380812,0,0,1,0,0,1,0,1,0,0.145833333333277,0.782394679620119,1.10522233430018,-0.437195379322519,2.48232339308263,0.0534671082351767,0.0534671082351767,0.0534671082351767,0.0483357349896056,0.0483357349896056,0.120953471299339,0.120953471299339,0.120953471299339,-0.123093990939472,-0.123093990939472,0,0,0,0.95,0.95,0,0,0,0.95,0.95,0.0696177981647824,-0.0696177981647824,-0.13218126192632,0.13218126192632,0.0625634637615379,-0.0625634637615379,-0.95,0.926510581434946,0.0753070976864099
hpt_v2_topology2_paper,topology2,fault,deep_lvrt,lvrt_200ms_0.575pu,0.158,fault,rule_action,0,NaN,0.575,0.575,0.575,1,1,182.900793307955,842.756135934838,0.926524008711558,0.883682113236292,0.11901749918736,1.05344516991855,-0.0534451699185474,0.073475991288442,0.0817357071250719,0.454364978498424,0.121860103067236,0.0816589474701978,0,0,1,0,0,1,0,1,0,0.162499999999937,0.782394679620119,1.10522233430018,-5,-0.242085906931644,0.122594682186717,0.122594682186717,0.122594682186717,0.119406422919762,0.119406422919762,0.0810567246504259,0.0810567246504259,0.0810567246504259,-0.0856840409704398,-0.0856840409704398,0,0,0,0.95,0.95,0,0,0,0.95,0.95,0.144680890626223,-0.144680890626223,-0.0499726906350042,0.0499726906350042,-0.0947081999912188,0.0947081999912188,-0.95,0.352559175772124,0.716476159348678
hpt_v2_topology2_paper,topology2,fault,deep_lvrt,lvrt_200ms_0.575pu,0.16,fault,rule_action,0,NaN,0.575,0.575,0.575,1,1,214.992791522584,840.976299491051,0.937887043082039,0.845903277646405,0.113789500593199,1.05122037436381,-0.0512203743638135,0.0621129569179608,0.0999481294334057,0.506994444025358,0.159109017226292,0.021401462187803,0,0,1,0,0,1,0,1,0,0.179166666666597,0.782394679620119,1.10522233430018,-5,-0.758165585485804,0.158983632853253,0.158983632853253,0.158983632853253,0.158091531367666,0.158091531367666,0.0210331642931228,0.0210331642931228,0.0210331642931228,-0.0269306001646076,-0.0269306001646076,0,0,0,0.95,0.95,0,0,0,0.95,0.95,0.0476388560083601,-0.0476388560083601,0.108794849828981,-0.108794849828981,-0.156433705837341,0.156433705837341,-0.734735589997342,-0.362946277206993,0.95
hpt_v2_topology2_paper,topology2,fault,deep_lvrt,lvrt_200ms_0.575pu,0.162,fault,rule_action,0,NaN,0.575,0.575,0.575,1,1,223.052719694211,855.186797985985,0.981303048619967,0.894383074998783,0.11629501845907,1.06898349748248,-0.0689834974824806,0.0186969513800335,0.188844356665507,0.503863304187504,0.105322786430483,0.0310837330536719,0,0,1,0,0,1,0,1,0,0.195833333333257,0.782394679620119,1.10522233430018,1.13472198879183,2.68293534466313,0.104525408275651,0.104525408275651,0.104525408275651,0.103334348235794,0.103334348235794,0.0315079459575828,0.0315079459575828,0.0315079459575828,-0.0352182354518401,-0.0352182354518401,0,0,0,0.95,0.95,0,0,0,0.95,0.95,-0.0186514467548628,0.0186514467548628,0.102480574972536,-0.102480574972536,-0.0838291282176737,0.0838291282176737,-0.0963296368812306,-0.906039905332963,0.95
hpt_v2_topology2_paper,topology2,fault,deep_lvrt,lvrt_200ms_0.575pu,0.164,fault,rule_action,0,NaN,0.575,0.575,0.575,1,1,199.107822141094,851.140619455027,0.99528568065728,0.874591590638464,0.105491664591519,1.06392577431878,-0.0639257743187835,0.00471431934271993,0.232656995205212,0.430570715433635,0.0379608998823905,0.0842027906633813,0,0,1,0,0,1,0,1,0,0.212499999999918,0.782394679620119,1.10522233430018,1.74367872910675,0.220565926210225,0.0376142652178858,0.0376142652178858,0.0376142652178858,0.0349016587608002,0.0349016587608002,0.0847079696010293,0.0847079696010293,0.0847079696010293,-0.0858612093879129,-0.0858612093879129,0,0,0,0.95,0.95,0,0,0,0.95,0.95,0.00663843980979194,-0.00663843980979194,0.0767410894501559,-0.0767410894501559,-0.0833795292599478,0.0833795292599478,0.573944931729901,-0.95,0.568245240574509
hpt_v2_topology2_paper,topology2,fault,deep_lvrt,lvrt_200ms_0.575pu,0.166,fault,rule_action,0,NaN,0.575,0.575,0.575,1,1,173.371466657052,848.838943727187,0.958859137103814,0.834519020656733,0.0965050044077834,1.06104867965898,-0.0610486796589835,0.0411408628961862,0.163965876180566,0.366266469492297,0.0522396766459565,0.106843078558661,0,0,1,0,0,1,0,1,0,0.229166666666578,0.782394679620119,1.10522233430018,-3.00652030232429,-1.27661669189472,0.0528683908440364,0.0528683908440364,0.0528683908440364,0.0499527780153121,0.0499527780153121,0.106677880687108,0.106677880687108,0.106677880687108,-0.108073849505251,-0.108073849505251,0,0,0,0.95,0.95,0,0,0,0.95,0.95,-0.0654090110940004,0.0654090110940004,0.118859445536107,-0.118859445536107,-0.0534504344421069,0.0534504344421069,0.95,-0.939438677944605,-0.08020634472985
hpt_v2_topology2_paper,topology2,fault,deep_lvrt,lvrt_200ms_0.575pu,0.168,fault,rule_action,0,NaN,0.575,0.575,0.575,1,1,183.401707763364,841.593707405992,0.921454627896921,0.860255941258106,0.110449866279922,1.05199213425749,-0.0519921342574903,0.0785453721030787,0.0694495290048872,0.441741393609338,0.132359045363642,0.072360036555309,0,0,1,0,0,1,0,1,0,0.245833333333238,0.782394679620119,1.10522233430018,-1.57697253780642,0.848636060221564,0.133116709625223,0.133116709625223,0.133116709625223,0.131288694245714,0.131288694245714,0.0717748325659172,0.0717748325659172,0.0717748325659172,-0.0750663955080225,-0.0750663955080225,0,0,0,0.95,0.95,0,0,0,0.95,0.95,-0.146388462118918,0.146388462118918,0.0403068877899382,-0.0403068877899382,0.106081574328979,-0.106081574328979,0.95,-0.379076344478902,-0.721769093175334
hpt_v2_topology2_paper,topology2,fault,deep_lvrt,lvrt_200ms_0.575pu,0.17,fault,rule_action,0,NaN,0.575,0.575,0.575,1,1,212.392737123539,833.594352562289,0.934495795999383,0.879058953946967,0.124135029228932,1.04199294070286,-0.041992940702861,0.0655042040006173,0.0977548802798281,0.519188388042874,0.167852166009063,0.0156565345426432,0,0,1,0,0,1,0,1,0,0.262499999999898,0.782394679620119,1.10522233430018,0.341460289248419,1.76436533825886,0.16771959222196,0.16771959222196,0.16771959222196,0.16728249353666,0.16728249353666,0.0153411259689864,0.0153411259689864,0.0153411259689864,-0.0195391687963948,-0.0195391687963948,0,0,0,0.95,0.95,0,0,0,0.95,0.95,-0.0452509985794161,0.0452509985794161,-0.117867095413703,0.117867095413703,0.163118093993119,-0.163118093993119,0.724504660550916,0.348277235265708,-0.95
hpt_v2_topology2_paper,topology2,fault,deep_lvrt,lvrt_200ms_0.575pu,0.172,fault,rule_action,0,NaN,0.575,0.575,0.575,1,1,222.266197010259,848.700237785763,0.976050374584084,0.866756332889417,0.138492684778468,1.0608752972322,-0.0608752972322031,0.0239496254159157,0.21332224777278,0.494769637049524,0.115881719063197,0.0195465105225042,0,0,1,0,0,1,0,1,0,0.279166666666558,0.782394679620119,1.10522233430018,-5,-2.04678180128592,0.115112525112703,0.115112525112703,0.115112525112703,0.114579615591275,0.114579615591275,0.019987486972513,0.019987486972513,0.019987486972513,-0.0228452350448536,-0.0228452350448536,0,0,0,0.95,0.95,0,0,0,0.95,0.95,0.0328027973338146,-0.0328027973338146,-0.113513587244252,0.113513587244252,0.0807107899104373,-0.0807107899104373,0.0747172470271772,0.934606608180889,-0.95
hpt_v2_topology2_paper,topology2,fault,deep_lvrt,lvrt_200ms_0.575pu,0.174,fault,rule_action,0,NaN,0.575,0.575,0.575,1,1,202.376373757132,851.241813454792,0.993325783127601,0.855723158384929,0.120906906182372,1.06405226681849,-0.0640522668184897,0.00667421687239877,0.218945427606614,0.419386676840486,0.0479841182316145,0.0791162206188902,0,0,1,0,0,1,0,1,0,0.295833333333219,0.782394679620119,1.10522233430018,-1.38663371359349,-1.34240074964609,0.047567460264367,0.047567460264367,0.047567460264367,0.0457897364109494,0.0457897364109494,0.0796383443199251,0.0796383443199251,0.0796383443199251,-0.0806735966809269,-0.0806735966809269,0,0,0,0.95,0.95,0,0,0,0.95,0.95,0.00398439839361339,-0.00398439839361339,-0.0822529635751537,0.0822529635751537,0.0782685651815404,-0.0782685651815404,-0.580662764051851,0.95,-0.588838902441621
hpt_v2_topology2_paper,topology2,fault,deep_lvrt,lvrt_200ms_0.575pu,0.176,fault,rule_action,0,NaN,0.575,0.575,0.575,1,1,174.947505062282,851.409474836998,0.961685242313724,0.877119861226551,0.12241697110959,1.06426184354625,-0.0642618435462481,0.038314757686276,0.135955647056896,0.382597382340634,0.0530526504926268,0.108115872188327,0,0,1,0,0,1,0,1,0,0.312499999999879,0.782394679620119,1.10522233430018,-0.132346157795671,1.21026242112143,0.053580990330324,0.053580990330324,0.053580990330324,0.0515838095932216,0.0515838095932216,0.107938271329576,0.107938271329576,0.107938271329576,-0.10890685713143,-0.10890685713143,0,0,0,0.95,0.95,0,0,0,0.95,0.95,0.0657143436159516,-0.0657143436159516,-0.12033524614172,0.12033524614172,0.0546209025257679,-0.0546209025257679,-0.95,0.937801420301583,0.0529619365673033
hpt_v2_topology2_paper,topology2,fault,deep_lvrt,lvrt_200ms_0.575pu,0.178,fault,rule_action,0,NaN,0.575,0.575,0.575,1,1,181.47391782664,844.556506165452,0.921238286708737,0.85455410984193,0.0853118670287819,1.05569563270681,-0.055695632706815,0.0787617132912631,0.081021931810803,0.446029816084457,0.12980022679756,0.0705068682079304,0,0,1,0,0,1,0,1,0,0.329166666666539,0.782394679620119,1.10522233430018,-5,-0.159448217172509,0.130599824098494,0.130599824098494,0.130599824098494,0.129385655826519,0.129385655826519,0.0698263733953381,0.0698263733953381,0.0698263733953381,-0.0720512910532793,-0.0720512910532793,0,0,0,0.95,0.95,0,0,0,0.95,0.95,0.143379415283963,-0.143379415283963,-0.0395838699843417,0.0395838699843417,-0.103795545299621,0.103795545299621,-0.95,0.362209058824966,0.708040102683128
hpt_v2_topology2_paper,topology2,fault,deep_lvrt,lvrt_200ms_0.575pu,0.18,fault,rule_action,0,NaN,0.575,0.575,0.575,1,1,213.622969826887,843.164680600777,0.932621988341918,0.838572113961829,0.119430653073869,1.05395585075097,-0.053955850750971,0.0673780116580817,0.102270567656579,0.506573736706587,0.170561099308832,0.00872485637538226,0,0,1,0,0,1,0,1,0,0.345833333333199,0.782394679620119,1.10522233430018,-5,-0.742398224271357,0.170453267567834,0.170453267567834,0.170453267567834,0.170268505529896,0.170268505529896,0.00847029518798359,0.00847029518798359,0.00847029518798359,-0.0116059618187765,-0.0116059618187765,0,0,0,0.95,0.95,0,0,0,0.95,0.95,0.0392456091976681,-0.0392456091976681,0.124215241004095,-0.124215241004095,-0.163460850201763,0.163460850201763,-0.741299923020816,-0.354250905841195,0.95
hpt_v2_topology2_paper,topology2,fault,deep_lvrt,lvrt_200ms_0.575pu,0.182,fault,rule_action,0,NaN,0.575,0.575,0.575,1,1,224.979709528701,854.935126596517,0.979013430839169,0.903444462837008,0.130613128134194,1.06866890824565,-0.0686689082456469,0.0209865691608305,0.186260212910525,0.497969132267042,0.115076748875181,0.0186047333456105,0,0,1,0,0,1,0,1,0,0.362499999999859,0.782394679620119,1.10522233430018,1.31138590037927,2.65751729785468,0.114224367871673,0.114224367871673,0.114224367871673,0.113840472498938,0.113840472498938,0.0190753742773888,0.0190753742773888,0.0190753742773888,-0.0212467159985792,-0.0212467159985792,0,0,0,0.95,0.95,0,0,0,0.95,0.95,-0.033156383930773,0.033156383930773,0.112670843833809,-0.112670843833809,-0.0795144599030355,0.0795144599030355,-0.106357038766766,-0.897260808139848,0.95
hpt_v2_topology2_paper,topology2,fault,deep_lvrt,lvrt_200ms_0.575pu,0.184,fault,rule_action,0,NaN,0.575,0.575,0.575,1,1,200.331088778092,851.41275892899,0.994537601472603,0.86621249799859,0.0904609101297883,1.06426594866124,-0.0642659486612376,0.00546239852739705,0.231551072763046,0.430770595560157,0.0427242452669392,0.078227099561706,0,0,1,0,0,1,0,1,0,0.37916666666652,0.782394679620119,1.10522233430018,2.3750341568376,0.235606151794299,0.0423398256978028,0.0423398256978028,0.0423398256978028,0.0409956214234988,0.0409956214234988,0.0787895724236587,0.0787895724236587,0.0787895724236587,-0.079497274084867,-0.079497274084867,0,0,0,0.95,0.95,0,0,0,0.95,0.95,0.000251492633782678,-0.000251492633782678,0.0773358295495267,-0.0773358295495267,-0.0775873221833094,0.0775873221833094,0.573622166265427,-0.95,0.569252843770349
hpt_v2_topology2_paper,topology2,fault,deep_lvrt,lvrt_200ms_0.575pu,0.186,fault,rule_action,0,NaN,0.575,0.575,0.575,1,1,173.241208637434,848.888714254376,0.958358674957197,0.85127692929654,0.126718216716333,1.06111089281797,-0.0611108928179696,0.0416413250428035,0.163753140634146,0.364387515821487,0.0544001957679223,0.103197786924777,0,0,1,0,0,1,0,1,0,0.39583333333318,0.782394679620119,1.10522233430018,-4.60885154452995,-1.25198823868478,0.0550179076880818,0.0550179076880818,0.0550179076880818,0.0535679329643848,0.0535679329643848,0.103015987913028,0.103015987913028,0.103015987913028,-0.103777360199585,-0.103777360199585,0,0,0,0.95,0.95,0,0,0,0.95,0.95,-0.0666878787601697,0.0666878787601697,0.116374012660223,-0.116374012660223,-0.0496861339000537,0.0496861339000537,0.95,-0.941881419612321,-0.0797291541409439
hpt_v2_topology2_paper,topology2,fault,deep_lvrt,lvrt_200ms_0.575pu,0.188,fault,rule_action,0,NaN,0.575,0.575,0.575,1,1,183.232951500665,842.039486536312,0.921209511681401,0.866398754176461,0.116608724560678,1.05254935817039,-0.0525493581703902,0.0787904883185988,0.0678756991739479,0.438708791921072,0.133560510812063,0.0708184062762403,0,0,1,0,0,1,0,1,0,0.41249999999984,0.782394679620119,1.10522233430018,-0.143699257450169,0.84237970613521,0.134311790448604,0.134311790448604,0.134311790448604,0.133364407598603,0.133364407598603,0.0702264562141755,0.0702264562141755,0.0702264562141755,-0.072009353502061,-0.072009353502061,0,0,0,0.95,0.95,0,0,0,0.95,0.95,-0.146307839046895,0.146307839046895,0.0388891952504535,-0.0388891952504535,0.107418643796441,-0.107418643796441,0.95,-0.377260172381039,-0.722793093420963
hpt_v2_topology2_paper,topology2,fault,deep_lvrt,lvrt_200ms_0.575pu,0.19,fault,rule_action,0,NaN,0.575,0.575,0.575,1,1,212.519381369568,833.180206640885,0.934354538873363,0.87056428252291,0.124743923691748,1.04147525830111,-0.0414752583011069,0.0656454611266369,0.0950666614429447,0.517380839629804,0.168587261534764,0.0148217114105094,0,0,1,0,0,1,0,1,0,0.4291666666665,0.782394679620119,1.10522233430018,0.92159183064533,1.74064483478342,0.168451198713109,0.168451198713109,0.168451198713109,0.168216474409635,0.168216474409635,0.0145040276547436,0.0145040276547436,0.0145040276547436,-0.0170114932702938,-0.0170114932702938,0,0,0,0.95,0.95,0,0,0,0.95,0.95,-0.0446935138825629,0.0446935138825629,-0.1188676093151,0.1188676093151,0.163561123197663,-0.163561123197663,0.720404057654973,0.353748903811386,-0.95
hpt_v2_topology2_paper,topology2,fault,deep_lvrt,lvrt_200ms_0.575pu,0.192,fault,rule_action,0,NaN,0.575,0.575,0.575,1,1,222.13449968349,848.451713401488,0.975909744300798,0.862843903872335,0.140852961702474,1.06056464175186,-0.0605646417518597,0.0240902556992021,0.211354228139126,0.494525621147192,0.116368343450382,0.0193053120998143,0,0,1,0,0,1,0,1,0,0.44583333333316,0.782394679620119,1.10522233430018,-5,-2.06471356824789,0.115598953820394,0.115598953820394,0.115598953820394,0.115268144368191,0.115268144368191,0.0197626895636772,0.0197626895636772,0.0197626895636772,-0.0216087231708364,-0.0216087231708364,0,0,0,0.95,0.95,0,0,0,0.95,0.95,0.0332893532609673,-0.0332893532609673,-0.114031152780767,0.114031152780767,0.0807417995198001,-0.0807417995198001,0.0672201140655686,0.939479336290789,-0.95
hpt_v2_topology2_paper,topology2,fault,deep_lvrt,lvrt_200ms_0.575pu,0.194,fault,rule_action,0,NaN,0.575,0.575,0.575,1,1,202.634482508337,849.700933064173,0.993499360144993,0.857437205458003,0.118172241814248,1.06212616633022,-0.0621261663302164,0.00650063985500704,0.214363626739935,0.413917925418917,0.0482217005925094,0.078762915556295,0,0,1,0,0,1,0,1,0,0.462499999999821,0.782394679620119,1.10522233430018,-1.20079862538303,-1.3515493922438,0.0477981130274127,0.0477981130274127,0.0477981130274127,0.0466457557902325,0.0466457557902325,0.0792836793874829,0.0792836793874829,0.0792836793874829,-0.0799670863102845,-0.0799670863102845,0,0,0,0.95,0.95,0,0,0,0.95,0.95,0.00455749062981024,-0.00455749062981024,-0.0823558520871798,0.0823558520871798,0.0777983614573695,-0.0777983614573695,-0.586297507230168,0.95,-0.583548425526543
hpt_v2_topology2_paper,topology2,fault,deep_lvrt,lvrt_200ms_0.575pu,0.196,fault,rule_action,0,NaN,0.575,0.575,0.575,1,1,175.146566671185,851.775035135834,0.962079486609186,0.873436123432759,0.12126639940991,1.06471879391979,-0.0647187939197924,0.0379205133908143,0.13075329090181,0.381474264392786,0.052616795969338,0.10897972480672,0,0,1,0,0,1,0,1,0,0.479166666666481,0.782394679620119,1.10522233430018,-0.203194923090289,2.52337139863701,0.0531401226964169,0.0531401226964169,0.0531401226964169,0.0518579765831156,0.0518579765831156,0.108813323364485,0.108813323364485,0.108813323364485,-0.109430170641004,-0.109430170641004,0,0,0,0.95,0.95,0,0,0,0.95,0.95,0.0657233095211442,-0.0657233095211442,-0.120943968113206,0.120943968113206,0.0552206585920617,-0.0552206585920617,-0.95,0.930142705053452,0.0632812979371391
hpt_v2_topology2_paper,topology2,fault,deep_lvrt,lvrt_200ms_0.575pu,0.198,fault,rule_action,0,NaN,0.575,0.575,0.575,1,1,181.400901447765,844.802831815564,0.921614139631372,0.855550176817705,0.0825521749574261,1.05600353976945,-0.0560035397694549,0.078385860368628,0.0780355444187966,0.448737173237663,0.129044523523843,0.0715121551163309,0,0,1,0,0,1,0,1,0,0.495833333333141,0.782394679620119,1.10522233430018,-5,-0.2101426424439,0.129843959120863,0.129843959120863,0.129843959120863,0.129032446352789,0.129032446352789,0.0708469022005084,0.0708469022005084,0.0708469022005084,-0.0723143489205524,-0.0723143489205524,0,0,0,0.95,0.95,0,0,0,0.95,0.95,0.143359104954389,-0.143359104954389,-0.0401331069769646,0.0401331069769646,-0.103225997977424,0.103225997977424,-0.95,0.349467636843286,0.717299067838876
hpt_v2_topology2_paper,topology2,fault,deep_lvrt,lvrt_200ms_0.575pu,0.2,fault,rule_action,0,NaN,0.575,0.575,0.575,1,1,214.376459141625,841.008839176248,0.934055254627433,0.842455260380334,0.122901238772202,1.05126104897031,-0.0512610489703105,0.0659447453725669,0.0937127961666276,0.504091695554518,0.168934564502926,0.00976092415787248,0,0,1,0,0,1,0,1,0,0.512499999999801,0.782394679620119,1.10522233430018,-5,-0.755964231235584,0.168804341827789,0.168804341827789,0.168804341827789,0.168660561603193,0.168660561603193,0.00953826166195608,0.00953826166195608,0.00953826166195608,-0.0118109785852165,-0.0118109785852165,0,0,0,0.95,0.95,0,0,0,0.95,0.95,0.0390922643635226,-0.0390922643635226,0.122908279269001,-0.122908279269001,-0.162000543632523,0.162000543632523,-0.729569848046834,-0.367305351873594,0.95
hpt_v2_topology2_paper,topology2,fault,deep_lvrt,lvrt_200ms_0.575pu,0.202,fault,rule_action,0,NaN,0.575,0.575,0.575,1,1,225.786167959983,854.902685804866,0.980848179751244,0.905396427819717,0.135133264923924,1.06862835725608,-0.0686283572560831,0.0191518202487557,0.174887378600402,0.497386576565626,0.111942256640217,0.0213091361417939,0,0,1,0,0,1,0,1,0,0.529166666666462,0.782394679620119,1.10522233430018,1.0515800383557,2.53835013265924,0.111074736804027,0.111074736804027,0.111074736804027,0.110740121294739,0.110740121294739,0.0218015866731415,0.0218015866731415,0.0218015866731415,-0.0234420961771081,-0.0234420961771081,0,0,0,0.95,0.95,0,0,0,0.95,0.95,-0.0300023991706682,0.0300023991706682,0.109524063412906,-0.109524063412906,-0.0795216642422379,0.0795216642422379,-0.0902991147483598,-0.901804370612157,0.95
hpt_v2_topology2_paper,topology2,fault,deep_lvrt,lvrt_200ms_0.575pu,0.204,fault,rule_action,0,NaN,0.575,0.575,0.575,1,1,200.885475747062,851.517489197973,0.996876183959048,0.877571443114867,0.0874391317122141,1.06439686149747,-0.0643968614974657,0.00312381604095191,0.220606048884157,0.431621826681233,0.0381659611007072,0.0804670401720334,0,0,1,0,0,1,0,1,0,0.545833333333122,0.782394679620119,1.10522233430018,2.28613347751683,0.104278228161947,0.0377692550148967,0.0377692550148967,0.0377692550148967,0.036682691425459,0.036682691425459,0.0810493803869339,0.0810493803869339,0.0810493803869339,-0.0815469118683887,-0.0815469118683887,0,0,0,0.95,0.95,0,0,0,0.95,0.95,0.00471063504419757,-0.00471063504419757,0.0749751192555694,-0.0749751192555694,-0.079685754299767,0.079685754299767,0.585334152298162,-0.95,0.551535868166095
hpt_v2_topology2_paper,topology2,fault,deep_lvrt,lvrt_200ms_0.575pu,0.206,fault,rule_action,0,NaN,0.575,0.575,0.575,1,1,173.741986541563,847.778833045782,0.960402122359293,0.854916879617493,0.128045749835715,1.05972354130723,-0.0597235413072275,0.039597877640707,0.157141883194086,0.372817335079851,0.0494807582977631,0.106476254393462,0,0,1,0,0,1,0,1,0,0.562499999999782,0.782394679620119,1.10522233430018,-4.07927126896979,-1.37482370426678,0.050100434209618,0.050100434209618,0.050100434209618,0.0489403504460171,0.0489403504460171,0.106298691244363,0.106298691244363,0.106298691244363,-0.106837761893807,-0.106837761893807,0,0,0,0.95,0.95,0,0,0,0.95,0.95,-0.0629349761198503,0.0629349761198503,0.117412182700071,-0.117412182700071,-0.0544772065802211,0.0544772065802211,0.95,-0.928200644677076,-0.101805197397076
hpt_v2_topology2_paper,topology2,fault,deep_lvrt,lvrt_200ms_0.575pu,0.208,fault,rule_action,0,NaN,0.575,0.575,0.575,1,1,184.803625818252,845.665276824643,0.922465124783206,0.874631838375567,0.120569693876199,1.0570815960308,-0.0570815960308035,0.0775348752167939,0.0642687023644541,0.428177927119532,0.129812831498844,0.071175501974714,0,0,1,0,0,1,0,1,0,0.579166666666442,0.782394679620119,1.10522233430018,-5,0.821559917565162,0.130575655890545,0.130575655890545,0.130575655890545,0.129812116260383,0.129812116260383,0.0705522224882569,0.0705522224882569,0.0705522224882569,-0.0719474285939346,-0.0719474285939346,0,0,0,0.95,0.95,0,0,0,0.95,0.95,-0.143458258310222,0.143458258310222,0.0387820564640949,-0.0387820564640949,0.104676201846127,-0.104676201846127,0.95,-0.363834162611377,-0.72841767948599
hpt_v2_topology2_paper,topology2,fault,deep_lvrt,lvrt_200ms_0.575pu,0.21,fault,rule_action,0,NaN,0.575,0.575,0.575,1,1,213.73196366113,831.285302698959,0.936405960691726,0.872192496472696,0.120206954970961,1.0391066283737,-0.0391066283736985,0.063594039308274,0.0858143449234174,0.507905360452826,0.164262301090434,0.0158979044924634,0,0,1,0,0,1,0,1,0,0.595833333333102,0.782394679620119,1.10522233430018,2.11881104882705,1.59541530628604,0.16412000628373,0.16412000628373,0.16412000628373,0.163906658958245,0.163906658958245,0.0156457296854743,0.0156457296854743,0.0156457296854743,-0.0177418282346524,-0.0177418282346524,0,0,0,0.95,0.95,0,0,0,0.95,0.95,-0.0434417603415522,0.0434417603415522,-0.11600977757757,0.11600977757757,0.159451537919123,-0.159451537919123,0.706496453120163,0.370773017652689,-0.95
hpt_v2_topology2_paper,topology2,fault,deep_lvrt,lvrt_200ms_0.575pu,0.212,fault,rule_action,0,NaN,0.575,0.575,0.575,1,1,221.121181688133,847.609799679451,0.978235886843872,0.878218973700584,0.152917731049158,1.05951224959931,-0.0595122495993134,0.0217641131561276,0.198540726053185,0.490073250371814,0.111181874213064,0.0236333429811116,0,0,1,0,0,1,0,1,0,0.612499999999763,0.782394679620119,1.10522233430018,-2.33682551742798,-0.859537192085202,0.11040893867258,0.11040893867258,0.11040893867258,0.110054943780303,0.110054943780303,0.0241769817886346,0.0241769817886346,0.0241769817886346,-0.0257404261178384,-0.0257404261178384,0,0,0,0.95,0.95,0,0,0,0.95,0.95,0.0281833522832733,-0.0281833522832733,-0.108882335654944,0.108882335654944,0.0806989833716707,-0.0806989833716707,0.0501429319052041,0.942841544057705,-0.95
hpt_v2_topology2_paper,topology2,fault,deep_lvrt,lvrt_200ms_0.575pu,0.214,fault,rule_action,0,NaN,0.575,0.575,0.575,1,1,202.836637126187,849.973371738946,0.994258454891931,0.872867689167871,0.112305380579749,1.06246671467368,-0.0624667146736824,0.00574154510806868,0.204975179803328,0.401357097125264,0.0446956157482602,0.0810587991487421,0,0,1,0,0,1,0,1,0,0.629166666666423,0.782394679620119,1.10522233430018,1.34053092147313,-0.026393614094733,0.0442964833231715,0.0442964833231715,0.0442964833231715,0.0432387843957134,0.0432387843957134,0.081579907878464,0.081579907878464,0.081579907878464,-0.0821454035734179,-0.0821454035734179,0,0,0,0.95,0.95,0,0,0,0.95,0.95,0.00139999139178091,-0.00139999139178091,-0.0810842284239026,0.0810842284239026,0.0796842370321217,-0.0796842370321217,-0.597855955056069,0.95,-0.565283915555164
hpt_v2_topology2_paper,topology2,fault,deep_lvrt,lvrt_200ms_0.575pu,0.216,fault,rule_action,0,NaN,0.575,0.575,0.575,1,1,176.491852890955,847.209696682229,0.962970101810241,0.868220449016298,0.128776893090275,1.05901212085279,-0.0590121208527861,0.0370298981897594,0.113156111554471,0.378412086426756,0.0506764719327322,0.111921599589248,0,0,1,0,0,1,0,1,0,0.645833333333083,0.782394679620119,1.10522233430018,-0.494734534382868,2.32907994679388,0.0511988992175587,0.0511988992175587,0.0511988992175587,0.0500287934324318,0.0500287934324318,0.111800729624722,0.111800729624722,0.111800729624722,-0.112329204810704,-0.112329204810704,0,0,0,0.95,0.95,0,0,0,0.95,0.95,0.0653650934424736,-0.0653650934424736,-0.122882886181379,0.122882886181379,0.0575177927389058,-0.0575177927389058,-0.95,0.919493803026558,0.0836923337830754
hpt_v2_topology2_paper,topology2,fault,deep_lvrt,lvrt_200ms_0.575pu,0.218,fault,rule_action,0,NaN,0.575,0.575,0.575,1,1,182.120704836701,845.172324086049,0.925047838727739,0.876928310498889,0.082413357873794,1.05646540510756,-0.056465405107561,0.0749521612722608,0.0667120926844322,0.434147610373426,0.123461629196039,0.0760265922838848,0,0,1,0,0,1,0,1,0,0.662499999999743,0.782394679620119,1.10522233430018,-5,-0.327246463470265,0.124227343026353,0.124227343026353,0.124227343026353,0.123463628793362,0.123463628793362,0.0753377488447092,0.0753377488447092,0.0753377488447092,-0.0765829061968176,-0.0765829061968176,0,0,0,0.95,0.95,0,0,0,0.95,0.95,0.141964421673835,-0.141964421673835,-0.0442290035265425,0.0442290035265425,-0.0977354181472922,0.0977354181472922,-0.95,0.33192199173867,0.72539362219453
hpt_v2_topology2_paper,topology2,fault,deep_lvrt,lvrt_200ms_0.575pu,0.22,fault,rule_action,0,NaN,0.575,0.575,0.575,1,1,223.225296519882,816.78146265975,0.942729799489579,0.821839830397855,0.0836440706575318,1.02097682832469,-0.0209768283246878,0.0572702005104211,0.0689865028145301,0.48365766521687,0.328053224120816,-0.0999257620498768,0,0,1,0,0,1,1,0,1,0,0.821839830397855,0.936317647009229,-5,-0.767733987100616,0.328482475719324,0.328482475719324,0.328482475719324,0.329726848449601,0.329726848449601,-0.101613754969433,-0.101613754969433,-0.101613754969433,0.0975002434108654,0.0975002434108654,0,0,0,0.95,0.95,0,0,0,0.95,0.95,-0.0466038426883413,0.0466038426883413,0.318328412400946,-0.318328412400946,-0.271724569712605,0.271724569712605,-0.727119273646515,-0.399685442552215,0.95
hpt_v2_topology2_paper,topology2,fault,deep_lvrt,lvrt_200ms_0.575pu,0.222,fault,rule_action,0,NaN,0.575,0.575,0.575,1,1,234.2639333625,827.447073510088,1.00461929576475,0.942772186200708,0.162034897179383,1.03430884188761,-0.0343088418876099,-0.00461929576475084,0.157278251681895,0.463366967843285,0.176825992957213,-0.15796656260008,0,0,0,0,0,1,1,0,1,0,0.815776546547312,0.954936916124342,-0.808047111757415,3.54051334556549,0.174096235459341,0.174096235459341,0.174096235459341,0.23134585223706,0.23134585223706,-0.157451429357057,-0.157451429357057,-0.157451429357057,0.0397435335671466,0.0397435335671466,0,0,0,0.95,0.95,0,0,0,0.95,0.95,-0.220328666176726,0.220328666176726,0.180284216155575,-0.180284216155575,0.0400444500211513,-0.0400444500211513,-0.0645696156177536,-0.932125970704711,0.95
hpt_v2_topology2_paper,topology2,fault,deep_lvrt,lvrt_200ms_0.575pu,0.224,fault,rule_action,0,NaN,0.575,0.575,0.575,1,1,198.227911674729,852.151857787842,1.01574046541246,0.890173179098685,0.0756822322110961,1.0651898222348,-0.0651898222348031,-0.0157404654124615,0.214839161981795,0.401231346729996,-0.036724937715692,-0.00310033140777269,0,0,1,0,0,1,1,0,1,0,0.815776546547312,0.96181105337096,0.025535516027908,-0.0695552128511245,-0.0375375354267937,-0.0375375354267937,-0.0375375354267937,-0.0311352950384118,-0.0311352950384118,-0.00104034062860393,-0.00104034062860393,-0.00104034062860393,0.0209938628511374,0.0209938628511374,0,0,0,0.95,0.95,0,0,0,0.95,0.95,0.0332582082450283,-0.0332582082450283,-0.0317297777549631,0.0317297777549631,-0.00152843049006521,0.00152843049006521,0.607388292676433,-0.95,0.519790362448795
hpt_v2_topology2_paper,topology2,fault,deep_lvrt,lvrt_200ms_0.575pu,0.226,fault,rule_action,0,NaN,0.575,0.575,0.575,1,1,174.610182607735,846.525076082645,0.967354382661347,0.865964152131153,0.122133258225168,1.05815634510331,-0.058156345103306,0.0326456173386527,0.135919240050017,0.358137884609873,0.0439869485743591,0.139193220023638,0,0,1,0,0,1,1,0,1,0,0.815776546547312,0.96181105337096,-5,-1.55899780896052,0.0461446181172496,0.0461446181172496,0.0461446181172496,0.0442373802189528,0.0442373802189528,0.139590237542456,0.139590237542456,0.139590237542456,-0.140206327923207,-0.140206327923207,0,0,0,0.95,0.95,0,0,0,0.95,0.95,-0.0680110324439037,0.0680110324439037,0.146885739238188,-0.146885739238188,-0.0788747067942848,0.0788747067942848,0.95,-0.900442351458635,-0.138298031809806
hpt_v2_topology2_paper,topology2,fault,deep_lvrt,lvrt_200ms_0.575pu,0.228,fault,rule_action,0,NaN,0.575,0.575,0.575,1,1,194.408403643163,831.572092531352,0.937646631209479,0.911985528917456,0.161888372917215,1.03946511566419,-0.0394651156641899,0.0623533687905212,0.0448413232392057,0.406734317900018,0.266203997330832,0.0799342228897397,0,0,1,0,0,1,1,0,1,0,0.815776546547312,0.96181105337096,-5,0.734135980866135,0.267883616817321,0.267883616817321,0.267883616817321,0.266832733829331,0.266832733829331,0.0781491916612025,0.0781491916612025,0.0781491916612025,-0.0816652954050496,-0.0816652954050496,0,0,0,0.95,0.95,0,0,0,0.95,0.95,-0.244143794564319,0.244143794564319,0.00503749242989722,-0.00503749242989722,0.239106302134422,-0.239106302134422,0.95,-0.327739247582268,-0.766783152586465
hpt_v2_topology2_paper,topology2,fault,deep_lvrt,lvrt_200ms_0.575pu,0.23,fault,rule_action,0,NaN,0.575,0.575,0.575,1,1,227.116988099556,771.551702512221,0.969881271093316,0.913258543747951,0.0830613042895369,0.964439628140276,0.035560371859724,0.0301187289066838,0.0746361679188617,0.483609468037613,0.288336570644131,-0.0976466276913274,0,0,1,0,0,1,1,0,1,0,0.815776546547312,0.96181105337096,0.945225642718705,1.29318810390544,0.287025885512623,0.287025885512623,0.287025885512623,0.288510272643236,0.288510272643236,-0.0986699335394415,-0.0986699335394415,-0.0986699335394415,0.0942413779520884,0.0942413779520884,0,0,0,0.95,0.95,0,0,0,0.95,0.95,0.0591339567389013,-0.0591339567389013,-0.287379104586466,0.287379104586466,0.228245147847565,-0.228245147847565,0.711713856300481,0.444193319505264,-0.95
hpt_v2_topology2_paper,topology2,fault,deep_lvrt,lvrt_200ms_0.575pu,0.232,fault,rule_action,0,NaN,0.575,0.575,0.575,1,1,223.848791459867,820.089522242552,1.01281774018389,0.908972280575235,0.206280301273632,1.02511190280319,-0.0251119028031901,-0.0128177401838914,0.207344050089017,0.438063061842625,0.0865312352305521,-0.109417728014946,0,0,1,0,0,1,1,0,1,0,0.815776546547312,0.96181105337096,-1.8946684631147,-0.297817599706374,0.0843207147008012,0.0843207147008012,0.0843207147008012,0.129228446311095,0.129228446311095,-0.10813738932981,-0.10813738932981,-0.10813738932981,0.0458659630089819,0.0458659630089819,0,0,0,0.95,0.95,0,0,0,0.95,0.95,0.135533421746886,-0.135533421746886,-0.0858160077081155,0.0858160077081155,-0.0497174140387703,0.0497174140387703,0.0164059090797092,0.95,-0.95
hpt_v2_topology2_paper,topology2,fault,deep_lvrt,lvrt_200ms_0.575pu,0.234,fault,rule_action,0,NaN,0.575,0.575,0.575,1,1,196.13666561575,850.271818398138,1.01116450236366,0.911818958380233,0.044827950419969,1.06283977299767,-0.0628397729976728,-0.0111645023636648,0.204071230757225,0.346712579258393,-0.0506037828023563,0.0599890379126123,0,0,1,0,0,1,1,0,1,0,0.815776546547312,0.96181105337096,-0.293974047611334,-1.42329328385649,-0.0508477336782767,-0.0508477336782767,-0.0508477336782767,-0.07629611200118,-0.07629611200118,0.0621918286772192,0.0621918286772192,0.0621918286772192,-0.0251439628526798,-0.0251439628526798,0,0,0,0.95,0.95,0,0,0,0.95,0.95,-0.0722627141234372,0.0722627141234372,0.00574119761065688,-0.00574119761065688,0.0665215165127803,-0.0665215165127803,-0.615911018930632,0.95,-0.536457084698662
hpt_v2_topology2_paper,topology2,fault,deep_lvrt,lvrt_200ms_0.575pu,0.236,fault,rule_action,0,NaN,0.575,0.575,0.575,1,1,177.385996152532,843.784373471635,0.966761323019237,0.926606594148834,0.142816995578422,1.05473046683954,-0.0547304668395436,0.0332386769807634,0.0897926812979063,0.356249285516142,0.0553905759703047,0.174342626000585,0,0,0,0,0,1,1,0,1,0,0.815776546547312,0.96181105337096,1.18272048592327,1.92166343185485,0.0574467512865364,0.0574467512865364,0.0574467512865364,0.055013208873183,0.055013208873183,0.174300082436641,0.174300082436641,0.174300082436641,-0.175083393902085,-0.175083393902085,0,0,0,0.95,0.95,0,0,0,0.95,0.95,0.0871918765109494,-0.0871918765109494,-0.183448247785823,0.183448247785823,0.0962563712748733,-0.0962563712748733,-0.95,0.886544881459008,0.12139003767568
hpt_v2_topology2_paper,topology2,fault,deep_lvrt,lvrt_200ms_0.575pu,0.238,fault,rule_action,0,NaN,0.575,0.575,0.575,1,1,188.932297557191,815.336795969507,0.933437785957665,0.908106472077783,0.130975253204013,1.01917099496188,-0.0191709949618832,0.0665622140423351,0.0348954174615651,0.413201441269936,0.278467800825667,0.0396773619618967,0,0,1,0,0,1,1,0,1,0,0.815776546547312,0.96181105337096,-5,-0.726322394270174,0.28033684852754,0.28033684852754,0.28033684852754,0.279837282555522,0.279837282555522,0.0376332863061489,0.0376332863061489,0.0376332863061489,-0.0411838338731907,-0.0411838338731907,0,0,0,0.95,0.95,0,0,0,0.95,0.95,0.222122215052239,-0.222122215052239,0.040596568987897,-0.040596568987897,-0.262718784040136,0.262718784040136,-0.95,0.306739120953729,0.770888727372168
hpt_v2_topology2_paper,topology2,fault,deep_lvrt,lvrt_200ms_0.575pu,0.24,fault,rule_action,0,NaN,0.575,0.575,0.575,1,1,230.675829193081,755.720255418584,0.965057250131166,0.911540719700867,0.111177047597717,0.944650319273229,0.0553496807267706,0.0349427498688345,0.0576281640542301,0.472302711684498,0.319608022098777,-0.168783599422535,0,0,1,0,0,1,1,0,1,0,0.815776546547312,0.968135487815213,-5,-0.798094250529124,0.318284829448799,0.318284829448799,0.318284829448799,0.320784474975055,0.320784474975055,-0.170133151430234,-0.170133151430234,-0.170133151430234,0.165371830998547,0.165371830998547,0,0,0,0.95,0.95,0,0,0,0.95,0.95,-0.130262201151762,0.130262201151762,0.356613022173,-0.356613022173,-0.226350821021238,0.226350821021238,-0.731928272386678,-0.464600647698572,0.95
hpt_v2_topology2_paper,topology2,fault,deep_lvrt,lvrt_200ms_0.575pu,0.242,fault,rule_action,0,NaN,0.575,0.575,0.575,1,1,225.674170265414,794.293372397051,1.01183075655213,0.899448304916622,0.178842044747601,0.992866715496314,0.00713328450368567,-0.0118307565521294,0.191189580084966,0.441795120276947,0.105200176314692,-0.243557864710138,0,0,1,0,0,1,1,0,1,0,0.815776546547312,0.968135487815213,0.953080736572853,3.58977093455337,0.102824328600151,0.102824328600151,0.102824328600151,0.217760989600058,0.217760989600058,-0.243910426514002,-0.243910426514002,-0.243910426514002,0.15048352110021,0.15048352110021,0,0,0,0.95,0.95,0,0,0,0.95,0.95,-0.262574811420115,0.262574811420115,0.102309736005541,-0.102309736005541,0.160265075414574,-0.160265075414574,-0.0182277435091819,-0.95,0.95
hpt_v2_topology2_paper,topology2,fault,deep_lvrt,lvrt_200ms_0.575pu,0.244,fault,rule_action,0,NaN,0.575,0.575,0.575,1,1,184.717451709623,859.194223557106,1.00399119397661,0.950999752948924,0.0838789583185743,1.07399277944638,-0.0739927794463824,-0.00399119397661263,0.242003195275643,0.325871271871403,-0.0337891226818245,-0.195573027471503,0,0,0,0,0,1,1,0,1,0,0.815776546547312,0.968135487815213,-1.56475141574808,0.0627598605322799,-0.0336563170470293,-0.0336563170470293,-0.0336563170470293,0.0764345434105659,0.0764345434105659,-0.194829116638001,-0.194829116638001,-0.194829116638001,0.18234278965929,0.18234278965929,0,0,0,0.95,0.95,0,0,0,0.95,0.95,-0.0463323533258665,0.0463323533258665,-0.143292028457153,0.143292028457153,0.189624381783019,-0.189624381783019,0.628339035167194,-0.95,0.496609905808195
hpt_v2_topology2_paper,topology2,fault,deep_lvrt,lvrt_200ms_0.575pu,0.246,fault,rule_action,0,NaN,0.575,0.575,0.575,1,1,174.749677596543,847.477382445924,0.948371284482723,0.917284472025061,0.121740176436326,1.05934672805741,-0.0593467280574056,0.0516287155172774,0.119380782762182,0.243075587139837,0.130538460775519,-0.177726690362668,0,0,1,0,0,1,1,0,1,0,0.815776546547312,0.968135487815213,-5,-0.712935241462764,0.133131764440833,0.133131764440833,0.133131764440833,0.136428206574919,0.136428206574919,-0.178316212186949,-0.178316212186949,-0.178316212186949,0.175806947196582,0.175806947196582,0,0,0,0.95,0.95,0,0,0,0.95,0.95,-0.089210534879123,0.089210534879123,-0.131949721229149,0.131949721229149,0.221160256108272,-0.221160256108272,0.95,-0.865475541883656,-0.172925540640725
hpt_v2_topology2_paper,topology2,fault,deep_lvrt,lvrt_200ms_0.575pu,0.248,fault,rule_action,0,NaN,0.575,0.575,0.575,1,1,204.370170504603,813.901624278789,0.933474497186051,0.905415272921583,0.15061307124738,1.01737703034849,-0.0173770303484866,0.0665255028139492,-0.00553178716204299,0.313335651445343,0.335961719164433,-0.238188599928267,0,0,1,0,0,1,1,0,1,0,0.815776546547312,0.985163832669763,-5,0.446316422646031,0.337062418744747,0.337062418744747,0.337062418744747,0.342225804794048,0.342225804794048,-0.238612751929223,-0.238612751929223,-0.238612751929223,0.231146313071099,0.231146313071099,0,0,0,0.95,0.95,0,0,0,0.95,0.95,-0.0290693545308746,0.0290693545308746,-0.342223741143072,0.342223741143072,0.371293095673947,-0.371293095673947,0.95,-0.26320428479374,-0.811463989933953
hpt_v2_topology2_paper,topology2,fault,deep_lvrt,lvrt_200ms_0.575pu,0.25,fault,rule_action,0,NaN,0.575,0.575,0.575,1,1,229.309069226062,734.097687122875,0.980361075965578,0.963594724382925,0.120324820884739,0.917622108903593,0.0823778910964069,0.0196389240344216,0.0516187636720404,0.411811778483002,0.268510547539113,-0.252757594483953,0,0,0,0,0,1,1,0,1,0,0.815776546547312,1.00707612016614,-2.79360631231162,0.573600570332289,0.266590049647399,0.266590049647399,0.266590049647399,0.273167681724242,0.273167681724242,-0.252987493224167,-0.252987493224167,-0.252987493224167,0.245870583763601,0.245870583763601,0,0,0,0.95,0.95,0,0,0,0.95,0.95,0.24638988532542,-0.24638988532542,-0.359359531522117,0.359359531522117,0.112969646196697,-0.112969646196697,0.654484252931986,0.547745767682769,-0.95
hpt_v2_topology2_paper,topology2,fault,deep_lvrt,lvrt_200ms_0.575pu,0.252,fault,rule_action,0,NaN,0.575,0.575,0.575,1,1,220.444364578616,798.871134631178,1.01910666134586,0.942760302456078,0.201815322641432,0.998588918288972,0.00141108171102799,-0.0191066613458573,0.16954752334207,0.354697333588205,0.0405740231164857,-0.242763041840803,0,0,0,0,0,1,1,0,1,0,0.815776546547312,1.00707612016614,-1.15650034197357,-0.647385845290893,0.0384524883560519,0.0384524883560519,0.0384524883560519,0.164328450659683,0.164328450659683,-0.241458311619168,-0.241458311619168,-0.241458311619168,0.181043835615963,0.181043835615963,0,0,0,0.95,0.95,0,0,0,0.95,0.95,0.21817551132141,-0.21817551132141,-0.0135099482062825,0.0135099482062825,-0.204665563115127,0.204665563115127,-0.0940210434469739,0.95,-0.95
hpt_v2_topology2_paper,topology2,fault,deep_lvrt,lvrt_200ms_0.575pu,0.254,fault,rule_action,0,NaN,0.575,0.575,0.575,1,1,189.84653496162,849.400554469944,1.00595394325982,0.954499122610025,0.0550291980772641,1.06175069308743,-0.0617506930874296,-0.00595394325982435,0.154095475869564,0.295602904218498,-0.0560469892607783,-0.0659989321827765,0,0,0,0,0,1,1,0,1,0,0.815776546547312,1.00707612016614,-5,-1.07107652330685,-0.0557804797909927,-0.0557804797909927,-0.0557804797909927,-0.0118128856630505,-0.0118128856630505,-0.0637885186318141,-0.0637885186318141,-0.0637885186318141,0.0839100278111403,0.0839100278111403,0,0,0,0.95,0.95,0,0,0,0.95,0.95,-0.0332955529496852,0.0332955529496852,0.0841302363555184,-0.0841302363555184,-0.0508346834058331,0.0508346834058331,-0.696508074916642,0.95,-0.423505322792156
hpt_v2_topology2_paper,topology2,fault,deep_lvrt,lvrt_200ms_0.575pu,0.256,fault,rule_action,0,NaN,0.575,0.575,0.575,1,1,179.024122518296,839.741494217563,0.961201274250422,0.952973481988873,0.178058996368014,1.04967686777195,-0.0496768677719543,0.0387987257495782,0.0356035964352488,0.309404946612135,0.0827832318563656,0.0625316501163163,0,0,0,0,0,1,1,0,1,0,0.815776546547312,1.00707612016614,1.52259941122723,0.969932829811393,0.0849413417467653,0.0849413417467653,0.0849413417467653,0.0832886936724625,0.0832886936724625,0.0627670073367333,0.0627670073367333,0.0627670073367333,-0.0649439932101885,-0.0649439932101885,0,0,0,0.95,0.95,0,0,0,0.95,0.95,0.0997384432381819,-0.0997384432381819,-0.0799562415135689,0.0799562415135689,-0.019782201724613,0.019782201724613,-0.95,0.790711635942901,0.240302730070772
hpt_v2_topology2_paper,topology2,fault,deep_lvrt,lvrt_200ms_0.575pu,0.258,fault,rule_action,0,NaN,0.575,0.575,0.575,1,1,197.908709300714,795.323892826018,0.936760487964439,0.913081383141137,0.125144058532257,0.994154866032522,0.0058451339674781,0.0632395120355611,-0.0222353930202476,0.369257158247835,0.285568985529735,-0.0258210550481878,0,0,1,0,0,1,1,0,1,0,0.815776546547312,1.00707612016614,-5,-1.53126071865728,0.287067700386703,0.287067700386703,0.287067700386703,0.287659715691647,0.287659715691647,-0.0274852222111329,-0.0274852222111329,-0.0274852222111329,0.0203762119518317,0.0203762119518317,0,0,0,-0.103427487117739,-0.103427487117739,0,0,0,0.95,0.95,0.149491547572069,-0.149491547572069,0.138823148197853,-0.138823148197853,-0.288314695769922,0.288314695769922,-0.95,0.173187030431785,0.862144107368357
hpt_v2_topology2_paper,topology2,fault,deep_lvrt,lvrt_200ms_0.575pu,0.26,fault,rule_action,0,NaN,0.575,0.575,0.575,1,1,228.73030984488,718.495969704857,0.972736932133004,0.924200279528002,0.0440302862486594,0.898119962131071,0.101880037868929,0.0272630678669956,0.0299725143900536,0.433228349098289,0.284186654873065,-0.191571915892231,0,0,0,0,0,1,1,0,1,0,0.815776546547312,1.00707612016614,-0.0303167993334075,0.0498390896300771,0.282695666315999,0.282695666315999,0.282695666315999,0.287600104584847,0.287600104584847,-0.192617623680335,-0.192617623680335,-0.192617623680335,0.185214925286519,0.185214925286519,0,0,0,0.95,0.95,0,0,0,0.95,0.95,-0.19419383269386,0.19419383269386,0.340982869278482,-0.340982869278482,-0.146789036584622,0.146789036584622,-0.635838934247496,-0.625137834656286,0.95
hpt_v2_topology2_paper,topology2,fault,deep_lvrt,lvrt_200ms_0.575pu,0.262,fault,rule_action,0,NaN,0.575,0.575,0.575,1,1,219.235141953437,756.557954249409,1.01170155619085,0.922792698523701,0.177151600940246,0.945697442811761,0.0543025571882386,-0.0117015561908531,0.165725591815038,0.396998863965639,0.0810452693156539,-0.238570964716061,0,0,0,0,0,1,1,0,1,0,0.815776546547312,1.00707612016614,2.29003355029533,2.85636821814605,0.0790043991169521,0.0790043991169521,0.0790043991169521,0.196013461238994,0.196013461238994,-0.238063287198129,-0.238063287198129,-0.238063287198129,0.156507337861581,0.156507337861581,0,0,0,0.95,0.95,0,0,0,0.95,0.95,-0.237542009699466,0.237542009699466,0.0490055903199571,-0.0490055903199571,0.188536419379509,-0.188536419379509,0.117268052817934,-0.95,0.95
hpt_v2_topology2_paper,topology2,fault,deep_lvrt,lvrt_200ms_0.575pu,0.264,fault,rule_action,0,NaN,0.575,0.575,0.575,1,1,188.634856485808,850.820035234177,0.998609067851182,0.931224519734882,0.0855326203194749,1.06352504404272,-0.0635250440427217,0.00139093214881847,0.194623757181547,0.291213045601372,-0.0173845555379576,-0.155717723157384,0,0,0,0,0,1,1,0,1,0,0.815776546547312,1.00707612016614,1.57507785389499,-0.650109701196166,-0.0170182407428484,-0.0170182407428484,-0.0170182407428484,-0.0131475913022229,-0.0131475913022229,-0.154635783288286,-0.154635783288286,-0.154635783288286,0.155012860221703,0.155012860221703,0,0,0,0.95,0.95,0,0,0,0.95,0.95,-0.028842293069663,0.028842293069663,-0.117970228151117,0.117970228151117,0.14681252122078,-0.14681252122078,0.72018839889486,-0.95,0.380239441419231
hpt_v2_topology2_paper,topology2,fault,deep_lvrt,lvrt_200ms_0.575pu,0.266,fault,rule_action,0,NaN,0.575,0.575,0.575,1,1,178.388501416568,845.78818864139,0.952834870243469,0.903816270763718,0.144191488436174,1.05723523580174,-0.0572352358017374,0.0471651297565312,0.0652089005335704,0.249251699492755,0.129457872547791,-0.130277206669789,0,0,1,0,0,1,1,0,1,0,0.815776546547312,1.00707612016614,-5,-0.337086982017176,0.131694459822348,0.131694459822348,0.131694459822348,0.134643374592182,0.134643374592182,-0.131211947964794,-0.131211947964794,-0.131211947964794,0.128184116469418,0.128184116469418,0,0,0,0.95,0.95,0,0,0,0.95,0.95,-0.0824662002194315,0.0824662002194315,-0.103056535323632,0.103056535323632,0.185522735543064,-0.185522735543064,0.95,-0.80682973263639,-0.264818224752728
hpt_v2_topology2_paper,topology2,fault,deep_lvrt,lvrt_200ms_0.575pu,0.268,fault,rule_action,0,NaN,0.575,0.575,0.575,1,1,204.540419459324,811.005116057089,0.937421637873709,0.947496709560447,0.128503682871688,1.01375639507136,-0.0137563950713611,0.0625783621262912,-0.0381785184609475,0.298107226888382,0.318013583864651,-0.223468302530786,0,0,0,0,0,1,1,0,1,0,0.815776546547312,1.00707612016614,-5,0.311970936978545,0.319025612799055,0.319025612799055,0.319025612799055,0.324166819416999,0.324166819416999,-0.224088725163709,-0.224088725163709,-0.224088725163709,0.216584790685716,0.216584790685716,0,0,0,-0.95,-0.95,0,0,0,0.95,0.95,0.00513742998485775,-0.00513742998485775,-0.340170594260517,0.340170594260517,0.335033164275659,-0.335033164275659,0.95,-0.159515939655333,-0.862112081521157
hpt_v2_topology2_paper,topology2,fault,deep_lvrt,lvrt_200ms_0.575pu,0.27,fault,rule_action,0,NaN,0.575,0.575,0.575,1,1,229.279538353932,722.586599066959,0.979670223093373,0.934878648445008,0.0951588132390642,0.903233248833699,0.0967667511663008,0.020329776906627,0.0198865359295999,0.39764993818934,0.261235033154051,-0.222460692821858,0,0,0,0,0,1,1,0,1,0,0.815776546547312,1.00707612016614,1.58354774867919,-0.0224581228049914,0.259471408547013,0.259471408547013,0.259471408547013,0.265094380436068,0.265094380436068,-0.221853883312261,-0.221853883312261,-0.221853883312261,0.215103525901643,0.215103525901643,0,0,0,0.756847891233485,0.756847891233485,0,0,0,0.95,0.95,0.236183925271067,-0.236183925271067,-0.33156627755009,0.33156627755009,0.0953823522790239,-0.0953823522790239,0.563146375065678,0.647437242123121,-0.95
hpt_v2_topology2_paper,topology2,fault,deep_lvrt,lvrt_200ms_0.575pu,0.272,fault,rule_action,0,NaN,0.575,0.575,0.575,1,1,220.302001967532,759.774539465512,1.01796203117209,0.903457998987758,0.144511335343751,0.949718174331891,0.0502818256681095,-0.0179620311720865,0.137377154231766,0.353125551598175,0.0435390100415048,-0.0643889483716457,0,0,1,0,0,1,1,0,1,0,0.815776546547312,1.00707612016614,-3.64060159616397,-1.11989900432252,0.0414757649496486,0.0414757649496486,0.0414757649496486,0.0685752726442392,0.0685752726442392,-0.0620368826509881,-0.0620368826509881,-0.0620368826509881,0.029432055126668,0.029432055126668,0,0,0,0.95,0.95,0,0,0,0.95,0.95,0.0741866842867393,-0.0741866842867393,-0.0301031832529742,0.0301031832529742,-0.044083501033765,0.044083501033765,-0.192839125979816,0.95,-0.944201276410502
hpt_v2_topology2_paper,topology2,fault,deep_lvrt,lvrt_200ms_0.575pu,0.274,fault,rule_action,0,NaN,0.575,0.575,0.575,1,1,196.066084148204,831.09822884393,1.0149422187237,0.924007796101386,0.0534804072261543,1.03887278605491,-0.0388727860549127,-0.0149422187236956,0.127567232286517,0.289900724807706,-0.0797373316560388,0.163886204844891,0,0,0,0,0,1,1,0,1,0,0.815776546547312,1.00707612016614,-5,0.681605155107734,-0.0799045453360897,-0.0799045453360897,-0.0799045453360897,-0.156548983795556,-0.156548983795556,0.165066810015528,0.165066810015528,0.165066810015528,-0.0955206983153297,-0.0955206983153297,0,0,0,0.95,0.95,0,0,0,0.95,0.95,-0.119755225190906,0.119755225190906,-0.0604047869073786,0.0604047869073786,0.180160012098284,-0.180160012098284,-0.761999635584204,0.95,-0.361807656825348
hpt_v2_topology2_paper,topology2,fault,deep_lvrt,lvrt_200ms_0.575pu,0.276,fault,rule_action,0,NaN,0.575,0.575,0.575,1,1,178.032584968838,829.914700514499,0.977894946050605,0.940981205591746,0.122811761620221,1.03739337564312,-0.0373933756431235,0.0221050539493952,0.00540732624753765,0.312838985368998,0.0073584725218172,0.19379513856755,0,0,0,0,0,1,1,0,1,0,0.815776546547312,1.00707612016614,0.359752061245056,0.615823602889698,0.00912814186653873,0.00912814186653873,0.00912814186653873,0.00623676202548239,0.00623676202548239,0.192902967770826,0.192902967770826,0.192902967770826,-0.193018083992577,-0.193018083992577,0,0,0,0.95,0.95,0,0,0,0.95,0.95,0.0714590780122512,-0.0714590780122512,-0.19110443591285,0.19110443591285,0.119645357900599,-0.119645357900599,-0.95,0.751027355470535,0.285053181128378
hpt_v2_topology2_paper,topology2,fault,deep_lvrt,lvrt_200ms_0.575pu,0.278,fault,rule_action,0,NaN,0.575,0.575,0.575,1,1,187.505707394201,778.892057999413,0.937943864216777,0.885185602533755,0.0883704895840064,0.973615072499266,0.0263849275007343,0.0620561357832229,-0.0397742805509998,0.36948631196014,0.230894381238473,-0.0158964648366601,0,0,1,0,0,1,1,0,1,0,0.815776546547312,1.00707612016614,-4.73766168013812,-1.72282540306246,0.233024969035249,0.233024969035249,0.233024969035249,0.233210464516726,0.233210464516726,-0.0189171101738671,-0.0189171101738671,-0.0189171101738671,0.0164733873596678,0.0164733873596678,0,0,0,-0.95,-0.95,0,0,0,0.95,0.95,0.121384936137667,-0.121384936137667,0.112348402529842,-0.112348402529842,-0.233733338667509,0.233733338667509,-0.95,0.146751121117501,0.89042049898691
hpt_v2_topology2_paper,topology2,fault,deep_lvrt,lvrt_200ms_0.575pu,0.28,recovery,rule_action,0,NaN,0.575,0.575,0.575,1,1,223.030540807861,702.580662547566,0.959362532630733,0.91147670173791,0.051814949509429,0.878225828184457,0.121774171815543,0.0406374673692674,0.00964262572979334,0.437200270407792,0.31167573594344,-0.194697001471803,0,0,1,0,0,1,1,0,1,0,0.815776546547312,1.00707612016614,-2.18590169389887,-0.0108224145295432,0.310938592743864,0.310938592743864,0.310938592743864,0.312976971658335,0.312976971658335,-0.195701041452179,-0.195701041452179,-0.195701041452179,0.192424326150775,0.192424326150775,0,0,0,0.95,0.95,0,0,0,0.95,0.95,-0.200543944921461,0.200543944921461,0.366866935239015,-0.366866935239015,-0.166322990317554,0.166322990317554,-0.623391736914894,-0.654855619153004,0.95
hpt_v2_topology2_paper,topology2,fault,deep_lvrt,lvrt_200ms_0.575pu,0.282,recovery,rule_action,0,NaN,0.575,0.575,0.575,1,1,224.003798416604,720.379011222839,1.00349023614348,0.932907276354355,0.164416374410792,0.900473764028549,0.0995262359714515,-0.00349023614348165,0.160899543233014,0.409985100170426,0.141157070135843,-0.244531436283151,0,0,0,0,0,1,1,0,1,0,0.815776546547312,1.00707612016614,0.634748870009028,2.82040033333175,0.139003416057145,0.139003416057145,0.139003416057145,0.247794317718016,0.247794317718016,-0.244493970092415,-0.244493970092415,-0.244493970092415,0.1330309257044,0.1330309257044,0,0,0,0.95,0.95,0,0,0,0.95,0.95,-0.27834812559733,0.27834812559733,0.104300304072803,-0.104300304072803,0.174047821524527,-0.174047821524527,0.145747098931268,-0.95,0.95
hpt_v2_topology2_paper,topology2,fault,deep_lvrt,lvrt_200ms_0.575pu,0.284,recovery,rule_action,0,NaN,0.575,0.575,0.575,1,1,208.97733213725,846.708264348417,1.01690734883438,1.02454789429928,0.109428659714523,1.05838533043552,-0.0583853304355215,-0.0169073488343832,0.259364586736044,0.336885307363804,-0.0243122666549462,-0.204781772296218,0,0,0,0,0,1,1,0,1,0,0.815776546547312,1.03439913570474,-0.471552173226142,1.54749103350471,-0.0252303267095989,-0.0252303267095989,-0.0252303267095989,0.0873791175315219,0.0873791175315219,-0.204241394481996,-0.204241394481996,-0.204241394481996,0.186322318644965,0.186322318644965,0,0,0,0.95,0.95,0,0,0,0.95,0.95,-0.0299374208498603,0.0299374208498603,-0.161358118444109,0.161358118444109,0.191295539293969,-0.191295539293969,0.768336582067574,-0.95,0.336909135234941
hpt_v2_topology2_paper,topology2,fault,deep_lvrt,lvrt_200ms_0.575pu,0.286,recovery,rule_action,0,NaN,0.575,0.575,0.575,1,1,206.664971550773,876.227408871481,1.01045541307856,1.03906235077895,0.0239401159704017,1.09528426108935,-0.0952842610893514,-0.0104554130785626,0.216172782377722,0.241278790592958,-0.0521705212774212,-0.145279015329246,0,0,0,0,0,1,1,0,1,0,0.815776546547312,1.09532811466307,-5,-1.9896888327775,-0.0521184211021052,-0.0521184211021052,-0.0521184211021052,0.0328617677550877,0.0328617677550877,-0.144657337958678,-0.144657337958678,-0.144657337958678,0.150207121880017,0.150207121880017,0,0,0,0.95,0.95,0,0,0,0.95,0.95,0.100661824809253,-0.100661824809253,-0.150988521168963,0.150988521168963,0.0503266963597104,-0.0503266963597104,0.95,-0.767859848921083,-0.318576876206993
hpt_v2_topology2_paper,topology2,fault,deep_lvrt,lvrt_200ms_0.575pu,0.288,recovery,rule_action,0,NaN,0.575,0.575,0.575,1,1,204.794393510223,851.667359972628,1.00511358592728,1.08779658941355,0.0396165983882665,1.06458419996579,-0.064584199965785,-0.00511358592728484,0.153351788366633,0.201208162064137,-0.0249446200543207,-0.101845812598128,0,0,0,1,0,1,0,1,0,0.0165000000000165,0.815776546547312,1.09532811466307,-5,-1.26672382927517,-0.0247556280729198,-0.0247556280729198,-0.0247556280729198,0.0329918311447791,0.0329918311447791,-0.101537061822882,-0.101537061822882,-0.101537061822882,0.0991673087394375,0.0991673087394375,0,0,0,0.95,0.95,0,0,0,0.95,0.95,0.0988106976549899,-0.0988106976549899,-0.0788891843205584,0.0788891843205584,-0.0199215133344314,0.0199215133344314,0.95,-0.168582086605367,-0.872933865303138
hpt_v2_topology2_paper,topology2,fault,deep_lvrt,lvrt_200ms_0.575pu,0.29,recovery,rule_action,0,NaN,0.575,0.575,0.575,1,1,205.339063504808,849.452328653239,1.00442514090594,1.10813168528403,0.0391692192374414,1.06181541081655,-0.0618154108165483,-0.00442514090593904,0.0869621502363134,0.220987397775203,-0.0141404013010694,-0.0810953516279421,0,0,0,1,0,1,0,1,0,0.0331666666666998,0.815776546547312,1.09532811466307,1.83411379477416,0.238243682121331,-0.0140734557625275,-0.0140734557625275,-0.0140734557625275,0.0309721858546553,0.0309721858546553,-0.0809078839747587,-0.0809078839747587,-0.0809078839747587,0.0760583430647652,0.0760583430647652,0,0,0,0.95,0.95,0,0,0,0.95,0.95,0.0799679809167358,-0.0799679809167358,-0.02379904665695,0.02379904665695,-0.0561689342597858,0.0561689342597858,0.563283027028724,0.490420240924991,-0.95
hpt_v2_topology2_paper,topology2,fault,deep_lvrt,lvrt_200ms_0.575pu,0.292,recovery,rule_action,0,NaN,0.575,0.575,0.575,1,1,206.935839873597,844.971083585408,0.997982739892567,1.04691832038988,0.0383908602545701,1.05621385448176,-0.0562138544817601,0.00201726010743297,0.0502496390505607,0.256055887604115,-0.00263628176556044,-0.0742067919565203,0,0,0,0,0,1,0,1,0,0.0498333333333832,0.815776546547312,1.09532811466307,-4.32186390962608,-1.12404424937873,-0.00251657072935872,-0.00251657072935872,-0.00251657072935872,-0.00197498337663174,-0.00197498337663174,-0.0741816273356239,-0.0741816273356239,-0.0741816273356239,0.0741980215575812,0.0741980215575812,0,0,0,0.840329247115775,0.840329247115775,0,0,0,0.95,0.95,0.0559101000128953,-0.0559101000128953,0.0143235587597945,-0.0143235587597945,-0.0702336587726898,0.0702336587726898,-0.115151309012788,0.95,-0.84890058527155
hpt_v2_topology2_paper,topology2,fault,deep_lvrt,lvrt_200ms_0.575pu,0.294,recovery,rule_action,0,NaN,0.575,0.575,0.575,1,1,206.054378567966,849.461141295388,1.00094277654007,1.06985680238782,0.0374581992296969,1.06182642661923,-0.0618264266192345,-0.000942776540065582,0.0315863342112509,0.29268561697559,0.000791982512700506,-0.0759025892263658,0,0,0,0,0,1,0,1,0,0.0665000000000665,0.815776546547312,1.09532811466307,-4.67133785305562,0.0654267756794446,0.000771264779896429,0.000771264779896429,0.000771264779896429,0.00121280778944379,0.00121280778944379,-0.0758930208222689,-0.0758930208222689,-0.0758930208222689,0.0758872489694805,0.0758872489694805,0,0,0,0.95,0.95,0,0,0,0.95,0.95,0.0202205107793897,-0.0202205107793897,0.0532427816490531,-0.0532427816490531,-0.0734632924284429,0.0734632924284429,-0.712217382287023,0.95,-0.328977996233819
hpt_v2_topology2_paper,topology2,fault,deep_lvrt,lvrt_200ms_0.575pu,0.296,recovery,rule_action,0,NaN,0.575,0.575,0.575,1,1,208.205700347145,848.371996288843,1.00123683392994,1.0828572333389,0.0145946874133489,1.06046499536105,-0.0604649953610541,-0.00123683392993623,0.0402142436803805,0.316680505929882,1.02776766361578e-05,-0.0806603887378438,0,0,0,1,0,1,0,1,0,0.0831666666667498,0.815776546547312,1.09532811466307,1.53198871153659,0.830989423346917,-9.42994829002318e-06,-9.42994829002318e-06,-9.42994829002318e-06,0.000352950483587081,0.000352950483587081,-0.0807108562349744,-0.0807108562349744,-0.0807108562349744,0.0807100850517626,0.0807100850517626,0,0,0,0.95,0.95,0,0,0,0.95,0.95,-0.0290931468115889,0.0290931468115889,0.0797452958532433,-0.0797452958532433,-0.0506521490416544,0.0506521490416544,-0.95,0.678852904295012,0.339159735221029
hpt_v2_topology2_paper,topology2,fault,deep_lvrt,lvrt_200ms_0.575pu,0.298,recovery,rule_action,0,NaN,0.575,0.575,0.575,1,1,207.729655719976,845.957914823597,1.00115163070751,1.05949742300935,0.0447616720371152,1.0574473935295,-0.0574473935294963,-0.00115163070751034,0.0722471654557438,0.332633879354233,-0.00202774365210985,-0.0826995342985799,0,0,0,0,0,1,0,1,0,0.0998333333334332,0.815776546547312,1.09532811466307,0.478548472464313,-0.800791417453706,-0.00201755887853277,-0.00201755887853277,-0.00201755887853277,-0.00174635924004804,-0.00174635924004804,-0.0827207779681527,-0.0827207779681527,-0.0827207779681527,0.0827269477310112,0.0827269477310112,0,0,0,0.95,0.95,0,0,0,0.95,0.95,-0.070576395768934,0.070576395768934,0.0726957841312923,-0.0726957841312923,-0.00211938836235827,0.00211938836235827,-0.942593488183624,0.0618821793609779,0.880711308822646
hpt_v2_topology2_paper,topology2,fault,deep_lvrt,lvrt_200ms_0.575pu,0.3,recovery,rule_action,0,NaN,0.575,0.575,0.575,1,1,213.201771685084,849.513533139276,1.00413644400729,1.07150276280136,0.0249279137916126,1.06189191642409,-0.0618919164240943,-0.00413644400728974,0.0741382730407968,0.320439441715354,-0.00282399449207402,-0.0852638524302793,0,0,0,0,0,1,0,1,0,0.116500000000117,0.815776546547312,1.09532811466307,0.538655327563697,0.253015292992709,-0.00289871379129177,-0.00289871379129177,-0.00289871379129177,0.0422696914843889,0.0422696914843889,-0.085293986256618,-0.085293986256618,-0.085293986256618,0.0741400014499767,0.0741400014499767,0,0,0,0.95,0.95,0,0,0,0.95,0.95,-0.0850054815868158,0.0850054815868158,0.035933794908708,-0.035933794908708,0.0490716866781078,-0.0490716866781078,-0.510584032836949,-0.574920101025335,0.95
hpt_v2_topology2_paper,topology2,fault,deep_lvrt,lvrt_200ms_0.575pu,0.302,recovery,rule_action,0,NaN,0.575,0.575,0.575,1,1,209.943716903613,851.452170949544,1.00457241285967,1.090913813884,0.0524322871204442,1.06431521368693,-0.0643152136869301,-0.0045724128596718,0.076910509433752,0.296001348002309,-0.007445785700863,-0.0856440720922547,0,0,0,1,0,1,0,1,0,0.1331666666668,0.815776546547312,1.09532811466307,2.62280859369501,0.286152736650003,-0.00747285049752851,-0.00747285049752851,-0.00747285049752851,0.0385225545263805,0.0385225545263805,-0.0857216907115254,-0.0857216907115254,-0.0857216907115254,0.0769419556923456,0.0769419556923456,0,0,0,0.95,0.95,0,0,0,0.95,0.95,-0.0617117689042887,0.0617117689042887,-0.0210746653117314,0.0210746653117314,0.0827864342160201,-0.0827864342160201,0.134126494617898,-0.95,0.846841411182107
hpt_v2_topology2_paper,topology2,fault,deep_lvrt,lvrt_200ms_0.575pu,0.304,recovery,rule_action,0,NaN,0.575,0.575,0.575,1,1,205.31470333957,849.319182288148,1.00511046144205,1.04745985276966,0.00631018669439565,1.06164897786019,-0.0616489778601856,-0.00511046144205385,0.0919424654064309,0.284144476974871,-0.0119275542290829,-0.0854177776379431,0,0,0,0,0,1,0,1,0,0.149833333333483,0.815776546547312,1.09532811466307,-5,-0.315898225808242,-0.0119121055362825,-0.0119121055362825,-0.0119121055362825,0.0344959436169583,0.0344959436169583,-0.0853903457166474,-0.0853903457166474,-0.0853903457166474,0.0790154369341316,0.0790154369341316,0,0,0,0.95,0.95,0,0,0,0.95,0.95,-0.0102255901149357,0.0102255901149357,-0.0690264997195806,0.0690264997195806,0.0792520898345162,-0.0792520898345162,0.745556259513671,-0.95,0.29246147035557
hpt_v2_topology2_paper,topology2,fault,deep_lvrt,lvrt_200ms_0.575pu,0.306,recovery,rule_action,0,NaN,0.575,0.575,0.575,1,1,210.448526683945,846.84881954533,1.00486602901028,1.01585879096468,0.00556287886813069,1.05856102443166,-0.0585610244316621,-0.00486602901027733,0.0586873884853903,0.265458344927386,-0.00907330993755025,-0.0858438520605657,0,0,0,0,0,1,0,1,0,0.166500000000167,0.815776546547312,1.09532811466307,-5,-0.39976270767883,-0.00908811288302185,-0.00908811288302185,-0.00908811288302185,0.037070272368225,0.037070272368225,-0.0858325762827904,-0.0858325762827904,-0.0858325762827904,0.0779462626022645,0.0779462626022645,0,0,0,0.95,0.95,0,0,0,0.95,0.95,0.0396475463413132,-0.0396475463413132,-0.0862197275818385,0.0862197275818385,0.0465721812405253,-0.0465721812405253,0.95,-0.705804063785138,-0.366293524989521
hpt_v2_topology2_paper,topology2,fault,deep_lvrt,lvrt_200ms_0.575pu,0.308,recovery,rule_action,0,NaN,0.575,0.575,0.575,1,1,207.868307063332,849.865850567156,1.00549476363372,1.08133134382223,0.0171803079928933,1.06233231320894,-0.0623323132089448,-0.00549476363371548,0.0353559493997107,0.292816061506084,-0.0112426461854658,-0.0806592205646681,0,0,0,1,0,1,0,1,0,0.18316666666685,0.815776546547312,1.09532811466307,0.874088341376034,1.75825841958455,-0.0112486677609921,-0.0112486677609921,-0.0112486677609921,0.032460715853872,0.032460715853872,-0.080672266604175,-0.080672266604175,-0.080672266604175,0.074705080494612,0.074705080494612,0,0,0,0.95,0.95,0,0,0,0.95,0.95,0.0739446710195697,-0.0739446710195697,-0.0665535722139004,0.0665535722139004,-0.00739109880566929,0.00739109880566929,0.940431370559787,-0.0818455249575998,-0.858585845602187
hpt_v2_topology2_paper,topology2,fault,deep_lvrt,lvrt_200ms_0.575pu,0.31,recovery,rule_action,0,NaN,0.575,0.575,0.575,1,1,205.351902449511,849.632156677259,1.00612661244167,1.08931218186636,0.0325081574902508,1.06204019584657,-0.0620401958465742,-0.00612661244167079,0.0516323500542047,0.308588357153223,-0.0129653521454825,-0.0817337671902419,0,0,0,1,0,1,0,1,0,0.199833333333533,0.815776546547312,1.09532811466307,-0.263983196234996,-0.127719403062443,-0.0129686491434984,-0.0129686491434984,-0.0129686491434984,0.031495740944448,0.031495740944448,-0.0817664947521366,-0.0817664947521366,-0.0817664947521366,0.0765634627418233,0.0765634627418233,0,0,0,0.95,0.95,0,0,0,0.95,0.95,0.0809013915152951,-0.0809013915152951,-0.0252295663100518,0.0252295663100518,-0.0556718252052432,0.0556718252052432,0.469870970102742,0.571348032779183,-0.95
hpt_v2_topology2_paper,topology2,fault,deep_lvrt,lvrt_200ms_0.575pu,0.312,recovery,rule_action,0,NaN,0.575,0.575,0.575,1,1,209.148026481313,846.524206200631,1.0015382558429,1.04375971081396,0.00581399233027515,1.05815525775079,-0.0581552577507893,-0.0015382558428978,0.0505720452992147,0.28016594408164,-0.00660635938298334,-0.0868900072763723,0,0,0,0,0,1,0,1,0,0.216500000000217,0.815776546547312,1.09532811466307,-5,-0.325949706965201,-0.00654762798453215,-0.00654762798453215,-0.00654762798453215,-0.00681189579361805,-0.00681189579361805,-0.0868837256171212,-0.0868837256171212,-0.0868837256171212,0.0868634059027847,0.0868634059027847,0,0,0,0.95,0.95,0,0,0,0.95,0.95,0.0630821532866115,-0.0630821532866115,0.0205091045239545,-0.0205091045239545,-0.083591257810566,0.083591257810566,-0.168775115850812,0.95,-0.843722754126556
hpt_v2_topology2_paper,topology2,fault,deep_lvrt,lvrt_200ms_0.575pu,0.314,recovery,rule_action,0,NaN,0.575,0.575,0.575,1,1,209.14751688749,850.848281286496,1.00531458069458,1.05673028047547,0.033495439776076,1.06356035160812,-0.0635603516081205,-0.00531458069458002,0.0363338525116745,0.299790130444907,-0.00832118220793392,-0.0856122079516221,0,0,0,0,0,1,0,1,0,0.2331666666669,0.815776546547312,1.09532811466307,-5,-0.808727656769204,-0.00836044519614663,-0.00836044519614663,-0.00836044519614663,0.0373007140464242,0.0373007140464242,-0.0855347166806764,-0.0855347166806764,-0.0855347166806764,0.0774257162262529,0.0774257162262529,0,0,0,0.95,0.95,0,0,0,0.95,0.95,0.0135509139417311,-0.0135509139417311,0.0667217752875594,-0.0667217752875594,-0.0802726892292905,0.0802726892292905,-0.767940244004178,0.95,-0.268576841227221
hpt_v2_topology2_paper,topology2,fault,deep_lvrt,lvrt_200ms_0.575pu,0.316,recovery,rule_action,0,NaN,0.575,0.575,0.575,1,1,208.728728633217,847.683031278517,1.00577381920623,1.08185719278894,0.025907421350946,1.05960378909815,-0.0596037890981465,-0.00577381920622755,0.0473233944248579,0.312876672595164,-0.0108625288415908,-0.0839763062980909,0,0,0,1,0,1,0,1,0,0.249833333333583,0.815776546547312,1.09532811466307,1.1822627221052,0.880942122037265,-0.0108826256893883,-0.0108826256893883,-0.0108826256893883,0.0343099957980617,0.0343099957980617,-0.0840235881566497,-0.0840235881566497,-0.0840235881566497,0.077467535761444,0.077467535761444,0,0,0,0.95,0.95,0,0,0,0.95,0.95,-0.0407005375466443,0.0407005375466443,0.0847039467103357,-0.0847039467103357,-0.0440034091636915,0.0440034091636915,-0.95,0.64699573252392,0.397710101183796
hpt_v2_topology2_paper,topology2,fault,deep_lvrt,lvrt_200ms_0.575pu,0.318,recovery,rule_action,0,NaN,0.575,0.575,0.575,1,1,205.448894923482,847.13490428914,1.00234608453377,1.0707256815831,0.0174202572670256,1.05891863036142,-0.0589186303614246,-0.00234608453376794,0.0690087229295838,0.297485441953339,-0.00899778310555608,-0.0846741514863394,0,0,0,0,0,1,0,1,0,0.266500000000267,0.815776546547312,1.09532811466307,-0.810962134548454,-0.687453890190648,-0.00893307475438498,-0.00893307475438498,-0.00893307475438498,0.036277527869812,0.036277527869812,-0.0846808179487124,-0.0846808179487124,-0.0846808179487124,0.0770362364389993,0.0770362364389993,0,0,0,0.95,0.95,0,0,0,0.95,0.95,-0.0761153377211937,0.0761153377211937,0.0711155285533275,-0.0711155285533275,0.0049998091678662,-0.0049998091678662,-0.932163543340694,0.0179294966533411,0.914234046687353
hpt_v2_topology2_paper,topology2,fault,deep_lvrt,lvrt_200ms_0.575pu,0.32,recovery,rule_action,0,NaN,0.575,0.575,0.575,1,1,211.772470727138,849.258520376172,1.00650489178034,1.07811731252631,0.0169696485236995,1.06157315047021,-0.0615731504702146,-0.00650489178034008,0.0430578312635114,0.281470124110827,-0.00811532814373087,-0.087508044267868,0,0,0,0,0,1,0,1,0,0.28316666666695,0.815776546547312,1.09532811466307,-0.574777083939049,0.136651523485742,-0.00819548197835544,-0.00819548197835544,-0.00819548197835544,0.0383371166899819,0.0383371166899819,-0.0874875611174265,-0.0874875611174265,-0.0874875611174265,0.0790664578631907,0.0790664578631907,0,0,0,0.95,0.95,0,0,0,0.95,0.95,-0.0868462775350422,0.0868462775350422,0.0318376946638383,-0.0318376946638383,0.0550085828712039,-0.0550085828712039,-0.466484952887082,-0.606998630479316,0.95
hpt_v2_topology2_paper,topology2,fault,deep_lvrt,lvrt_200ms_0.575pu,0.322,recovery,rule_action,0,NaN,0.575,0.575,0.575,1,1,211.226928090878,848.040883633851,1.00755390310284,1.07465302841002,0.00997086866201865,1.06005110454231,-0.060051104542314,-0.00755390310284421,0.0235229730853763,0.277174678958315,-0.0131348495466136,-0.0867473524197399,0,0,0,0,0,1,0,1,0,0.299833333333633,0.815776546547312,1.09532811466307,0.440691062689513,1.11896664143418,-0.0131816729251537,-0.0131816729251537,-0.0131816729251537,0.0336416231563929,0.0336416231563929,-0.0867083686890926,-0.0867083686890926,-0.0867083686890926,0.0809959189912219,0.0809959189912219,0,0,0,0.95,0.95,0,0,0,0.95,0.95,-0.0585896434927426,0.0585896434927426,-0.0272252059687405,0.0272252059687405,0.085814849461483,-0.085814849461483,0.188244869488392,-0.95,0.798627898653717
hpt_v2_topology2_paper,topology2,fault,deep_lvrt,lvrt_200ms_0.575pu,0.324,recovery,rule_action,0,NaN,0.575,0.575,0.575,1,1,206.196661414787,848.811986629124,1.00624024203105,1.06359491498247,0.0152730694834215,1.0610149832864,-0.0610149832864044,-0.0062402420310459,0.0391908039192816,0.283042765219495,-0.0162547475856326,-0.0854787343436345,0,0,0,0,0,1,0,1,0,0.316500000000317,0.815776546547312,1.09532811466307,-5,-0.339572366334862,-0.0162179688562112,-0.0162179688562112,-0.0162179688562112,0.0303640916246609,0.0303640916246609,-0.0854411716309205,-0.0854411716309205,-0.0854411716309205,0.0814937927899705,0.0814937927899705,0,0,0,0.95,0.95,0,0,0,0.95,0.95,-0.00573471035387011,0.00573471035387011,-0.0722841389231958,0.0722841389231958,0.0780188492770659,-0.0780188492770659,0.77709180399878,-0.95,0.2260050947007
hpt_v2_topology2_paper,topology2,fault,deep_lvrt,lvrt_200ms_0.575pu,0.326,recovery,rule_action,0,NaN,0.575,0.575,0.575,1,1,211.921608878676,847.700860472473,1.00605631398634,1.03639745630227,0.0199468792024514,1.05962607559059,-0.0596260755905917,-0.00605631398633566,0.0127282523188661,0.281664127378359,-0.0119922973184471,-0.0858408428261629,0,0,0,0,0,1,0,1,0,0.333166666667,0.815776546547312,1.09532811466307,-5,-0.50314898568371,-0.01200648660177,-0.01200648660177,-0.01200648660177,0.0341522033230656,0.0341522033230656,-0.085841732654613,-0.085841732654613,-0.085841732654613,0.0796654617374715,0.0796654617374715,0,0,0,0.95,0.95,0,0,0,0.95,0.95,0.0426182704384857,-0.0426182704384857,-0.0866733559969166,0.0866733559969166,0.0440550855584309,-0.0440550855584309,0.95,-0.639348544167548,-0.429695724320718
hpt_v2_topology2_paper,topology2,fault,deep_lvrt,lvrt_200ms_0.575pu,0.328,recovery,rule_action,0,NaN,0.575,0.575,0.575,1,1,208.433874978378,848.704702942293,1.00681070845561,1.10992257824551,0.0135051263567079,1.06088087867787,-0.0608808786778658,-0.00681070845561194,0.0075670694990413,0.272268790070129,-0.0142583433826603,-0.08697742365237,0,0,0,1,0,1,0,1,0,0.349833333333683,0.815776546547312,1.09532811466307,1.15153252146705,1.42709372516059,-0.0142664882812531,-0.0142664882812531,-0.0142664882812531,0.032793208899115,0.032793208899115,-0.0869692101817022,-0.0869692101817022,-0.0869692101817022,0.0818033107985687,0.0818033107985687,0,0,0,0.95,0.95,0,0,0,0.95,0.95,0.0810486295368809,-0.0810486295368809,-0.0705030054215736,0.0705030054215736,-0.0105456241153073,0.0105456241153073,0.909953861690258,-0.0223935721161201,-0.887560289574138
hpt_v2_topology2_paper,topology2,fault,deep_lvrt,lvrt_200ms_0.575pu,0.33,recovery,rule_action,0,NaN,0.575,0.575,0.575,1,1,207.19096909161,848.617843838043,1.00766747973965,1.08241217590251,0.0256060054747824,1.06077230479755,-0.0607723047975544,-0.00766747973964632,0.0123038689382638,0.277094731970278,-0.016386635218149,-0.0878755156494005,0,0,0,1,0,1,0,1,0,0.366500000000367,0.815776546547312,1.09532811466307,1.43697781956598,-0.496646564933201,-0.0163938513862141,-0.0163938513862141,-0.0163938513862141,0.0314513294374985,0.0314513294374985,-0.0878872688961284,-0.0878872688961284,-0.0878872688961284,0.0836883759784331,0.0836883759784331,0,0,0,0.95,0.95,0,0,0,0.95,0.95,0.0866604850230104,-0.0866604850230104,-0.0242995291866539,0.0242995291866539,-0.0623609558363565,0.0623609558363565,0.414971620907551,0.616893032325326,-0.95
hpt_v2_topology2_paper,topology2,fault,deep_lvrt,lvrt_200ms_0.575pu,0.332,recovery,rule_action,0,NaN,0.575,0.575,0.575,1,1,210.849927452335,844.443504753065,1.00567075682393,1.04291146147395,0.00997340937882573,1.05555438094133,-0.0555543809413306,-0.00567075682393048,-0.00693250459730632,0.274859909632651,-0.0130048607328706,-0.0879737350927775,0,0,0,0,0,1,0,1,0,0.38316666666705,0.815776546547312,1.09532811466307,-5,-0.424477224533648,-0.0129932964373683,-0.0129932964373683,-0.0129932964373683,0.0343893563967054,0.0343893563967054,-0.0879476500249109,-0.0879476500249109,-0.0879476500249109,0.0819816263795365,0.0819816263795365,0,0,0,0.480845817558479,0.480845817558479,0,0,0,0.95,0.95,0.0593431635648703,-0.0593431635648703,0.0276564469338477,-0.0276564469338477,-0.086999610498718,0.086999610498718,-0.24040376455844,0.95,-0.782631774660126
hpt_v2_topology2_paper,topology2,fault,deep_lvrt,lvrt_200ms_0.575pu,0.334,recovery,rule_action,0,NaN,0.575,0.575,0.575,1,1,209.91247684317,849.141780561684,1.00742203058366,1.07625668427187,0.027783943314932,1.06142722570211,-0.0614272257021051,-0.00742203058366275,-0.010573318304448,0.28571182128854,-0.0150863565159836,-0.0867423379877427,0,0,0,0,0,1,0,1,0,0.399833333333733,0.815776546547312,1.09532811466307,-5,0.439722028745093,-0.0151031094398949,-0.0151031094398949,-0.0151031094398949,0.0319663520125697,0.0319663520125697,-0.0867568181452765,-0.0867568181452765,-0.0867568181452765,0.0820548703518231,0.0820548703518231,0,0,0,0.0555443049998921,0.0555443049998921,0,0,0,0.95,0.95,0.00668258164459222,-0.00668258164459222,0.0727024096663507,-0.0727024096663507,-0.079384991310943,0.079384991310943,-0.807161950899323,0.95,-0.193339763030526
hpt_v2_topology2_paper,topology2,fault,deep_lvrt,lvrt_200ms_0.575pu,0.336,recovery,rule_action,0,NaN,0.575,0.575,0.575,1,1,210.563344409698,846.986811867521,1.00845279250511,1.08198821409862,0.0102031945447064,1.0587335148344,-0.0587335148344013,-0.00845279250510989,-0.00745279387401491,0.281959248025068,-0.016675570204747,-0.087974243765656,0,0,0,1,0,1,0,1,0,0.416500000000417,0.815776546547312,1.09532811466307,2.59418482868323,0.311978675428426,-0.0167041500772856,-0.0167041500772856,-0.0167041500772856,0.0312239340373834,0.0312239340373834,-0.0879570776789965,-0.0879570776789965,-0.0879570776789965,0.0839079381635769,0.0839079381635769,0,0,0,0.611618881062984,0.611618881062984,0,0,0,0.95,0.95,-0.0482417211703038,0.0482417211703038,0.0894367036985966,-0.0894367036985966,-0.0411949825282929,0.0411949825282929,-0.95,0.580064923656026,0.452608934859649
hpt_v2_topology2_paper,topology2,fault,deep_lvrt,lvrt_200ms_0.575pu,0.338,recovery,rule_action,0,NaN,0.575,0.575,0.575,1,1,206.344590302985,845.524684561609,1.00483284438352,1.07446536626074,0.00982788987759757,1.05690585570201,-0.0569058557020115,-0.0048328443835246,0.00903707572706344,0.269038272346874,-0.015114065648759,-0.0886595523410847,0,0,0,0,0,1,0,1,0,0.4331666666671,0.815776546547312,1.09532811466307,-1.59549500198186,-1.0816214261351,-0.0150476571708428,-0.0150476571708428,-0.0150476571708428,0.0329960253571364,0.0329960253571364,-0.0886239218394932,-0.0886239218394932,-0.0886239218394932,0.083617544924346,0.083617544924346,0,0,0,0.00240754361346873,0.00240754361346873,0,0,0,0.95,0.95,-0.0830912242728633,0.0830912242728633,0.0712501567051573,-0.0712501567051573,0.0118410675677061,-0.0118410675677061,-0.880232615219639,-0.0576437791142408,0.93787639433388
hpt_v2_topology2_paper,topology2,fault,deep_lvrt,lvrt_200ms_0.575pu,0.34,recovery,rule_action,0,NaN,0.575,0.575,0.575,1,1,209.353987293429,849.987540672587,1.00812546606124,1.06957425859191,0.00955308585733202,1.06248442584073,-0.0624844258407338,-0.00812546606123732,-0.0183926345528259,0.267735250239312,-0.0144835205376601,-0.090307102262863,0,0,0,0,0,1,0,1,0,0.449833333333783,0.815776546547312,1.09532811466307,-1.91968583339386,0.478633200788669,-0.0145309090903908,-0.0145309090903908,-0.0145309090903908,0.0342948683849038,0.0342948683849038,-0.0902447527226562,-0.0902447527226562,-0.0902447527226562,0.0847297156576646,0.0847297156576646,0,0,0,0.29925917878027,0.29925917878027,0,0,0,0.95,0.95,-0.0889961250498008,0.0889961250498008,0.0264366581134189,-0.0264366581134189,0.062559466936382,-0.062559466936382,-0.39064124716787,-0.653445235972911,0.95
hpt_v2_topology2_paper,topology2,fault,deep_lvrt,lvrt_200ms_0.575pu,0.342,recovery,rule_action,0,NaN,0.575,0.575,0.575,1,1,211.35359134164,843.220174544125,1.00901306189432,1.07910332126504,0.0201478728847835,1.05402521818016,-0.0540252181801559,-0.00901306189431805,-0.028095666344611,0.285812746636122,-0.0173819061496976,-0.0868083464258517,0,0,0,0,0,1,0,1,0,0.466500000000467,0.815776546547312,1.09532811466307,1.82216204968788,0.66991126278304,-0.0174190869413699,-0.0174190869413699,-0.0174190869413699,0.0300555847928601,0.0300555847928601,-0.0868361356882507,-0.0868361356882507,-0.0868361356882507,0.0833102687181988,0.0833102687181988,0,0,0,0.0353780393817569,0.0353780393817569,0,0,0,0.95,0.95,-0.0552703827908008,0.0552703827908008,-0.0322967940378658,0.0322967940378658,0.0875671768286666,-0.0875671768286666,0.27820396173016,-0.95,0.719079856297445
hpt_v2_topology2_paper,topology2,fault,deep_lvrt,lvrt_200ms_0.575pu,0.344,recovery,rule_action,0,NaN,0.575,0.575,0.575,1,1,206.727575654264,846.250143142807,1.00674374779723,1.05968246464545,0.025262344267036,1.05781267892851,-0.0578126789285087,-0.00674374779722964,-0.00193782895269938,0.261579396740253,-0.0185963061793508,-0.09000606785529,0,0,0,0,0,1,0,1,0,0.48316666666715,0.815776546547312,1.09532811466307,-2.08273385044921,-0.680707996897789,-0.0185447139341436,-0.0185447139341436,-0.0185447139341436,0.0307907506248872,0.0307907506248872,-0.0900811759873723,-0.0900811759873723,-0.0900811759873723,0.0866628776242929,0.0866628776242929,0,0,0,-0.154503988485058,-0.154503988485058,0,0,0,0.95,0.95,-0.00357169871319439,0.00357169871319439,-0.0778026280622604,0.0778026280622604,0.0813743267754547,-0.0813743267754547,0.820299954129514,-0.95,0.144734294878212
hpt_v2_topology2_paper,topology2,fault,deep_lvrt,lvrt_200ms_0.575pu,0.346,recovery,rule_action,0,NaN,0.575,0.575,0.575,1,1,213.22109944111,847.622980181138,1.00884639838503,1.0892857214446,0.0259223248003226,1.05952872522642,-0.0595287252264221,-0.00884639838503243,-0.0362690504864132,0.23831620266177,-0.0158702717467298,-0.092617924236898,0,0,0,1,0,1,0,1,0,0.499833333333833,0.815776546547312,1.09532811466307,-0.779098551265456,-0.498960206121835,-0.0159223392018643,-0.0159223392018643,-0.0159223392018643,0.0343923225275384,0.0343923225275384,-0.0926304593432005,-0.0926304593432005,-0.0926304593432005,0.0874705152320101,0.0874705152320101,0,0,0,-0.744884861745506,-0.744884861745506,0,0,0,0.95,0.95,0.0499092544849854,-0.0499092544849854,-0.0939273892606139,0.0939273892606139,0.0440181347756285,-0.0440181347756285,0.95,-0.559827180719331,-0.489466844406037
hpt_v2_topology2_paper,topology2,fault,deep_lvrt,lvrt_200ms_0.575pu,0.348,recovery,rule_action,0,NaN,0.575,0.575,0.575,1,1,209.829172245141,844.837508763074,1.01072685643895,1.10088760753452,0.0238871796326706,1.05604688595384,-0.0560468859538428,-0.0107268564389513,-0.0498061394349106,0.257116946750109,-0.0212379803443759,-0.0881442217000606,0,0,0,1,0,1,0,1,0,0.516500000000517,0.815776546547312,1.09532811466307,1.7953250429894,0.868455617944797,-0.0212786953376072,-0.0212786953376072,-0.0212786953376072,0.0274954972561935,0.0274954972561935,-0.088128804117706,-0.088128804117706,-0.088128804117706,0.0863913573288575,0.0863913573288575,0,0,0,-0.0988687929017452,-0.0988687929017452,0,0,0,0.95,0.95,0.0862106640111452,-0.0862106640111452,-0.0674033319424778,0.0674033319424778,-0.0188073320686674,0.0188073320686674,0.839195874153272,0.0784486249672981,-0.91764449912057
hpt_v2_topology2_paper,topology2,fault,deep_lvrt,lvrt_200ms_0.575pu,0.35,recovery,rule_action,0,NaN,0.575,0.575,0.575,1,1,206.600812958247,848.252639969113,1.00950090123276,1.06738352538562,0.0277656421153441,1.06031579996139,-0.0603157999613919,-0.00950090123275826,-0.0327129847476594,0.251333130444902,-0.0238194501343128,-0.0894206295835607,0,0,0,0,0,1,0,1,0,0.5331666666672,0.815776546547312,1.09532811466307,-5,-0.475226679481633,-0.0237865610741799,-0.0237865610741799,-0.0237865610741799,0.0260709218386851,0.0260709218386851,-0.0894726063047001,-0.0894726063047001,-0.0894726063047001,0.0888338606679498,0.0888338606679498,0,0,0,-0.626507372715743,-0.626507372715743,0,0,0,0.95,0.95,0.0873297729244739,-0.0873297729244739,-0.0170473378196868,0.0170473378196868,-0.0702824351047871,0.0702824351047871,0.322964326621594,0.675834807028287,-0.95
hpt_v2_topology2_paper,topology2,fault,deep_lvrt,lvrt_200ms_0.575pu,0.352,recovery,rule_action,0,NaN,0.575,0.575,0.575,1,1,211.191335969884,846.397927413946,1.00733322589346,1.05504009564608,0.0146707737141263,1.05799740926743,-0.057997409267432,-0.00733322589346463,-0.054964270755329,0.21509177752119,-0.0178400895704944,-0.0922705765315653,0,0,0,0,0,1,0,1,0,0.549833333333883,0.815776546547312,1.09532811466307,-5,-0.428162370365914,-0.01781759081025,-0.01781759081025,-0.01781759081025,0.0326516780989975,0.0326516780989975,-0.0922388477253569,-0.0922388477253569,-0.0922388477253569,0.0880871130716777,0.0880871130716777,0,0,0,-0.95,-0.95,0,0,0,0.95,0.95,0.0583228982147426,-0.0583228982147426,0.0346189031718526,-0.0346189031718526,-0.0929418013865952,0.0929418013865952,-0.311860314058603,0.95,-0.704622433371353
hpt_v2_topology2_paper,topology2,fault,deep_lvrt,lvrt_200ms_0.575pu,0.354,recovery,rule_action,0,NaN,0.575,0.575,0.575,1,1,210.73127458631,836.755666816948,1.01062738548378,1.08272676455137,0.03099348159944,1.04594458352119,-0.0459445835211851,-0.0106273854837777,-0.0866431163381086,0.23076089742326,-0.0206343643967698,-0.0898756563763837,0,0,0,1,0,1,0,1,0,0.566500000000567,0.815776546547312,1.09532811466307,-5,0.214044554902149,-0.020680060864279,-0.020680060864279,-0.020680060864279,0.0290430232806099,0.0290430232806099,-0.0899288767195526,-0.0899288767195526,-0.0899288767195526,0.0875863607196504,0.0875863607196504,0,0,0,-0.95,-0.95,0,0,0,0.95,0.95,0.00032102894383202,-0.00032102894383202,0.0797523977785833,-0.0797523977785833,-0.0800734267224153,0.0800734267224153,-0.846625014110863,0.939980102993486,-0.0933550888826227
hpt_v2_topology2_paper,topology2,fault,deep_lvrt,lvrt_200ms_0.575pu,0.356,recovery,rule_action,0,NaN,0.575,0.575,0.575,1,1,206.314894702856,822.111735425403,1.01049808732367,1.08978768364964,0.00374599177500013,1.02763966928175,-0.027639669281754,-0.0104980873236653,-0.0705805725285469,0.246805332314774,-0.0240403912830597,-0.0887629381371894,0,0,0,1,0,1,0,1,0,0.58316666666725,0.815776546547312,1.09532811466307,1.47251460844267,-0.360715238518328,-0.0240365828705683,-0.0240365828705683,-0.0240365828705683,0.0255757141490323,0.0255757141490323,-0.0887246503252224,-0.0887246503252224,-0.0887246503252224,0.0882932825145473,0.0882932825145473,0,0,0,-0.95,-0.95,0,0,0,0.95,0.95,-0.0567469189888648,0.0567469189888648,0.0910009778671367,-0.0910009778671367,-0.034254058878272,0.034254058878272,-0.95,0.481547507064332,0.545499947510551
hpt_v2_topology2_paper,topology2,fault,deep_lvrt,lvrt_200ms_0.575pu,0.358,recovery,rule_action,0,NaN,0.575,0.575,0.575,1,1,207.588531410822,829.548773716203,1.00467963525362,1.0604152413657,0.016229336879812,1.03693596714525,-0.036935967145254,-0.00467963525361914,-0.0661785675677766,0.21688980377441,-0.0164561103338683,-0.090782596874391,0,0,0,0,0,1,0,1,0,0.599833333333933,0.815776546547312,1.09532811466307,-5,-0.384392364045638,-0.0163672645141089,-0.0163672645141089,-0.0163672645141089,0.033214577991266,0.033214577991266,-0.0907500092834335,-0.0907500092834335,-0.0907500092834335,0.0860246670524227,0.0860246670524227,0,0,0,-0.95,-0.95,0,0,0,0.95,0.95,-0.0862856101563871,0.0862856101563871,0.0713151986474052,-0.0713151986474052,0.0149704115089818,-0.0149704115089818,-0.827195969741068,-0.147143543496486,0.95
hpt_v2_topology2_paper,topology2,fault,deep_lvrt,lvrt_200ms_0.575pu,0.36,recovery,rule_action,0,NaN,0.575,0.575,0.575,1,1,209.813506928202,815.552588854411,1.00851005147534,1.07695040695744,0.0220854401759299,1.01944073606801,-0.019440736068014,-0.0085100514753369,-0.0890386184177025,0.215201834414296,-0.0152055208164391,-0.0911270873189713,0,0,0,0,0,1,0,1,0,0.616500000000617,0.815776546547312,1.09532811466307,-5,0.283612852460591,-0.0152559491658982,-0.0152559491658982,-0.0152559491658982,0.0344202221926185,0.0344202221926185,-0.0911574872672783,-0.0911574872672783,-0.0911574872672783,0.0857769186555873,0.0857769186555873,0,0,0,-0.95,-0.95,0,0,0,0.95,0.95,-0.0893482956917275,0.0893482956917275,0.0241928113388122,-0.0241928113388122,0.0651554843529152,-0.0651554843529152,-0.285363307798677,-0.735340084674696,0.95
hpt_v2_topology2_paper,topology2,fault,deep_lvrt,lvrt_200ms_0.575pu,0.362,recovery,rule_action,0,NaN,0.575,0.575,0.575,1,1,209.879862492033,794.780060642301,1.00953218015664,1.08124748492021,0.00917745620931991,0.993475075802876,0.00652492419712392,-0.00953218015663571,-0.0919011236214652,0.222895229458248,-0.0191047602273776,-0.0885159657339264,0,0,0,1,0,1,0,1,0,0.6331666666673,0.815776546547312,1.09532811466307,1.51129854992926,-0.141799521956809,-0.0191359445855733,-0.0191359445855733,-0.0191359445855733,0.0297453830894695,0.0297453830894695,-0.0884894110335361,-0.0884894110335361,-0.0884894110335361,0.0855089026073012,0.0855089026073012,0,0,0,-0.95,-0.95,0,0,0,0.95,0.95,-0.0536538841726734,0.0536538841726734,-0.0363265670408067,0.0363265670408067,0.0899804512134801,-0.0899804512134801,0.380492767176709,-0.95,0.656199854554251
hpt_v2_topology2_paper,topology2,fault,deep_lvrt,lvrt_200ms_0.575pu,0.364,recovery,rule_action,0,NaN,0.575,0.575,0.575,1,1,206.294675715353,788.006636157837,1.00597248038062,1.0732468008804,0.0248902112407525,0.985008295197296,0.0149917048027042,-0.00597248038062159,-0.0690997892594521,0.226594911852405,-0.0180264124377713,-0.0865255894263483,0,0,0,0,0,1,0,1,0,0.649833333333983,0.815776546547312,1.09532811466307,-1.86385690643909,-1.23547848616179,-0.0179580995910338,-0.0179580995910338,-0.0179580995910338,0.0297484033762307,0.0297484033762307,-0.0865276017939346,-0.0865276017939346,-0.0865276017939346,0.0832138913264864,0.0832138913264864,0,0,0,-0.95,-0.95,0,0,0,0.95,0.95,-0.00110837737147025,0.00110837737147025,-0.0759717417859045,0.0759717417859045,0.0770801191573748,-0.0770801191573748,0.912141890254192,-0.940562688191613,0.0284207979374205
hpt_v2_topology2_paper,topology2,fault,deep_lvrt,lvrt_200ms_0.575pu,0.366,recovery,rule_action,0,NaN,0.575,0.575,0.575,1,1,211.104558333861,774.175815619382,1.00715256595659,1.07376369333679,0.0290476002149746,0.967719769524227,0.0322802304757727,-0.00715256595659408,-0.0807141055865169,0.21209421114652,-0.0141154452408704,-0.0882288730360547,0,0,0,0,0,1,0,1,0,0.666500000000667,0.815776546547312,1.09532811466307,-0.113566406395815,0.36664028137734,-0.0141370654890568,-0.0141370654890568,-0.0141370654890568,0.0339340306412727,0.0339340306412727,-0.0882620975822642,-0.0882620975822642,-0.0882620975822642,0.082695441559376,0.082695441559376,0,0,0,-0.95,-0.95,0,0,0,0.95,0.95,0.0483897715204613,-0.0483897715204613,-0.0892822376563204,0.0892822376563204,0.040892466135859,-0.040892466135859,0.95,-0.490047854888853,-0.620102602576422
hpt_v2_topology2_paper,topology2,fault,deep_lvrt,lvrt_200ms_0.575pu,0.368,recovery,rule_action,0,NaN,0.575,0.575,0.575,1,1,207.559159735904,769.846630137906,1.00569209725635,1.08549933434732,0.0274115354273105,0.962308287672383,0.0376917123276175,-0.00569209725635456,-0.0804429877037975,0.191909351262393,-0.0180962516841248,-0.0873862306573057,0,0,0,1,0,1,0,1,0,0.00816666666667483,1.10013651332868,1.10494853073546,-0.273158667488449,0.259985603192625,-0.0180181041789819,-0.0180181041789819,-0.0180181041789819,0.0302195190364111,0.0302195190364111,-0.0874420988242395,-0.0874420988242395,-0.0874420988242395,0.0840092458852042,0.0840092458852042,0,0,0,-0.95,-0.95,0,0,0,0.95,0.95,0.084648215181936,-0.084648215181936,-0.0669023356318382,0.0669023356318382,-0.0177458795500978,0.0177458795500978,0.846706630304438,0.168795528659125,-0.95
hpt_v2_topology2_paper,topology2,fault,deep_lvrt,lvrt_200ms_0.575pu,0.37,recovery,rule_action,0,NaN,0.575,0.575,0.575,1,1,203.459635778226,758.343195813268,1.00449542159827,1.06420946295266,0.0233625522648307,0.947928994766586,0.0520710052334143,-0.00449542159827332,-0.0606486088449185,0.19110376450096,-0.0139857951947801,-0.0872956146515123,0,0,0,0,0,1,0,1,0,0.0248333333333582,1.10013651332868,1.10494853073546,-5,-0.735259009498335,-0.0139241847460823,-0.0139241847460823,-0.0139241847460823,0.0336298138931559,0.0336298138931559,-0.0872452332151232,-0.0872452332151232,-0.0872452332151232,0.0816985266520514,0.0816985266520514,0,0,0,-0.95,-0.95,0,0,0,0.95,0.95,0.0853316433621409,-0.0853316433621409,-0.0228392432939535,0.0228392432939535,-0.0624924000681874,0.0624924000681874,0.269321624458202,0.799307355977183,-0.95
hpt_v2_topology2_paper,topology2,fault,deep_lvrt,lvrt_200ms_0.575pu,0.372,recovery,rule_action,0,NaN,0.575,0.575,0.575,1,1,209.847351612853,746.209392773692,1.00235739007141,1.04109413485864,0.0178967557827508,0.932761740967115,0.0672382590328848,-0.00235739007140778,-0.08949246034036,0.177227003639096,-0.00625656964438089,-0.0860270402966022,0,0,0,0,0,1,0,1,0,0.0415000000000415,1.10013651332868,1.10494853073546,-5,-0.43363749542491,-0.00622960813715233,-0.00622960813715233,-0.00622960813715233,0.0395614606682192,0.0395614606682192,-0.0860112329134662,-0.0860112329134662,-0.0860112329134662,0.0766265687254359,0.0766265687254359,0,0,0,-0.95,-0.95,0,0,0,0.95,0.95,0.0596994725944543,-0.0596994725944543,0.0240440006541641,-0.0240440006541641,-0.0837434732486184,0.0837434732486184,-0.42181091028582,0.95,-0.709409315350175
hpt_v2_topology2_paper,topology2,fault,deep_lvrt,lvrt_200ms_0.575pu,0.374,recovery,rule_action,0,NaN,0.575,0.575,0.575,1,1,209.369269614236,719.643262421876,1.00505614625598,1.06192763034433,0.00985195427914054,0.899554078027345,0.100445921972655,-0.00505614625597683,-0.099866146721686,0.188231013841122,-0.00825968819864547,-0.085197155076748,0,0,0,0,0,1,0,1,0,0.0581666666667248,1.10013651332868,1.10494853073546,-0.0486383304232341,0.486341084413921,-0.00829239544939064,-0.00829239544939064,-0.00829239544939064,0.0373501428908398,0.0373501428908398,-0.0851359720597352,-0.0851359720597352,-0.0851359720597352,0.076953650900259,0.076953650900259,0,0,0,-0.95,-0.95,0,0,0,0.95,0.95,0.00940741572078335,-0.00940741572078335,0.0689257602059069,-0.0689257602059069,-0.0783331759266902,0.0783331759266902,-0.95,0.95,-0.0561680984170074
hpt_v2_topology2_paper,topology2,fault,deep_lvrt,lvrt_200ms_0.575pu,0.376,recovery,rule_action,0,NaN,0.575,0.575,0.575,1,1,206.237369571757,695.599432566523,1.00384459636841,1.08579191609675,0.0230584418983607,0.869499290708153,0.130500709291847,-0.00384459636841084,-0.0753945315855989,0.19148811353947,-0.00945659921376624,-0.0841201236582336,0,0,0,1,0,1,0,1,0,0.0748333333334082,1.10013651332868,1.10494853073546,-0.256800095578269,-0.51118116792237,-0.00943459839330043,-0.00943459839330043,-0.00943459839330043,0.0358383043486783,0.0358383043486783,-0.0841013609404257,-0.0841013609404257,-0.0841013609404257,0.0766659409404602,0.0766659409404602,0,0,0,-0.95,-0.95,0,0,0,0.95,0.95,-0.043072494020147,0.043072494020147,0.0846243450422639,-0.0846243450422639,-0.0415518510221169,0.0415518510221169,-0.95,0.529227626312405,0.6751058469602
hpt_v2_topology2_paper,topology2,fault,deep_lvrt,lvrt_200ms_0.575pu,0.378,recovery,rule_action,0,NaN,0.575,0.575,0.575,1,1,205.020095261299,696.101530683038,0.997987024062508,1.05763408070127,0.00683156468367082,0.870126913353798,0.129873086646202,0.00201297593749183,-0.06146232429621,0.164229890602408,-0.00181462920772304,-0.0837850597881898,0,0,0,0,0,1,0,1,0,0.0915000000000915,1.10013651332868,1.10494853073546,-5,-1.24952005813994,-0.00170708267572922,-0.00170708267572922,-0.00170708267572922,-0.0017920115626304,-0.0017920115626304,-0.0837877368853498,-0.0837877368853498,-0.0837877368853498,0.0837859634914451,0.0837859634914451,0,0,0,-0.95,-0.95,0,0,0,0.95,0.95,-0.0735964581428721,0.0735964581428721,0.0715134310633753,-0.0715134310633753,0.00208302707949678,-0.00208302707949678,-0.930616042500951,-0.216898938390267,0.95
hpt_v2_topology2_paper,topology2,fault,deep_lvrt,lvrt_200ms_0.575pu,0.38,recovery,rule_action,0,NaN,0.575,0.575,0.575,1,1,209.159833667517,683.581277018925,0.998107285251542,1.05177936483099,0.00967093854247145,0.854476596273656,0.145523403726344,0.00189271474845754,-0.0614360961105096,0.141010469649455,0.00509411880848749,-0.0847378942711388,0,0,0,0,0,1,0,1,0,0.108166666666775,1.10013651332868,1.10494853073546,0.592510621001851,0.728906269076401,0.0051057110515112,0.0051057110515112,0.0051057110515112,0.00502674732206313,0.00502674732206313,-0.0847372154422388,-0.0847372154422388,-0.0847372154422388,0.084741936357426,0.084741936357426,0,0,0,-0.95,-0.95,0,0,0,0.95,0.95,-0.0847812695601987,0.0847812695601987,0.0386556349802157,-0.0386556349802157,0.0461256345799829,-0.0461256345799829,-0.348928088055367,-0.857990955782754,0.95
hpt_v2_topology2_paper,topology2,fault,deep_lvrt,lvrt_200ms_0.575pu,0.382,recovery,rule_action,0,NaN,0.575,0.575,0.575,1,1,205.418275897061,667.782421392139,0.997717293773136,1.04959341324961,0.0153748466635321,0.834728026740174,0.165271973259826,0.00228270622686366,-0.0661506585190375,0.151312234190427,0.00547160302366556,-0.0820828298021392,0,0,0,0,0,1,0,1,0,0.124833333333458,1.10013651332868,1.10494853073546,-0.458059042188763,-0.155459967214,0.00549064908594232,0.00549064908594232,0.00549064908594232,0.00541389281809395,0.00541389281809395,-0.0820402052486985,-0.0820402052486985,-0.0820402052486985,0.0820453061983909,0.0820453061983909,0,0,0,-0.95,-0.95,0,0,0,0.95,0.95,-0.0642570287752264,0.0642570287752264,-0.0122993211235835,0.0122993211235835,0.0765563498988099,-0.0765563498988099,0.451336162563913,-0.95,0.799524980043678
hpt_v2_topology2_paper,topology2,fault,deep_lvrt,lvrt_200ms_0.575pu,0.384,recovery,rule_action,0,NaN,0.575,0.575,0.575,1,1,202.140195030349,661.1848471735,0.994745145519378,1.05535280133116,0.0316103090843594,0.826481058966874,0.173518941033126,0.00525485448062168,-0.0399210493805216,0.132657453825678,0.00925071196147943,-0.0809172472850803,0,0,0,0,0,1,0,1,0,0.141500000000142,1.10013651332868,1.10494853073546,-3.37999101504516,-0.734080868309839,0.00931449349868531,0.00931449349868531,0.00931449349868531,0.0092275021161365,0.0092275021161365,-0.0809337804722256,-0.0809337804722256,-0.0809337804722256,0.0809437447574558,0.0809437447574558,0,0,0,-0.95,-0.95,0,0,0,0.95,0.95,-0.0253219742616617,0.0253219742616617,-0.0543977607893056,0.0543977607893056,0.0797197350509672,-0.0797197350509672,0.95,-0.95,0.0649200805482787
hpt_v2_topology2_paper,topology2,fault,deep_lvrt,lvrt_200ms_0.575pu,0.386,recovery,rule_action,0,NaN,0.575,0.575,0.575,1,1,207.181362373316,651.365359035642,0.992517908623694,1.03922756394867,0.0154169506866402,0.814206698794553,0.185793301205447,0.00748209137630607,-0.058410327064891,0.124098717973601,0.0166415482414603,-0.0799686404011751,0,0,0,0,0,1,0,1,0,0.158166666666825,1.10013651332868,1.10494853073546,-5,-0.117416031048312,0.0166780871568322,0.0166780871568322,0.0166780871568322,0.0165786079315826,0.0165786079315826,-0.0799787954160279,-0.0799787954160279,-0.0799787954160279,0.0799994754136589,0.0799994754136589,0,0,0,-0.95,-0.95,0,0,0,0.95,0.95,0.0179539613847224,-0.0179539613847224,-0.0780010068246018,0.0780010068246018,0.0600470454398793,-0.0600470454398793,0.95,-0.611772087409182,-0.715657781988842
hpt_v2_topology2_paper,topology2,fault,deep_lvrt,lvrt_200ms_0.575pu,0.388,recovery,rule_action,0,NaN,0.575,0.575,0.575,1,1,204.945876972868,630.229091198118,0.99443573431005,1.03428038008658,0.00408484288513243,0.787786363997648,0.212213636002352,0.00556426568995005,-0.0631253416045726,0.125549829003404,0.0159312739716112,-0.0632980527524969,0,0,0,0,0,1,0,1,0,0.174833333333508,1.10013651332868,1.10494853073546,-1.10901939917296,0.0701945935137615,0.0159159390904736,0.0159159390904736,0.0159159390904736,0.0158281608354239,0.0158281608354239,-0.0628223860670453,-0.0628223860670453,-0.0628223860670453,0.0628445592939954,0.0628445592939954,0,0,0,-0.95,-0.95,0,0,0,0.95,0.95,0.0468405662295184,-0.0468405662295184,-0.0622074974732304,0.0622074974732304,0.0153669312437121,-0.0153669312437121,0.95,0.187250850082015,-0.95
hpt_v2_topology2_paper,topology2,fault,deep_lvrt,lvrt_200ms_0.575pu,0.39,recovery,rule_action,0,NaN,0.575,0.575,0.575,1,1,203.267039395723,609.881085252609,0.991954295788433,1.06357450275089,0.0374322422575427,0.762351356565762,0.237648643434238,0.00804570421156703,-0.0394584509242431,0.136599281046343,0.0050822820004265,-0.0181707127368014,0,0,0,0,0,1,0,1,0,0.191500000000192,1.10013651332868,1.10494853073546,-0.86075799923746,-0.500371712143122,0.00501451824042081,0.00501451824042081,0.00501451824042081,0.00497918581078407,0.00497918581078407,-0.0179284365669774,-0.0179284365669774,-0.0179284365669774,0.0179382813998814,0.0179382813998814,0,0,0,-0.95,-0.95,0,0,0,0.95,0.95,0.0183738002840263,-0.0183738002840263,-0.0117817547683398,0.0117817547683398,-0.00659204551568649,0.00659204551568649,0.372137884883049,0.95,-0.95
hpt_v2_topology2_paper,topology2,fault,deep_lvrt,lvrt_200ms_0.575pu,0.392,recovery,rule_action,0,NaN,0.575,0.575,0.575,1,1,204.093874345423,603.082600701187,0.98855699279262,1.03339570429332,0.0237155902823477,0.753853250876484,0.246146749123516,0.0114430072073802,-0.0272488358225451,0.122408674142328,0.00132771356687061,-0.0047469821269924,0,0,0,0,0,1,0,1,0,0.208166666666875,1.10013651332868,1.10494853073546,0.804177080524049,-0.938292566098897,0.00131001071931233,0.00131001071931233,0.00131001071931233,0.00129652362906523,0.00129652362906523,-0.00468368903196583,-0.00468368903196583,-0.00468368903196583,0.00468744040091666,0.00468744040091666,0,0,0,-0.95,-0.95,0,0,0,0.95,0.95,0.00435324922842959,-0.00435324922842959,-0.000298668506890778,0.000298668506890778,-0.00405458072153881,0.00405458072153881,-0.515596040363439,0.95,-0.907463558192903
hpt_v2_topology2_paper,topology2,fault,deep_lvrt,lvrt_200ms_0.575pu,0.394,recovery,rule_action,0,NaN,0.575,0.575,0.575,1,1,203.232799912934,596.551731927847,0.986307050753869,1.01652851587771,0.0192249405679769,0.745689664909809,0.254310335090191,0.0136929492461311,-0.02623399071123,0.110871096326493,0.000346856651304342,-0.00124011862607608,0,0,0,0,0,1,0,1,0,0.224833333333558,1.10013651332868,1.10494853073546,-0.692257732827217,0.519000832727712,0.000342231895953617,0.000342231895953617,0.000342231895953617,0.000337446676924965,0.000337446676924965,-0.00122358371106173,-0.00122358371106173,-0.00122358371106173,0.0012249120412568,0.0012249120412568,0,0,0,-0.214973944687333,-0.214973944687333,0,0,0,0.95,0.95,0.000592971208570429,-0.000592971208570429,0.000676652970529594,-0.000676652970529594,-0.00126962417910002,0.00126962417910002,-0.95,0.95,-0.140410114171658
hpt_v2_topology2_paper,topology2,fault,deep_lvrt,lvrt_200ms_0.575pu,0.396,recovery,rule_action,0,NaN,0.575,0.575,0.575,1,1,201.350497132415,590.59130632272,0.982872740936534,1.03458765753701,0.0120261650954174,0.738239132903399,0.261760867096601,0.0171272590634661,-0.0172463205736294,0.115501984099387,9.06140748697996e-05,-0.00032397303499333,0,0,0,0,0,1,0,1,0,0.241500000000242,1.10013651332868,1.10494853073546,0.0417818295821437,-0.0344389743548445,8.9405887204869e-05,8.9405887204869e-05,8.9405887204869e-05,8.78273454582848e-05,8.78273454582848e-05,-0.000319653394526752,-0.000319653394526752,-0.000319653394526752,0.000320090710094992,0.000320090710094992,0,0,0,-0.19759897201538,-0.19759897201538,0,0,0,0.95,0.95,-4.55159961257562e-05,4.55159961257562e-05,0.000307494717765543,-0.000307494717765543,-0.000261978721639787,0.000261978721639787,-0.95,0.714132313674657,0.752824211635528
hpt_v2_topology2_paper,topology2,fault,deep_lvrt,lvrt_200ms_0.575pu,0.398,recovery,rule_action,0,NaN,0.575,0.575,0.575,1,1,201.452580136597,593.261303318528,0.979055755141287,1.02036184482457,0.017144107552186,0.74157662914816,0.25842337085184,0.0209442448587134,-0.0107614702669496,0.0905376227850235,2.36723457187078e-05,-8.46358769200119e-05,0,0,0,0,0,1,0,1,0,0.258166666666925,1.10013651332868,1.10494853073546,0.704242647838749,-0.489582272419575,2.33567144424583e-05,2.33567144424583e-05,2.33567144424583e-05,2.28682416616702e-05,2.28682416616702e-05,-8.35073985610784e-05,-8.35073985610784e-05,-8.35073985610784e-05,8.36424847029833e-05,8.36424847029833e-05,0,0,0,-0.410230028361068,-0.410230028361068,0,0,0,0.95,0.95,-5.98262658615187e-05,5.98262658615187e-05,8.4271938360875e-05,-8.4271938360875e-05,-2.44456724993564e-05,2.44456724993564e-05,-0.95,-0.171156692397563,0.95
hpt_v2_topology2_paper,topology2,fault,deep_lvrt,lvrt_200ms_0.575pu,0.4,tail,rule_action,0,NaN,0.575,0.575,0.575,1,1,202.792391175031,589.408632564363,0.977278030342107,1.01363211901726,0.0043695849085447,0.736760790705453,0.263239209294547,0.0227219696578926,-0.0248845160901537,0.0899734102764991,6.18424844739863e-06,-2.21105798578789e-05,0,0,0,0,0,1,0,1,0,0.274833333333608,1.10013651332868,1.10494853073546,0.17935907914457,0.562813434624498,6.10179180143332e-06,6.10179180143332e-06,6.10179180143332e-06,5.95553343346748e-06,5.95553343346748e-06,-2.18157721264405e-05,-2.18157721264405e-05,-2.18157721264405e-05,2.18561524103322e-05,2.18561524103322e-05,0,0,0,-0.159495032098819,-0.159495032098819,0,0,0,0.95,0.95,-2.22648319454659e-05,2.22648319454659e-05,1.47487368000011e-05,-1.47487368000011e-05,7.5160951454648e-06,-7.5160951454648e-06,-0.485608760867916,-0.95,0.95
hpt_v2_topology2_paper,topology2,fault,deep_lvrt,lvrt_200ms_0.575pu,0.402,tail,rule_action,0,NaN,0.575,0.575,0.575,1,1,200.643946187399,580.023804242824,0.975362384913407,1.02451682447187,0.0126458283816271,0.72502975530353,0.27497024469647,0.0246376150865929,-0.0221647472825769,0.104937569888332,1.61559523139814e-06,-5.7762471358768e-06,0,0,0,0,0,1,0,1,0,0.291500000000292,1.10013651332868,1.10494853073546,0.145945063948716,0.130773042191223,1.59405396164616e-06,1.59405396164616e-06,1.59405396164616e-06,1.55129008463877e-06,1.55129008463877e-06,-5.69923050739844e-06,-5.69923050739844e-06,-5.69923050739844e-06,5.71101877797669e-06,5.71101877797669e-06,0,0,0,-0.318720223881076,-0.318720223881076,0,0,0,0.95,0.95,-5.35756108923163e-06,5.35756108923163e-06,5.01837346415843e-07,-5.01837346415843e-07,4.85572374281578e-06,-4.85572374281578e-06,0.452438796025915,-0.95,0.95
hpt_v2_topology2_paper,topology2,fault,deep_lvrt,lvrt_200ms_0.575pu,0.404,tail,rule_action,0,NaN,0.575,0.575,0.575,1,1,200.321744191268,578.495616480762,0.972566391612064,1.01892754936468,0.01375066890091,0.723119520600953,0.276880479399047,0.0274336083879356,-0.0161136426461697,0.0916483741932651,4.22063889236913e-07,-1.50900750632443e-06,0,0,0,0,0,1,0,1,0,0.308166666666975,1.10013651332868,1.10494853073546,0.1859614798978,-0.380093002802395,4.16436370713754e-07,4.16436370713754e-07,4.16436370713754e-07,4.04236859805685e-07,4.04236859805685e-07,-1.4888874062401e-06,-1.4888874062401e-06,-1.4888874062401e-06,1.49224579761112e-06,1.49224579761112e-06,0,0,0,-0.473851917946577,-0.473851917946577,0,0,0,0.95,0.95,-7.514509919435e-07,7.514509919435e-07,-7.94379103846387e-07,7.94379103846387e-07,1.54583009578989e-06,-1.54583009578989e-06,0.95,-0.95,0.164315323794856
