model,topology,scenario_type,condition_class,case_name,t,window_zone,action_source,actor_select_mode,grid_V,fault_pu,grid_pu,fault_a_pu,fault_b_pu,fault_c_pu,lv_rms_inst,vdc_inst,obs_01,obs_02,obs_03,obs_04,obs_05,obs_06,obs_07,obs_08,obs_09,obs_10,obs_11,obs_12,obs_13,obs_14,obs_15,obs_16,obs_17,obs_18,obs_19,obs_20,obs_21,obs_22,obs_23,obs_24,action_01,actor_action_01,cmd_action_01,meas_action_01,teacher_action_01,action_02,actor_action_02,cmd_action_02,meas_action_02,teacher_action_02,action_03,actor_action_03,cmd_action_03,meas_action_03,teacher_action_03,action_04,actor_action_04,cmd_action_04,meas_action_04,teacher_action_04,mref_01,mref_02,mref_03,mref_04,mref_05,mref_06,menergy_01,menergy_02,menergy_03
hpt_v2_topology2_paper,topology2,fault,deep_lvrt,lvrt_300ms_0.650pu,0,prefault,rule_action,0,NaN,0.65,0.65,0.65,1,1,1.59571870491636,799.999999999999,0.00770878601408869,1,1,0.999999999999999,9.99200722162641e-16,0.992291213985911,-3.74154734478252e-09,-9.16296000993556e-07,0,0,0,0,0,0,0,1,0,0,0,0,1,1,0,-9.99200722162641e-13,0.00791548465140535,0.00791548465140535,0.00791548465140535,0.00791511895402981,0.00791511895402981,-0.00115978564112783,-0.00115978564112783,-0.00115978564112783,0.00116227877187791,0.00116227877187791,0,0,0,3.74079394561572e-05,3.74079394561572e-05,0,0,0,8.26086669215458e-20,8.26086669215458e-20,-0.00626875697245669,0.00626875697245669,-0.00116992337530585,0.00116992337530585,0.00743868034776254,-0.00743868034776254,1.77635683940025e-17,0.016246300864286,-0.0162463008642861
hpt_v2_topology2_paper,topology2,fault,deep_lvrt,lvrt_300ms_0.650pu,0.002,prefault,rule_action,0,NaN,0.65,0.65,0.65,1,1,125.124988312347,803.136924889596,0.137612622435518,2.1471418192046,2.1471418192046,1.00392115611199,-0.00392115611199473,0.862387377564482,-0.0717414735080924,-0.237449200345437,0.42554783817692,0.112084495646375,0,0,0,1,0,1,0,0,0,0,1,1,-5,-0.0005852920614835,0.427169239042628,0.427169239042628,0.427169239042628,0.430485796487381,0.430485796487381,0.113872953123053,0.113872953123053,0.113872953123053,-0.100611069270973,-0.100611069270973,0,0,0,0.95,0.95,0,0,0,-0.95,-0.95,-0.342384963242,0.342384963242,-0.0710054929519689,0.0710054929519689,0.413390456193968,-0.413390456193968,-0.0159080116758815,-0.0528159616563993,0.0687239733322808
hpt_v2_topology2_paper,topology2,fault,deep_lvrt,lvrt_300ms_0.650pu,0.004,prefault,rule_action,0,NaN,0.65,0.65,0.65,1,1,168.90629493469,821.260021079123,0.33639159451339,2.12344143547731,2.12344143547731,1.0265750263489,-0.0265750263489037,0.66360840548661,-0.184669801591395,-0.440867205822374,0.533512465071112,0.157614192696169,0,0,0,1,0,1,0,0,0,0,1,1,-5,-0.0757308357948183,0.53421095682381,0.53421095682381,0.53421095682381,0.542613669918304,0.542613669918304,0.157236848810247,0.157236848810247,0.157236848810247,-0.12520055204422,-0.12520055204422,0,0,0,0.95,0.95,0,0,0,-0.95,-0.95,-0.251874392479427,0.251874392479427,-0.304176797453389,0.304176797453389,0.556051189932816,-0.556051189932816,0.0658412642778602,-0.221189636917423,0.155348372639563
hpt_v2_topology2_paper,topology2,fault,deep_lvrt,lvrt_300ms_0.650pu,0.006,prefault,rule_action,0,NaN,0.65,0.65,0.65,1,1,192.971896269114,848.075668574059,0.514216327315169,2.55240201748593,0.675977553153259,1.06009458571757,-0.0600945857175732,0.485783672684831,-0.253864342919063,-0.540529711430265,0.550385756566251,0.204694913351125,0,0,0,1,0,1,0,0,0,0,1,1,-5,-0.833050998430229,0.550422154598374,0.550422154598374,0.550422154598374,0.566058361341568,0.566058361341568,0.205065844911869,0.205065844911869,0.205065844911869,-0.156826275150033,-0.156826275150033,0,0,0,0.95,0.95,0,0,0,-0.95,-0.95,-0.0490094528181542,0.0490094528181542,-0.482408448520762,0.482408448520762,0.531417901338917,-0.531417901338917,0.263542264190457,-0.363742978330853,0.100200714140396
hpt_v2_topology2_paper,topology2,fault,deep_lvrt,lvrt_300ms_0.650pu,0.008,prefault,rule_action,0,NaN,0.65,0.65,0.65,1,1,207.055883566082,848.525338267357,0.667906689140709,2.289935865297,0.172703582999863,1.0606566728342,-0.0606566728341962,0.332093310859291,-0.262400245265613,-0.539438566500987,0.548953929882805,0.228097769048406,0,0,0,1,0,1,0,0,0,0,1,1,-5,-2.00210029200543,0.548929916192436,0.548929916192436,0.548929916192436,0.570977906716519,0.570977906716519,0.228339382879725,0.228339382879725,0.228339382879725,-0.165671834379143,-0.165671834379143,0,0,0,0.95,0.95,0,0,0,-0.95,-0.95,0.200208632289993,-0.200208632289993,-0.584907959557589,0.584907959557589,0.384699327267596,-0.384699327267596,0.465961935343237,-0.388317405613965,-0.0776445297292718
hpt_v2_topology2_paper,topology2,fault,deep_lvrt,lvrt_300ms_0.650pu,0.01,prefault,rule_action,0,NaN,0.65,0.65,0.65,1,1,215.730650576302,848.405768070809,0.787692932773457,1.91174004308966,0.0191440395634174,1.06050721008851,-0.0605072100885107,0.212307067226543,-0.205184234964237,-0.495568843841206,0.549815717109995,0.224235864626964,0,0,0,1,0,1,0,0,0,0,1,1,-4.85980186812163,-2.22344266028807,0.55032948628739,0.55032948628739,0.55032948628739,0.575018386866164,0.575018386866164,0.219677124017499,0.219677124017499,0.219677124017499,-0.143088913126688,-0.143088913126688,0,0,0,0.95,0.95,0,0,0,-0.95,-0.95,0.43618892157619,-0.43618892157619,-0.565434143578741,0.565434143578741,0.129245222002551,-0.129245222002551,0.570973048157792,-0.216866709546156,-0.354106338611635
hpt_v2_topology2_paper,topology2,fault,deep_lvrt,lvrt_300ms_0.650pu,0.012,prefault,rule_action,0,NaN,0.65,0.65,0.65,1,1,222.67978448028,849.32191896435,0.874818236297646,1.54544315723336,0.0482873137382779,1.06165239870544,-0.0616523987054372,0.125181763702354,-0.0868006297864586,-0.431602855741432,0.548537977832631,0.232963934695377,0,0,0,1,0,1,0,0,0,0,1,1,-3.11791910186887,-0.995838325919651,0.548464386117618,0.548464386117618,0.548464386117618,0.578320784981844,0.578320784981844,0.233260513812222,0.233260513812222,0.233260513812222,-0.144113565639397,-0.144113565639397,0,0,0,0.95,0.95,0,0,0,-0.95,-0.95,0.57140515757307,-0.57140515757307,-0.432467176124106,0.432467176124106,-0.138937981448964,0.138937981448964,0.466229207276377,0.113921984579347,-0.580151191855724
hpt_v2_topology2_paper,topology2,fault,deep_lvrt,lvrt_300ms_0.650pu,0.014,prefault,rule_action,0,NaN,0.65,0.65,0.65,1,1,224.62356464357,848.803765041978,0.940805229201482,1.4195203135118,0.13749003193922,1.06100470630247,-0.0610047063024728,0.0591947707985178,0.0748885541725063,-0.379123803342907,0.455669212365458,0.240658565230975,0,0,0,1,0,1,0,0,0,0,1,1,-5,0.62257496241358,0.453789771326975,0.453789771326975,0.453789771326975,0.489256175602717,0.489256175602717,0.241049784361229,0.241049784361229,0.241049784361229,-0.157030410227404,-0.157030410227404,0,0,0,0.95,0.95,0,0,0,-0.95,-0.95,0.510743955399479,-0.510743955399479,-0.206606463826113,0.206606463826113,-0.304137491573365,0.304137491573365,0.152319896003256,0.45992114273697,-0.612241038740227
hpt_v2_topology2_paper,topology2,fault,deep_lvrt,lvrt_300ms_0.650pu,0.016,prefault,rule_action,0,NaN,0.65,0.65,0.65,1,1,217.467164392616,847.27202954821,0.981643178731024,1.29726378396098,0.0330440091315249,1.05909003693526,-0.0590900369352623,0.0183568212689756,0.242789224761721,-0.327442344399025,0.247155009281256,0.238445367728354,0,0,0,1,0,1,0,0,0,0,1,1,-1.38021369894115,-0.000612462019988769,0.245200581136097,0.245200581136097,0.245200581136097,0.286988247513417,0.286988247513417,0.238866096158643,0.238866096158643,0.238866096158643,-0.186596041417624,-0.186596041417624,0,0,0,0.95,0.95,0,0,0,-0.95,-0.95,0.32572795768402,-0.32572795768402,-0.0716980540131007,0.0716980540131007,-0.254029903670919,0.254029903670919,-0.257242915683309,0.665029946125405,-0.407787030442096
hpt_v2_topology2_paper,topology2,fault,deep_lvrt,lvrt_300ms_0.650pu,0.018,prefault,rule_action,0,NaN,0.65,0.65,0.65,1,1,208.759344355007,851.299788442706,0.99694808500736,1.16386288909569,0.0420258773888894,1.06412473555338,-0.0641247355533821,0.00305191499263979,0.404616366406307,-0.277188680068836,0.0932018088687471,0.219421564476174,0,0,0,1,0,1,0,0,0,0,1,1,-0.819281723587473,-0.797632091661171,0.0921830594913856,0.0921830594913856,0.0921830594913856,0.136649351780668,0.136649351780668,0.220095943616492,0.220095943616492,0.220095943616492,-0.195619261606697,-0.195619261606697,0,0,0,0.95,0.95,0,0,0,-0.619735227821744,-0.619735227821744,0.220429688500619,-0.220429688500619,-0.0310756001241512,0.0310756001241512,-0.189354088376468,0.189354088376468,-0.6100810271685,0.592458718087875,0.0176223090806252
hpt_v2_topology2_paper,topology2,fault,deep_lvrt,lvrt_300ms_0.650pu,0.02,prefault,rule_action,0,NaN,0.65,0.65,0.65,1,1,193.273845831036,851.538104750485,0.984022575748929,1.10585046811061,0.0184954639390516,1.06442263093811,-0.0644226309381062,0.0159774242510707,0.521344540012303,-0.248012856507914,0.0601438810579789,0.173352838953226,0,0,0,1,0,1,0,0,0,0,1,1,-5,-1.18847030341773,0.0605344218083511,0.0605344218083511,0.0605344218083511,0.0973692065392213,0.0973692065392213,0.169441467767183,0.169441467767183,0.169441467767183,-0.151307847915074,-0.151307847915074,0,0,0,0.95,0.95,0,0,0,-0.00973349808431863,-0.00973349808431863,0.122258490765078,-0.122258490765078,0.0531982075496433,-0.0531982075496433,-0.175456698314722,0.175456698314722,-0.745234844200256,0.265178957327146,0.48005588687311
hpt_v2_topology2_paper,topology2,fault,deep_lvrt,lvrt_300ms_0.650pu,0.022,prefault,rule_action,0,NaN,0.65,0.65,0.65,1,1,192.359882566038,854.782634602377,0.962419007435705,1.10186626400975,0.0295153158774039,1.06847829325297,-0.0684782932529719,0.0375809925642954,0.581048028354703,-0.196663712499734,0.138685416202426,0.189535352875063,0,0,0,1,0,1,0,0,0,0,1,1,-1.00118486441203,-1.99313246395705,0.139642255557508,0.139642255557508,0.139642255557508,0.181106404365937,0.181106404365937,0.190608214836729,0.190608214836729,0.190608214836729,-0.151762714123314,-0.151762714123314,0,0,0,0.95,0.95,0,0,0,0.208125417407431,0.208125417407431,-0.00894325001386995,0.00894325001386995,0.208955370167074,-0.208955370167074,-0.200012120153204,0.200012120153204,-0.563229967503058,-0.216507508689094,0.779737476192153
hpt_v2_topology2_paper,topology2,fault,deep_lvrt,lvrt_300ms_0.650pu,0.024,prefault,rule_action,0,NaN,0.65,0.65,0.65,1,1,206.276888435307,852.934487538606,0.95857037339853,1.03889105405607,0.0421473100442552,1.06616810942326,-0.0661681094232569,0.0414296266014704,0.593497387567946,-0.119600035216697,0.21119772185199,0.229522938098814,0,0,0,0,0,1,0,0,0,0,1,1,2.1183062441088,-0.465286724982805,0.211475155168669,0.211475155168669,0.211475155168669,0.261764556854099,0.261764556854099,0.230062632257496,0.230062632257496,0.230062632257496,-0.170674757330537,-0.170674757330537,0,0,0,0.95,0.95,0,0,0,0.95,0.95,-0.191409706037454,0.191409706037454,0.309619930414261,-0.309619930414261,-0.118210224376807,0.118210224376807,-0.117506726809612,-0.669632161775931,0.787138888585542
hpt_v2_topology2_paper,topology2,fault,deep_lvrt,lvrt_300ms_0.650pu,0.026,prefault,rule_action,0,NaN,0.65,0.65,0.65,1,1,206.41270218239,855.947059058079,0.968660983767811,1.03998967949354,0.0681082976088385,1.0699338238226,-0.0699338238225988,0.031339016232189,0.602640280087663,-0.0513077994623725,0.198746059935128,0.230764454361244,0,0,0,0,0,1,0,0,0,0,1,1,-2.17700016667965,1.78387544805481,0.198436091130787,0.198436091130787,0.198436091130787,0.250345848326986,0.250345848326986,0.23128759496976,0.23128759496976,0.23128759496976,-0.173775113510548,-0.173775113510548,0,0,0,0.95,0.95,0,0,0,0.95,0.95,-0.277852553284803,0.277852553284803,0.24733104758196,-0.24733104758196,0.030521505702843,-0.030521505702843,0.405714394332674,-0.860069440570697,0.454355046238024
hpt_v2_topology2_paper,topology2,fault,deep_lvrt,lvrt_300ms_0.650pu,0.028,prefault,rule_action,0,NaN,0.65,0.65,0.65,1,1,202.728562454008,853.870213657901,0.976921608306415,1.02450440500206,0.0251333556636852,1.06733776707238,-0.0673377670723758,0.0230783916935853,0.607669995809386,0.0470574195149722,0.154544637482856,0.223490355169741,0,0,0,0,0,1,0,0,0,0,1,1,-3.68699494951641,-1.81481882100698,0.15420722873478,0.15420722873478,0.15420722873478,0.206212243584076,0.206212243584076,0.224110483767478,0.224110483767478,0.224110483767478,-0.177431363982175,-0.177431363982175,0,0,0,0.95,0.95,0,0,0,0.95,0.95,-0.272039258500337,0.272039258500337,0.136142602236042,-0.136142602236042,0.135896656264295,-0.135896656264295,0.841653005999758,-0.760436735343628,-0.08121627065613
hpt_v2_topology2_paper,topology2,fault,deep_lvrt,lvrt_300ms_0.650pu,0.03,prefault,rule_action,0,NaN,0.65,0.65,0.65,1,1,201.633630441215,852.545148754604,0.974273818299063,0.998881825026389,0.0226221930299801,1.06568143594325,-0.0656814359432545,0.0257261817009371,0.601097972157235,0.131926897033822,0.141812277300029,0.218773138358347,0,0,0,0,0,1,0,0,0,0,1,1,-5,-0.416853734528599,0.14184233514829,0.14184233514829,0.14184233514829,0.19305479131331,0.19305479131331,0.219203948477029,0.219203948477029,0.219203948477029,-0.175782441157285,-0.175782441157285,0,0,0,0.95,0.95,0,0,0,0.95,0.95,-0.22829458123393,0.22829458123393,0.0044276367914157,-0.0044276367914157,0.223866944442514,-0.223866944442514,0.935148190636013,-0.294420975297933,-0.640727215338081
hpt_v2_topology2_paper,topology2,fault,deep_lvrt,lvrt_300ms_0.650pu,0.032,prefault,rule_action,0,NaN,0.65,0.65,0.65,1,1,198.959181710886,856.093653107204,0.9718818047657,1.02152193491684,0.0552401446291561,1.070117066384,-0.0701170663840047,0.0281181952343001,0.579862042676076,0.210140614940237,0.14864159783395,0.193137479787187,0,0,0,0,0,1,0,0,0,0,1,1,-5,2.07536335493663,0.148759201770819,0.148759201770819,0.148759201770819,0.192775500859744,0.192775500859744,0.193325547283957,0.193325547283957,0.193325547283957,-0.149471313677266,-0.149471313677266,0,0,0,0.95,0.95,0,0,0,0.95,0.95,-0.103356012014403,0.103356012014403,-0.139675597547732,0.139675597547732,0.243031609562135,-0.243031609562135,0.617414231186125,0.312081402770899,-0.929495633957024
hpt_v2_topology2_paper,topology2,fault,deep_lvrt,lvrt_300ms_0.650pu,0.034,prefault,rule_action,0,NaN,0.65,0.65,0.65,1,1,197.705184529345,851.530955118227,0.96778838875902,1.03220578724279,0.0476266465690588,1.06441369389778,-0.0644136938977835,0.0322116112409803,0.575589204725767,0.28576601823362,0.164850840231465,0.131158533749339,0,0,0,0,0,1,0,0,0,0,1,1,-5,-1.34004399891996,0.165057962667329,0.165057962667329,0.165057962667329,0.192313211051378,0.192313211051378,0.130844845315667,0.130844845315667,0.130844845315667,-0.0859077030345835,-0.0859077030345835,0,0,0,0.95,0.95,0,0,0,0.95,0.95,0.0747418535555428,-0.0747418535555428,-0.207910130289717,0.207910130289717,0.133168276734175,-0.133168276734175,0.057677071632028,0.808180526049833,-0.865857597681861
hpt_v2_topology2_paper,topology2,fault,deep_lvrt,lvrt_300ms_0.650pu,0.036,prefault,rule_action,0,NaN,0.65,0.65,0.65,1,1,197.402926740341,855.898851511483,0.963144346866064,1.01184766892,0.0341906877407014,1.06987356438935,-0.0698735643893535,0.0368556531339357,0.572823486071145,0.345231096650088,0.188400958033114,0.0387259187799148,0,0,0,0,0,1,0,0,0,0,1,1,-5,-1.82323509270588,0.188640834026623,0.188640834026623,0.188640834026623,0.19217229932417,0.19217229932417,0.0376800817838418,0.0376800817838418,0.0376800817838418,0.00865795576095374,0.00865795576095374,0,0,0,0.95,0.95,0,0,0,0.95,0.95,0.189662869356354,-0.189662869356354,-0.12266777081925,0.12266777081925,-0.0669950985371039,0.0669950985371039,-0.5367863682576,0.95,-0.469987882715277
hpt_v2_topology2_paper,topology2,fault,deep_lvrt,lvrt_300ms_0.650pu,0.038,prefault,rule_action,0,NaN,0.65,0.65,0.65,1,1,201.971692191681,866.543218886071,0.958982768643401,1.05128648060896,0.011252319234669,1.08317902360759,-0.0831790236075891,0.0410172313565988,0.560870012489467,0.357262387787582,0.216076092719215,-0.0926255646693876,0,0,0,0,0,1,0,0,0,0,1,1,-2.31249174343939,3.05891770643019,0.216257698090911,0.216257698090911,0.216257698090911,0.189345254902868,0.189345254902868,-0.0925872781331462,-0.0925872781331462,-0.0925872781331462,0.139600037612646,0.139600037612646,0,0,0,0.95,0.95,0,0,0,0.95,0.95,0.123646733890396,-0.123646733890396,0.111492705420989,-0.111492705420989,-0.235139439311385,0.235139439311385,-0.925942129144818,0.778792341608309,0.147149787536509
hpt_v2_topology2_paper,topology2,fault,deep_lvrt,lvrt_300ms_0.650pu,0.04,prefault,rule_action,0,NaN,0.65,0.65,0.65,1,1,203.655491592591,869.357645185733,0.964432922242232,1.05144705620127,0.0217978408396998,1.08669705648217,-0.0866970564821665,0.0355670777577682,0.573141407913446,0.357202429030825,0.212810058196332,-0.199994032365149,0,0,0,0,0,1,0,0,0,0,1,1,-4.60771157314754,0.153514186959969,0.21262826589296,0.21262826589296,0.21262826589296,0.164615955146316,0.164615955146316,-0.200927445266947,-0.200927445266947,-0.200927445266947,0.241835078161575,0.241835078161575,0,0,0,0.95,0.95,0,0,0,0.95,0.95,-0.113918879028587,0.113918879028587,0.290312883969833,-0.290312883969833,-0.176394004941246,0.176394004941246,-0.95,0.270406634609379,0.699399279688906
hpt_v2_topology2_paper,topology2,fault,deep_lvrt,lvrt_300ms_0.650pu,0.042,prefault,rule_action,0,NaN,0.65,0.65,0.65,1,1,206.876178981293,892.053095478236,0.972965810489358,1.03461258311141,0.0391952878749193,1.11506636934779,-0.115066369347795,0.027034189510642,0.556218493894803,0.368363800039018,0.183318846191944,-0.229431860821203,0,0,0,0,0,1,0,0,0,0,1,1,-5,-2.37573580463257,0.182893147726179,0.182893147726179,0.182893147726179,0.133837206997395,0.133837206997395,-0.229972769343587,-0.229972769343587,-0.229972769343587,0.261581689244269,0.261581689244269,0,0,0,0.95,0.95,0,0,0,0.95,0.95,-0.268668641139308,0.268668641139308,0.237367832325926,-0.237367832325926,0.0313008088133811,-0.0313008088133811,-0.64023669742564,-0.377681142650852,0.95
hpt_v2_topology2_paper,topology2,fault,deep_lvrt,lvrt_300ms_0.650pu,0.044,prefault,rule_action,0,NaN,0.65,0.65,0.65,1,1,203.450011501413,907.98303444775,0.978301608913606,1.03589430873393,0.0271961331250737,1.13497879305969,-0.134978793059687,0.0216983910863937,0.551014906024075,0.389156282928887,0.144464025122204,-0.209776441303248,0,0,0,0,0,1,0,0,0,0,1,1,-5,-0.522782986883019,0.144157984655025,0.144157984655025,0.144157984655025,0.10396824448128,0.10396824448128,-0.210579422085871,-0.210579422085871,-0.210579422085871,0.233057550157249,0.233057550157249,0,0,0,0.95,0.95,0,0,0,0.95,0.95,-0.245852331031983,0.245852331031983,0.063669211038322,-0.063669211038322,0.182183119993661,-0.182183119993661,-0.0179310454452795,-0.878802957857186,0.896734003302466
hpt_v2_topology2_paper,topology2,fault,deep_lvrt,lvrt_300ms_0.650pu,0.046,prefault,rule_action,0,NaN,0.65,0.65,0.65,1,1,202.066243012559,934.408865527765,0.980223051499295,1.06586119142059,0.0218579047906184,1.16801108190971,-0.168011081909706,0.019776948500705,0.538863629413476,0.373261535481506,0.121179828945381,-0.235431696068833,0,0,0,0,0,1,0,0,0,0,1,1,-2.93394640562217,1.04222792001418,0.121040776714162,0.121040776714162,0.121040776714162,0.0815267098754442,0.0815267098754442,-0.235892606787915,-0.235892606787915,-0.235892606787915,0.252288698006174,0.252288698006174,0,0,0,0.95,0.95,0,0,0,0.95,0.95,-0.13895612285228,0.13895612285228,-0.126073825844146,0.126073825844146,0.265029948696426,-0.265029948696426,0.577432635177933,-0.95,0.397279960999304
hpt_v2_topology2_paper,topology2,fault,deep_lvrt,lvrt_300ms_0.650pu,0.048,prefault,rule_action,0,NaN,0.65,0.65,0.65,1,1,202.668760365666,952.00461310617,0.981283116509926,1.04315438709888,0.048583731329267,1.19000576638271,-0.190005766382713,0.0187168834900741,0.506454512381219,0.38266104703814,0.111723456077203,-0.221094430512979,0,0,0,0,0,1,0,0,0,0,1,1,-5,-2.24364755337736,0.111631337296766,0.111631337296766,0.111631337296766,0.0791309304717335,0.0791309304717335,-0.221746504772806,-0.221746504772806,-0.221746504772806,0.235311206040635,0.235311206040635,0,0,0,0.95,0.95,0,0,0,0.95,0.95,0.019883453184905,-0.019883453184905,-0.224250585721743,0.224250585721743,0.204367132536838,-0.204367132536838,0.95,-0.714611521592354,-0.266485897302482
hpt_v2_topology2_paper,topology2,fault,deep_lvrt,lvrt_300ms_0.650pu,0.05,prefault,rule_action,0,NaN,0.65,0.65,0.65,1,1,205.947314578053,963.786965190547,0.985121758035546,1.10222225652522,0.033259907108592,1.20473370648818,-0.204733706488184,0.0148782419644535,0.461419907844073,0.393917447283319,0.100502122261286,-0.224836470377643,0,0,0,1,0,1,0,0,0,0,1,1,-5,-0.717608980180362,0.100273002697815,0.100273002697815,0.100273002697815,0.0720411073438342,0.0720411073438342,-0.225438650772608,-0.225438650772608,-0.225438650772608,0.235981650102045,0.235981650102045,0,0,0,0.95,0.95,0,0,0,0.95,0.95,0.169076442876125,-0.169076442876125,-0.240158954624308,0.240158954624308,0.0710825117481831,-0.0710825117481831,0.91747629268533,-0.145872504438974,-0.771603788246356
hpt_v2_topology2_paper,topology2,fault,deep_lvrt,lvrt_300ms_0.650pu,0.052,prefault,rule_action,0,NaN,0.65,0.65,0.65,1,1,204.651575022499,967.286102400678,0.989490033323477,1.10752919834395,0.0563047530054306,1.20910762800085,-0.209107628000848,0.0105099666765232,0.428508093737877,0.394124992443723,0.0774802353498866,-0.2387748127675,0,0,0,1,0,1,0,0,0,0,1,1,-5,0.976979443651382,0.0772319097237351,0.0772319097237351,0.0772319097237351,0.0524080291271926,0.0524080291271926,-0.239191148597267,-0.239191148597267,-0.239191148597267,0.24582630438962,0.24582630438962,0,0,0,0.95,0.95,0,0,0,0.95,0.95,0.2505700887839,-0.2505700887839,-0.1424271866228,0.1424271866228,-0.108142902161099,0.108142902161099,0.488508096039585,0.480794878144462,-0.95
hpt_v2_topology2_paper,topology2,fault,deep_lvrt,lvrt_300ms_0.650pu,0.054,prefault,rule_action,0,NaN,0.65,0.65,0.65,1,1,203.458413880062,964.123394647351,0.989627639460306,1.0859799327649,0.0768417066357202,1.20515424330919,-0.205154243309189,0.0103723605396941,0.400197751368858,0.412840328276715,0.0655077953351582,-0.21234722654329,0,0,0,1,0,1,0,0,0,0,1,1,-5,-2.18457941258121,0.0654088276509866,0.0654088276509866,0.0654088276509866,0.0476401976844659,0.0476401976844659,-0.213115930189379,-0.213115930189379,-0.213115930189379,0.217777698582168,0.217777698582168,0,0,0,0.95,0.95,0,0,0,0.95,0.95,0.187748832889531,-0.187748832889531,0.0102184153825739,-0.0102184153825739,-0.197967248272105,0.197967248272105,-0.144952583299539,0.947700775670195,-0.802748192370656
hpt_v2_topology2_paper,topology2,fault,deep_lvrt,lvrt_300ms_0.650pu,0.056,prefault,rule_action,0,NaN,0.65,0.65,0.65,1,1,208.825338709643,956.545399907484,0.991891749276686,1.13892913448763,0.0412043705110691,1.19568174988436,-0.195681749884355,0.00810825072331389,0.351747658506862,0.428474532479496,0.0598254498184365,-0.208590739813897,0,0,0,1,0,1,0,0,0,0,1,1,-0.482396545210761,-0.815911164260052,0.0596331932081982,0.0596331932081982,0.0596331932081982,0.04628375304266,0.04628375304266,-0.209409529949712,-0.209409529949712,-0.209409529949712,0.212758744051218,0.212758744051218,0,0,0,0.95,0.95,0,0,0,0.95,0.95,0.074054215265495,-0.074054215265495,0.14029556893608,-0.14029556893608,-0.214349784201575,0.214349784201575,-0.718094362280122,0.95,-0.250082269535749
hpt_v2_topology2_paper,topology2,fault,deep_lvrt,lvrt_300ms_0.650pu,0.058,prefault,rule_action,0,NaN,0.65,0.65,0.65,1,1,207.534719012112,937.341735726703,0.993416200247642,1.09330309952756,0.012415944792888,1.17167716965838,-0.171677169658378,0.00658379975235768,0.3498167565024,0.452001067420337,0.0451865887896202,-0.235320860512615,0,0,0,1,0,1,0,0,0,0,1,1,0.884050044097639,1.08466388267714,0.0450756913206013,0.0450756913206013,0.0450756913206013,0.0346914456711772,0.0346914456711772,-0.231673846468482,-0.231673846468482,-0.231673846468482,0.233454690856225,0.233454690856225,0,0,0,0.95,0.95,0,0,0,0.95,0.95,-0.0860716090247203,0.0860716090247203,0.233357112841382,-0.233357112841382,-0.147285503816662,0.147285503816662,-0.95,0.588056318895307,0.431329914334115
hpt_v2_topology2_paper,topology2,fault,deep_lvrt,lvrt_300ms_0.650pu,0.06,prefault,rule_action,0,NaN,0.65,0.65,0.65,1,1,208.34295898899,941.738342321974,0.993582853751461,1.08774864778595,0.00160416816544675,1.17717292790247,-0.177172927902468,0.00641714624853917,0.353550479047016,0.42850985430355,0.0403133610081539,-0.219420701139709,0,0,0,1,0,1,0,0,0,0,1,1,-1.7348630189018,-1.94343442638512,0.0402549964479361,0.0402549964479361,0.0402549964479361,0.0345602909714836,0.0345602909714836,-0.215560726459955,-0.215560726459955,-0.215560726459955,0.216546710478209,0.216546710478209,0,0,0,0.95,0.95,0,0,0,0.95,0.95,-0.186856658667541,0.186856658667541,0.192819528551442,-0.192819528551442,-0.0059628698839014,0.0059628698839014,-0.874175714993252,-0.040575281162682,0.914750996155934
hpt_v2_topology2_paper,topology2,fault,deep_lvrt,lvrt_300ms_0.650pu,0.062,prefault,rule_action,0,NaN,0.65,0.65,0.65,1,1,209.750241027325,941.535161594693,0.997522261071176,1.07952389448577,0.0498801693625555,1.17691895199337,-0.176918951993366,0.00247773892882397,0.319491417432281,0.432447814053447,0.0280763048016695,-0.231827462748121,0,0,0,0,0,1,0,0,0,0,1,1,5,-0.789081301746819,0.0278869585776661,0.0278869585776661,0.0278869585776661,0.025761665407289,0.025761665407289,-0.232336429911479,-0.232336429911479,-0.232336429911479,0.232581675370539,0.232581675370539,0,0,0,0.95,0.95,0,0,0,0.95,0.95,-0.231282552618424,0.231282552618424,0.0848239113541633,-0.0848239113541633,0.14645864126426,-0.14645864126426,-0.384357900434142,-0.659428769722635,0.95
hpt_v2_topology2_paper,topology2,fault,deep_lvrt,lvrt_300ms_0.650pu,0.064,prefault,rule_action,0,NaN,0.65,0.65,0.65,1,1,205.763658352984,933.590484971177,0.996514847213357,1.08802950681476,0.0358430284808857,1.16698810621397,-0.166988106213972,0.00348515278664296,0.314380407781684,0.447195765621103,0.0200059062153694,-0.226709647156983,0,0,0,1,0,1,0,0,0,0,1,1,4.45302593693553,1.47813273934005,0.0199993855405672,0.0199993855405672,0.0199993855405672,0.0216256622055244,0.0216256622055244,-0.227286851861557,-0.227286851861557,-0.227286851861557,0.227137885843181,0.227137885843181,0,0,0,0.95,0.95,0,0,0,0.95,0.95,-0.155090472420342,0.155090472420342,-0.0673846618843191,0.0673846618843191,0.222475134304661,-0.222475134304661,0.288473342783095,-0.95,0.71892532901154
hpt_v2_topology2_paper,topology2,fault,deep_lvrt,lvrt_300ms_0.650pu,0.066,prefault,rule_action,0,NaN,0.65,0.65,0.65,1,1,208.291288497851,935.566617471712,0.993824156839545,1.0500213981083,0.0337343531359961,1.16945827183964,-0.16945827183964,0.00617584316045527,0.323335175811727,0.421179058591027,0.0284801966352558,-0.193814447404883,0,0,0,0,0,1,0,0,0,0,1,1,4.23414865807947,-1.23841865176066,0.0285615903027664,0.0285615903027664,0.0285615903027664,0.0329478612031894,0.0329478612031894,-0.194830254772818,-0.194830254772818,-0.194830254772818,0.19413662987082,0.19413662987082,0,0,0,0.95,0.95,0,0,0,0.95,0.95,-0.032355668202103,0.032355668202103,-0.152035653803441,0.152035653803441,0.184391322005544,-0.184391322005544,0.835769012721508,-0.95,0.12185929434258
hpt_v2_topology2_paper,topology2,fault,deep_lvrt,lvrt_300ms_0.650pu,0.068,prefault,rule_action,0,NaN,0.65,0.65,0.65,1,1,208.823271847584,933.250826276888,0.992629009915623,1.00070397186878,0.0842361654571336,1.16656353284611,-0.16656353284611,0.00737099008437714,0.300300719508407,0.419391956855643,0.0368373526013029,-0.214472307935296,0,0,0,0,0,1,0,0,0,0,1,1,3.05128524885145,-2.5884724373042,0.0368965551595857,0.0368965551595857,0.0368965551595857,0.0447719702657761,0.0447719702657761,-0.215212677162826,-0.215212677162826,-0.215212677162826,0.213713178987061,0.213713178987061,0,0,0,0.95,0.95,0,0,0,0.95,0.95,0.094956554828658,-0.094956554828658,-0.217759893177688,0.217759893177688,0.12280333834903,-0.12280333834903,0.95,-0.535097660899785,-0.550181826336934
hpt_v2_topology2_paper,topology2,fault,deep_lvrt,lvrt_300ms_0.650pu,0.07,prefault,rule_action,0,NaN,0.65,0.65,0.65,1,1,206.181884995956,920.190944717572,0.995757313746883,1.05356976091579,0.018803573382775,1.15023868089697,-0.150238680896966,0.00424268625311741,0.290787653902919,0.426587362336222,0.0320353583985222,-0.230763259705139,0,0,0,0,0,1,0,0,0,0,1,1,1.12201364087605,1.83398697231318,0.0319250083188516,0.0319250083188516,0.0319250083188516,0.0432484327606975,0.0432484327606975,-0.227348879356198,-0.227348879356198,-0.227348879356198,0.225469049238296,0.225469049238296,0,0,0,0.95,0.95,0,0,0,0.95,0.95,0.20673947555353,-0.20673947555353,-0.189822795914675,0.189822795914675,-0.0169166796388555,0.0169166796388555,0.848727981215428,0.130581233678349,-0.95
hpt_v2_topology2_paper,topology2,fault,deep_lvrt,lvrt_300ms_0.650pu,0.072,prefault,rule_action,0,NaN,0.65,0.65,0.65,1,1,204.490727556892,913.21488333982,0.996683043135151,1.0215741121519,0.0577554879511014,1.14151860417478,-0.141518604174775,0.0033169568648489,0.309758422915961,0.407621237336864,0.0203049181843469,-0.224944696593021,0,0,0,0,0,1,1,0,0.0148333333333379,0,0.996093289703328,1.05991269268568,-5,-0.448665708931983,0.0202818820424187,0.0202818820424187,0.0202818820424187,0.0343062558383223,0.0343062558383223,-0.225545433971781,-0.225545433971781,-0.225545433971781,0.223841860104532,0.223841860104532,0,0,0,0.95,0.95,0,0,0,0.95,0.95,0.219845921284424,-0.219845921284424,-0.0628867903636046,0.0628867903636046,-0.156959130920819,0.156959130920819,0.276861182537606,0.757349421382985,-0.95
hpt_v2_topology2_paper,topology2,fault,deep_lvrt,lvrt_300ms_0.650pu,0.074,prefault,rule_action,0,NaN,0.65,0.65,0.65,1,1,209.092275914687,915.243467751644,0.998765293110978,0.970019187481326,0.0475366779425399,1.14405433468956,-0.144054334689555,0.00123470688902239,0.277690183357596,0.394076801469147,0.0158780793599201,-0.184693364459959,0,0,0,0,0,1,1,0,0.0315000000000096,0,0.976020825842168,1.10522233430018,-5,-2.3439217194432,0.0157586218806257,0.0157586218806257,0.0157586218806257,0.0293283509618716,0.0293283509618716,-0.18473308888654,-0.18473308888654,-0.18473308888654,0.183069648284461,0.183069648284461,0,0,0,0.95,0.95,0,0,0,0.95,0.95,0.11678736315043,-0.11678736315043,0.0663120523592411,-0.0663120523592411,-0.183099415509671,0.183099415509671,-0.394386466675411,0.95,-0.686587137068074
hpt_v2_topology2_paper,topology2,fault,deep_lvrt,lvrt_300ms_0.650pu,0.076,prefault,rule_action,0,NaN,0.65,0.65,0.65,1,1,206.008673849719,895.735186850162,0.999358029059736,1.06788287182328,0.0385502907192723,1.1196689835627,-0.119668983562703,0.000641970940264192,0.257806565127226,0.42435320670472,0.00768810142593147,-0.122895485227916,0,0,0,0,0,1,1,0,0.0481666666666814,0,0.976020825842168,1.10522233430018,-3.40240088874033,2.0560290158127,0.00762640541636995,0.00762640541636995,0.00762640541636995,0.0177811592584003,0.0177811592584003,-0.122543387830856,-0.122543387830856,-0.122543387830856,0.121486107584636,0.121486107584636,0,0,0,0.95,0.95,0,0,0,0.95,0.95,0.00266980422895803,-0.00266980422895803,0.104970963572759,-0.104970963572759,-0.107640767801717,0.107640767801717,-0.906699886272384,0.95,-0.0557385660679421
hpt_v2_topology2_paper,topology2,fault,deep_lvrt,lvrt_300ms_0.650pu,0.078,prefault,rule_action,0,NaN,0.65,0.65,0.65,1,1,204.50513038568,876.474229231836,0.998704515661199,1.06274576462405,0.0523127648033806,1.0955927865398,-0.0955927865397954,0.00129548433880122,0.272384976891294,0.419098972096926,0.00493511561132831,-0.0501975842118506,0,0,0,0,0,1,1,0,0.0648333333333532,0,0.976020825842168,1.10522233430018,-0.201969210934516,0.0668123722351588,0.00495160915584434,0.00495160915584434,0.00495160915584434,0.00949767441796523,0.00949767441796523,-0.0503619618554291,-0.0503619618554291,-0.0503619618554291,0.0497055310384093,0.0497055310384093,0,0,0,0.95,0.95,0,0,0,0.95,0.95,-0.0274917074345359,0.0274917074345359,0.0505397219988222,-0.0505397219988222,-0.0230480145642864,0.0230480145642864,-0.95,0.479439187450886,0.625645718380709
hpt_v2_topology2_paper,topology2,fault,deep_lvrt,lvrt_300ms_0.650pu,0.08,fault,rule_action,0,NaN,0.65,0.65,0.65,1,1,209.039311059403,877.191741090412,0.995086337594096,1.00105156795132,0.0235216156750955,1.09648967636302,-0.0964896763630152,0.00491366240590363,0.251193758140452,0.395073824909056,0.0187721725804934,-0.0463477911045285,0,0,0,0,0,1,1,0,0.081500000000025,0,0.976020825842168,1.10522233430018,-2.49545162145881,-2.76859778980176,0.018888878455109,0.018888878455109,0.018888878455109,0.0233603744151158,0.0233603744151158,-0.0470432140139076,-0.0470432140139076,-0.0470432140139076,0.0449905170145421,0.0449905170145421,0,0,0,0.95,0.95,0,0,0,0.95,0.95,-0.0403533514185267,0.0403533514185267,0.0467491343367091,-0.0467491343367091,-0.00639578291818247,0.00639578291818247,-0.834919997214464,-0.213870470812837,0.95
hpt_v2_topology2_paper,topology2,fault,deep_lvrt,lvrt_300ms_0.650pu,0.082,fault,rule_action,0,NaN,0.65,0.65,0.65,1,1,204.236729737172,854.121071948348,0.995297137605554,1.01026433326403,0.0591531591792376,1.06765133993543,-0.0676513399354346,0.00470286239444573,0.250047302808455,0.401219562687399,0.0208067365110488,-0.0240646093355946,0,0,0,0,0,1,1,0,0.0981666666666967,0,0.976020825842168,1.10522233430018,-5,-0.783857448325209,0.0208806155987838,0.0208806155987838,0.0208806155987838,0.0231982690050332,0.0231982690050332,-0.0238615856149075,-0.0238615856149075,-0.0238615856149075,0.0216151727037248,0.0216151727037248,0,0,0,0.95,0.95,0,0,0,0.95,0.95,-0.0296674421058525,0.0296674421058525,0.0245246287015017,-0.0245246287015017,0.00514281340435073,-0.00514281340435073,-0.279204558850912,-0.843277326595351,0.95
hpt_v2_topology2_paper,topology2,fault,deep_lvrt,lvrt_300ms_0.650pu,0.084,fault,rule_action,0,NaN,0.65,0.65,0.65,1,1,190.671237071207,852.496382179042,0.981881570731591,0.947582787070396,0.0997185930097246,1.0656204777238,-0.0656204777238032,0.0181184292684088,0.216490186795802,0.397412174330836,0.0528135883704623,0.0559321926495573,0,0,0,0,0,1,1,0,0.114833333333368,0,0.896908841557538,1.10522233430018,0.885136619859894,0.481187168898334,0.0536248321949715,0.0536248321949715,0.0536248321949715,0.0474461862205079,0.0474461862205079,0.056940482563043,0.056940482563043,0.056940482563043,-0.0621827998370927,-0.0621827998370927,0,0,0,0.95,0.95,0,0,0,0.95,0.95,-0.012136632807521,0.012136632807521,0.0729854853136139,-0.0729854853136139,-0.0608488525060929,0.0608488525060929,0.414485892610682,-0.95,0.708675106015066
hpt_v2_topology2_paper,topology2,fault,deep_lvrt,lvrt_300ms_0.650pu,0.086,fault,rule_action,0,NaN,0.65,0.65,0.65,1,1,180.423332928791,844.504727421126,0.951243712481961,0.847466813272194,0.132612367967759,1.05563090927641,-0.055630909276408,0.0487562875180385,0.153049537847254,0.402963991395424,0.180957996108344,0.107486198331886,0,0,1,0,0,1,1,0,0.13150000000004,0,0.847466813272194,1.10522233430018,-4.33167912068633,-0.655656933385762,0.182623097326876,0.182623097326876,0.182623097326876,0.170559049402417,0.170559049402417,0.107073880287569,0.107073880287569,0.107073880287569,-0.125401842825543,-0.125401842825543,0,0,0,0.95,0.95,0,0,0,0.95,0.95,-0.18347654862421,0.18347654862421,0.183194688611675,-0.183194688611675,0.000281860012534815,-0.000281860012534815,0.95,-0.95,0.0495032470068877
hpt_v2_topology2_paper,topology2,fault,deep_lvrt,lvrt_300ms_0.650pu,0.088,fault,rule_action,0,NaN,0.65,0.65,0.65,1,1,198.784254591111,824.556398053657,0.939544922540062,0.857718930453861,0.12102647220357,1.03069549756707,-0.0306954975670712,0.0604550774599382,0.0830147767825006,0.470810174650336,0.320569842984791,-0.0181124203928391,0,0,1,0,0,1,1,0,0.148166666666712,0,0.820081931141804,1.10522233430018,-4.61016953946613,0.985136073523129,0.321352324124838,0.321352324124838,0.321352324124838,0.321714211217124,0.321714211217124,-0.0203515195542001,-0.0203515195542001,-0.0203515195542001,-0.0134709639426319,-0.0134709639426319,0,0,0,0.95,0.95,0,0,0,0.95,0.95,-0.247527225674213,0.247527225674213,-0.0545866880849002,0.0545866880849002,0.302113913759113,-0.302113913759113,0.95,-0.51442985236213,-0.635582903359648
hpt_v2_topology2_paper,topology2,fault,deep_lvrt,lvrt_300ms_0.650pu,0.09,fault,rule_action,0,NaN,0.65,0.65,0.65,1,1,227.340438036477,799.817094398388,0.972935737651918,0.886932972933992,0.120136163987657,0.999771367997985,0.000228632002015283,0.0270642623480816,0.126653545461297,0.533688246518785,0.287043978319495,-0.199598903358503,0,0,1,0,0,1,1,0,0.164833333333384,0,0.820081931141804,1.10522233430018,-1.79921748415324,2.57829640302376,0.285481549889935,0.285481549889935,0.285481549889935,0.30557251570219,0.30557251570219,-0.200537584647057,-0.200537584647057,-0.200537584647057,0.168346297348857,0.168346297348857,0,0,0,0.95,0.95,0,0,0,0.95,0.95,0.108098635319092,-0.108098635319092,-0.341316253486381,0.341316253486381,0.233217618167289,-0.233217618167289,0.864740202054529,0.221904833043327,-0.95
hpt_v2_topology2_paper,topology2,fault,deep_lvrt,lvrt_300ms_0.650pu,0.092,fault,rule_action,0,NaN,0.65,0.65,0.65,1,1,221.172498106672,851.504309729487,1.01217333812719,0.885593640729333,0.197663799486571,1.06438038716186,-0.0643803871618589,-0.0121733381271938,0.272985469169405,0.518470645720673,0.0794552635156678,-0.25160816516564,0,0,1,0,0,1,1,0,0.181500000000056,0,0.820081931141804,1.10522233430018,-5,-1.06023049284376,0.0773794198479347,0.0773794198479347,0.0773794198479347,0.215889453050141,0.215889453050141,-0.251853389630098,-0.251853389630098,-0.251853389630098,0.151027972726525,0.151027972726525,0,0,0,0.95,0.95,0,0,0,0.95,0.95,0.263162090431975,-0.263162090431975,-0.120510183337415,0.120510183337415,-0.14265190709456,0.14265190709456,0.213433182444184,0.857955951863301,-0.95
hpt_v2_topology2_paper,topology2,fault,deep_lvrt,lvrt_300ms_0.650pu,0.094,fault,rule_action,0,NaN,0.65,0.65,0.65,1,1,190.263534648493,898.018974062908,1.00488656309336,0.919394832920736,0.0715652968215905,1.12252371757864,-0.122523717578635,-0.00488656309336322,0.308814357714309,0.416588963448515,-0.0361638542641877,-0.265195251143645,0,0,1,0,0,1,1,0,0.198166666666727,0,0.820081931141804,1.10522233430018,-4.12732177050223,-2.32911415699677,-0.0360888633573236,-0.0360888633573236,-0.0360888633573236,0.135109175370288,0.135109175370288,-0.26525931446173,-0.26525931446173,-0.26525931446173,0.231106946450969,0.231106946450969,0,0,0,0.95,0.95,0,0,0,0.95,0.95,0.116921367153404,-0.116921367153404,0.150095610748312,-0.150095610748312,-0.267016977901716,0.267016977901716,-0.445303532826373,0.95,-0.680736575013891
hpt_v2_topology2_paper,topology2,fault,deep_lvrt,lvrt_300ms_0.650pu,0.096,fault,rule_action,0,NaN,0.65,0.65,0.65,1,1,177.359375904243,897.13851061798,0.957954516670135,0.954144414232901,0.097585495095312,1.12142313827248,-0.121423138272475,0.0420454833298647,0.220270425807114,0.368336048982836,0.099894970339847,-0.268744790186484,0,0,0,0,0,1,1,0,0.214833333333399,0,0.820081931141804,1.10522233430018,-0.435948317636381,1.48397110246323,0.102080789800901,0.102080789800901,0.102080789800901,0.13250517647858,0.13250517647858,-0.268761526317331,-0.268761526317331,-0.268761526317331,0.255138440618378,0.255138440618378,0,0,0,0.95,0.95,0,0,0,0.95,0.95,0.0880537504456929,-0.0880537504456929,0.192985438867442,-0.192985438867442,-0.281039189313135,0.281039189313135,-0.912364495769198,0.95,-0.0506328764000949
hpt_v2_topology2_paper,topology2,fault,deep_lvrt,lvrt_300ms_0.650pu,0.098,fault,rule_action,0,NaN,0.65,0.65,0.65,1,1,202.671860154713,848.604777214568,0.941756196152464,0.958568518171378,0.113458973311302,1.06075597151821,-0.0607559715182107,0.0582438038475356,0.153647582224013,0.376594745104448,0.284747480101298,-0.267552413663873,0,0,0,0,0,1,1,0,0.231500000000071,0,0.820081931141804,1.10522233430018,1.2013434193785,0.776189986286591,0.285823721202646,0.285823721202646,0.285823721202646,0.315739630041656,0.315739630041656,-0.267585048148354,-0.267585048148354,-0.267585048148354,0.231528494176943,0.231528494176943,0,0,0,0.95,0.95,0,0,0,0.95,0.95,0.0435154320441189,-0.0435154320441189,0.315217837359078,-0.315217837359078,-0.358733269403197,0.358733269403197,-0.95,0.450220083588835,0.653341625767747
hpt_v2_topology2_paper,topology2,fault,deep_lvrt,lvrt_300ms_0.650pu,0.1,fault,rule_action,0,NaN,0.65,0.65,0.65,1,1,233.977601283602,842.573302092409,0.982013394812263,0.910649428683859,0.102009574013394,1.05321662761551,-0.053216627615511,0.0179866051877365,0.153076347304238,0.422388155005092,0.245515249023451,-0.255939137050334,0,0,1,0,0,1,1,0,0.248166666666743,0,0.820081931141804,1.10522233430018,-5,-0.499033294757201,0.243748405656856,0.243748405656856,0.243748405656856,0.273537144283153,0.273537144283153,-0.256126615222996,-0.256126615222996,-0.256126615222996,0.224034727181447,0.224034727181447,0,0,0,0.95,0.95,0,0,0,0.95,0.95,-0.201653890486095,0.201653890486095,0.352347078737868,-0.352347078737868,-0.150693188251773,0.150693188251773,-0.810432173950225,-0.282175532007422,0.95
hpt_v2_topology2_paper,topology2,fault,deep_lvrt,lvrt_300ms_0.650pu,0.102,fault,rule_action,0,NaN,0.65,0.65,0.65,1,1,222.521210743755,857.845696615039,1.02518849157189,1.01378390122143,0.14442540240567,1.0723071207688,-0.0723071207687989,-0.0251884915718901,0.226669676249968,0.40422829388926,0.0146856523659088,-0.19477123631912,0,0,0,0,0,1,1,0,0.264833333333414,0,0.820081931141804,1.10522233430018,1.1372672293648,2.04784795495461,0.0126115706070576,0.0126115706070576,0.0126115706070576,0.130607333746383,0.130607333746383,-0.193053153860071,-0.193053153860071,-0.193053153860071,0.142724546943257,0.142724546943257,0,0,0,0.95,0.95,0,0,0,0.95,0.95,-0.179731029642408,0.179731029642408,0.0278655415620742,-0.0278655415620742,0.151865488080333,-0.151865488080333,-0.181785744099065,-0.850605928255213,0.95
hpt_v2_topology2_paper,topology2,fault,deep_lvrt,lvrt_300ms_0.650pu,0.104,fault,rule_action,0,NaN,0.65,0.65,0.65,1,1,189.648673655808,854.961555332036,1.01090679240201,0.926249208623265,0.036935944498144,1.06870194416504,-0.0687019441650447,-0.0109067924020054,0.238353712723557,0.375196541524058,-0.0934567443503785,0.03974318810167,0,0,0,0,0,1,1,0,0.281500000000086,0,0.820081931141804,1.10522233430018,3.57183770998404,0.317597828241922,-0.0931205022864064,-0.0931205022864064,-0.0931205022864064,-0.0991598004760903,-0.0991598004760903,0.0423177306701688,0.0423177306701688,0.0423177306701688,0.0250908797113119,0.0250908797113119,0,0,0,0.95,0.95,0,0,0,0.95,0.95,0.102014295909445,-0.102014295909445,-0.0574473559431549,0.0574473559431549,-0.0445669399662905,0.0445669399662905,0.517609739197124,-0.95,0.612806622982044
hpt_v2_topology2_paper,topology2,fault,deep_lvrt,lvrt_300ms_0.650pu,0.106,fault,rule_action,0,NaN,0.65,0.65,0.65,1,1,176.890494816045,847.489653778574,0.95887130386187,0.918003519919612,0.154539266151694,1.05936206722322,-0.0593620672232174,0.0411286961381299,0.155661217795078,0.344024574080038,0.0705011329812264,0.181674493739064,0,0,1,0,0,1,1,0,0.298166666666758,0,0.820081931141804,1.10522233430018,-3.67450043900297,-1.17510516841013,0.0730029672386821,0.0730029672386821,0.0730029672386821,0.0507040673055737,0.0507040673055737,0.182203860563341,0.182203860563341,0.182203860563341,-0.189622724346291,-0.189622724346291,0,0,0,0.95,0.95,0,0,0,0.95,0.95,-0.0926833287113852,0.0926833287113852,0.196185284362055,-0.196185284362055,-0.10350195565067,0.10350195565067,0.95,-0.95,-0.0324750814473454
hpt_v2_topology2_paper,topology2,fault,deep_lvrt,lvrt_300ms_0.650pu,0.108,fault,rule_action,0,NaN,0.65,0.65,0.65,1,1,198.036887319477,808.754163516323,0.939785308992493,0.931492570758604,0.185068666932271,1.0109427043954,-0.010942704395404,0.0602146910075066,0.0524503601671799,0.437940166720089,0.280958061370366,0.154279498184243,0,0,0,0,0,1,1,0,0.31483333333343,0,0.820081931141804,1.10522233430018,0.231172557079606,0.828502862613822,0.282250414282294,0.282250414282294,0.282250414282294,0.262711098045192,0.262711098045192,0.153293011326663,0.153293011326663,0.153293011326663,-0.184788859642599,-0.184788859642599,0,0,0,0.95,0.95,0,0,0,0.95,0.95,-0.312837927217162,0.312837927217162,0.0933923324599587,-0.0933923324599587,0.219445594757203,-0.219445594757203,0.95,-0.435526910794481,-0.713165619964256
hpt_v2_topology2_paper,topology2,fault,deep_lvrt,lvrt_300ms_0.650pu,0.11,fault,rule_action,0,NaN,0.65,0.65,0.65,1,1,224.704644114392,743.091004459205,0.971067750150868,0.893297098003238,0.0785479804517821,0.928863755574006,0.071136244425994,0.0289322498491316,0.0973402297367309,0.529040665594824,0.279948715132546,0.0201736453250472,0,0,1,0,0,1,1,0,0.331500000000101,0,0.820081931141804,1.10522233430018,1.65252568103913,1.93163139618058,0.278638926075027,0.278638926075027,0.278638926075027,0.274727675715206,0.274727675715206,0.0189999399887429,0.0189999399887429,0.0189999399887429,-0.0502528908615314,-0.0502528908615314,0,0,0,0.95,0.95,0,0,0,0.95,0.95,-0.0780334751238186,0.0780334751238186,-0.193219282906365,0.193219282906365,0.271252758030183,-0.271252758030183,0.846347828584035,0.34523447244725,-0.95
hpt_v2_topology2_paper,topology2,fault,deep_lvrt,lvrt_300ms_0.650pu,0.112,fault,rule_action,0,NaN,0.65,0.65,0.65,1,1,220.515682665197,796.145539313448,1.00671588619981,0.860134362490917,0.158561554895728,0.99518192414181,0.00481807585819016,-0.00671588619980734,0.247413260116117,0.500477082105295,0.0975725545909745,-0.00265939060515635,0,0,1,0,0,1,1,0,0.348166666666773,0,0.820081931141804,1.10522233430018,-5,0.234432008677121,0.0957133947426773,0.0957133947426773,0.0957133947426773,0.0770653682548451,0.0770653682548451,-0.00237373745488083,-0.00237373745488083,-0.00237373745488083,-0.056812125276365,-0.056812125276365,0,0,0,0.95,0.95,0,0,0,0.95,0.95,0.0407401900644312,-0.0407401900644312,-0.0954047144231322,0.0954047144231322,0.054664524358701,-0.054664524358701,0.145977734938138,0.95,-0.95
hpt_v2_topology2_paper,topology2,fault,deep_lvrt,lvrt_300ms_0.650pu,0.114,fault,rule_action,0,NaN,0.65,0.65,0.65,1,1,195.335155631987,857.580727126862,1.00748982316698,0.877076559870152,0.0833477300223614,1.07197590890858,-0.071975908908577,-0.00748982316697977,0.263673313398013,0.423102186975245,-0.0256992952847482,0.120301377891905,0,0,1,0,0,1,1,0,0.364833333333445,0,0.820081931141804,1.10522233430018,-5,-2.36354742165568,-0.0259796552558778,-0.0259796552558778,-0.0259796552558778,-0.0949053388474632,-0.0949053388474632,0.121923133245557,0.121923133245557,0.121923133245557,-0.0808280246317843,-0.0808280246317843,0,0,0,0.95,0.95,0,0,0,0.95,0.95,-0.0847761506758761,0.0847761506758761,-0.0367630326022352,0.0367630326022352,0.121539183278111,-0.121539183278111,-0.522828655891822,0.95,-0.652607405271195
hpt_v2_topology2_paper,topology2,fault,deep_lvrt,lvrt_300ms_0.650pu,0.116,fault,rule_action,0,NaN,0.65,0.65,0.65,1,1,177.952273785849,854.385435899057,0.968673816811637,0.918271909160421,0.07592582575945,1.06798179487382,-0.0679817948738219,0.0313261831883633,0.181840219980735,0.374543460995895,0.0619991443173269,0.155872716487666,0,0,1,0,0,1,1,0,0.381500000000117,0,0.820081931141804,1.10522233430018,-0.429710874945921,1.69335318684349,0.0637956257287432,0.0637956257287432,0.0637956257287432,0.0481204276916116,0.0481204276916116,0.155654875603406,0.155654875603406,0.155654875603406,-0.161191645565178,-0.161191645565178,0,0,0,0.95,0.95,0,0,0,0.95,0.95,0.0743736058598605,-0.0743736058598605,-0.167858784182519,0.167858784182519,0.0934851783226581,-0.0934851783226581,-0.95,0.95,-0.0269691524298395
hpt_v2_topology2_paper,topology2,fault,deep_lvrt,lvrt_300ms_0.650pu,0.118,fault,rule_action,0,NaN,0.65,0.65,0.65,1,1,192.891046558198,839.462151852846,0.940360604393959,0.897454912386812,0.0989151387317517,1.04932768981606,-0.0493276898160575,0.059639395606041,0.100671494987916,0.425332097941301,0.256801560201617,0.0320689594766164,0,0,1,0,0,1,1,0,0.398166666666789,0,0.820081931141804,1.10522233430018,-0.677188852107213,0.279375793831971,0.258368873501581,0.258368873501581,0.258368873501581,0.254398311797152,0.254398311797152,0.030040828179868,0.030040828179868,0.030040828179868,-0.054207242200349,-0.054207242200349,0,0,0,0.95,0.95,0,0,0,0.95,0.95,0.218414195620076,-0.218414195620076,0.0131208384019432,-0.0131208384019432,-0.231535034022019,0.231535034022019,-0.95,0.450200399469275,0.644083397225335
hpt_v2_topology2_paper,topology2,fault,deep_lvrt,lvrt_300ms_0.650pu,0.12,fault,rule_action,0,NaN,0.65,0.65,0.65,1,1,228.079871847524,819.738670472074,0.965696001313963,0.878576789091531,0.0733897788049494,1.02467333809009,-0.0246733380900925,0.034303998686037,0.109890342542846,0.474691067924862,0.297266651718382,-0.165862300683683,0,0,1,0,0,1,1,0,0.41483333333346,0,0.820081931141804,1.10522233430018,-5,-0.624789264762171,0.296176203287396,0.296176203287396,0.296176203287396,0.310405757074922,0.310405757074922,-0.167250803341234,-0.167250803341234,-0.167250803341234,0.139073507853831,0.139073507853831,0,0,0,0.95,0.95,0,0,0,0.95,0.95,-0.0928477188758408,0.0928477188758408,0.329804093017617,-0.329804093017617,-0.236956374141776,0.236956374141776,-0.825543830380221,-0.276280263972814,0.95
hpt_v2_topology2_paper,topology2,fault,deep_lvrt,lvrt_300ms_0.650pu,0.122,fault,rule_action,0,NaN,0.65,0.65,0.65,1,1,225.508596223024,858.255705222517,1.01222735774175,0.945858701321605,0.123207677318727,1.07281963152815,-0.072819631528146,-0.0122273577417473,0.208585014191575,0.456077615950529,0.0972523380190548,-0.242794694156412,0,0,0,0,0,1,1,0,0.431500000000132,0,0.820081931141804,1.10522233430018,-0.794190563386254,2.26405748143033,0.0949375677854348,0.0949375677854348,0.0949375677854348,0.221660517902898,0.221660517902898,-0.24315743156766,-0.24315743156766,-0.24315743156766,0.137859686299563,0.137859686299563,0,0,0,0.95,0.95,0,0,0,0.95,0.95,-0.260855191746522,0.260855191746522,0.122064855182541,-0.122064855182541,0.138790336563981,-0.138790336563981,-0.195860852983424,-0.843678456219158,0.95
hpt_v2_topology2_paper,topology2,fault,deep_lvrt,lvrt_300ms_0.650pu,0.124,fault,rule_action,0,NaN,0.65,0.65,0.65,1,1,188.950610328647,861.915454567733,1.00965989576587,0.951857029456804,0.0624081636306299,1.07739431820967,-0.0773943182096668,-0.009659895765874,0.251791630869944,0.387585493703185,-0.0520691801053976,-0.212784918753356,0,0,0,0,0,1,1,0,0.448166666666804,0,0.820081931141804,1.10522233430018,1.16182792194253,0.507380515021083,-0.0521784483829035,-0.0521784483829035,-0.0521784483829035,0.0849255949144536,0.0849255949144536,-0.212125540842529,-0.212125540842529,-0.212125540842529,0.201264698548476,0.201264698548476,0,0,0,0.95,0.95,0,0,0,0.95,0.95,-0.0606470406817068,0.0606470406817068,-0.151421710703734,0.151421710703734,0.212068751385441,-0.212068751385441,0.492102296784064,-0.95,0.62422678376833
hpt_v2_topology2_paper,topology2,fault,deep_lvrt,lvrt_300ms_0.650pu,0.126,fault,rule_action,0,NaN,0.65,0.65,0.65,1,1,173.080455977317,861.14854761496,0.954050762550885,0.908153975172994,0.0811110671420825,1.0764356845187,-0.0764356845186998,0.0459492374491151,0.193841461041346,0.316930799570282,0.095074920467962,-0.183814760689132,0,0,1,0,0,1,1,0,0.46483333333347,0,0.820081931141804,1.10522233430018,-2.37292482928542,-2.13117271266205,0.0976543020148986,0.0976543020148986,0.0976543020148986,0.113621064272836,0.113621064272836,-0.184264262478093,-0.184264262478093,-0.184264262478093,0.174871195118352,0.174871195118352,0,0,0,0.95,0.95,0,0,0,0.95,0.95,-0.0755354041338691,0.0755354041338691,-0.13057142852429,0.13057142852429,0.206106832658159,-0.206106832658159,0.95,-0.95,-0.0352543816595416
hpt_v2_topology2_paper,topology2,fault,deep_lvrt,lvrt_300ms_0.650pu,0.128,fault,rule_action,0,NaN,0.65,0.65,0.65,1,1,202.155303536259,838.432465349344,0.935846461748565,0.944704069812172,0.136847361960984,1.04804058168668,-0.0480405816866798,0.0641535382514348,0.0975334941756341,0.377559644791182,0.311587742527222,-0.240187281234216,0,0,0,0,0,1,1,0,0.48150000000013,0,0.820081931141804,1.10522233430018,-3.48784862179197,0.774035804835149,0.312803218457504,0.312803218457504,0.312803218457504,0.333023424849021,0.333023424849021,-0.240584784151093,-0.240584784151093,-0.240584784151093,0.211712754325831,0.211712754325831,0,0,0,0.95,0.95,0,0,0,0.95,0.95,-0.0570635899765534,0.0570635899765534,-0.309629377984082,0.309629377984082,0.366692967960636,-0.366692967960636,0.95,-0.399105632885385,-0.716919912633483
hpt_v2_topology2_paper,topology2,fault,deep_lvrt,lvrt_300ms_0.650pu,0.13,fault,rule_action,0,NaN,0.65,0.65,0.65,1,1,235.452667485428,805.364989258622,0.982980459715136,0.990231500373818,0.0889204148080132,1.00670623657328,-0.00670623657327818,0.0170195402848641,0.121858204230525,0.443418661226108,0.258193570773591,-0.25590184909331,0,0,0,0,0,1,1,0,0.49816666666679,0,0.820081931141804,1.10522233430018,3.04094824495027,1.70159565342409,0.256027226044371,0.256027226044371,0.256027226044371,0.278190779658882,0.278190779658882,-0.255793219468971,-0.255793219468971,-0.255793219468971,0.231495144042073,0.231495144042073,0,0,0,0.95,0.95,0,0,0,0.95,0.95,0.217278040753123,-0.217278040753123,-0.359293710052559,0.359293710052559,0.142015669299436,-0.142015669299436,0.742983450722168,0.361983926576804,-0.95
hpt_v2_topology2_paper,topology2,fault,deep_lvrt,lvrt_300ms_0.650pu,0.132,fault,rule_action,0,NaN,0.65,0.65,0.65,1,1,222.322538515592,855.815141656546,1.02356458422042,0.947352880726495,0.155592494781973,1.06976892707068,-0.0697689270706829,-0.0235645842204226,0.23543467752121,0.414557099789588,0.0181841586542244,-0.165951728836682,0,0,0,0,0,1,1,0,0.51483333333345,0,0.820081931141804,1.10522233430018,-5,-1.77861488304742,0.0159764554827257,0.0159764554827257,0.0159764554827257,0.110843561797637,0.110843561797637,-0.163937817848299,-0.163937817848299,-0.163937817848299,0.121838253675384,0.121838253675384,0,0,0,0.95,0.95,0,0,0,0.95,0.95,0.150975498898973,-0.150975498898973,-0.0184531942470052,0.0184531942470052,-0.132522304651968,0.132522304651968,0.0683506070149112,0.926806779721939,-0.95
hpt_v2_topology2_paper,topology2,fault,deep_lvrt,lvrt_300ms_0.650pu,0.134,fault,rule_action,0,NaN,0.65,0.65,0.65,1,1,193.29742120965,859.037063326364,1.01250517450793,0.957292720904152,0.0591311984459148,1.07379632915795,-0.0737963291579546,-0.0125051745079281,0.2343674610238,0.361486286269303,-0.0911915079269964,0.0703465704022844,0,0,0,0,0,1,1,0,0.531500000000111,0,0.820081931141804,1.10522233430018,-0.791759445941231,-1.37174611331359,-0.0910162161470508,-0.0910162161470508,-0.0910162161470508,-0.115917283274941,-0.115917283274941,0.0718716313059629,0.0718716313059629,0.0718716313059629,-0.00355899233828813,-0.00355899233828813,0,0,0,0.95,0.95,0,0,0,0.95,0.95,-0.112855578919588,0.112855578919588,0.0333014847123073,-0.0333014847123073,0.0795540942072809,-0.0795540942072809,-0.585898354229459,0.95,-0.572874378059751
hpt_v2_topology2_paper,topology2,fault,deep_lvrt,lvrt_300ms_0.650pu,0.136,fault,rule_action,0,NaN,0.65,0.65,0.65,1,1,180.396405859122,847.436903052916,0.967954760272128,0.953065577078335,0.143023435861009,1.05929612881614,-0.0592961288161444,0.0320452397278719,0.133384449859415,0.363282348340131,0.0414134391336919,0.174665436997384,0,0,0,0,0,1,1,0,0.548166666666771,0,0.820081931141804,1.10522233430018,2.89539179558573,2.33844862898991,0.0435463572070663,0.0435463572070663,0.0435463572070663,0.0291866452489125,0.0291866452489125,0.174765833719567,0.174765833719567,0.174765833719567,-0.177728786640811,-0.177728786640811,0,0,0,0.95,0.95,0,0,0,0.95,0.95,0.072744976579385,-0.072744976579385,-0.179063282257362,0.179063282257362,0.106318305677977,-0.106318305677977,-0.95,0.918598534787989,0.0847719496831508
hpt_v2_topology2_paper,topology2,fault,deep_lvrt,lvrt_300ms_0.650pu,0.138,fault,rule_action,0,NaN,0.65,0.65,0.65,1,1,194.109518093882,831.649772996695,0.940104848703396,0.900203228384458,0.0950619077188746,1.03956221624587,-0.0395622162458684,0.0598951512966042,0.0773361673130552,0.419620822405053,0.250120083291514,0.0850854817407317,0,0,1,0,0,1,1,0,0.564833333333431,0,0.820081931141804,1.10522233430018,-5,-0.318115822270482,0.251799701639173,0.251799701639173,0.251799701639173,0.244693202489248,0.244693202489248,0.083499576425069,0.083499576425069,0.083499576425069,-0.102471975019019,-0.102471975019019,0,0,0,0.95,0.95,0,0,0,0.95,0.95,0.236617031761498,-0.236617031761498,-0.0144300437758867,0.0144300437758867,-0.222186987985611,0.222186987985611,-0.95,0.33983642429871,0.740467418595013
hpt_v2_topology2_paper,topology2,fault,deep_lvrt,lvrt_300ms_0.650pu,0.14,fault,rule_action,0,NaN,0.65,0.65,0.65,1,1,222.862174716761,810.657482540205,0.967710511884336,0.914028777815689,0.0770864995542057,1.01332185317526,-0.0133218531752559,0.0322894881156643,0.0842063951970659,0.470250710901816,0.171774249899898,-0.0108087464340461,0,0,1,0,0,1,0,1,0,0.0126666666666618,0.820081931141804,1.10522233430018,-5,-0.73779736904811,0.170523190616647,0.170523190616647,0.170523190616647,0.170882050921945,0.170882050921945,-0.0111677360710741,-0.0111677360710741,-0.0111677360710741,-0.00148375865432717,-0.00148375865432717,0,0,0,0.95,0.95,0,0,0,0.95,0.95,0.0135298804377549,-0.0135298804377549,0.140764258253089,-0.140764258253089,-0.154294138690844,0.154294138690844,-0.746527728332347,-0.373358141713959,0.95
hpt_v2_topology2_paper,topology2,fault,deep_lvrt,lvrt_300ms_0.650pu,0.142,fault,rule_action,0,NaN,0.65,0.65,0.65,1,1,223.097751459587,847.305415666735,1.00321402157122,0.914730823490284,0.142633914956014,1.05913176958342,-0.059131769583419,-0.00321402157121975,0.173840686973517,0.481839489441989,0.0618984742518863,-0.000365536345086181,0,0,1,0,0,1,0,1,0,0.029333333333322,0.820081931141804,1.10522233430018,5,3.75391511049572,0.0609763672272679,0.0609763672272679,0.0609763672272679,0.0494837982397815,0.0494837982397815,0.000180079361962536,0.000180079361962536,0.000180079361962536,-0.0356300926265402,-0.0356300926265402,0,0,0,0.95,0.95,0,0,0,0.95,0.95,-0.0283622294363215,0.0283622294363215,0.0609283103309408,-0.0609283103309408,-0.0325660808946192,0.0325660808946192,-0.088966458468846,-0.905963512421728,0.95
hpt_v2_topology2_paper,topology2,fault,deep_lvrt,lvrt_300ms_0.650pu,0.144,fault,rule_action,0,NaN,0.65,0.65,0.65,1,1,194.357198389155,851.79846460037,1.00181611914001,0.911863649246795,0.053343384622624,1.06474808075046,-0.0647480807504623,-0.00181611914000612,0.223971881154544,0.42836715142745,0.00396415735885515,0.0384997800238956,0,0,1,0,0,1,0,1,0,0.0459999999999822,0.820081931141804,1.10522233430018,0.450885869280437,0.0444973863507059,0.00385921008931693,0.00385921008931693,0.00385921008931693,0.00127800145104472,0.00127800145104472,0.0389341773788436,0.0389341773788436,0.0389341773788436,-0.0391040967543284,-0.0391040967543284,0,0,0,0.95,0.95,0,0,0,0.95,0.95,0.0140621133863291,-0.0140621133863291,0.024588011578103,-0.024588011578103,-0.0386501249644321,0.0386501249644321,0.576755703360183,-0.95,0.555556445445985
hpt_v2_topology2_paper,topology2,fault,deep_lvrt,lvrt_300ms_0.650pu,0.146,fault,rule_action,0,NaN,0.65,0.65,0.65,1,1,176.601019086045,848.451987032719,0.961207240098514,0.923440453742329,0.118759699326089,1.0605649837909,-0.0605649837908984,0.038792759901486,0.175094637709328,0.382753713218488,0.0395470469166349,0.0552823823295867,0,0,0,0,0,1,0,1,0,0.0626666666666424,0.820081931141804,1.10522233430018,-2.73756923611179,-1.384910338176,0.0402672181279578,0.0402672181279578,0.0402672181279578,0.0368586270420019,0.0368586270420019,0.0550896065278078,0.0550896065278078,0.0550896065278078,-0.0574260848023947,-0.0574260848023947,0,0,0,0.95,0.95,0,0,0,0.95,0.95,-0.0479170464027959,0.0479170464027959,0.0660323000747563,-0.0660323000747563,-0.0181152536719604,0.0181152536719604,0.95,-0.921289191153589,-0.10805668284241
hpt_v2_topology2_paper,topology2,fault,deep_lvrt,lvrt_300ms_0.650pu,0.148,fault,rule_action,0,NaN,0.65,0.65,0.65,1,1,186.777360394566,850.066554851025,0.931049838282881,0.933092047275396,0.0849583057234945,1.06258319356378,-0.0625831935637815,0.0689501617171185,0.105789265662339,0.427776595477697,0.116442948396046,0.0250664598217807,0,0,0,0,0,1,0,1,0,0.0793333333333026,0.820081931141804,1.10522233430018,-5,-0.480813637113275,0.117103115645587,0.117103115645587,0.117103115645587,0.115519847577256,0.115519847577256,0.0244447720991213,0.0244447720991213,0.0244447720991213,-0.031078149761675,-0.031078149761675,0,0,0,0.95,0.95,0,0,0,0.95,0.95,-0.100791713127556,0.100791713127556,-0.00540546829747099,0.00540546829747099,0.106197181425027,-0.106197181425027,0.95,-0.364668786093973,-0.728513251005828
hpt_v2_topology2_paper,topology2,fault,deep_lvrt,lvrt_300ms_0.650pu,0.15,fault,rule_action,0,NaN,0.65,0.65,0.65,1,1,213.668074187729,841.906940782205,0.943803647196915,0.898402398746562,0.0678655054234768,1.05238367597776,-0.0523836759777558,0.0561963528030849,0.127342022317334,0.4890654203423,0.146445017523847,-0.0250888964831355,0,0,1,0,0,1,0,1,0,0.0959999999999628,0.820081931141804,1.10522233430018,-0.405340797845155,1.87811664862236,0.146297315655593,0.146297315655593,0.146297315655593,0.147481075075459,0.147481075075459,-0.0253797194884893,-0.0253797194884893,-0.0253797194884893,0.0172153194548787,0.0172153194548787,0,0,0,0.95,0.95,0,0,0,0.95,0.95,0.00237908015981749,-0.00237908015981749,-0.12976259725055,0.12976259725055,0.127383517090732,-0.127383517090732,0.710716123193909,0.366066626314972,-0.95
hpt_v2_topology2_paper,topology2,fault,deep_lvrt,lvrt_300ms_0.650pu,0.152,fault,rule_action,0,NaN,0.65,0.65,0.65,1,1,218.80921644051,850.897973355938,0.981383916653764,0.942055581849272,0.139123285291962,1.06362246669492,-0.0636224666949223,0.0186160833462359,0.225285752091356,0.462983495411038,0.0974592126427755,-0.0224994964929278,0,0,0,0,0,1,0,1,0,0.112666666666623,0.820081931141804,1.10522233430018,-3.99727534911742,-1.94004830645467,0.0967622412369166,0.0967622412369166,0.0967622412369166,0.0978044060368258,0.0978044060368258,-0.0219714578329985,-0.0219714578329985,-0.0219714578329985,0.0167324370096579,0.0167324370096579,0,0,0,0.95,0.95,0,0,0,0.95,0.95,0.064261406255974,-0.064261406255974,-0.0976067366507757,0.0976067366507757,0.0333453303948016,-0.0333453303948016,0.0705258355838686,0.930956513629344,-0.95
hpt_v2_topology2_paper,topology2,fault,deep_lvrt,lvrt_300ms_0.650pu,0.154,fault,rule_action,0,NaN,0.65,0.65,0.65,1,1,204.243641419586,851.047581984466,0.995338182429496,0.928933106475162,0.0472001796022982,1.06380947748058,-0.0638094774805829,0.00466181757050388,0.220493895141262,0.396891163180674,0.0392284734990273,0.0234558441321036,0,0,0,0,0,1,0,1,0,0.129333333333283,0.820081931141804,1.10522233430018,0.189312144260434,-1.36624200162005,0.0388614128171211,0.0388614128171211,0.0388614128171211,0.0376055946712592,0.0376055946712592,0.0240084583865703,0.0240084583865703,0.0240084583865703,-0.0259313464683836,-0.0259313464683836,0,0,0,0.95,0.95,0,0,0,0.95,0.95,0.0239208532712121,-0.0239208532712121,-0.0456621505420273,0.0456621505420273,0.0217412972708152,-0.0217412972708152,-0.579813338883393,0.95,-0.578882975263294
hpt_v2_topology2_paper,topology2,fault,deep_lvrt,lvrt_300ms_0.650pu,0.156,fault,rule_action,0,NaN,0.65,0.65,0.65,1,1,183.994787425574,851.093917389331,0.970665314843971,0.933916858528,0.0844734238122665,1.06386739673666,-0.0638673967366632,0.0293346851560292,0.14164121068935,0.373069117595745,0.041612396753135,0.0488427519680316,0,0,0,0,0,1,0,1,0,0.145999999999943,0.820081931141804,1.10522233430018,-1.46735990413971,2.49998804845575,0.0420031449432761,0.0420031449432761,0.0420031449432761,0.0397257079374816,0.0397257079374816,0.0488096269635871,0.0488096269635871,0.0488096269635871,-0.0506804893259359,-0.0506804893259359,0,0,0,0.95,0.95,0,0,0,0.95,0.95,0.0488374817837093,-0.0488374817837093,-0.0607664805995337,0.0607664805995337,0.0119289988158245,-0.0119289988158245,-0.95,0.919423557199468,0.0737075928745632
hpt_v2_topology2_paper,topology2,fault,deep_lvrt,lvrt_300ms_0.650pu,0.158,fault,rule_action,0,NaN,0.65,0.65,0.65,1,1,185.334467961716,846.956006612837,0.938524387370662,0.927821807855743,0.0740582247674559,1.05869500826605,-0.0586950082660456,0.0614756126293381,0.106437559321313,0.425842983593108,0.0998894435428947,0.026185410137149,0,0,0,0,0,1,0,1,0,0.162666666666604,0.820081931141804,1.10522233430018,-5,-0.027751151626676,0.100531870354971,0.100531870354971,0.100531870354971,0.099339993910108,0.099339993910108,0.0255837354359922,0.0255837354359922,0.0255837354359922,-0.0298789237735765,-0.0298789237735765,0,0,0,0.95,0.95,0,0,0,0.95,0.95,0.089560852447679,-0.089560852447679,0.000551997476856421,-0.000551997476856421,-0.0901128499245354,0.0901128499245354,-0.95,0.34356723900587,0.72475666699506
hpt_v2_topology2_paper,topology2,fault,deep_lvrt,lvrt_300ms_0.650pu,0.16,fault,rule_action,0,NaN,0.65,0.65,0.65,1,1,212.852618387847,843.392112844847,0.946796621830581,0.900143721248776,0.0596680366602356,1.05424014105606,-0.0542401410560593,0.053203378169419,0.110615530588741,0.469564495760426,0.135080611250686,-0.0251628383542608,0,0,1,0,0,1,0,1,0,0.179333333333264,0.820081931141804,1.10522233430018,-5,-0.693036876583397,0.13498937218194,0.13498937218194,0.13498937218194,0.135947204428435,0.135947204428435,-0.0254613276353604,-0.0254613276353604,-0.0254613276353604,0.0197171857810119,0.0197171857810119,0,0,0,0.95,0.95,0,0,0,0.95,0.95,-0.00488145421842512,0.00488145421842512,0.121331163683427,-0.121331163683427,-0.116449709465001,0.116449709465001,-0.727232827406894,-0.37001422807769,0.95
hpt_v2_topology2_paper,topology2,fault,deep_lvrt,lvrt_300ms_0.650pu,0.162,fault,rule_action,0,NaN,0.65,0.65,0.65,1,1,219.397703231953,855.02893154299,0.983310156461855,0.948306538387461,0.105393614670911,1.06878616442874,-0.0687861644287371,0.0166898435381453,0.182102219922386,0.475670964515767,0.0903246369240973,-0.0147971746875822,0,0,0,0,0,1,0,1,0,0.195999999999924,0.820081931141804,1.10522233430018,0.942784993252732,2.42803636487343,0.0896618561007069,0.0896618561007069,0.0896618561007069,0.0901771698510141,0.0901771698510141,-0.0143440566185943,-0.0143440566185943,-0.0143440566185943,0.0106338345559199,0.0106338345559199,0,0,0,0.95,0.95,0,0,0,0.95,0.95,-0.0545224666100679,0.0545224666100679,0.0901438682358438,-0.0901438682358438,-0.0356214016257759,0.0356214016257759,-0.084267776340824,-0.906031126391272,0.95
hpt_v2_topology2_paper,topology2,fault,deep_lvrt,lvrt_300ms_0.650pu,0.164,fault,rule_action,0,NaN,0.65,0.65,0.65,1,1,199.813976301886,851.664660023847,0.99368763413779,0.907777510592581,0.0577970284880124,1.06458082502981,-0.0645808250298081,0.00631236586221007,0.22342740204147,0.420536293550545,0.0359215770761684,0.0283442925259556,0,0,1,0,0,1,0,1,0,0.212666666666584,0.820081931141804,1.10522233430018,-0.0620384498625226,0.0281740599723523,0.0356521234502489,0.0356521234502489,0.0356521234502489,0.0345234701033226,0.0345234701033226,0.0288172666059718,0.0288172666059718,0.0288172666059718,-0.0301602183874128,-0.0301602183874128,0,0,0,0.95,0.95,0,0,0,0.95,0.95,-0.0190448317121972,0.0190448317121972,0.0456347732930502,-0.0456347732930502,-0.0265899415808529,0.0265899415808529,0.585654916838654,-0.95,0.545506368076438
hpt_v2_topology2_paper,topology2,fault,deep_lvrt,lvrt_300ms_0.650pu,0.166,fault,rule_action,0,NaN,0.65,0.65,0.65,1,1,182.88640094358,847.181312733324,0.965286023724629,0.890847570604914,0.0906616244001592,1.05897664091665,-0.0589766409166548,0.0347139762753708,0.16631931412237,0.371090970773025,0.0480584303361007,0.0470837388975114,0,0,1,0,0,1,0,1,0,0.229333333333244,0.820081931141804,1.10522233430018,-4.60122137212604,-1.40877111905957,0.048536081683253,0.048536081683253,0.048536081683253,0.0468833968980112,0.0468833968980112,0.0469747897644022,0.0469747897644022,0.0469747897644022,-0.0486243683133956,-0.0486243683133956,0,0,0,0.95,0.95,0,0,0,0.95,0.95,-0.055211056813646,0.055211056813646,0.0613040592066986,-0.0613040592066986,-0.00609300239305272,0.00609300239305272,0.95,-0.915872796450978,-0.117773244123444
hpt_v2_topology2_paper,topology2,fault,deep_lvrt,lvrt_300ms_0.650pu,0.168,fault,rule_action,0,NaN,0.65,0.65,0.65,1,1,188.005965770892,850.13789665378,0.938449494272438,0.924111360360518,0.0954909625308761,1.06267237081722,-0.0626723708172243,0.0615505057275619,0.097339207333765,0.412740692473153,0.106535714761547,0.0242576644925925,0,0,0,0,0,1,0,1,0,0.245999999999905,0.820081931141804,1.10522233430018,-5,-0.524632542893366,0.107092648139189,0.107092648139189,0.107092648139189,0.106262303559884,0.106262303559884,0.0237090141838432,0.0237090141838432,0.0237090141838432,-0.0271896208355496,-0.0271896208355496,0,0,0,0.95,0.95,0,0,0,0.95,0.95,-0.0925447766832676,0.0925447766832676,-0.00471597023910984,0.00471597023910984,0.0972607469223774,-0.0972607469223774,0.95,-0.356365740456177,-0.7350358130857
hpt_v2_topology2_paper,topology2,fault,deep_lvrt,lvrt_300ms_0.650pu,0.17,fault,rule_action,0,NaN,0.65,0.65,0.65,1,1,211.791050463318,845.519252668447,0.949493502068667,0.928679510298027,0.0808178288246196,1.05689906583556,-0.056899065835559,0.0505064979313333,0.117011778121372,0.466289564164368,0.132300128483341,-0.022455638882425,0,0,0,0,0,1,0,1,0,0.262666666666565,0.820081931141804,1.10522233430018,0.72389215054458,1.70355606700201,0.132160380123692,0.132160380123692,0.132160380123692,0.132832112449536,0.132832112449536,-0.0227111884029679,-0.0227111884029679,-0.0227111884029679,0.0183791745001646,0.0183791745001646,0,0,0,0.95,0.95,0,0,0,0.95,0.95,0.00346755971825621,-0.00346755971825621,-0.117826868098849,0.117826868098849,0.114359308380593,-0.114359308380593,0.698532145362881,0.367377541744067,-0.95
hpt_v2_topology2_paper,topology2,fault,deep_lvrt,lvrt_300ms_0.650pu,0.172,fault,rule_action,0,NaN,0.65,0.65,0.65,1,1,217.09172634602,849.340309138916,0.981111808444746,0.900446901174316,0.128457742715088,1.06167538642364,-0.0616753864236446,0.0188881915552545,0.207482368057801,0.455433945751438,0.0901138440426026,-0.0144066602438837,0,0,1,0,0,1,0,1,0,0.279333333333225,0.820081931141804,1.10522233430018,-3.34970891202369,-0.758358936812531,0.0895249376823049,0.0895249376823049,0.0895249376823049,0.0899260517568951,0.0899260517568951,-0.0138751782505645,-0.0138751782505645,-0.0138751782505645,0.0109790825628442,0.0109790825628442,0,0,0,0.95,0.95,0,0,0,0.95,0.95,0.0545871509093659,-0.0545871509093659,-0.0899083380556681,0.0899083380556681,0.0353211871463021,-0.0353211871463021,0.0480694152796571,0.945809779429073,-0.95
hpt_v2_topology2_paper,topology2,fault,deep_lvrt,lvrt_300ms_0.650pu,0.174,fault,rule_action,0,NaN,0.65,0.65,0.65,1,1,201.67981627562,849.202301830797,0.993046127079263,0.903455971851955,0.0602119603314506,1.0615028772885,-0.0615028772884958,0.00695387292073668,0.207900724149778,0.385094133261175,0.039613270053215,0.0290067865452146,0,0,1,0,0,1,0,1,0,0.295999999999885,0.820081931141804,1.10522233430018,-3.33654300782982,-0.0446223770673715,0.039315848304317,0.039315848304317,0.039315848304317,0.0384123857071458,0.0384123857071458,0.0294922830355501,0.0294922830355501,0.0294922830355501,-0.0306597343566855,-0.0306597343566855,0,0,0,0.95,0.95,0,0,0,0.95,0.95,0.022406742234058,-0.022406742234058,-0.0490861038820389,0.0490861038820389,0.0266793616479809,-0.0266793616479809,-0.598099745675993,0.95,-0.56232841294353
hpt_v2_topology2_paper,topology2,fault,deep_lvrt,lvrt_300ms_0.650pu,0.176,fault,rule_action,0,NaN,0.65,0.65,0.65,1,1,184.463355651496,847.961786601043,0.969043089504795,0.918886578200912,0.0902694034522089,1.0599522332513,-0.0599522332513034,0.0309569104952045,0.126798444590071,0.375435845865911,0.0454856562990216,0.0544542879466754,0,0,1,0,0,1,0,1,0,0.312666666666545,0.820081931141804,1.10522233430018,-0.0312788685601362,2.34264832469222,0.0458781050387948,0.0458781050387948,0.0458781050387948,0.0444034855256533,0.0444034855256533,0.0543857409939051,0.0543857409939051,0.0543857409939051,-0.0555962212617001,-0.0555962212617001,0,0,0,0.95,0.95,0,0,0,0.95,0.95,0.0541165974067238,-0.0541165974067238,-0.0670645784965899,0.0670645784965899,0.0129479810898661,-0.0129479810898661,-0.95,0.903093036836382,0.101817747250619
hpt_v2_topology2_paper,topology2,fault,deep_lvrt,lvrt_300ms_0.650pu,0.178,fault,rule_action,0,NaN,0.65,0.65,0.65,1,1,184.873340956745,845.848495194336,0.939051613557666,0.91408498374208,0.0633056189126199,1.05731061899292,-0.0573106189929202,0.0609483864423341,0.103694381598306,0.406595502403828,0.101324457040114,0.026730165411907,0,0,1,0,0,1,0,1,0,0.329333333333206,0.820081931141804,1.10522233430018,-5,-0.0647955401100741,0.101932313619616,0.101932313619616,0.101932313619616,0.101237608589529,0.101237608589529,0.0260801574377763,0.0260801574377763,0.0260801574377763,-0.0286586423073454,-0.0286586423073454,0,0,0,0.95,0.95,0,0,0,0.95,0.95,0.0901116419306356,-0.0901116419306356,0.00198349631601501,-0.00198349631601501,-0.0920951382466506,0.0920951382466506,-0.95,0.330616129134955,0.735110037871099
hpt_v2_topology2_paper,topology2,fault,deep_lvrt,lvrt_300ms_0.650pu,0.18,fault,rule_action,0,NaN,0.65,0.65,0.65,1,1,212.834506301568,844.460102807011,0.94884918137738,0.910995002104383,0.0835390437797393,1.05557512850876,-0.0555751285087633,0.0511508186226202,0.103398468706636,0.451017981433044,0.133086956646528,-0.0222654339731577,0,0,1,0,0,1,0,1,0,0.345999999999866,0.820081931141804,1.10522233430018,-5,-0.690542307004938,0.132958047162762,0.132958047162762,0.132958047162762,0.133499991343375,0.133499991343375,-0.0224904487281104,-0.0224904487281104,-0.0224904487281104,0.0190109153026806,0.0190109153026806,0,0,0,0.95,0.95,0,0,0,0.95,0.95,-0.0044568484794748,0.0044568484794748,0.118945386666878,-0.118945386666878,-0.114488538187403,0.114488538187403,-0.707028150089812,-0.385047353326728,0.95
hpt_v2_topology2_paper,topology2,fault,deep_lvrt,lvrt_300ms_0.650pu,0.182,fault,rule_action,0,NaN,0.65,0.65,0.65,1,1,221.328341388272,852.986034318456,0.984571258256936,0.931147501488609,0.100932200979036,1.06623254289807,-0.0662325428980699,0.0154287417430639,0.162631742860388,0.464794248986645,0.0879245001329908,-0.00808005934542521,0,0,0,0,0,1,0,1,0,0.362666666666526,0.820081931141804,1.10522233430018,-0.38162042425649,2.16630284646047,0.0872547904215043,0.0872547904215043,0.0872547904215043,0.0874219635034275,0.0874219635034275,-0.00755300050717244,-0.00755300050717244,-0.00755300050717244,0.00527698449565438,0.00527698449565438,0,0,0,0.95,0.95,0,0,0,0.95,0.95,-0.048619259214927,0.048619259214927,0.0873965571453084,-0.0873965571453084,-0.0387772979303815,0.0387772979303815,-0.0613293445037887,-0.915893436288754,0.95
hpt_v2_topology2_paper,topology2,fault,deep_lvrt,lvrt_300ms_0.650pu,0.184,fault,rule_action,0,NaN,0.65,0.65,0.65,1,1,199.581709792692,850.186863201287,0.996029760114825,0.929982485490164,0.0494969698716779,1.06273357900161,-0.0627335790016088,0.0039702398851752,0.20595999499566,0.413165936678789,0.0312538090146237,0.0364032639722485,0,0,0,0,0,1,0,1,0,0.379333333333186,0.820081931141804,1.10522233430018,-1.25534364171898,-0.19174187657689,0.0309730593385262,0.0309730593385262,0.0309730593385262,0.0300791198596783,0.0300791198596783,0.0368943581569203,0.0368943581569203,0.0368943581569203,-0.0376267274296621,-0.0376267274296621,0,0,0,0.95,0.95,0,0,0,0.95,0.95,-0.0120207575436632,0.0120207575436632,0.0464086348295698,-0.0464086348295698,-0.0343878772859066,0.0343878772859066,0.60130726922179,-0.95,0.521889660004506
hpt_v2_topology2_paper,topology2,fault,deep_lvrt,lvrt_300ms_0.650pu,0.186,fault,rule_action,0,NaN,0.65,0.65,0.65,1,1,182.801786054233,846.576441295215,0.967294675567372,0.909819717224133,0.0853099746677735,1.05822055161902,-0.0582205516190186,0.0327053244326275,0.144117205243552,0.370443556620304,0.0432518844611511,0.0601684269113464,0,0,1,0,0,1,0,1,0,0.395999999999846,0.820081931141804,1.10522233430018,-2.32793764614836,-1.61694743075191,0.0437307525979161,0.0437307525979161,0.0437307525979161,0.042464171424843,0.042464171424843,0.0599670595948645,0.0599670595948645,0.0599670595948645,-0.0608705273875274,-0.0608705273875274,0,0,0,0.95,0.95,0,0,0,0.95,0.95,-0.0532443022238827,0.0532443022238827,0.0714005323906847,-0.0714005323906847,-0.0181562301668021,0.0181562301668021,0.95,-0.890959498257054,-0.142074763033366
hpt_v2_topology2_paper,topology2,fault,deep_lvrt,lvrt_300ms_0.650pu,0.188,fault,rule_action,0,NaN,0.65,0.65,0.65,1,1,188.133437906038,850.759866714379,0.938834049238743,0.91890988649524,0.089240017988407,1.06344983339297,-0.0634498333929738,0.0611659507612569,0.0883845516081157,0.407804273677522,0.103527763977982,0.0306512714441301,0,0,1,0,0,1,0,1,0,0.412666666666507,0.820081931141804,1.10522233430018,-5,-0.555915844167032,0.104113899009085,0.104113899009085,0.104113899009085,0.103499132951273,0.103499132951273,0.0300135992330572,0.0300135992330572,0.0300135992330572,-0.0320694493892774,-0.0320694493892774,0,0,0,0.95,0.95,0,0,0,0.95,0.95,-0.0941186970026206,0.0941186970026206,0.000565873311299585,-0.000565873311299585,0.093552823691321,-0.093552823691321,0.95,-0.330859834198178,-0.752817537602827
hpt_v2_topology2_paper,topology2,fault,deep_lvrt,lvrt_300ms_0.650pu,0.19,fault,rule_action,0,NaN,0.65,0.65,0.65,1,1,211.400693903859,842.569728342705,0.949825413943279,0.932013867663441,0.0583037853855125,1.05321216042838,-0.0532121604283815,0.0501745860567214,0.113149333900266,0.471953316044297,0.130892432522022,-0.0163797959775134,0,0,0,0,0,1,0,1,0,0.429333333333167,0.820081931141804,1.10522233430018,0.698122053945593,1.61256305488022,0.13076223203548,0.13076223203548,0.13076223203548,0.131078529763718,0.131078529763718,-0.0166204125568437,-0.0166204125568437,-0.0166204125568437,0.0139074970948299,0.0139074970948299,0,0,0,0.95,0.95,0,0,0,0.95,0.95,-0.000377992052889183,0.000377992052889183,-0.113965033345502,0.113965033345502,0.114343025398392,-0.114343025398392,0.68315216001139,0.390873161404288,-0.95
hpt_v2_topology2_paper,topology2,fault,deep_lvrt,lvrt_300ms_0.650pu,0.192,fault,rule_action,0,NaN,0.65,0.65,0.65,1,1,215.681119986083,849.717909159205,0.979806778955262,0.904872923285276,0.12301236439004,1.06214738644901,-0.0621473864490059,0.0201932210447376,0.205332113662105,0.454422095407474,0.0910301929921202,0.000269828191647712,0,0,1,0,0,1,0,1,0,0.445999999999827,0.820081931141804,1.10522233430018,-3.19091643167946,-2.17868430906787,0.0904722312811029,0.0904722312811029,0.0904722312811029,0.09043861926316,0.09043861926316,0.00068073472517268,0.00068073472517268,0.00068073472517268,-0.002558159205489,-0.002558159205489,0,0,0,0.95,0.95,0,0,0,0.95,0.95,0.0432577805706585,-0.0432577805706585,-0.0904463251375246,0.0904463251375246,0.0471885445668661,-0.0471885445668661,0.0291534762555565,0.95,-0.95
hpt_v2_topology2_paper,topology2,fault,deep_lvrt,lvrt_300ms_0.650pu,0.194,fault,rule_action,0,NaN,0.65,0.65,0.65,1,1,202.168328652199,848.863894715261,0.992542197779054,0.898512682147087,0.0796374812503862,1.06107986839408,-0.0610798683940756,0.0074578022209465,0.202617626478805,0.385153430128769,0.0412899384612827,0.0410620693819286,0,0,1,0,0,1,0,1,0,0.462666666666487,0.820081931141804,1.10522233430018,-2.10668429094307,-0.0678153701154649,0.0409876920395569,0.0409876920395569,0.0409876920395569,0.0401948588093491,0.0401948588093491,0.0414669677130635,0.0414669677130635,0.0414669677130635,-0.0422359282524049,-0.0422359282524049,0,0,0,0.95,0.95,0,0,0,0.95,0.95,0.0192896362185621,-0.0192896362185621,-0.0572951872941153,0.0572951872941153,0.0380055510755533,-0.0380055510755533,-0.615102652789058,0.95,-0.539554470526796
hpt_v2_topology2_paper,topology2,fault,deep_lvrt,lvrt_300ms_0.650pu,0.196,fault,rule_action,0,NaN,0.65,0.65,0.65,1,1,184.089500487019,848.677587082031,0.968029925356454,0.910579757516607,0.102213968915988,1.06084698385254,-0.0608469838525389,0.0319700746435458,0.123532194844507,0.37732518290056,0.0473025988232466,0.0680645722138775,0,0,1,0,0,1,0,1,0,0.479333333333148,0.820081931141804,1.10522233430018,-1.67699475836192,2.29403890299951,0.0477046511070439,0.0477046511070439,0.0477046511070439,0.0466088477241042,0.0466088477241042,0.0679752209658443,0.0679752209658443,0.0679752209658443,-0.0687312135527332,-0.0687312135527332,0,0,0,0.95,0.95,0,0,0,0.95,0.95,0.0586785915142853,-0.0586785915142853,-0.0802302622971371,0.0802302622971371,0.0215516707828518,-0.0215516707828518,-0.95,0.893793538797904,0.118013718321788
hpt_v2_topology2_paper,topology2,fault,deep_lvrt,lvrt_300ms_0.650pu,0.198,fault,rule_action,0,NaN,0.65,0.65,0.65,1,1,184.54859684807,845.38215771296,0.93792655761614,0.935147155106496,0.0801714069854527,1.0567276971412,-0.0567276971412001,0.0620734423838603,0.102517121592612,0.412332735737569,0.103995965737734,0.0343653957995077,0,0,0,0,0,1,0,1,0,0.495999999999808,0.820081931141804,1.10522233430018,-5,-0.122902277549519,0.104605617075461,0.104605617075461,0.104605617075461,0.104085381946024,0.104085381946024,0.0337903117876651,0.0337903117876651,0.0337903117876651,-0.03536033879357,-0.03536033879357,0,0,0,0.95,0.95,0,0,0,0.95,0.95,0.0970502058507856,-0.0970502058507856,-0.00381455183200601,0.00381455183200601,-0.0932356540187795,0.0932356540187795,-0.95,0.315399056124335,0.746265304569851
hpt_v2_topology2_paper,topology2,fault,deep_lvrt,lvrt_300ms_0.650pu,0.2,fault,rule_action,0,NaN,0.65,0.65,0.65,1,1,213.066157160612,843.955677294382,0.948359525644472,0.89008628185991,0.084864569926515,1.05494459661798,-0.054944596617978,0.0516404743555275,0.109935716530127,0.451127829976502,0.135047765632677,-0.0168958789180738,0,0,1,0,0,1,0,1,0,0.512666666666468,0.820081931141804,1.10522233430018,-5,-0.680778422760264,0.134909797381314,0.134909797381314,0.134909797381314,0.135170962564872,0.135170962564872,-0.0171244261457804,-0.0171244261457804,-0.0171244261457804,0.0149234808129809,0.0149234808129809,0,0,0,0.95,0.95,0,0,0,0.95,0.95,7.42049988829152e-06,-7.42049988829152e-06,0.117769056164534,-0.117769056164534,-0.117776476664422,0.117776476664422,-0.704013820877916,-0.397989116225716,0.95
hpt_v2_topology2_paper,topology2,fault,deep_lvrt,lvrt_300ms_0.650pu,0.202,fault,rule_action,0,NaN,0.65,0.65,0.65,1,1,220.839929840522,852.653591176701,0.986341210342113,0.934400081484226,0.114583484378266,1.06581698897088,-0.065816988970876,0.0136587896578875,0.16456694148878,0.458163392334344,0.0865497584499619,-0.00217409312640164,0,0,0,0,0,1,0,1,0,0.529333333333128,0.820081931141804,1.10522233430018,-2.0801681560968,3.49786312620148,0.0858431528036734,0.0858431528036734,0.0858431528036734,0.0858593070084959,0.0858593070084959,-0.00168334430821894,-0.00168334430821894,-0.00168334430821894,0.000244808814530387,0.000244808814530387,0,0,0,0.95,0.95,0,0,0,0.95,0.95,-0.0433983456555343,0.0433983456555343,0.0858579453711474,-0.0858579453711474,-0.042459599715613,0.042459599715613,-0.0537708119620256,-0.919540228214086,0.95
hpt_v2_topology2_paper,topology2,fault,deep_lvrt,lvrt_300ms_0.650pu,0.204,fault,rule_action,0,NaN,0.65,0.65,0.65,1,1,198.406913573435,851.473447646719,0.99702158622507,0.921909127104477,0.054839459104202,1.0643418095584,-0.0643418095583994,0.00297841377493002,0.211602938705232,0.397239424071344,0.0283635799322049,0.0424507690936834,0,0,0,0,0,1,0,1,0,0.545999999999788,0.820081931141804,1.10522233430018,-1.23937522531503,0.288281037316374,0.0280910344521517,0.0280910344521517,0.0280910344521517,0.0274400551381744,0.0274400551381744,0.0428883792483365,0.0428883792483365,0.0428883792483365,-0.0433077667994444,-0.0433077667994444,0,0,0,0.95,0.95,0,0,0,0.95,0.95,-0.00721774200762919,0.00721774200762919,0.0475670058435608,-0.0475670058435608,-0.0403492638359316,0.0403492638359316,0.606324498766638,-0.95,0.518701265763211
hpt_v2_topology2_paper,topology2,fault,deep_lvrt,lvrt_300ms_0.650pu,0.206,fault,rule_action,0,NaN,0.65,0.65,0.65,1,1,181.382813985425,847.249842916281,0.967475302998044,0.903680130552541,0.0918815901504245,1.05906230364535,-0.0590623036453513,0.0325246970019561,0.141170839375886,0.362019277384343,0.0416225140034751,0.0683255075810055,0,0,1,0,0,1,0,1,0,0.562666666666449,0.820081931141804,1.10522233430018,-5,-1.61150998805426,0.0421187308067431,0.0421187308067431,0.0421187308067431,0.0412663154142663,0.0412663154142663,0.0682386449422094,0.0682386449422094,0.0682386449422094,-0.0687574822143023,-0.0687574822143023,0,0,0,0.95,0.95,0,0,0,0.95,0.95,-0.0534623089160555,0.0534623089160555,0.0784922523527116,-0.0784922523527116,-0.025029943436656,0.025029943436656,0.95,-0.883768057271733,-0.151098020936787
hpt_v2_topology2_paper,topology2,fault,deep_lvrt,lvrt_300ms_0.650pu,0.208,fault,rule_action,0,NaN,0.65,0.65,0.65,1,1,187.071052102824,849.758354067541,0.938219736598134,0.926573670332401,0.0946883129895965,1.06219794258443,-0.0621979425844266,0.0617802634018657,0.0802507138309908,0.405347602274981,0.103746177750771,0.0378351096237904,0,0,0,0,0,1,0,1,0,0.579333333333109,0.820081931141804,1.10522233430018,-5,-0.575120046417465,0.104350463351128,0.104350463351128,0.104350463351128,0.103910623845238,0.103910623845238,0.037301088368616,0.037301088368616,0.037301088368616,-0.0385093838846045,-0.0385093838846045,0,0,0,0.95,0.95,0,0,0,0.95,0.95,-0.0992175612968606,0.0992175612968606,0.00686302712791579,-0.00686302712791579,0.0923545341689448,-0.0923545341689448,0.95,-0.321637535417018,-0.755808789223126
hpt_v2_topology2_paper,topology2,fault,deep_lvrt,lvrt_300ms_0.650pu,0.21,fault,rule_action,0,NaN,0.65,0.65,0.65,1,1,212.045686911161,835.15638613344,0.948981273829043,0.941210349880398,0.0868561779389714,1.0439454826668,-0.0439454826667995,0.0510187261709568,0.104104240903474,0.476534170203378,0.133045325908775,-0.00856906308764446,0,0,0,0,0,1,0,1,0,0.595999999999769,0.820081931141804,1.10522233430018,-0.639975250645408,1.51265019969671,0.132914841997124,0.132914841997124,0.132914841997124,0.133015531382053,0.133015531382053,-0.0087109120610136,-0.0087109120610136,-0.0087109120610136,0.0070073977484643,0.0070073977484643,0,0,0,0.95,0.95,0,0,0,0.95,0.95,-0.00783870017824419,0.00783870017824419,-0.111235295903465,0.111235295903465,0.119073996081709,-0.119073996081709,0.678541135029401,0.400042051978128,-0.95
hpt_v2_topology2_paper,topology2,fault,deep_lvrt,lvrt_300ms_0.650pu,0.212,fault,rule_action,0,NaN,0.65,0.65,0.65,1,1,216.591568054702,848.439915600193,0.980461402280235,0.925927807616104,0.121517288069157,1.06054989450024,-0.0605498945002414,0.0195385977197648,0.195434036678631,0.461699204622233,0.0915242542196472,0.00611838549844194,0,0,0,0,0,1,0,1,0,0.612666666666429,0.820081931141804,1.10522233430018,-4.68280605897586,-2.30986753788942,0.0909401666384704,0.0909401666384704,0.0909401666384704,0.0908486364341697,0.0908486364341697,0.00634508922466928,0.00634508922466928,0.00634508922466928,-0.00754316402803459,-0.00754316402803459,0,0,0,0.95,0.95,0,0,0,0.95,0.95,0.0389005808964429,-0.0389005808964429,-0.0908494441796615,0.0908494441796615,0.0519488632832186,-0.0519488632832186,0.0220115295870584,0.95,-0.95
hpt_v2_topology2_paper,topology2,fault,deep_lvrt,lvrt_300ms_0.650pu,0.214,fault,rule_action,0,NaN,0.65,0.65,0.65,1,1,204.515295137112,849.265236659105,0.995011749739783,0.909801393430757,0.0751916994786451,1.06158154582388,-0.0615815458238815,0.00498825026021732,0.194381170316124,0.389391015520234,0.0388507981118981,0.0540750310521435,0,0,1,0,0,1,0,1,0,0.629333333333089,0.820081931141804,1.10522233430018,-2.07043575253407,-0.992681212529156,0.0385034521781936,0.0385034521781936,0.0385034521781936,0.0378821261471275,0.0378821261471275,0.0545923595446213,0.0545923595446213,0.0545923595446213,-0.0550253220695778,-0.0550253220695778,0,0,0,0.95,0.95,0,0,0,0.95,0.95,0.0115319350539205,-0.0115319350539205,-0.0627518606773694,0.0627518606773694,0.051219925623449,-0.051219925623449,-0.615947296842254,0.95,-0.536198405307836
hpt_v2_topology2_paper,topology2,fault,deep_lvrt,lvrt_300ms_0.650pu,0.216,fault,rule_action,0,NaN,0.65,0.65,0.65,1,1,183.124315501272,847.97128822487,0.96991515976265,0.924909618939499,0.11404148642128,1.05996411028109,-0.0599641102810877,0.0300848402373501,0.117971089235497,0.384537896111687,0.0422109815266421,0.0804441064775571,0,0,0,0,0,1,0,1,0,0.64599999999975,0.820081931141804,1.10522233430018,-1.71476361604783,2.2708247606944,0.0426219877012392,0.0426219877012392,0.0426219877012392,0.0419441402724163,0.0419441402724163,0.080355169239586,0.080355169239586,0.080355169239586,-0.0807110658827832,-0.0807110658827832,0,0,0,0.95,0.95,0,0,0,0.95,0.95,0.0557368742064461,-0.0557368742064461,-0.0901198702964952,0.0901198702964952,0.0343829960900492,-0.0343829960900492,-0.95,0.890160611298555,0.122142152172907
hpt_v2_topology2_paper,topology2,fault,deep_lvrt,lvrt_300ms_0.650pu,0.218,fault,rule_action,0,NaN,0.65,0.65,0.65,1,1,183.913841333559,845.02018083662,0.937470623747008,0.926953164808876,0.0722556276368313,1.05627522604578,-0.0562752260457753,0.0625293762529917,0.0948481880388066,0.414205453339489,0.10184863482681,0.0393919693395915,0,0,0,0,0,1,0,1,0,0.66266666666641,0.820081931141804,1.10522233430018,-5,-0.190406860419268,0.102502897210739,0.102502897210739,0.102502897210739,0.102201606483685,0.102201606483685,0.0387454935887704,0.0387454935887704,0.0387454935887704,-0.0395333889539793,-0.0395333889539793,0,0,0,0.95,0.95,0,0,0,0.95,0.95,0.0992110873901429,-0.0992110873901429,-0.00930773963984293,0.00930773963984293,-0.0899033477503,0.0899033477503,-0.95,0.311826624088933,0.747996340064678
hpt_v2_topology2_paper,topology2,fault,deep_lvrt,lvrt_300ms_0.650pu,0.22,fault,rule_action,0,NaN,0.65,0.65,0.65,1,1,214.33896274966,843.190900615035,0.947431520310198,0.881898262110946,0.0679762826534746,1.05398862576879,-0.0539886257687936,0.0525684796898022,0.103600017196168,0.45321221098619,0.241531710104652,-0.0781581371897996,0,0,1,0,0,1,1,0,1,0,0.881898262110946,0.949051791899012,-5,-0.692811467343457,0.242719125389787,0.242719125389787,0.242719125389787,0.243453467519567,0.243453467519567,-0.0795948451965329,-0.0795948451965329,-0.0795948451965329,0.0773196117718037,0.0773196117718037,0,0,0,0.95,0.95,0,0,0,0.95,0.95,-0.0481547053940307,0.0481547053940307,0.241325547557624,-0.241325547557624,-0.193170842163593,0.193170842163593,-0.699894109234944,-0.403786954811888,0.95
hpt_v2_topology2_paper,topology2,fault,deep_lvrt,lvrt_300ms_0.650pu,0.222,fault,rule_action,0,NaN,0.65,0.65,0.65,1,1,230.775472389782,853.296566454527,0.996820249716097,0.941440062872638,0.137865517825406,1.06662070806816,-0.0666207080681589,0.00317975028390305,0.158457820195202,0.43980874630427,0.172468102369014,-0.130129683505456,0,0,0,0,0,1,1,0,1,0,0.85724193397939,0.976985243046638,-1.09714818609752,1.97529809163433,0.170446418377937,0.170446418377937,0.170446418377937,0.171878634441406,0.171878634441406,-0.129880102224968,-0.129880102224968,-0.129880102224968,0.127978738524774,0.127978738524774,0,0,0,0.95,0.95,0,0,0,0.95,0.95,-0.197056147649374,0.197056147649374,0.171447706805574,-0.171447706805574,0.0256084408437992,-0.0256084408437992,-0.0426851791885062,-0.92018570742758,0.95
hpt_v2_topology2_paper,topology2,fault,deep_lvrt,lvrt_300ms_0.650pu,0.224,fault,rule_action,0,NaN,0.65,0.65,0.65,1,1,197.723554826776,850.017182092098,1.0125137284558,0.922022428160797,0.0693491201216217,1.06252147761512,-0.0625214776151224,-0.0125137284558012,0.211395400063676,0.365923211003214,-0.0104128204164968,-0.0247063813873188,0,0,0,0,0,1,1,0,1,0,0.85724193397939,0.988713241724456,-4.03124698621704,-0.188833949109846,-0.011308586474558,-0.011308586474558,-0.011308586474558,0.00281480042769251,0.00281480042769251,-0.0232722294408508,-0.0232722294408508,-0.0232722294408508,0.0257207637863346,0.0257207637863346,0,0,0,0.95,0.95,0,0,0,0.95,0.95,0.000760131198137346,-0.000760131198137346,-0.0227782182867644,0.0227782182867644,0.0220180870886271,-0.0220180870886271,0.616420223718081,-0.95,0.510317379097419
hpt_v2_topology2_paper,topology2,fault,deep_lvrt,lvrt_300ms_0.650pu,0.226,fault,rule_action,0,NaN,0.65,0.65,0.65,1,1,180.2972270927,846.771791547049,0.975616818181608,0.916667699370646,0.0572493249253384,1.05846473943381,-0.0584647394338111,0.0243831818183919,0.132230918282926,0.331552547535836,0.0353885463792649,0.0780714720591201,0,0,1,0,0,1,1,0,1,0,0.85724193397939,0.988713241724456,-4.80695679747367,-1.54618955262653,0.0369677003977967,0.0369677003977967,0.0369677003977967,0.0361850708113161,0.0361850708113161,0.0785885234793541,0.0785885234793541,0.0785885234793541,-0.0789519318683608,-0.0789519318683608,0,0,0,0.95,0.95,0,0,0,0.95,0.95,-0.0517225944559754,0.0517225944559754,0.0862819484044001,-0.0862819484044001,-0.0345593539484248,0.0345593539484248,0.95,-0.87239017231945,-0.159705111620186
hpt_v2_topology2_paper,topology2,fault,deep_lvrt,lvrt_300ms_0.650pu,0.228,fault,rule_action,0,NaN,0.65,0.65,0.65,1,1,196.055865432853,835.876735446231,0.948744613982113,0.931608848447591,0.127442607150305,1.04484591930779,-0.0448459193077893,0.0512553860178873,0.0466318998383703,0.383523801546548,0.215670294407981,0.0307156324698536,0,0,0,0,0,1,1,0,1,0,0.85724193397939,0.988713241724456,-5,0.677035026156458,0.217093314330492,0.217093314330492,0.217093314330492,0.216799638065753,0.216799638065753,0.0294817546956996,0.0294817546956996,0.0294817546956996,-0.0315689391886046,-0.0315689391886046,0,0,0,0.95,0.95,0,0,0,0.95,0.95,-0.168630715118905,0.168630715118905,-0.0368117334609558,0.0368117334609558,0.205442448579861,-0.205442448579861,0.95,-0.302476438787211,-0.772625760289338
hpt_v2_topology2_paper,topology2,fault,deep_lvrt,lvrt_300ms_0.650pu,0.23,fault,rule_action,0,NaN,0.65,0.65,0.65,1,1,225.311298383696,791.698962609502,0.974150937002957,0.964747996353246,0.0751080409298767,0.989623703261878,0.0103762967381223,0.0258490629970435,0.0725436950592269,0.458093915358456,0.241223187767409,-0.109466474503024,0,0,0,0,0,1,1,0,1,0,0.85724193397939,0.988713241724456,0.75058477691492,1.09691605401241,0.240181253413887,0.240181253413887,0.240181253413887,0.24142691736776,0.24142691736776,-0.110201541880076,-0.110201541880076,-0.110201541880076,0.107445138998993,0.107445138998993,0,0,0,0.95,0.95,0,0,0,0.95,0.95,0.0857244926246062,-0.0857244926246062,-0.259338675205496,0.259338675205496,0.173614182580889,-0.173614182580889,0.681775520733515,0.44119199508055,-0.95
hpt_v2_topology2_paper,topology2,fault,deep_lvrt,lvrt_300ms_0.650pu,0.232,fault,rule_action,0,NaN,0.65,0.65,0.65,1,1,223.018664761261,841.199083207779,1.00998962614285,0.938903494888413,0.131750151626711,1.05149885400972,-0.0514988540097232,-0.00998962614285048,0.182826054688667,0.419418252735796,0.0760677966894198,-0.116208817803506,0,0,0,0,0,1,1,0,1,0,0.85724193397939,0.988713241724456,-2.1353287032132,-0.546083005364073,0.0742309221856667,0.0742309221856667,0.0742309221856667,0.124279452258665,0.124279452258665,-0.115224388670899,-0.115224388670899,-0.115224388670899,0.0578057721979648,0.0578057721979648,0,0,0,0.95,0.95,0,0,0,0.95,0.95,0.137003115808029,-0.137003115808029,-0.0720760311528223,0.0720760311528223,-0.0649270846552069,0.0649270846552069,0.000436659955980365,0.95,-0.95
hpt_v2_topology2_paper,topology2,fault,deep_lvrt,lvrt_300ms_0.650pu,0.234,fault,rule_action,0,NaN,0.65,0.65,0.65,1,1,198.647981767979,849.611328186323,1.01154260112533,0.958001615114104,0.0335798828407438,1.0620141602329,-0.0620141602329036,-0.0115426011253317,0.182700844604158,0.34754263660832,-0.046937633850447,0.0178467538625505,0,0,0,0,0,1,1,0,1,0,0.85724193397939,0.988713241724456,0.290209266257668,-0.921492969794046,-0.0472644432335701,-0.0472644432335701,-0.0472644432335701,-0.0504252799696392,-0.0504252799696392,0.0195878748738033,0.0195878748738033,0.0195878748738033,0.00865468521869251,0.00865468521869251,0,0,0,0.95,0.95,0,0,0,0.95,0.95,-0.0511612988880731,0.0511612988880731,0.0258975867443076,-0.0258975867443076,0.0252637121437654,-0.0252637121437654,-0.631188055896857,0.95,-0.512842620455075
hpt_v2_topology2_paper,topology2,fault,deep_lvrt,lvrt_300ms_0.650pu,0.236,fault,rule_action,0,NaN,0.65,0.65,0.65,1,1,180.405217754374,847.511384270973,0.972292644962003,0.951150563272114,0.105249290327674,1.05938923033872,-0.0593892303387158,0.0277073550379966,0.0964795214479294,0.323896816179177,0.0404343635743044,0.131669936195353,0,0,0,0,0,1,1,0,1,0,0.85724193397939,0.988713241724456,1.68342620810591,1.77653116759968,0.0422250048024558,0.0422250048024558,0.0422250048024558,0.0408147082053527,0.0408147082053527,0.131828463156008,0.131828463156008,0.131828463156008,-0.132271895437974,-0.132271895437974,0,0,0,0.95,0.95,0,0,0,0.95,0.95,0.0695140717728695,-0.0695140717728695,-0.138425335841865,0.138425335841865,0.0689112640689958,-0.0689112640689958,-0.95,0.871619018104413,0.135996592450388
hpt_v2_topology2_paper,topology2,fault,deep_lvrt,lvrt_300ms_0.650pu,0.238,fault,rule_action,0,NaN,0.65,0.65,0.65,1,1,196.283941656769,820.737270586038,0.946063324591073,0.903865090996685,0.0988962863252327,1.02592158823255,-0.0259215882325474,0.0539366754089272,0.0424104655269326,0.39322872841591,0.225783056679568,0.0792646044341438,0,0,1,0,0,1,1,0,1,0,0.85724193397939,0.988713241724456,-5,-0.749647203520887,0.227296262522314,0.227296262522314,0.227296262522314,0.226541093337217,0.226541093337217,0.07807968442761,0.07807968442761,0.07807968442761,-0.0802443836446266,-0.0802443836446266,0,0,0,0.95,0.95,0,0,0,0.95,0.95,0.209807801437361,-0.209807801437361,-0.00338771531107472,0.00338771531107472,-0.206420086126286,0.206420086126286,-0.95,0.274565641680575,0.791806551693243
hpt_v2_topology2_paper,topology2,fault,deep_lvrt,lvrt_300ms_0.650pu,0.24,fault,rule_action,0,NaN,0.65,0.65,0.65,1,1,225.586770962638,777.753023323132,0.971972383229503,0.891731540026745,0.0432427529870476,0.972191279153915,0.0278087208460852,0.0280276167704975,0.0654575918182072,0.44884056238955,0.254060053934688,-0.0575529035109853,0,0,1,0,0,1,1,0,1,0,0.85724193397939,0.988713241724456,-5,-0.765518887388517,0.253029963119086,0.253029963119086,0.253029963119086,0.253639048543364,0.253639048543364,-0.05875616426441,-0.05875616426441,-0.05875616426441,0.0560685484842357,0.0560685484842357,0,0,0,0.95,0.95,0,0,0,0.95,0.95,-0.0355283140377215,0.0355283140377215,0.240610832970202,-0.240610832970202,-0.20508251893248,0.20508251893248,-0.70898908271988,-0.473798585977608,0.95
hpt_v2_topology2_paper,topology2,fault,deep_lvrt,lvrt_300ms_0.650pu,0.242,fault,rule_action,0,NaN,0.65,0.65,0.65,1,1,221.295055675042,807.150150141992,1.01198496164551,0.936058368971873,0.118356706130476,1.00893768767749,-0.00893768767748937,-0.0119849616455094,0.173922718503936,0.438322378174545,0.0759786784969244,-0.0531105179410773,0,0,0,0,0,1,1,0,1,0,0.85724193397939,0.988713241724456,0.362296675384899,3.37690398739521,0.073976943191975,0.073976943191975,0.073976943191975,0.0903977290281512,0.0903977290281512,-0.0521723249670647,-0.0521723249670647,-0.0521723249670647,0.00477390857166774,0.00477390857166774,0,0,0,0.95,0.95,0,0,0,0.95,0.95,-0.0830215447135402,0.0830215447135402,0.0727593250817606,-0.0727593250817606,0.0102622196317796,-0.0102622196317796,-0.0185033737928472,-0.95,0.95
hpt_v2_topology2_paper,topology2,fault,deep_lvrt,lvrt_300ms_0.650pu,0.244,fault,rule_action,0,NaN,0.65,0.65,0.65,1,1,193.72897281353,850.184324714077,1.01094232057448,0.933950935650937,0.0523349239321242,1.0627304058926,-0.0627304058925964,-0.010942320574477,0.215363658331044,0.370886583535361,-0.05389747214465,0.0897244151462701,0,0,0,0,0,1,1,0,1,0,0.85724193397939,0.988713241724456,-0.41413676030444,-0.232984872811759,-0.0540804846303026,-0.0540804846303026,-0.0540804846303026,-0.0943564920157668,-0.0943564920157668,0.091365718178759,0.091365718178759,0.091365718178759,-0.0486748979521001,-0.0486748979521001,0,0,0,0.95,0.95,0,0,0,0.95,0.95,0.0855339433199429,-0.0855339433199429,0.0117055293128333,-0.0117055293128333,-0.0972394726327761,0.0972394726327761,0.633201509941312,-0.95,0.491171962346823
hpt_v2_topology2_paper,topology2,fault,deep_lvrt,lvrt_300ms_0.650pu,0.246,fault,rule_action,0,NaN,0.65,0.65,0.65,1,1,183.16208341486,845.43935559791,0.97045187262751,0.900731021554082,0.0608204267551055,1.05679919449739,-0.0567991944973871,0.02954812737249,0.120406511973394,0.313005841715622,0.0488283882179969,0.174771111038144,0,0,1,0,0,1,1,0,1,0,0.85724193397939,0.988713241724456,-5,-1.09136472173743,0.0506618650933068,0.0506618650933068,0.0506618650933068,0.0494463818263875,0.0494463818263875,0.174947929122568,0.174947929122568,0.174947929122568,-0.175295344499751,-0.175295344499751,0,0,0,0.95,0.95,0,0,0,0.95,0.95,-0.0857656806624434,0.0857656806624434,0.18203469218608,-0.18203469218608,-0.0962690115236362,0.0962690115236362,0.95,-0.872166352145555,-0.161237809152534
hpt_v2_topology2_paper,topology2,fault,deep_lvrt,lvrt_300ms_0.650pu,0.248,fault,rule_action,0,NaN,0.65,0.65,0.65,1,1,198.10334478932,819.853693223248,0.948107717365438,0.931344340829191,0.129528747732629,1.02481711652906,-0.0248171165290596,0.0518922826345616,0.0229478847324908,0.378044407676097,0.229072752641497,0.0892952400686578,0,0,0,0,0,1,1,0,1,0,0.85724193397939,0.988713241724456,-5,0.626538585148273,0.230371951979114,0.230371951979114,0.230371951979114,0.229906999205482,0.229906999205482,0.0879424112374828,0.0879424112374828,0.0879424112374828,-0.0891508590494812,-0.0891508590494812,0,0,0,0.95,0.95,0,0,0,0.95,0.95,-0.220381689799016,0.220381689799016,0.0143902130347062,-0.0143902130347062,0.205991476764309,-0.205991476764309,0.95,-0.309312583797479,-0.782774338496766
hpt_v2_topology2_paper,topology2,fault,deep_lvrt,lvrt_300ms_0.650pu,0.25,fault,rule_action,0,NaN,0.65,0.65,0.65,1,1,222.99464776043,756.107365550518,0.97304657552589,0.944248911769028,0.0587486942845593,0.945134206938147,0.0548657930618528,0.0269534244741102,0.0585161294970936,0.46402077510303,0.245872445511052,-0.0715560958434904,0,0,0,0,0,1,1,0,1,0,0.845581618052339,0.988713241724456,3.04410385905929,0.982622879093564,0.244862493237495,0.244862493237495,0.244862493237495,0.245302520285354,0.245302520285354,-0.072849682592431,-0.072849682592431,-0.072849682592431,0.0713539794962689,0.0713539794962689,0,0,0,0.95,0.95,0,0,0,0.95,0.95,0.0474464848769867,-0.0474464848769867,-0.241117264759344,0.241117264759344,0.193670779882358,-0.193670779882358,0.713085633094641,0.461158770955323,-0.95
hpt_v2_topology2_paper,topology2,fault,deep_lvrt,lvrt_300ms_0.650pu,0.252,fault,rule_action,0,NaN,0.65,0.65,0.65,1,1,220.895133457069,802.345976602155,1.00581921324075,0.903469098581921,0.146496318897927,1.00293247075269,-0.00293247075269409,-0.00581921324074997,0.187965725988494,0.42769223779874,0.0902738544451634,-0.110580914814552,0,0,1,0,0,1,1,0,1,0,0.845581618052339,0.988713241724456,0.840499362342095,-0.526430341473816,0.0885979645742712,0.0885979645742712,0.0885979645742712,0.133428362222256,0.133428362222256,-0.110111166315032,-0.110111166315032,-0.110111166315032,0.0465933517644629,0.0465933517644629,0,0,0,0.95,0.95,0,0,0,0.95,0.95,0.139944880633047,-0.139944880633047,-0.0870640755198031,0.0870640755198031,-0.0528808051132444,0.0528808051132444,-0.00366119682055848,0.95,-0.95
hpt_v2_topology2_paper,topology2,fault,deep_lvrt,lvrt_300ms_0.650pu,0.254,fault,rule_action,0,NaN,0.65,0.65,0.65,1,1,197.592445523144,850.288870285542,1.00666686145191,0.928724536422389,0.0458070819843149,1.06286108785693,-0.062861087856928,-0.00666686145190898,0.196124004210173,0.345512145010776,-0.0219857396406232,-0.0133640390436413,0,0,0,0,0,1,1,0,1,0,0.845581618052339,0.988713241724456,-2.83856569782936,-0.454117422313383,-0.0222358143228605,-0.0222358143228605,-0.0222358143228605,-0.0125724806070482,-0.0125724806070482,-0.0119209345174648,-0.0119209345174648,-0.0119209345174648,0.0218740222582818,0.0218740222582818,0,0,0,0.95,0.95,0,0,0,0.95,0.95,-0.0157597339688211,0.0157597339688211,0.0249423456349993,-0.0249423456349993,-0.00918261166617821,0.00918261166617821,-0.631589337032242,0.95,-0.52246723011234
hpt_v2_topology2_paper,topology2,fault,deep_lvrt,lvrt_300ms_0.650pu,0.256,fault,rule_action,0,NaN,0.65,0.65,0.65,1,1,181.854079447258,849.537205884036,0.971447833094243,0.949237516327111,0.09299191686095,1.06192150735505,-0.0619215073550452,0.0285521669057572,0.105608057751891,0.318970535249621,0.0579817837796771,0.0809117387022377,0,0,0,0,0,1,1,0,1,0,0.845581618052339,0.988713241724456,1.02767139517146,1.84592361465685,0.0596108185051854,0.0596108185051854,0.0596108185051854,0.0591836350207639,0.0591836350207639,0.0810390469622061,0.0810390469622061,0.0810390469622061,-0.0813515467654415,-0.0813515467654415,0,0,0,0.95,0.95,0,0,0,0.95,0.95,0.0755469829540482,-0.0755469829540482,-0.0953067221915961,0.0953067221915961,0.0197597392375479,-0.0197597392375479,-0.95,0.867842770161478,0.140839190098322
hpt_v2_topology2_paper,topology2,fault,deep_lvrt,lvrt_300ms_0.650pu,0.258,fault,rule_action,0,NaN,0.65,0.65,0.65,1,1,193.733673520239,830.556391277452,0.946119375903601,0.90154162954523,0.0769158532875682,1.03819548909682,-0.0381954890968155,0.0538806240963986,0.0513707108312602,0.37777733789284,0.232051189761705,0.0103805187991193,0,0,1,0,0,1,1,0,1,0,0.845581618052339,0.988713241724456,-5,-0.640878050796489,0.233477847011424,0.233477847011424,0.233477847011424,0.233431152638316,0.233431152638316,0.00891948182311446,0.00891948182311446,0.00891948182311446,-0.0100677295866408,-0.0100677295866408,0,0,0,0.95,0.95,0,0,0,0.95,0.95,0.161699281416488,-0.161699281416488,0.0652106326136124,-0.0652106326136124,-0.226909914030101,0.226909914030101,-0.95,0.269857942896505,0.783610991955545
hpt_v2_topology2_paper,topology2,fault,deep_lvrt,lvrt_300ms_0.650pu,0.26,fault,rule_action,0,NaN,0.65,0.65,0.65,1,1,226.456285203184,794.178035985962,0.974136634340663,0.920192850671181,0.0574669534042826,0.992722544982452,0.00727745501754806,0.0258633656593369,0.0639072876631956,0.429560255577271,0.250210338188819,-0.14151316406329,0,0,0,0,0,1,1,0,1,0,0.845581618052339,0.988713241724456,-5,-0.744900712644436,0.249052295130408,0.249052295130408,0.249052295130408,0.250034429295902,0.250034429295902,-0.142684304839299,-0.142684304839299,-0.142684304839299,0.140956165966127,0.140956165966127,0,0,0,0.95,0.95,0,0,0,0.95,0.95,-0.122020528324411,0.122020528324411,0.286005009475228,-0.286005009475228,-0.163984481150817,0.163984481150817,-0.682505244510391,-0.469074196963078,0.95
hpt_v2_topology2_paper,topology2,fault,deep_lvrt,lvrt_300ms_0.650pu,0.262,fault,rule_action,0,NaN,0.65,0.65,0.65,1,1,221.61903235188,837.238142978463,1.01389298496744,0.962902409377592,0.158537914487707,1.04654767872308,-0.0465476787230781,-0.0138929849674367,0.154595551296541,0.404448890594796,0.0664337175020197,-0.158079572179579,0,0,0,0,0,1,1,0,1,0,0.845581618052339,0.988713241724456,-1.31297634871697,3.02557701253092,0.0644013753834825,0.0644013753834825,0.0644013753834825,0.137863555851337,0.137863555851337,-0.15701336808517,-0.15701336808517,-0.15701336808517,0.0989665341252218,0.0989665341252218,0,0,0,0.95,0.95,0,0,0,0.95,0.95,-0.167151761743812,0.167151761743812,0.0581639232337186,-0.0581639232337186,0.108987838510093,-0.108987838510093,-0.0152354081173644,-0.945320402883387,0.95
hpt_v2_topology2_paper,topology2,fault,deep_lvrt,lvrt_300ms_0.650pu,0.264,fault,rule_action,0,NaN,0.65,0.65,0.65,1,1,193.634703196956,850.53531436253,1.0101224038812,0.9725251885751,0.0269565081326152,1.06316914295316,-0.0631691429531629,-0.0101224038812033,0.183840665745374,0.344370428996569,-0.0575313445966719,-0.0109335651614649,0,0,0,0,0,1,1,0,1,0,0.845581618052339,0.988713241724456,1.63397029405987,-0.572526109437144,-0.057504961424292,-0.057504961424292,-0.057504961424292,-0.0437476652389763,-0.0437476652389763,-0.00945526053476841,-0.00945526053476841,-0.00945526053476841,0.0385014847288793,0.0385014847288793,0,0,0,0.95,0.95,0,0,0,0.95,0.95,0.0499194152742886,-0.0499194152742886,-0.0510020940321559,0.0510020940321559,0.00108267875786726,-0.00108267875786726,0.636133424158939,-0.95,0.468480004258242
hpt_v2_topology2_paper,topology2,fault,deep_lvrt,lvrt_300ms_0.650pu,0.266,fault,rule_action,0,NaN,0.65,0.65,0.65,1,1,182.318003549068,843.875860262423,0.964503251634273,0.913553021976474,0.124809288313559,1.05484482532803,-0.0548448253280289,0.0354967483657268,0.0944098683699359,0.309674903985669,0.0678798235373485,0.0894098985081896,0,0,1,0,0,1,1,0,1,0,0.845581618052339,0.988713241724456,-5,-1.3300995176293,0.0699584599918038,0.0699584599918038,0.0699584599918038,0.0693430393788966,0.0693430393788966,0.0896849972233436,0.0896849972233436,0.0896849972233436,-0.090161675567132,-0.090161675567132,0,0,0,0.95,0.95,0,0,0,0.95,0.95,-0.0891695929314247,0.0891695929314247,0.105738507807421,-0.105738507807421,-0.0165689148759961,0.0165689148759961,0.95,-0.846259572089395,-0.197391504884384
hpt_v2_topology2_paper,topology2,fault,deep_lvrt,lvrt_300ms_0.650pu,0.268,fault,rule_action,0,NaN,0.65,0.65,0.65,1,1,198.158690374547,815.837306839107,0.946293453349408,0.970830902304823,0.160766180985638,1.01979663354888,-0.0197966335488835,0.0537065466505917,0.00917417635635627,0.38434350899979,0.245017106992865,0.0241060241424819,0,0,0,0,0,1,1,0,1,0,0.845581618052339,0.995383946425378,-5,0.588432513637826,0.245775977700757,0.245775977700757,0.245775977700757,0.245625524024871,0.245625524024871,0.0229623437208827,0.0229623437208827,0.0229623437208827,-0.0245194288560418,-0.0245194288560418,0,0,0,0.95,0.95,0,0,0,0.95,0.95,-0.176624908597607,0.176624908597607,-0.0610279507498775,0.0610279507498775,0.237652859347485,-0.237652859347485,0.95,-0.262673835076997,-0.814124787244233
hpt_v2_topology2_paper,topology2,fault,deep_lvrt,lvrt_300ms_0.650pu,0.27,fault,rule_action,0,NaN,0.65,0.65,0.65,1,1,223.929495152652,759.944131443597,0.974877171045164,0.947085079122405,0.0923312828181887,0.949930164304496,0.0500698356955036,0.0251228289548364,0.0683291285426465,0.458195235808067,0.243143966851534,-0.0978164837617715,0,0,0,0,0,1,1,0,1,0,0.845581618052339,1.00022856604757,5,0.902536005303878,0.242019058295742,0.242019058295742,0.242019058295742,0.242779108183109,0.242779108183109,-0.0987652188683794,-0.0987652188683794,-0.0987652188683794,0.096881874807885,0.096881874807885,0,0,0,0.95,0.95,0,0,0,0.95,0.95,0.0833226758147935,-0.0833226758147935,-0.256227979183841,0.256227979183841,0.172905303369048,-0.172905303369048,0.666802279110068,0.505535039366665,-0.95
hpt_v2_topology2_paper,topology2,fault,deep_lvrt,lvrt_300ms_0.650pu,0.272,fault,rule_action,0,NaN,0.65,0.65,0.65,1,1,222.476816629632,815.213483789634,1.00970125630962,0.899729965965935,0.173443428656671,1.01901685473704,-0.0190168547370424,-0.00970125630962149,0.188110843242586,0.40175910491771,0.0762900039000095,-0.104428036713756,0,0,1,0,0,1,1,0,1,0,0.845581618052339,1.00022856604757,-0.810793274039101,-0.563451232572509,0.0744776495576428,0.0744776495576428,0.0744776495576428,0.117964593358962,0.117964593358962,-0.103362022621069,-0.103362022621069,-0.103362022621069,0.0481142672978008,0.0481142672978008,0,0,0,0.95,0.95,0,0,0,0.95,0.95,0.127257471600726,-0.127257471600726,-0.0688367051075727,0.0688367051075727,-0.0584207664931535,0.0584207664931535,-0.0431750003694188,0.95,-0.95
hpt_v2_topology2_paper,topology2,fault,deep_lvrt,lvrt_300ms_0.650pu,0.274,fault,rule_action,0,NaN,0.65,0.65,0.65,1,1,198.475453832693,849.247579475421,1.01070189011467,0.950156676188786,0.0625307408243794,1.06155947434428,-0.0615594743442762,-0.0107018901146656,0.18049149037851,0.334023669976417,-0.0422387854468654,0.041529191937267,0,0,0,0,0,1,1,0,1,0,0.845581618052339,1.00022856604757,-2.98041749477529,-0.952778395509224,-0.0425545652626512,-0.0425545652626512,-0.0425545652626512,-0.0590013432090622,-0.0590013432090622,0.0432450423636089,0.0432450423636089,0.0432450423636089,-0.0141374047565323,-0.0141374047565323,0,0,0,0.95,0.95,0,0,0,0.95,0.95,-0.0552841431626019,0.0552841431626019,0.00599683720106425,-0.00599683720106425,0.0492873059615376,-0.0492873059615376,-0.66529597516432,0.95,-0.475206001983949
hpt_v2_topology2_paper,topology2,fault,deep_lvrt,lvrt_300ms_0.650pu,0.276,fault,rule_action,0,NaN,0.65,0.65,0.65,1,1,181.853377322543,842.821098400863,0.974311730107442,0.923962868926719,0.13126241021742,1.05352637300108,-0.0535263730010782,0.0256882698925581,0.077732939600713,0.323606004642429,0.0369986187319063,0.163000065999693,0,0,0,0,0,1,1,0,1,0,0.845581618052339,1.00022856604757,0.0548983326044139,1.5391331323833,0.0386695887708249,0.0386695887708249,0.0386695887708249,0.037786527652745,0.037786527652745,0.163421308353976,0.163421308353976,0.163421308353976,-0.163627746570618,-0.163627746570618,0,0,0,0.95,0.95,0,0,0,0.95,0.95,0.0768610665349909,-0.0768610665349909,-0.167738994623279,0.167738994623279,0.0908779280882884,-0.0908779280882884,-0.95,0.847964939916279,0.17832606941636
hpt_v2_topology2_paper,topology2,fault,deep_lvrt,lvrt_300ms_0.650pu,0.278,fault,rule_action,0,NaN,0.65,0.65,0.65,1,1,194.714419583458,808.87359064659,0.949624468250079,0.906539061329859,0.0936712256370331,1.01109198830824,-0.0110919883082374,0.0503755317499208,0.0244018285596645,0.397526719791836,0.21101699213,0.101997269388923,0,0,1,0,0,1,1,0,1,0,0.845581618052339,1.00022856604757,-5,-1.00204279570981,0.212432611175693,0.212432611175693,0.212432611175693,0.212072242291789,0.212072242291789,0.100784251661469,0.100784251661469,0.100784251661469,-0.101540355146209,-0.101540355146209,0,0,0,0.95,0.95,0,0,0,0.95,0.95,0.214697189648611,-0.214697189648611,-0.0243266259054983,0.0243266259054983,-0.190370563743113,0.190370563743113,-0.95,0.24608207088354,0.815920066598006
hpt_v2_topology2_paper,topology2,fault,deep_lvrt,lvrt_300ms_0.650pu,0.28,fault,rule_action,0,NaN,0.65,0.65,0.65,1,1,222.800488372643,763.145571727064,0.973358969513758,0.921217384648731,0.0529826167341255,0.95393196465883,0.0460680353411697,0.026641030486242,0.0633786259607138,0.450857670854795,0.239421092268156,-0.0333663951671029,0,0,0,0,0,1,1,0,1,0,0.845581618052339,1.00022856604757,-2.28482544847386,-0.792094906738372,0.23847354604992,0.23847354604992,0.23847354604992,0.238610954004395,0.238610954004395,-0.0346067631033864,-0.0346067631033864,-0.0346067631033864,0.0336462902446836,0.0336462902446836,0,0,0,0.95,0.95,0,0,0,0.95,0.95,-0.0173029184088235,0.0173029184088235,0.21680020871901,-0.21680020871901,-0.199497290310187,0.199497290310187,-0.695407038307908,-0.506270660322495,0.95
hpt_v2_topology2_paper,topology2,fault,deep_lvrt,lvrt_300ms_0.650pu,0.282,fault,rule_action,0,NaN,0.65,0.65,0.65,1,1,222.799087819969,801.152759796731,1.01072882684222,0.936642189436582,0.149769386519451,1.00144094974591,-0.00144094974591358,-0.0107288268422241,0.158429093035408,0.420344393218234,0.0761994164796466,-0.0504477887902008,0,0,0,0,0,1,1,0,1,0,0.845581618052339,1.00022856604757,-0.0063994438018744,3.12436680093364,0.0743031034210224,0.0743031034210224,0.0743031034210224,0.0892917743368749,0.0892917743368749,-0.0496120361093265,-0.0496120361093265,-0.0496120361093265,0.00304702160820639,0.00304702160820639,0,0,0,0.95,0.95,0,0,0,0.95,0.95,-0.0816268794702361,0.0816268794702361,0.0722700509582754,-0.0722700509582754,0.00935682851196065,-0.00935682851196065,0.00664291974193274,-0.95,0.95
hpt_v2_topology2_paper,topology2,fault,deep_lvrt,lvrt_300ms_0.650pu,0.284,fault,rule_action,0,NaN,0.65,0.65,0.65,1,1,194.82351751479,850.0101451162,1.00916886730984,0.945388975358485,0.0380298418487399,1.06251268139525,-0.0625126813952495,-0.00916886730984423,0.194492000735783,0.36293650242652,-0.0457555220707019,0.0824079640966763,0,0,0,0,0,1,1,0,1,0,0.845581618052339,1.00022856604757,-1.55198391526257,-0.470665481949295,-0.0458954512864067,-0.0458954512864067,-0.0458954512864067,-0.0832837034892105,-0.0832837034892105,0.0842027100035897,0.0842027100035897,0.0842027100035897,-0.0475427550090738,-0.0475427550090738,0,0,0,0.95,0.95,0,0,0,0.95,0.95,0.0742671386395261,-0.0742671386395261,0.0154084205956533,-0.0154084205956533,-0.0896755592351794,0.0896755592351794,0.644059555384064,-0.95,0.472879312496013
hpt_v2_topology2_paper,topology2,fault,deep_lvrt,lvrt_300ms_0.650pu,0.286,fault,rule_action,0,NaN,0.65,0.65,0.65,1,1,184.367320095937,843.505964057364,0.970374369720651,0.932668216977387,0.0974260220328421,1.0543824550717,-0.0543824550717045,0.0296256302793489,0.100421530798681,0.320139897440877,0.0544447412354402,0.167006439740824,0,0,0,0,0,1,1,0,1,0,0.845581618052339,1.00022856604757,-5,-1.31306481614457,0.0562131572263953,0.0562131572263953,0.0562131572263953,0.0562500356454595,0.0562500356454595,0.16703626600656,0.16703626600656,0.16703626600656,-0.167023850682046,-0.167023850682046,0,0,0,0.95,0.95,0,0,0,0.95,0.95,-0.091710859738398,0.091710859738398,0.176191969487271,-0.176191969487271,-0.0844811097488733,0.0844811097488733,0.95,-0.854586384950261,-0.180786716410703
hpt_v2_topology2_paper,topology2,fault,deep_lvrt,lvrt_300ms_0.650pu,0.288,fault,rule_action,0,NaN,0.65,0.65,0.65,1,1,198.834926942165,811.519407618077,0.949736710619609,0.915857320130948,0.140887125375937,1.0143992595226,-0.0143992595225964,0.0502632893803907,0.0170547677708641,0.39583303146458,0.22479166924138,0.0695342393353421,0,0,1,0,0,1,1,0,1,0,0.845581618052339,1.00022856604757,-5,0.635134662323233,0.226015055074972,0.226015055074972,0.226015055074972,0.226143695700095,0.226143695700095,0.0681619386149333,0.0681619386149333,0.0681619386149333,-0.0677339197993989,-0.0677339197993989,0,0,0,0.95,0.95,0,0,0,0.95,0.95,-0.201184076039624,0.201184076039624,-0.00636761282235661,0.00636761282235661,0.20755168886198,-0.20755168886198,0.95,-0.28689661724238,-0.8083031441444
hpt_v2_topology2_paper,topology2,fault,deep_lvrt,lvrt_300ms_0.650pu,0.29,fault,rule_action,0,NaN,0.65,0.65,0.65,1,1,222.390191231755,761.732467406186,0.972702578853929,0.943531780925526,0.0572616720463886,0.952165584257733,0.047834415742267,0.0272974211460711,0.0704906214119443,0.462619563890101,0.241753703907238,-0.0982620981526273,0,0,0,0,0,1,1,0,1,0,0.845581618052339,1.00022856604757,4.23801126806023,1.03625237100158,0.240830759637163,0.240830759637163,0.240830759637163,0.240737189565146,0.240737189565146,-0.099836884121362,-0.099836884121362,-0.099836884121362,0.10006229948762,0.10006229948762,0,0,0,0.95,0.95,0,0,0,0.95,0.95,0.078020813376964,-0.078020813376964,-0.254439532328109,0.254439532328109,0.176418718951145,-0.176418718951145,0.698683020678029,0.476699715791016,-0.95
hpt_v2_topology2_paper,topology2,fault,deep_lvrt,lvrt_300ms_0.650pu,0.292,fault,rule_action,0,NaN,0.65,0.65,0.65,1,1,221.348264729852,815.705889005754,1.00565417015285,0.901513477455514,0.149562222109356,1.01963236125719,-0.0196323612571931,-0.00565417015284631,0.188924002602158,0.414572923058221,0.0914485552905183,-0.141730387514261,0,0,1,0,0,1,1,0,1,0,0.845581618052339,1.00022856604757,1.2171685733039,-0.514725085965173,0.089774134366465,0.089774134366465,0.089774134366465,0.150455284729067,0.150455284729067,-0.141347563456108,-0.141347563456108,-0.141347563456108,0.0734965046333632,0.0734965046333632,0,0,0,0.95,0.95,0,0,0,0.95,0.95,0.167429944191161,-0.167429944191161,-0.0857903065935389,0.0857903065935389,-0.0816396375976223,0.0816396375976223,-0.0199735120687892,0.95,-0.95
hpt_v2_topology2_paper,topology2,fault,deep_lvrt,lvrt_300ms_0.650pu,0.294,fault,rule_action,0,NaN,0.65,0.65,0.65,1,1,194.68894741805,852.051447598854,1.00717388751123,0.943436541072131,0.0804012651339251,1.06506430949857,-0.0650643094985681,-0.00717388751122994,0.188582216588863,0.332779123053613,-0.023146183250427,-0.038208189444948,0,0,0,0,0,1,1,0,1,0,0.845581618052339,1.00022856604757,-1.90472277091069,-0.946536049165614,-0.0234198599592171,-0.0234198599592171,-0.0234198599592171,-0.000570379060295708,-0.000570379060295708,-0.0370682350334028,-0.0370682350334028,-0.0370682350334028,0.0438431129908507,0.0438431129908507,0,0,0,0.95,0.95,0,0,0,0.95,0.95,-0.00756122521233133,0.00756122521233133,0.0411842063067314,-0.0411842063067314,-0.0336229810944001,0.0336229810944001,-0.642357373275445,0.95,-0.496817239591939
hpt_v2_topology2_paper,topology2,fault,deep_lvrt,lvrt_300ms_0.650pu,0.296,fault,rule_action,0,NaN,0.65,0.65,0.65,1,1,180.895043807274,847.470480713932,0.96982110150834,0.937721181810637,0.0848207198724733,1.05933810089241,-0.059338100892415,0.0301788984916601,0.0892948189239461,0.306609254080522,0.0619673517652267,0.0313106809057869,0,0,0,0,0,1,1,0,1,0,0.845581618052339,1.00022856604757,1.73350338992662,1.62721817540779,0.0636826184947643,0.0636826184947643,0.0636826184947643,0.0637050088582493,0.0637050088582493,0.0313456755400937,0.0313456755400937,0.0313456755400937,-0.0313001456831258,-0.0313001456831258,0,0,0,0.95,0.95,0,0,0,0.95,0.95,0.0691734992088815,-0.0691734992088815,-0.0483632045352291,0.0483632045352291,-0.0208102946736524,0.0208102946736524,-0.95,0.855716205700996,0.155283063313218
hpt_v2_topology2_paper,topology2,fault,deep_lvrt,lvrt_300ms_0.650pu,0.298,fault,rule_action,0,NaN,0.65,0.65,0.65,1,1,197.676238720244,821.971210584165,0.947105333976176,0.902274858504524,0.0642747063058385,1.02746401323021,-0.0274640132302064,0.0528946660238244,0.0322377840140118,0.37502366236274,0.235535973089622,-0.0428228823638943,0,0,1,0,0,1,1,0,1,0,0.845581618052339,1.00022856604757,-5,-0.865289858009266,0.236837056164917,0.236837056164917,0.236837056164917,0.236819925246905,0.236819925246905,-0.0442648508764272,-0.0442648508764272,-0.0442648508764272,0.0443564110589073,0.0443564110589073,0,0,0,0.95,0.95,0,0,0,0.95,0.95,0.120267575690077,-0.120267575690077,0.120670412397118,-0.120670412397118,-0.240937988087196,0.240937988087196,-0.95,0.24473414186385,0.801737244172764
hpt_v2_topology2_paper,topology2,fault,deep_lvrt,lvrt_300ms_0.650pu,0.3,fault,rule_action,0,NaN,0.65,0.65,0.65,1,1,225.167974610998,784.034070080725,0.975562223029635,0.962759017146419,0.0433547884577642,0.980042587600906,0.0199574123990939,0.0244377769703652,0.0625678364236915,0.430774399799568,0.239535673690653,-0.187335507522748,0,0,0,0,0,1,1,0,1,0,0.845581618052339,1.00022856604757,-2.37157034101643,-0.762356727830093,0.238404068535069,0.238404068535069,0.238404068535069,0.238808853903898,0.238808853903898,-0.188437700755778,-0.188437700755778,-0.188437700755778,0.187924448269258,0.187924448269258,0,0,0,0.95,0.95,0,0,0,0.95,0.95,-0.173596252682425,0.173596252682425,0.302800918015564,-0.302800918015564,-0.129204665333139,0.129204665333139,-0.671743209579894,-0.494667982065524,0.95
hpt_v2_topology2_paper,topology2,fault,deep_lvrt,lvrt_300ms_0.650pu,0.302,fault,rule_action,0,NaN,0.65,0.65,0.65,1,1,222.320677724442,836.621258197186,1.0142654579609,0.980726500370109,0.15669738453729,1.04577657274648,-0.0457765727464825,-0.0142654579609014,0.148934692796012,0.38787002437664,0.0605510598779477,-0.240735962019263,0,0,0,0,0,1,1,0,1,0,0.845581618052339,1.00022856604757,1.02275112323313,2.85131726538412,0.0586971416099796,0.0586971416099796,0.0586971416099796,0.176621141532006,0.176621141532006,-0.240601653208087,-0.240601653208087,-0.240601653208087,0.173607264604848,0.173607264604848,0,0,0,0.95,0.95,0,0,0,0.95,0.95,-0.233002866813593,0.233002866813593,0.0438162869721881,-0.0438162869721881,0.189186579841404,-0.189186579841404,0.0156319337067985,-0.95,0.94032176676139
hpt_v2_topology2_paper,topology2,fault,deep_lvrt,lvrt_300ms_0.650pu,0.304,fault,rule_action,0,NaN,0.65,0.65,0.65,1,1,187.627859722272,852.232524447284,1.00377948087177,0.96163538675089,0.0692465612327185,1.06529065555911,-0.0652906555591055,-0.00377948087176572,0.186458934734536,0.324395757176906,-0.042937508951825,-0.170879697487483,0,0,0,0,0,1,1,0,1,0,0.845581618052339,1.00022856604757,-0.576956293068864,-0.614938421714894,-0.0426626245546916,-0.0426626245546916,-0.0426626245546916,0.0533517878426283,0.0533517878426283,-0.169861959729265,-0.169861959729265,-0.169861959729265,0.166813583472559,0.166813583472559,0,0,0,0.95,0.95,0,0,0,0.95,0.95,-0.0184518227641249,0.0184518227641249,-0.141603582916075,0.141603582916075,0.1600554056802,-0.1600554056802,0.663115479648643,-0.95,0.435880393435824
hpt_v2_topology2_paper,topology2,fault,deep_lvrt,lvrt_300ms_0.650pu,0.306,fault,rule_action,0,NaN,0.65,0.65,0.65,1,1,179.635876496071,845.258701619518,0.955544968512845,0.934713081630235,0.132440232352312,1.0565733770244,-0.0565733770243977,0.0444550314871552,0.0955020471747433,0.277916324820855,0.107067818675695,-0.147837028318334,0,0,0,0,0,1,1,0,1,0,0.845581618052339,1.00022856604757,-5,-0.313212840859611,0.109376522430578,0.109376522430578,0.109376522430578,0.110285239643219,0.110285239643219,-0.148088582658755,-0.148088582658755,-0.148088582658755,0.147413085883593,0.147413085883593,0,0,0,0.95,0.95,0,0,0,0.95,0.95,-0.0641008542829532,0.0641008542829532,-0.117409933288341,0.117409933288341,0.181510787571294,-0.181510787571294,0.95,-0.849874466110857,-0.217217329389681
hpt_v2_topology2_paper,topology2,fault,deep_lvrt,lvrt_300ms_0.650pu,0.308,fault,rule_action,0,NaN,0.65,0.65,0.65,1,1,206.137849590245,817.669480561119,0.944314409166516,0.99218455730406,0.126342390615247,1.0220868507014,-0.0220868507013987,0.0556855908334845,0.0157704628090778,0.347240040922576,0.274573231595485,-0.222620072693095,0,0,0,0,0,1,1,0,1,0,0.845581618052339,1.01467278080927,-5,0.507580648360317,0.275089275694269,0.275089275694269,0.275089275694269,0.27701681454139,0.27701681454139,-0.223251805057187,-0.223251805057187,-0.223251805057187,0.220855524098065,0.220855524098065,0,0,0,0.95,0.95,0,0,0,0.95,0.95,0.0133556529714118,-0.0133556529714118,-0.313276633475798,0.313276633475798,0.299920980504386,-0.299920980504386,0.95,-0.199879862709369,-0.846508895230367
hpt_v2_topology2_paper,topology2,fault,deep_lvrt,lvrt_300ms_0.650pu,0.31,fault,rule_action,0,NaN,0.65,0.65,0.65,1,1,228.813193644374,771.899521761592,0.98513384988515,0.995511886716158,0.101613966499354,0.96487440220199,0.0351255977980103,0.0148661501148497,0.0680906628397215,0.407959213747388,0.217790476715491,-0.242357299440908,0,0,0,0,0,1,1,0,1,0,0.845581618052339,1.01601221975722,1.2540949392853,0.591250306894553,0.216016122581637,0.216016122581637,0.216016122581637,0.219042991966622,0.219042991966622,-0.24159727437642,-0.24159727437642,-0.24159727437642,0.238856391732836,0.238856391732836,0,0,0,0.95,0.95,0,0,0,0.95,0.95,0.244045928265114,-0.244045928265114,-0.306699288613807,0.306699288613807,0.0626533603486924,-0.0626533603486924,0.59418673791527,0.556378821627491,-0.95
hpt_v2_topology2_paper,topology2,fault,deep_lvrt,lvrt_300ms_0.650pu,0.312,fault,rule_action,0,NaN,0.65,0.65,0.65,1,1,223.369121860826,829.603315799593,1.02142307143205,0.964352118849195,0.151735318255048,1.03700414474949,-0.0370041447494913,-0.0214230714320485,0.154742159301593,0.363201142432133,0.0180456266388777,-0.12685115917986,0,0,0,0,0,1,1,0,1,0,0.845581618052339,1.01601221975722,-1.7242715513025,-0.906454840763793,0.0160329381863006,0.0160329381863006,0.0160329381863006,0.0803305648717578,0.0803305648717578,-0.124760614411946,-0.124760614411946,-0.124760614411946,0.0967949707511511,0.0967949707511511,0,0,0,0.95,0.95,0,0,0,0.95,0.95,0.108665184638663,-0.108665184638663,0.000536413021415719,-0.000536413021415719,-0.109201597660078,0.109201597660078,-0.113261169074637,0.95,-0.902289697958158
hpt_v2_topology2_paper,topology2,fault,deep_lvrt,lvrt_300ms_0.650pu,0.314,fault,rule_action,0,NaN,0.65,0.65,0.65,1,1,198.056448188832,849.821819307858,1.01581364600073,0.972811329603943,0.0705166328137433,1.06227727413482,-0.0622772741348228,-0.0158136460007292,0.139690966491073,0.316009650585361,-0.0895742952713826,0.109514559160269,0,0,0,0,0,1,1,0,1,0,0.845581618052339,1.0228955738015,0.3184348455193,-0.611141578070073,-0.0895414754679246,-0.0895414754679246,-0.0895414754679246,-0.135151569523049,-0.135151569523049,0.111310647796817,0.111310647796817,0.111310647796817,-0.0462794705822821,-0.0462794705822821,0,0,0,0.95,0.95,0,0,0,0.95,0.95,-0.118089421964735,0.118089421964735,-0.0105754615358478,0.0105754615358478,0.128664883500583,-0.128664883500583,-0.71519430378424,0.95,-0.397886020841711
hpt_v2_topology2_paper,topology2,fault,deep_lvrt,lvrt_300ms_0.650pu,0.316,fault,rule_action,0,NaN,0.65,0.65,0.65,1,1,183.089508308285,840.84756944092,0.979090212275429,0.977443626810998,0.150711315271972,1.05105946180115,-0.0510594618011497,0.0209097877245711,0.0440738391061185,0.335641662314764,0.00241511850625399,0.186247892547491,0,0,0,0,0,1,1,0,1,0,0.845581618052339,1.0228955738015,2.64648387134636,1.08521097639791,0.00396344489029585,0.00396344489029585,0.00396344489029585,0.00227662231847442,0.00227662231847442,0.185883236658611,0.185883236658611,0.185883236658611,-0.18591154766958,-0.18591154766958,0,0,0,0.95,0.95,0,0,0,0.95,0.95,0.05974988913473,-0.05974988913473,-0.182350116270335,0.182350116270335,0.122600227135605,-0.122600227135605,-0.95,0.782859764271802,0.250873574231159
hpt_v2_topology2_paper,topology2,fault,deep_lvrt,lvrt_300ms_0.650pu,0.318,fault,rule_action,0,NaN,0.65,0.65,0.65,1,1,193.018876467426,808.328863166591,0.949305827302184,0.95044141543104,0.0981779461256292,1.01041107895824,-0.010411078958239,0.0506941726978162,0.000273653122028587,0.383233729857796,0.191932583496368,0.0632896405215498,0,0,0,0,0,1,1,0,1,0,0.845581618052339,1.0228955738015,-1.58920849307853,-1.3578636289755,0.19363249344054,0.19363249344054,0.19363249344054,0.193246402192645,0.193246402192645,0.061177387066263,0.061177387066263,0.061177387066263,-0.0623862424245503,-0.0623862424245503,0,0,0,0.769998700313806,0.769998700313806,0,0,0,0.95,0.95,0.165973827401912,-0.165973827401912,0.0183377025892737,-0.0183377025892737,-0.184311529991186,0.184311529991186,-0.95,0.180800287713248,0.847967449807983
hpt_v2_topology2_paper,topology2,fault,deep_lvrt,lvrt_300ms_0.650pu,0.32,fault,rule_action,0,NaN,0.65,0.65,0.65,1,1,224.058577256395,756.75515409973,0.972051775275016,0.937631659744562,0.0498893304787126,0.945943942624662,0.0540560573753376,0.0279482247249838,0.0274705477577795,0.431854538041313,0.238913233687046,-0.125659591369317,0,0,0,0,0,1,1,0,1,0,0.845581618052339,1.0228955738015,1.22688695309392,0.0645569842510074,0.238084973997398,0.238084973997398,0.238084973997398,0.238909687053095,0.238909687053095,-0.12725714377332,-0.12725714377332,-0.12725714377332,0.125702016359632,0.125702016359632,0,0,0,0.95,0.95,0,0,0,0.95,0.95,-0.12369636875223,0.12369636875223,0.269654663778582,-0.269654663778582,-0.145958295026352,0.145958295026352,-0.632211947567508,-0.562518706007052,0.95
hpt_v2_topology2_paper,topology2,fault,deep_lvrt,lvrt_300ms_0.650pu,0.322,fault,rule_action,0,NaN,0.65,0.65,0.65,1,1,221.339251397382,784.107430298084,1.00892053372166,0.928531412333864,0.14955584561919,0.980134287872605,0.0198657121273952,-0.00892053372166424,0.128531240779017,0.404678858035568,0.0822175701914182,-0.170385696757459,0,0,0,0,0,1,1,0,1,0,0.845581618052339,1.0228955738015,1.00151790894154,2.64013083527015,0.0803954488717535,0.0803954488717535,0.0803954488717535,0.158013618743904,0.158013618743904,-0.169780433862149,-0.169780433862149,-0.169780433862149,0.101589961183015,0.101589961183015,0,0,0,0.95,0.95,0,0,0,0.95,0.95,-0.184795229141328,0.184795229141328,0.0631630390438036,-0.0631630390438036,0.121632190097524,-0.121632190097524,0.0754281482830638,-0.95,0.95
hpt_v2_topology2_paper,topology2,fault,deep_lvrt,lvrt_300ms_0.650pu,0.324,fault,rule_action,0,NaN,0.65,0.65,0.65,1,1,192.227456997407,850.19959717687,1.00252370892214,0.955868766585951,0.0354182284080502,1.06274949647109,-0.0627494964710871,-0.00252370892213705,0.17509500214888,0.336019528743215,-0.0229142260687443,-0.0770675859623338,0,0,0,0,0,1,1,0,1,0,0.845581618052339,1.0228955738015,2.31017758025331,0.51607263467246,-0.0227997447525451,-0.0227997447525451,-0.0227997447525451,0.0207451394546737,0.0207451394546737,-0.0759839774036544,-0.0759839774036544,-0.0759839774036544,0.0765704405881696,0.0765704405881696,0,0,0,0.95,0.95,0,0,0,0.95,0.95,-0.00243739853408827,0.00243739853408827,-0.0674514485661644,0.0674514485661644,0.0698888471002527,-0.0698888471002527,0.693020322764144,-0.95,0.402225630849029
hpt_v2_topology2_paper,topology2,fault,deep_lvrt,lvrt_300ms_0.650pu,0.326,fault,rule_action,0,NaN,0.65,0.65,0.65,1,1,182.743301614233,844.261961114533,0.962598710672877,0.917732854685143,0.131361442876738,1.05532745139317,-0.0553274513931656,0.0374012893271228,0.0856842379273525,0.303979757769716,0.0943241533270385,-0.0316373145869811,0,0,1,0,0,1,1,0,1,0,0.845581618052339,1.0228955738015,-5,-0.383355677159747,0.096214416356192,0.096214416356192,0.096214416356192,0.0963481004582341,0.0963481004582341,-0.0322312532226129,-0.0322312532226129,-0.0322312532226129,0.0318294067986334,0.0318294067986334,0,0,0,0.95,0.95,0,0,0,0.95,0.95,-0.0825097857171685,0.0825097857171685,-0.00989344186481959,0.00989344186481959,0.092403227581988,-0.092403227581988,0.95,-0.8243434541288,-0.252681340996952
hpt_v2_topology2_paper,topology2,fault,deep_lvrt,lvrt_300ms_0.650pu,0.328,fault,rule_action,0,NaN,0.65,0.65,0.65,1,1,203.11763488212,830.840468275416,0.946722307206552,0.937696817186856,0.112009001495326,1.03855058534427,-0.0385505853442707,0.0532776927934475,0.0119148712980367,0.342549954499223,0.253905119737562,-0.139224774254156,0,0,0,0,0,1,1,0,1,0,0.845581618052339,1.0228955738015,-5,0.490894445260404,0.254995787199279,0.254995787199279,0.254995787199279,0.255606776858869,0.255606776858869,-0.140968443930767,-0.140968443930767,-0.140968443930767,0.139857532144186,0.139857532144186,0,0,0,0.95,0.95,0,0,0,0.95,0.95,-0.0386304021858738,0.0386304021858738,-0.230788745848029,0.230788745848029,0.269419148033903,-0.269419148033903,0.95,-0.185914789635796,-0.847676480835192
hpt_v2_topology2_paper,topology2,fault,deep_lvrt,lvrt_300ms_0.650pu,0.33,fault,rule_action,0,NaN,0.65,0.65,0.65,1,1,224.460308223712,785.698002291843,0.980280327028838,0.951990790438165,0.069160618655361,0.982122502864803,0.0178774971351967,0.0197196729711621,0.0515826352579073,0.40191311512833,0.22344168856527,-0.212601075451059,0,0,0,0,0,1,1,0,1,0,0.845581618052339,1.0228955738015,-0.897917903041279,0.441114485112304,0.222132552833373,0.222132552833373,0.222132552833373,0.223566160309308,0.223566160309308,-0.212744265524157,-0.212744265524157,-0.212744265524157,0.211237225664032,0.211237225664032,0,0,0,0.95,0.95,0,0,0,0.95,0.95,0.215251861799705,-0.215251861799705,-0.297894746395413,0.297894746395413,0.082642884595708,-0.082642884595708,0.574741843107993,0.557265796814336,-0.95
hpt_v2_topology2_paper,topology2,fault,deep_lvrt,lvrt_300ms_0.650pu,0.332,fault,rule_action,0,NaN,0.65,0.65,0.65,1,1,221.185730728287,829.670672100503,1.01621850441747,0.957004047311843,0.157214186175216,1.03708834012563,-0.0370883401256292,-0.0162185044174656,0.137215439955777,0.368962493825148,0.042471465556695,-0.140045846282836,0,0,0,0,0,1,1,0,1,0,0.845581618052339,1.0228955738015,-1.49369216427253,-1.06192951543704,0.0405698702561433,0.0405698702561433,0.0405698702561433,0.107646734146761,0.107646734146761,-0.138245970703994,-0.138245970703994,-0.138245970703994,0.0957603436503156,0.0957603436503156,0,0,0,0.95,0.95,0,0,0,0.95,0.95,0.134407496331952,-0.134407496331952,-0.0222663941194843,0.0222663941194843,-0.112141102212468,0.112141102212468,-0.128481166942177,0.95,-0.885589505052488
hpt_v2_topology2_paper,topology2,fault,deep_lvrt,lvrt_300ms_0.650pu,0.334,fault,rule_action,0,NaN,0.65,0.65,0.65,1,1,197.775797677763,850.860415283109,1.01205372898898,0.90761726772066,0.0463804734938105,1.06357551910389,-0.063575519103886,-0.0120537289889804,0.12764528449155,0.318092755913981,-0.0653874732918141,0.0708244387330969,0,0,1,0,0,1,1,0,1,0,0.845581618052339,1.0228955738015,-5,-1.07215064979727,-0.0655028338955998,-0.0655028338955998,-0.0655028338955998,-0.0942868885258332,-0.0942868885258332,0.0731953499475053,0.0731953499475053,0.0731953499475053,-0.0275347626539508,-0.0275347626539508,0,0,0,0.95,0.95,0,0,0,0.95,0.95,-0.0840269352907857,0.0840269352907857,-0.00204037425231021,0.00204037425231021,0.0860673095430959,-0.0860673095430959,-0.72709721327235,0.95,-0.378256584006784
hpt_v2_topology2_paper,topology2,fault,deep_lvrt,lvrt_300ms_0.650pu,0.336,fault,rule_action,0,NaN,0.65,0.65,0.65,1,1,182.833163828976,839.538322058579,0.977664467254478,0.967721326859248,0.133918207431812,1.04942290257322,-0.0494229025732242,0.0223355327455224,0.042294861458496,0.340593724278196,0.0174805643568007,0.17064899989991,0,0,0,0,0,1,1,0,1,0,0.845581618052339,1.0228955738015,-2.59876348719767,1.07485224720039,0.0191361964356078,0.0191361964356078,0.0191361964356078,0.0187261271063193,0.0187261271063193,0.17097016213986,0.17097016213986,0.17097016213986,-0.17101556221511,-0.17101556221511,0,0,0,0.95,0.95,0,0,0,0.95,0.95,0.0699267395548127,-0.0699267395548127,-0.171089895805727,0.171089895805727,0.101163156250915,-0.101163156250915,-0.95,0.769642585756317,0.268137252711594
hpt_v2_topology2_paper,topology2,fault,deep_lvrt,lvrt_300ms_0.650pu,0.338,fault,rule_action,0,NaN,0.65,0.65,0.65,1,1,192.667230441874,815.754887634101,0.949497290865446,0.952037200973975,0.105935705607266,1.01969360954263,-0.0196936095426259,0.0505027091345541,0.00500829826977136,0.368899366258443,0.196591034801006,0.0547651969939072,0,0,0,0,0,1,1,0,1,0,0.845581618052339,1.0228955738015,-0.988340030553148,-1.27389804615108,0.198214420097148,0.198214420097148,0.198214420097148,0.198230719075199,0.198230719075199,0.0527441089765024,0.0527441089765024,0.0527441089765024,-0.0526828186518464,-0.0526828186518464,0,0,0,0.95,0.95,0,0,0,0.95,0.95,0.161715021838257,-0.161715021838257,0.0284098758370289,-0.0284098758370289,-0.190124897675285,0.190124897675285,-0.95,0.174621550554444,0.841944421064802
hpt_v2_topology2_paper,topology2,fault,deep_lvrt,lvrt_300ms_0.650pu,0.34,fault,rule_action,0,NaN,0.65,0.65,0.65,1,1,226.261076317312,759.912110819035,0.975164891545446,0.948812178955844,0.0885399181631962,0.949890138523794,0.0501098614762057,0.0248351084545543,0.0194290183995393,0.420954973666444,0.232752338901884,-0.120965667891892,0,0,0,0,0,1,1,0,1,0,0.845581618052339,1.0228955738015,1.26575085260394,0.041724918373176,0.231747470624884,0.231747470624884,0.231747470624884,0.231751638204269,0.231751638204269,-0.122418460135397,-0.122418460135397,-0.122418460135397,0.122410570264953,0.122410570264953,0,0,0,0.95,0.95,0,0,0,0.95,0.95,-0.119629208813166,0.119629208813166,0.261771323634409,-0.261771323634409,-0.142142114821244,0.142142114821244,-0.615836027451471,-0.562607794256853,0.95
hpt_v2_topology2_paper,topology2,fault,deep_lvrt,lvrt_300ms_0.650pu,0.342,fault,rule_action,0,NaN,0.65,0.65,0.65,1,1,222.816200645625,780.74556090427,1.01202311762246,0.942772945011335,0.134215494882266,0.975931951130338,0.0240680488696623,-0.0120231176224554,0.116474324077172,0.403006915704374,0.066554709780991,-0.161007381340548,0,0,0,0,0,1,1,0,1,0,0.845581618052339,1.0228955738015,0.247415627333325,2.52528674151287,0.064683524600563,0.064683524600563,0.064683524600563,0.139074830114174,0.139074830114174,-0.160446831742359,-0.160446831742359,-0.160446831742359,0.102885061110086,0.102885061110086,0,0,0,0.95,0.95,0,0,0,0.95,0.95,-0.167965029287237,0.167965029287237,0.0481193046563959,-0.0481193046563959,0.119845724630841,-0.119845724630841,0.0856278738688589,-0.95,0.95
hpt_v2_topology2_paper,topology2,fault,deep_lvrt,lvrt_300ms_0.650pu,0.344,fault,rule_action,0,NaN,0.65,0.65,0.65,1,1,191.163564104912,849.792220658218,1.00325470448865,0.976540466621266,0.0473502614694558,1.06224027582277,-0.062240275822772,-0.00325470448865062,0.163532222928517,0.330865787828131,-0.0343109307572208,-0.0643402456654345,0,0,0,0,0,1,1,0,1,0,0.845581618052339,1.0228955738015,0.918516892082777,0.417922747492527,-0.0340749223388542,-0.0340749223388542,-0.0340749223388542,0.004015838100689,0.004015838100689,-0.0633202757512359,-0.0633202757512359,-0.0633202757512359,0.0717943639707223,0.0717943639707223,0,0,0,0.95,0.95,0,0,0,0.95,0.95,0.012335425725377,-0.012335425725377,-0.0675174984722479,0.0675174984722479,0.055182072746871,-0.055182072746871,0.699971915528234,-0.95,0.391438691440441
hpt_v2_topology2_paper,topology2,fault,deep_lvrt,lvrt_300ms_0.650pu,0.346,fault,rule_action,0,NaN,0.65,0.65,0.65,1,1,180.534965830077,845.804807435299,0.963023882100269,0.926736186051224,0.148640371262642,1.05725600929412,-0.0572560092941232,0.0369761178997314,0.0714112222170014,0.304355913463181,0.0873198162440684,-0.0060796963927743,0,0,0,0,0,1,1,0,1,0,0.845581618052339,1.0228955738015,-5,-0.405440684592806,0.0892694470212007,0.0892694470212007,0.0892694470212007,0.0892530345248949,0.0892530345248949,-0.00646261751316422,-0.00646261751316422,-0.00646261751316422,0.0066854636855136,0.0066854636855136,0,0,0,0.95,0.95,0,0,0,0.95,0.95,-0.0834822695294272,0.0834822695294272,0.0137923833953525,-0.0137923833953525,0.0696898861340747,-0.0696898861340747,0.95,-0.812736528512149,-0.259955642618329
hpt_v2_topology2_paper,topology2,fault,deep_lvrt,lvrt_300ms_0.650pu,0.348,fault,rule_action,0,NaN,0.65,0.65,0.65,1,1,200.741051259773,824.533805645775,0.94669720180661,0.944739065117725,0.0808159771612604,1.03066725705722,-0.0306672570572186,0.0533027981933901,0.00039044404142961,0.344631155451106,0.253198114704244,-0.11321881262684,0,0,0,0,0,1,1,0,1,0,0.845581618052339,1.0228955738015,-5,0.474226871581385,0.254301841116976,0.254301841116976,0.254301841116976,0.254019940017396,0.254019940017396,-0.115214765538889,-0.115214765538889,-0.115214765538889,0.115834963060484,0.115834963060484,0,0,0,0.95,0.95,0,0,0,0.95,0.95,-0.059933186845221,0.059933186845221,-0.206177242578206,0.206177242578206,0.266110429423427,-0.266110429423427,0.95,-0.178226841737383,-0.851057182219224
hpt_v2_topology2_paper,topology2,fault,deep_lvrt,lvrt_300ms_0.650pu,0.35,fault,rule_action,0,NaN,0.65,0.65,0.65,1,1,224.41253102289,771.436958498213,0.979809513238015,0.952602591101708,0.0929831869270577,0.964296198122766,0.0357038018772343,0.0201904867619851,0.0452302951044811,0.408901214712549,0.226938450257951,-0.2221895909009,0,0,0,0,0,1,1,0,1,0,0.845581618052339,1.0228955738015,-0.306990259536399,0.402915947930405,0.225623600564954,0.225623600564954,0.225623600564954,0.225599987550759,0.225599987550759,-0.222814512499996,-0.222814512499996,-0.222814512499996,0.222838420676512,0.222838420676512,0,0,0,0.95,0.95,0,0,0,0.95,0.95,0.224008985726984,-0.224008985726984,-0.306373260466609,0.306373260466609,0.0823642747396254,-0.0823642747396254,0.570954766561392,0.575257718070815,-0.95
hpt_v2_topology2_paper,topology2,fault,deep_lvrt,lvrt_300ms_0.650pu,0.352,fault,rule_action,0,NaN,0.65,0.65,0.65,1,1,221.463242590616,820.254173752291,1.01482954537283,0.95644635177906,0.182846377842485,1.02531771719036,-0.0253177171903638,-0.014829545372826,0.135490622286166,0.361515178400365,0.0492603553709446,-0.181811027945503,0,0,0,0,0,1,1,0,1,0,0.845581618052339,1.0228955738015,-4.40469433921309,-1.01303108699646,0.0473859448642057,0.0473859448642057,0.0473859448642057,0.13495192705499,0.13495192705499,-0.180470248580508,-0.180470248580508,-0.180470248580508,0.128852302181718,0.128852302181718,0,0,0,0.95,0.95,0,0,0,0.95,0.95,0.172498741805664,-0.172498741805664,-0.0246511416130614,0.0246511416130614,-0.147847600192603,0.147847600192603,-0.131636504681269,0.95,-0.892624300807489
hpt_v2_topology2_paper,topology2,fault,deep_lvrt,lvrt_300ms_0.650pu,0.354,fault,rule_action,0,NaN,0.65,0.65,0.65,1,1,195.001190004288,850.437983418238,1.00918936354904,0.959621639440579,0.035461195475184,1.0630474792728,-0.0630474792727973,-0.00918936354903721,0.130265412209681,0.306832789782423,-0.0525473021038811,-0.019421851275616,0,0,0,0,0,1,1,0,1,0,0.845581618052339,1.0228955738015,-1.27749401264787,0.715613431774065,-0.0525927574172033,-0.0525927574172033,-0.0525927574172033,-0.035643196037375,-0.035643196037375,-0.0174983252699268,-0.0174983252699268,-0.0174983252699268,0.0424470505010443,0.0424470505010443,0,0,0,0.95,0.95,0,0,0,0.95,0.95,-0.0451460579285755,0.0451460579285755,0.0504211389563499,-0.0504211389563499,-0.00527508102777436,0.00527508102777436,-0.724191555243224,0.95,-0.375061472416765
hpt_v2_topology2_paper,topology2,fault,deep_lvrt,lvrt_300ms_0.650pu,0.356,fault,rule_action,0,NaN,0.65,0.65,0.65,1,1,182.403081878008,841.686915083196,0.969959177349712,0.956720975339589,0.145381233173487,1.05210864385399,-0.0521086438539944,0.0300408226502876,0.0373237675547248,0.324179253902608,0.0515139329356691,0.110710293654776,0,0,0,0,0,1,1,0,1,0,0.845581618052339,1.0228955738015,-0.0580258719156124,0.980419683360933,0.0533617809831609,0.0533617809831609,0.0533617809831609,0.053549123649789,0.053549123649789,0.111271406937623,0.111271406937623,0.111271406937623,-0.11118136996778,-0.11118136996778,0,0,0,0.95,0.95,0,0,0,0.95,0.95,0.0850549580077108,-0.0850549580077108,-0.119960319855845,0.119960319855845,0.0349053618481344,-0.0349053618481344,-0.95,0.761448325706145,0.277328985138521
hpt_v2_topology2_paper,topology2,fault,deep_lvrt,lvrt_300ms_0.650pu,0.358,fault,rule_action,0,NaN,0.65,0.65,0.65,1,1,197.448568753812,809.452970742212,0.948106515814544,0.95657920166735,0.0998859094011198,1.01181621342777,-0.0118162134277655,0.0518934841854565,-0.00113972352938772,0.363850413825611,0.221710908523727,0.0448705601215791,0,0,0,0,0,1,1,0,1,0,0.845581618052339,1.0228955738015,-2.92126583038332,-1.34398767354282,0.223117340691941,0.223117340691941,0.223117340691941,0.223254958024441,0.223254958024441,0.0437325659711512,0.0437325659711512,0.0437325659711512,-0.0430245134937035,-0.0430245134937035,0,0,0,0.232798032248242,0.232798032248242,0,0,0,0.95,0.95,0.167817136664751,-0.167817136664751,0.0489389768618498,-0.0489389768618498,-0.216756113526601,0.216756113526601,-0.95,0.149785646870461,0.864312775941959
hpt_v2_topology2_paper,topology2,fault,deep_lvrt,lvrt_300ms_0.650pu,0.36,fault,rule_action,0,NaN,0.65,0.65,0.65,1,1,227.74961073401,746.643580699411,0.978494617793275,0.943464222082992,0.0775227685014722,0.933304475874263,0.0666955241257366,0.0215053822067248,0.0231951953065856,0.42395547513747,0.226152628342199,-0.0781815324995179,0,0,0,0,0,1,1,0,1,0,0.845581618052339,1.0228955738015,0.822089497267808,0.0396234610253732,0.224958959017976,0.224958959017976,0.224958959017976,0.224770332792003,0.224770332792003,-0.0789011752070939,-0.0789011752070939,-0.0789011752070939,0.0794369321416932,0.0794369321416932,0,0,0,0.95,0.95,0,0,0,0.95,0.95,-0.0787926495317974,0.0787926495317974,0.234249436887449,-0.234249436887449,-0.155456787355652,0.155456787355652,-0.611377807770165,-0.595697103227463,0.95
hpt_v2_topology2_paper,topology2,fault,deep_lvrt,lvrt_300ms_0.650pu,0.362,fault,rule_action,0,NaN,0.65,0.65,0.65,1,1,222.846172986654,768.769481327246,1.01469334489624,0.944124693457429,0.118765634745595,0.960961851659058,0.0390381483409421,-0.0146933448962376,0.128362778788403,0.407449558818162,0.049161054129026,-0.067857472214069,0,0,0,0,0,1,1,0,1,0,0.845581618052339,1.0228955738015,2.58807557719454,2.61991016166629,0.0473001052491603,0.0473001052491603,0.0473001052491603,0.0751286457043564,0.0751286457043564,-0.0667073114799938,-0.0667073114799938,-0.0667073114799938,0.0322932184227561,0.0322932184227561,0,0,0,0.95,0.95,0,0,0,0.95,0.95,-0.0817650176637289,0.0817650176637289,0.0397710071717244,-0.0397710071717244,0.0419940104920045,-0.0419940104920045,0.109294522429687,-0.95,0.95
hpt_v2_topology2_paper,topology2,fault,deep_lvrt,lvrt_300ms_0.650pu,0.364,fault,rule_action,0,NaN,0.65,0.65,0.65,1,1,194.671950000577,850.667619313789,1.00833315506407,0.961562928578351,0.0217138342823048,1.06333452414224,-0.0633345241422358,-0.0083331550640684,0.173587201012578,0.343547848072144,-0.0545602985120691,0.0817842383518798,0,0,0,0,0,1,1,0,1,0,0.845581618052339,1.0228955738015,-1.21869804742436,0.945751225291946,-0.0545065602989252,-0.0545065602989252,-0.0545065602989252,-0.0900338976113602,-0.0900338976113602,0.0836740573059465,0.0836740573059465,0.0836740573059465,-0.0431996558153685,-0.0431996558153685,0,0,0,0.95,0.95,0,0,0,0.95,0.95,0.0781967388006686,-0.0781967388006686,0.0146899868391847,-0.0146899868391847,-0.0928867256398533,0.0928867256398533,0.707918494265715,-0.95,0.390812181033283
hpt_v2_topology2_paper,topology2,fault,deep_lvrt,lvrt_300ms_0.650pu,0.366,fault,rule_action,0,NaN,0.65,0.65,0.65,1,1,185.266429427881,844.607464732484,0.971804389488711,0.929399442639874,0.15991614269276,1.05575933091561,-0.055759330915605,0.0281956105112887,0.0733435932903466,0.315729434902576,0.0492401051713289,0.161831242386968,0,0,0,0,0,1,1,0,1,0,0.845581618052339,1.0228955738015,-5,-0.412423237803106,0.0509647076076916,0.0509647076076916,0.0509647076076916,0.052214445660335,0.052214445660335,0.161454899517085,0.161454899517085,0.161454899517085,-0.161055076492464,-0.161055076492464,0,0,0,0.95,0.95,0,0,0,0.95,0.95,-0.0938917641371986,0.0938917641371986,0.168958450970785,-0.168958450970785,-0.0750666868335866,0.0750666868335866,0.95,-0.82079650867996,-0.253938750906587
hpt_v2_topology2_paper,topology2,fault,deep_lvrt,lvrt_300ms_0.650pu,0.368,fault,rule_action,0,NaN,0.65,0.65,0.65,1,1,198.490134292493,808.756454739472,0.951972557187001,0.889514242116179,0.101790250334646,1.01094556842434,-0.0109455684243402,0.0480274428129985,-0.00593905088891781,0.382574624333844,0.20901205841225,0.0550718807189996,0,0,1,0,0,1,1,0,1,0,0.845581618052339,1.0228955738015,-5,0.536631936741694,0.210265222771739,0.210265222771739,0.210265222771739,0.210775017708921,0.210775017708921,0.0534281219376488,0.0534281219376488,0.0534281219376488,-0.0513801521099091,-0.0513801521099091,0,0,0,0.95,0.95,0,0,0,0.95,0.95,-0.172634107728836,0.172634107728836,-0.0274705541044485,0.0274705541044485,0.200104661833284,-0.200104661833284,0.95,-0.195063236744116,-0.866706619339127
hpt_v2_topology2_paper,topology2,fault,deep_lvrt,lvrt_300ms_0.650pu,0.37,fault,rule_action,0,NaN,0.65,0.65,0.65,1,1,221.447862447208,752.845067417382,0.976528771565074,0.932483106343138,0.068341313193209,0.941056334271728,0.0589436657282721,0.0234712284349258,0.0470050876800858,0.440296978862372,0.221687555352093,-0.101324035103769,0,0,0,0,0,1,1,0,1,0,0.845581618052339,1.0228955738015,1.43723077294688,0.584502346356208,0.220718517974764,0.220718517974764,0.220718517974764,0.219794270539137,0.219794270539137,-0.102721252496225,-0.102721252496225,-0.102721252496225,0.104684280240817,0.104684280240817,0,0,0,0.95,0.95,0,0,0,0.95,0.95,0.0947902582518388,-0.0947902582518388,-0.241591795224849,0.241591795224849,0.14680153697301,-0.14680153697301,0.62331272943592,0.561776542117522,-0.95
hpt_v2_topology2_paper,topology2,fault,deep_lvrt,lvrt_300ms_0.650pu,0.372,fault,rule_action,0,NaN,0.65,0.65,0.65,1,1,219.042401061058,805.668125520735,1.00819606706762,0.898947344856725,0.173503178528117,1.00708515690092,-0.00708515690091938,-0.00819606706762399,0.151091413262737,0.382124696895818,0.0717258445300783,-0.143456275264645,0,0,1,0,0,1,1,0,1,0,0.845581618052339,1.0228955738015,-1.34466861505722,-0.842253661430314,0.0701081207854242,0.0701081207854242,0.0701081207854242,0.133768435656233,0.133768435656233,-0.142835859317123,-0.142835859317123,-0.142835859317123,0.0861582087151818,0.0861582087151818,0,0,0,0.95,0.95,0,0,0,0.95,0.95,0.157439231831917,-0.157439231831917,-0.0587799647072368,0.0587799647072368,-0.0986592671246798,0.0986592671246798,-0.0936670412957414,0.95,-0.949206095951875
hpt_v2_topology2_paper,topology2,fault,deep_lvrt,lvrt_300ms_0.650pu,0.374,fault,rule_action,0,NaN,0.65,0.65,0.65,1,1,192.693528218316,850.032864181406,1.00647098509273,0.926443347621982,0.0525136902774397,1.06254108022676,-0.0625410802267572,-0.0064709850927267,0.153675760077392,0.334468892915232,-0.0313577768908023,-0.0337418209661291,0,0,0,0,0,1,1,0,1,0,0.845581618052339,1.0228955738015,-3.75268715828569,-0.545284033473203,-0.0314568970646807,-0.0314568970646807,-0.0314568970646807,-0.010258558538703,-0.010258558538703,-0.032377661180858,-0.032377661180858,-0.032377661180858,0.0439614751025072,0.0439614751025072,0,0,0,0.95,0.95,0,0,0,0.95,0.95,-0.0186354639784018,0.0186354639784018,0.0449256889523929,-0.0449256889523929,-0.0262902249739911,0.0262902249739911,-0.699884206496029,0.95,-0.420120554899111
hpt_v2_topology2_paper,topology2,fault,deep_lvrt,lvrt_300ms_0.650pu,0.376,fault,rule_action,0,NaN,0.65,0.65,0.65,1,1,182.260512837796,843.25817928294,0.96854220677231,0.921805248455434,0.125853566395864,1.05407272410368,-0.0540727241036754,0.0314577932276904,0.0644627294198714,0.332548946989358,0.0662511239676093,0.0370799204337958,0,0,0,0,0,1,1,0,1,0,0.845581618052339,1.0228955738015,1.5437280672248,1.36607325087956,0.0680225218277023,0.0680225218277023,0.0680225218277023,0.0683892930548074,0.0683892930548074,0.0369473798141657,0.0369473798141657,0.0369473798141657,-0.0362639896646263,-0.0362639896646263,0,0,0,0.95,0.95,0,0,0,0.95,0.95,0.0754206951037827,-0.0754206951037827,-0.0528073116753842,0.0528073116753842,-0.0226133834283984,0.0226133834283984,-0.95,0.802680787126401,0.23673416247163
hpt_v2_topology2_paper,topology2,fault,deep_lvrt,lvrt_300ms_0.650pu,0.378,fault,rule_action,0,NaN,0.65,0.65,0.65,1,1,198.195698000988,826.57516516649,0.946480979106545,0.934002546732484,0.0769658087650456,1.03321895645811,-0.0332189564581125,0.0535190208934549,0.0240337210215561,0.373813909332049,0.238479687666524,-0.0587092207709491,0,0,0,0,0,1,1,0,1,0,0.845581618052339,1.0228955738015,-5,-1.05130540454779,0.239800040593945,0.239800040593945,0.239800040593945,0.239185872581833,0.239185872581833,-0.0606465679747369,-0.0606465679747369,-0.0606465679747369,0.0630252650390255,0.0630252650390255,0,0,0,0.95,0.95,0,0,0,0.95,0.95,0.101810053069418,-0.101810053069418,0.144319418854388,-0.144319418854388,-0.246129471923807,0.246129471923807,-0.95,0.178127152870345,0.835927362236284
hpt_v2_topology2_paper,topology2,fault,deep_lvrt,lvrt_300ms_0.650pu,0.38,recovery,rule_action,0,NaN,0.65,0.65,0.65,1,1,229.043331755281,786.539209857196,0.977891283008309,0.953742638298362,0.0485272534268228,0.983174012321495,0.0168259876785046,0.0221087169916911,0.0472009056972016,0.41960881081187,0.237960080832086,-0.20428737171153,0,0,0,0,0,1,1,0,1,0,0.845581618052339,1.0228955738015,-0.668520998596933,-0.781429944376688,0.23666101384813,0.23666101384813,0.23666101384813,0.235157920183858,0.235157920183858,-0.20516354008871,-0.20516354008871,-0.20516354008871,0.206884668915216,0.206884668915216,0,0,0,0.95,0.95,0,0,0,0.95,0.95,-0.198725083817135,0.198725083817135,0.309020933201217,-0.309020933201217,-0.110295849384083,0.110295849384083,-0.607419732137754,-0.552140230819369,0.95
hpt_v2_topology2_paper,topology2,fault,deep_lvrt,lvrt_300ms_0.650pu,0.382,recovery,rule_action,0,NaN,0.65,0.65,0.65,1,1,224.695625053608,826.690303192082,1.01769921229515,0.966659477846851,0.143779040330395,1.0333628789901,-0.0333628789901028,-0.0176992122951476,0.137574905070529,0.406337591686842,0.0453015943547915,-0.226369764425216,0,0,0,0,0,1,1,0,1,0,0.845581618052339,1.0228955738015,0.444945788417805,2.73600205542768,0.0432423014926474,0.0432423014926474,0.0432423014926474,0.154321025801367,0.154321025801367,-0.226151239562577,-0.226151239562577,-0.226151239562577,0.170878028984667,0.170878028984667,0,0,0,0.95,0.95,0,0,0,0.95,0.95,-0.209311957527997,0.209311957527997,0.0215771717648508,-0.0215771717648508,0.187734785763146,-0.187734785763146,0.0831708351657719,-0.95,0.916411043427048
hpt_v2_topology2_paper,topology2,fault,deep_lvrt,lvrt_300ms_0.650pu,0.384,recovery,rule_action,0,NaN,0.65,0.65,0.65,1,1,202.96438194436,854.291686012086,1.01893171388895,1.03241602909302,0.0708047157003949,1.06786460751511,-0.0678646075151068,-0.0189317138889507,0.223547732061532,0.356891767773669,-0.0740366564279983,-0.170463032383369,0,0,0,0,0,1,1,0,1,0,0.845581618052339,1.04218883239047,-0.26060365602798,-0.482867212501681,-0.0742263848159474,-0.0742263848159474,-0.0742263848159474,0.0250375038321236,0.0250375038321236,-0.169676601005022,-0.169676601005022,-0.169676601005022,0.183501576378294,0.183501576378294,0,0,0,0.95,0.95,0,0,0,0.95,0.95,0.018792099431324,-0.018792099431324,-0.168957704250263,0.168957704250263,0.150165604818939,-0.150165604818939,0.726099340407291,-0.95,0.368760221686162
hpt_v2_topology2_paper,topology2,fault,deep_lvrt,lvrt_300ms_0.650pu,0.386,recovery,rule_action,0,NaN,0.65,0.65,0.65,1,1,201.485946966369,860.966325991875,1.00355340126129,1.05973225389269,0.0311918598059323,1.07620790748984,-0.0762079074898443,-0.00355340126129411,0.211463966140897,0.294789430315289,-0.0510459560636702,-0.104052609689721,0,0,0,0,0,1,1,0,1,0,0.845581618052339,1.10450109899715,-5,-2.02617816082595,-0.0505663182988943,-0.0505663182988943,-0.0505663182988943,0.0110722528416727,0.0110722528416727,-0.10373310380121,-0.10373310380121,-0.10373310380121,0.11486911938179,0.11486911938179,0,0,0,0.95,0.95,0,0,0,0.95,0.95,0.0811048679128671,-0.0811048679128671,-0.111648371453105,0.111648371453105,0.0305435035402378,-0.0305435035402378,0.95,-0.797934245127331,-0.297498786382555
hpt_v2_topology2_paper,topology2,fault,deep_lvrt,lvrt_300ms_0.650pu,0.388,recovery,rule_action,0,NaN,0.65,0.65,0.65,1,1,204.899028063849,852.534599429104,0.994478165579173,1.05895080474545,0.0483626075282375,1.06566824928638,-0.0656682492863798,0.00552183442082654,0.179616352973898,0.250581983078481,-0.00220983551757687,-0.0528340113957019,0,0,0,0,0,1,1,0,1,0,0.845581618052339,1.11736370484931,-5,-1.14400340183685,-0.00180535337203459,-0.00180535337203459,-0.00180535337203459,-0.00177919925617622,-0.00177919925617622,-0.0526017018261061,-0.0526017018261061,-0.0526017018261061,0.0526025929570712,0.0526025929570712,0,0,0,0.95,0.95,0,0,0,0.95,0.95,0.0440344461757285,-0.0440344461757285,-0.046984690207058,0.046984690207058,0.00295024403132945,-0.00295024403132945,0.95,-0.180153118928994,-0.880968639410184
hpt_v2_topology2_paper,topology2,fault,deep_lvrt,lvrt_300ms_0.650pu,0.39,recovery,rule_action,0,NaN,0.65,0.65,0.65,1,1,209.120824717132,849.46790301063,0.997478396318238,1.07465982107122,0.0375240017811363,1.06183487876329,-0.0618348787632876,0.00252160368176246,0.120927140493126,0.249193087706121,0.00859608342213042,-0.0310712980109819,0,0,0,0,0,1,0,1,0,0.0165000000000165,0.845581618052339,1.11736370484931,-1.74108544305662,-0.714230936324167,0.00858674563671544,0.00858674563671544,0.00858674563671544,0.00861691343201885,0.00861691343201885,-0.0308226858120584,-0.0308226858120584,-0.0308226858120584,0.0308142655957206,0.0308142655957206,0,0,0,0.95,0.95,0,0,0,0.95,0.95,0.0309500051129687,-0.0309500051129687,-0.0225035520942124,0.0225035520942124,-0.00844645301875626,0.00844645301875626,0.596998343922479,0.482638294829731,-0.95
hpt_v2_topology2_paper,topology2,fault,deep_lvrt,lvrt_300ms_0.650pu,0.392,recovery,rule_action,0,NaN,0.65,0.65,0.65,1,1,208.99160718574,846.539523582384,1.00075722460195,1.05042206971699,0.00725984336383147,1.05817440447798,-0.0581744044779802,-0.000757224601948048,0.0890716609492847,0.259790873970693,0.00431051257228921,-0.0145619547927168,0,0,0,0,0,1,0,1,0,0.0331666666666998,0.845581618052339,1.11736370484931,-2.26717692679879,-0.760141172754913,0.00425339596839337,0.00425339596839337,0.00425339596839337,0.00426233159122073,0.00426233159122073,-0.0145676824325139,-0.0145676824325139,-0.0145676824325139,0.0145650704812919,0.0145650704812919,0,0,0,0.95,0.95,0,0,0,0.95,0.95,0.0142278588921558,-0.0142278588921558,-0.00254144816699467,0.00254144816699467,-0.0116864107251611,0.0116864107251611,-0.0679621115330072,0.95,-0.892839943002199
hpt_v2_topology2_paper,topology2,fault,deep_lvrt,lvrt_300ms_0.650pu,0.394,recovery,rule_action,0,NaN,0.65,0.65,0.65,1,1,209.65860123695,849.61689438421,1.00482874704709,1.03304579128846,0.0115870981064485,1.06202111798026,-0.062021117980263,-0.00482874704708824,0.0562625454845592,0.303665386074966,-0.00333561139142946,-0.00956679604386553,0,0,0,0,0,1,0,1,0,0.0498333333333832,0.845581618052339,1.11736370484931,-2.57406530080861,0.595593336327749,-0.0034210806056274,-0.0034210806056274,-0.0034210806056274,0.00212189559272333,0.00212189559272333,-0.00964042916454153,-0.00964042916454153,-0.00964042916454153,0.0100069588827138,0.0100069588827138,0,0,0,0.95,0.95,0,0,0,0.95,0.95,-0.000332940191492559,0.000332940191492559,0.00902074100653978,-0.00902074100653978,-0.00868780081504722,0.00868780081504722,-0.685566561647728,0.95,-0.378377535693448
hpt_v2_topology2_paper,topology2,fault,deep_lvrt,lvrt_300ms_0.650pu,0.396,recovery,rule_action,0,NaN,0.65,0.65,0.65,1,1,210.296418915941,846.898620794281,1.00712023216997,1.05544905120224,0.0113178269589569,1.05862327599285,-0.0586232759928516,-0.00712023216996682,0.0517608651556421,0.34230348051225,-0.0104907365701666,-0.0112680991798779,0,0,0,0,0,1,0,1,0,0.0665000000000665,0.845581618052339,1.11736370484931,0.307807425966367,1.13878307181592,-0.0105541565299937,-0.0105541565299937,-0.0105541565299937,-0.00307192616430397,-0.00307192616430397,-0.0113616103588317,-0.0113616103588317,-0.0113616103588317,0.0151999894620551,0.0151999894620551,0,0,0,0.95,0.95,0,0,0,0.95,0.95,-0.0135488198929574,0.0135488198929574,0.0133073585254354,-0.0133073585254354,0.000241461367522033,-0.000241461367522033,-0.95,0.723641132478436,0.295469464340252
hpt_v2_topology2_paper,topology2,fault,deep_lvrt,lvrt_300ms_0.650pu,0.398,recovery,rule_action,0,NaN,0.65,0.65,0.65,1,1,208.100046499617,846.910487286335,1.00570687659268,1.04068794690743,0.0166333133729343,1.05863810910792,-0.0586381091079184,-0.00570687659267666,0.0910357026349223,0.345481441942715,-0.0130183460918969,-0.0183432353723186,0,0,0,0,0,1,0,1,0,0.0831666666667498,0.845581618052339,1.11736370484931,-2.68520579438136,-0.509343277302676,-0.013002865586438,-0.013002865586438,-0.013002865586438,-0.00150446057856814,-0.00150446057856814,-0.0183909990778656,-0.0183909990778656,-0.0183909990778656,0.022473094110704,0.022473094110704,0,0,0,0.95,0.95,0,0,0,0.95,0.95,-0.0225202970174089,0.0225202970174089,0.0115837023551236,-0.0115837023551236,0.0109365946622853,-0.0109365946622853,-0.95,0.129745977540754,0.855641371348633
hpt_v2_topology2_paper,topology2,fault,deep_lvrt,lvrt_300ms_0.650pu,0.4,recovery,rule_action,0,NaN,0.65,0.65,0.65,1,1,211.157068847319,847.444046496836,1.00861385479041,1.0544530101584,0.0203668598481071,1.05930505812104,-0.0593050581210444,-0.00861385479041288,0.0848606634794575,0.350262687840749,-0.0143548329187265,-0.0214561940194099,0,0,0,0,0,1,0,1,0,0.0998333333334332,0.845581618052339,1.11736370484931,-1.42445132689639,-0.609953536278906,-0.0144145838281827,-0.0144145838281827,-0.0144145838281827,-0.00115314256230187,-0.00115314256230187,-0.021397549696043,-0.021397549696043,-0.021397549696043,0.0257741269913326,0.0257741269913326,0,0,0,0.95,0.95,0,0,0,0.95,0.95,-0.0214900793724832,0.0214900793724832,-0.00161857169450113,0.00161857169450113,0.0231086510669843,-0.0231086510669843,-0.571048819941245,-0.524996304252221,0.95
hpt_v2_topology2_paper,topology2,fault,deep_lvrt,lvrt_300ms_0.650pu,0.402,recovery,rule_action,0,NaN,0.65,0.65,0.65,1,1,211.508568006213,849.506517604557,1.01133700923,1.05913367639948,0.0101862215304227,1.0618831470057,-0.061883147005696,-0.011337009230002,0.088850924505723,0.361028458979785,-0.0202851184277343,-0.0198723948947798,0,0,0,0,0,1,0,1,0,0.116500000000117,0.845581618052339,1.11736370484931,1.57602224484288,2.15413391836461,-0.0203529809555593,-0.0203529809555593,-0.0203529809555593,-0.00702623296010887,-0.00702623296010887,-0.0198868312503844,-0.0198868312503844,-0.0198868312503844,0.0275746612191139,0.0275746612191139,0,0,0,0.95,0.95,0,0,0,0.95,0.95,-0.00441454383487616,0.00441454383487616,-0.0221377741960208,0.0221377741960208,0.0265523180308969,-0.0265523180308969,0.0787949784948221,-0.95,0.882636860738639
hpt_v2_topology2_paper,topology2,fault,deep_lvrt,lvrt_300ms_0.650pu,0.404,recovery,rule_action,0,NaN,0.65,0.65,0.65,1,1,207.995842505835,849.888048661531,1.00992758053083,1.04536399707532,0.0225518774971261,1.06236006082691,-0.0623600608269133,-0.00992758053083143,0.128232567549518,0.346911392885076,-0.0236393298460778,-0.0221267810824511,0,0,0,0,0,1,0,1,0,0.1331666666668,0.845581618052339,1.11736370484931,-5,0.544451196418993,-0.0236174152398975,-0.0236174152398975,-0.0236174152398975,-0.00867122148342927,-0.00867122148342927,-0.0221148200219214,-0.0221148200219214,-0.0221148200219214,0.0311714209685897,0.0311714209685897,0,0,0,0.95,0.95,0,0,0,0.95,0.95,0.0152427806184045,-0.0152427806184045,-0.0323373548802277,0.0323373548802277,0.0170945742618232,-0.0170945742618232,0.706993418484245,-0.95,0.35940039517743
hpt_v2_topology2_paper,topology2,fault,deep_lvrt,lvrt_300ms_0.650pu,0.406,recovery,rule_action,0,NaN,0.65,0.65,0.65,1,1,211.067225232407,846.546889924506,1.00957860670231,1.02624310324114,0.00878080283330136,1.05818361240563,-0.0581836124056327,-0.0095786067023087,0.117029615519072,0.333404742093803,-0.0207765007444334,-0.0229832852617967,0,0,0,0,0,1,0,1,0,0.149833333333483,0.845581618052339,1.11736370484931,-5,-0.830251774243784,-0.0207816281004338,-0.0207816281004338,-0.0207816281004338,-0.00581291717490187,-0.00581291717490187,-0.0229814448930954,-0.0229814448930954,-0.0229814448930954,0.0304340741570506,0.0304340741570506,0,0,0,0.95,0.95,0,0,0,0.95,0.95,0.0266111750046653,-0.0266111750046653,-0.0270497200891003,0.0270497200891003,0.000438545084435017,-0.000438545084435017,0.95,-0.778273194483543,-0.30399142628441
hpt_v2_topology2_paper,topology2,fault,deep_lvrt,lvrt_300ms_0.650pu,0.408,recovery,rule_action,0,NaN,0.65,0.65,0.65,1,1,209.863140280762,851.468251788859,1.01030145302411,1.03680658288622,0.019678281195171,1.06433531473607,-0.0643353147360732,-0.0103014530241081,0.117148578310293,0.316657804643735,-0.0218689084111305,-0.0225718813029282,0,0,0,0,0,1,0,1,0,0.166500000000167,0.845581618052339,1.11736370484931,-5,-1.1581755953427,-0.0218826433780198,-0.0218826433780198,-0.0218826433780198,-0.00697272774621684,-0.00697272774621684,-0.0225881858466351,-0.0225881858466351,-0.0225881858466351,0.0306668760852627,0.0306668760852627,0,0,0,0.95,0.95,0,0,0,0.95,0.95,0.0312157168162573,-0.0312157168162573,-0.012292525314123,0.012292525314123,-0.0189231915021343,0.0189231915021343,0.95,-0.16849843801539,-0.86649933696982
hpt_v2_topology2_paper,topology2,fault,deep_lvrt,lvrt_300ms_0.650pu,0.41,recovery,rule_action,0,NaN,0.65,0.65,0.65,1,1,209.105898995386,849.882985570371,1.01124523923686,1.05580258972748,0.0080614588324982,1.06235373196296,-0.0623537319629641,-0.0112452392368592,0.105458601047488,0.318486933896018,-0.0241707645725629,-0.023517311939202,0,0,0,0,0,1,0,1,0,0.18316666666685,0.845581618052339,1.11736370484931,0.745302473523557,-0.758238815482315,-0.0241840555894959,-0.0241840555894959,-0.0241840555894959,-0.00847383675215033,-0.00847383675215033,-0.0235070136825876,-0.0235070136825876,-0.0235070136825876,0.0326441775471078,0.0326441775471078,0,0,0,0.95,0.95,0,0,0,0.95,0.95,0.0240175299296204,-0.0240175299296204,0.00849623125152055,-0.00849623125152055,-0.0325137611811409,0.0325137611811409,0.580924528476058,0.4945452379984,-0.95
hpt_v2_topology2_paper,topology2,fault,deep_lvrt,lvrt_300ms_0.650pu,0.412,recovery,rule_action,0,NaN,0.65,0.65,0.65,1,1,209.153445988078,845.825904955765,1.00895869511303,1.03564665170546,0.022807733824562,1.05728238119471,-0.0572823811947061,-0.0089586951130316,0.10342046320282,0.311387822624108,-0.0223215548781193,-0.0245973361122993,0,0,0,0,0,1,0,1,0,0.199833333333533,0.845581618052339,1.11736370484931,-2.20502541022127,-0.839919536585132,-0.0222863748921079,-0.0222863748921079,-0.0222863748921079,-0.00629209452422681,-0.00629209452422681,-0.0246048644611596,-0.0246048644611596,-0.0246048644611596,0.0325958802225344,0.0325958802225344,0,0,0,0.95,0.95,0,0,0,0.95,0.95,0.00756474389687751,-0.00756474389687751,0.0242112413065289,-0.0242112413065289,-0.0317759852034064,0.0317759852034064,-0.0796413348539533,0.95,-0.898204497265659
hpt_v2_topology2_paper,topology2,fault,deep_lvrt,lvrt_300ms_0.650pu,0.414,recovery,rule_action,0,NaN,0.65,0.65,0.65,1,1,209.673588439576,850.479563633873,1.00971486115689,1.03737573721079,0.024771850525034,1.06309945454234,-0.0630994545423411,-0.00971486115689157,0.0900714259300993,0.336507213566391,-0.0210685553554863,-0.023818731347123,0,0,0,0,0,1,0,1,0,0.216500000000217,0.845581618052339,1.11736370484931,-1.68574398162336,0.716260380872136,-0.0210743183584379,-0.0210743183584379,-0.0210743183584379,-0.00569689640466579,-0.00569689640466579,-0.0237762199966158,-0.0237762199966158,-0.0237762199966158,0.0312566937303799,0.0312566937303799,0,0,0,0.95,0.95,0,0,0,0.95,0.95,-0.011933036955952,0.011933036955952,0.031467079657215,-0.031467079657215,-0.019534042701263,0.019534042701263,-0.704660945337584,0.95,-0.381041213099972
hpt_v2_topology2_paper,topology2,fault,deep_lvrt,lvrt_300ms_0.650pu,0.416,recovery,rule_action,0,NaN,0.65,0.65,0.65,1,1,210.1052230879,851.019351179535,1.01022450246109,1.05436367439554,0.00676659483297474,1.06377418897442,-0.0637741889744188,-0.0102245024610859,0.0896174537651604,0.354684446825125,-0.0217603853180481,-0.023393076550476,0,0,0,0,0,1,0,1,0,0.2331666666669,0.845581618052339,1.11736370484931,1.49101430869258,1.59511483089347,-0.0217732737409274,-0.0217732737409274,-0.0217732737409274,-0.00649603502664272,-0.00649603502664272,-0.0234128431032324,-0.0234128431032324,-0.0234128431032324,0.0313055618142618,0.0313055618142618,0,0,0,0.95,0.95,0,0,0,0.95,0.95,-0.0274764783113275,0.0274764783113275,0.0278966238935431,-0.0278966238935431,-0.000420145582215588,0.000420145582215588,-0.95,0.744958153003178,0.291976352578219
hpt_v2_topology2_paper,topology2,fault,deep_lvrt,lvrt_300ms_0.650pu,0.418,recovery,rule_action,0,NaN,0.65,0.65,0.65,1,1,207.802741493006,849.031742918141,1.00719329014337,1.03195945318505,0.0197436434677687,1.06128967864768,-0.061289678647676,-0.00719329014336845,0.124495835762746,0.328677858547458,-0.0197960030566607,-0.0277583777444112,0,0,0,0,0,1,0,1,0,0.249833333333583,0.845581618052339,1.11736370484931,-1.71782026161638,-0.0745590135917684,-0.0197381225596886,-0.0197381225596886,-0.0197381225596886,-0.0025042753650925,-0.0025042753650925,-0.0277661727343369,-0.0277661727343369,-0.0277661727343369,0.0339747323078506,0.0339747323078506,0,0,0,0.95,0.95,0,0,0,0.95,0.95,-0.0340383899683227,0.0340383899683227,0.0182260003305331,-0.0182260003305331,0.0158123896377896,-0.0158123896377896,-0.95,0.151547208770479,0.860217561844481
hpt_v2_topology2_paper,topology2,fault,deep_lvrt,lvrt_300ms_0.650pu,0.42,recovery,rule_action,0,NaN,0.65,0.65,0.65,1,1,211.363564466875,847.936017634944,1.00967621486054,1.04464374805541,0.019656221114826,1.05992002204368,-0.0599200220436797,-0.00967621486053516,0.094245274401319,0.319752019977539,-0.0181451452343524,-0.029958674883252,0,0,0,0,0,1,0,1,0,0.266500000000267,0.845581618052339,1.11736370484931,-1.43697386372388,-0.523940243136067,-0.0181887625342843,-0.0181887625342843,-0.0181887625342843,-6.81114098648634e-05,-6.81114098648634e-05,-0.0299052292173157,-0.0299052292173157,-0.0299052292173157,0.0350021310480465,0.0350021310480465,0,0,0,0.95,0.95,0,0,0,0.95,0.95,-0.0304514504720538,0.0304514504720538,0.00027924618868529,-0.00027924618868529,0.0301722042833685,-0.0301722042833685,-0.598337396483626,-0.50840689725656,0.95
hpt_v2_topology2_paper,topology2,fault,deep_lvrt,lvrt_300ms_0.650pu,0.422,recovery,rule_action,0,NaN,0.65,0.65,0.65,1,1,211.852327919403,850.098834938327,1.01168090748147,1.05752519276807,0.0120837294686366,1.06262354367291,-0.0626235436729088,-0.0116809074814745,0.0760810302536787,0.333846171803859,-0.0223670320965811,-0.0270173095433273,0,0,0,0,0,1,0,1,0,0.28316666666695,0.845581618052339,1.11736370484931,1.57580071571073,1.99766991092143,-0.0224185518772192,-0.0224185518772192,-0.0224185518772192,-0.0052000101681263,-0.0052000101681263,-0.0269886515953265,-0.0269886515953265,-0.0269886515953265,0.034697819491387,0.034697819491387,0,0,0,0.95,0.95,0,0,0,0.95,0.95,-0.00975705641290762,0.00975705641290762,-0.024307666732603,0.024307666732603,0.0340647231455106,-0.0340647231455106,0.057737668414078,-0.95,0.893557167997548
hpt_v2_topology2_paper,topology2,fault,deep_lvrt,lvrt_300ms_0.650pu,0.424,recovery,rule_action,0,NaN,0.65,0.65,0.65,1,1,208.204719871805,849.791050354448,1.01062851533153,1.03758450040447,0.0210571286234728,1.06223881294306,-0.0622388129430604,-0.010628515331526,0.100495051918327,0.347300365120761,-0.0251781055094645,-0.0273708460614156,0,0,0,0,0,1,0,1,0,0.299833333333633,0.845581618052339,1.11736370484931,-5,-0.090414998084265,-0.0251585173235238,-0.0251585173235238,-0.0251585173235238,-0.00733527180301469,-0.00733527180301469,-0.0273983019287921,-0.0273983019287921,-0.0273983019287921,0.0364665837456046,0.0364665837456046,0,0,0,0.95,0.95,0,0,0,0.95,0.95,0.0142877015342885,-0.0142877015342885,-0.0368862387937434,0.0368862387937434,0.022598537259455,-0.022598537259455,0.697569151319135,-0.95,0.36365174558725
hpt_v2_topology2_paper,topology2,fault,deep_lvrt,lvrt_300ms_0.650pu,0.426,recovery,rule_action,0,NaN,0.65,0.65,0.65,1,1,210.809744267986,845.450918111824,1.0100212018864,1.02059318842299,0.00664424291997303,1.05681364763978,-0.0568136476397805,-0.010021201886397,0.0932733081539497,0.344038947783663,-0.0222950326354458,-0.0291175046842081,0,0,0,0,0,1,0,1,0,0.316500000000317,0.845581618052339,1.11736370484931,-5,-0.427042743249118,-0.0222944921992483,-0.0222944921992483,-0.0222944921992483,-0.00400397356953317,-0.00400397356953317,-0.0290982138877272,-0.0290982138877272,-0.0290982138877272,0.0364378735594263,0.0364378735594263,0,0,0,0.95,0.95,0,0,0,0.95,0.95,0.0294355187097414,-0.0294355187097414,-0.0336379999486116,0.0336379999486116,0.00420248123887019,-0.00420248123887019,0.95,-0.7749151995208,-0.303672735461372
hpt_v2_topology2_paper,topology2,fault,deep_lvrt,lvrt_300ms_0.650pu,0.428,recovery,rule_action,0,NaN,0.65,0.65,0.65,1,1,209.826969076384,851.410607342077,1.0104669925323,1.03401356074037,0.0183254890109656,1.0642632591776,-0.0642632591775967,-0.0104669925322975,0.102746436013652,0.33512543295562,-0.0227307028735337,-0.0295233539160936,0,0,0,0,0,1,0,1,0,0.333166666667,0.845581618052339,1.11736370484931,-5,-1.15071403780087,-0.0227386619161301,-0.0227386619161301,-0.0227386619161301,-0.00416821840857632,-0.00416821840857632,-0.0295091970904444,-0.0295091970904444,-0.0295091970904444,0.0370197975947622,0.0370197975947622,0,0,0,0.95,0.95,0,0,0,0.95,0.95,0.0372523848312958,-0.0372523848312958,-0.0188990701902116,0.0188990701902116,-0.0183533146410841,0.0183533146410841,0.95,-0.161192738146626,-0.870272567153618
hpt_v2_topology2_paper,topology2,fault,deep_lvrt,lvrt_300ms_0.650pu,0.43,recovery,rule_action,0,NaN,0.65,0.65,0.65,1,1,208.966239202623,850.277492075397,1.01129338196772,1.05369687789766,0.00698207606110568,1.06284686509425,-0.0628468650942466,-0.0112933819677226,0.103087175746732,0.338076261894698,-0.0246031340614985,-0.0304130151959238,0,0,0,0,0,1,0,1,0,0.349833333333683,0.845581618052339,1.11736370484931,0.494911609167037,-0.737352476425812,-0.02461261860237,-0.02461261860237,-0.02461261860237,-0.00531963816222943,-0.00531963816222943,-0.0303661170035585,-0.0303661170035585,-0.0303661170035585,0.0387244561764589,0.0387244561764589,0,0,0,0.95,0.95,0,0,0,0.95,0.95,0.0312567433500022,-0.0312567433500022,0.00469829894806752,-0.00469829894806752,-0.0359550422980697,0.0359550422980697,0.574238966594133,0.506067433370944,-0.95
hpt_v2_topology2_paper,topology2,fault,deep_lvrt,lvrt_300ms_0.650pu,0.432,recovery,rule_action,0,NaN,0.65,0.65,0.65,1,1,209.995017849859,846.461617950179,1.00917831096799,1.04111023584254,0.0257732274152786,1.05807702243772,-0.0580770224377243,-0.00917831096799415,0.104145477739124,0.322118585436433,-0.0224697690925284,-0.0307775060520919,0,0,0,0,0,1,0,1,0,0.366500000000367,0.845581618052339,1.11736370484931,-2.30620635007561,-1.30041632859523,-0.0224400585433601,-0.0224400585433601,-0.0224400585433601,-0.00318251728323947,-0.00318251728323947,-0.030888474278976,-0.030888474278976,-0.030888474278976,0.0380463619082596,0.0380463619082596,0,0,0,0.95,0.95,0,0,0,0.95,0.95,0.0131504024710263,-0.0131504024710263,0.024465751378281,-0.024465751378281,-0.0376161538493072,0.0376161538493072,-0.0881200154435126,0.95,-0.897078527709336
hpt_v2_topology2_paper,topology2,fault,deep_lvrt,lvrt_300ms_0.650pu,0.434,recovery,rule_action,0,NaN,0.65,0.65,0.65,1,1,211.027729885287,849.991851298845,1.01127853345866,1.03887628512492,0.0209410169182127,1.06248981412356,-0.0624898141235561,-0.011278533458658,0.0862532646094493,0.331198562610474,-0.0227855503383246,-0.0298520055088985,0,0,0,0,0,1,0,1,0,0.38316666666705,0.845581618052339,1.11736370484931,-1.49467797583513,0.252933589575122,-0.0228188788937674,-0.0228188788937674,-0.0228188788937674,-0.00402335463235695,-0.00402335463235695,-0.0298769134394299,-0.0298769134394299,-0.0298769134394299,0.0373783869119295,0.0373783869119295,0,0,0,0.95,0.95,0,0,0,0.95,0.95,-0.0111094335454624,0.0111094335454624,0.0366583139553872,-0.0366583139553872,-0.0255488804099247,0.0255488804099247,-0.710048292896782,0.95,-0.379389726631331
hpt_v2_topology2_paper,topology2,fault,deep_lvrt,lvrt_300ms_0.650pu,0.436,recovery,rule_action,0,NaN,0.65,0.65,0.65,1,1,210.945505856796,850.420936605534,1.01325705594564,1.05672100044052,0.00932418532085362,1.06302617075692,-0.063026170756918,-0.0132570559456402,0.0754192336651278,0.342242578379464,-0.0266968675389567,-0.0291595590963299,0,0,0,0,0,1,0,1,0,0.399833333333733,0.845581618052339,1.11736370484931,1.00233616787326,1.46928094807386,-0.0267414091310913,-0.0267414091310913,-0.0267414091310913,-0.00775514864295314,-0.00775514864295314,-0.0291389908163144,-0.0291389908163144,-0.0291389908163144,0.038781972843518,0.038781972843518,0,0,0,0.95,0.95,0,0,0,0.95,0.95,-0.0336461274413605,0.0336461274413605,0.034825602214794,-0.034825602214794,-0.00117947477343344,0.00117947477343344,-0.95,0.743111312412742,0.293825528345597
hpt_v2_topology2_paper,topology2,fault,deep_lvrt,lvrt_300ms_0.650pu,0.438,recovery,rule_action,0,NaN,0.65,0.65,0.65,1,1,204.541987250178,848.775842594606,1.00805106850162,1.04075569307482,0.0167132296119139,1.06096980324326,-0.0609698032432575,-0.00805106850161685,0.105198598201259,0.319863660796438,-0.0257917476183837,-0.0327635565414821,0,0,0,0,0,1,0,1,0,0.416500000000417,0.845581618052339,1.11736370484931,-1.00362716116598,-0.183867255402426,-0.0256818159059439,-0.0256818159059439,-0.0256818159059439,-0.0049590355741335,-0.0049590355741335,-0.0327516063173206,-0.0327516063173206,-0.0327516063173206,0.0413234963521484,0.0413234963521484,0,0,0,0.95,0.95,0,0,0,0.95,0.95,-0.041619907590374,0.041619907590374,0.0208807179824832,-0.0208807179824832,0.0207391896078909,-0.0207391896078909,-0.95,0.14519868254744,0.861076971930094
hpt_v2_topology2_paper,topology2,fault,deep_lvrt,lvrt_300ms_0.650pu,0.44,recovery,rule_action,0,NaN,0.65,0.65,0.65,1,1,210.252951325319,847.186229975822,1.00512683385979,1.04988892403969,0.0195861138008654,1.05898278746978,-0.0589827874697773,-0.00512683385978585,0.0740628047935086,0.322587373596392,-0.0142123649610702,-0.0366256601936384,0,0,0,0,0,1,0,1,0,0.4331666666671,0.845581618052339,1.11736370484931,-1.46192372985365,-1.00196035520672,-0.0141632716387174,-0.0141632716387174,-0.0141632716387174,0.00687893260321254,0.00687893260321254,-0.0365352584646849,-0.0365352584646849,-0.0365352584646849,0.0385759466615388,0.0385759466615388,0,0,0,0.95,0.95,0,0,0,0.95,0.95,-0.0370199503637489,0.0370199503637489,0.00738747603625775,-0.00738747603625775,0.0296324743274911,-0.0296324743274911,-0.583376623274203,-0.520318372872829,0.95
hpt_v2_topology2_paper,topology2,fault,deep_lvrt,lvrt_300ms_0.650pu,0.442,recovery,rule_action,0,NaN,0.65,0.65,0.65,1,1,211.472877364237,848.17369527619,1.00866069842798,1.06818770797073,0.0113340707571353,1.06021711909524,-0.0602171190952376,-0.00866069842798001,0.062657897965535,0.341190092975749,-0.0147478676297986,-0.0319771354692659,0,0,0,0,0,1,0,1,0,0.449833333333783,0.845581618052339,1.11736370484931,2.3549161302252,1.92328429448874,-0.0148047455588463,-0.0148047455588463,-0.0148047455588463,0.00394159564953521,0.00394159564953521,-0.0319118846985071,-0.0319118846985071,-0.0319118846985071,0.0349572982338246,0.0349572982338246,0,0,0,0.95,0.95,0,0,0,0.95,0.95,-0.01820306983082,0.01820306983082,-0.0169685215403298,0.0169685215403298,0.0351715913711498,-0.0351715913711498,0.0762369731698471,-0.95,0.884870109192857
hpt_v2_topology2_paper,topology2,fault,deep_lvrt,lvrt_300ms_0.650pu,0.444,recovery,rule_action,0,NaN,0.65,0.65,0.65,1,1,208.3285044802,849.419568812068,1.0085389121239,1.04508292734395,0.0267472748850036,1.06177446101508,-0.0617744610150845,-0.00853891212389768,0.0947765308931767,0.342056629344745,-0.0188605160486913,-0.0320922593807551,0,0,0,0,0,1,0,1,0,0.466500000000467,0.845581618052339,1.11736370484931,-5,-1.03735850566311,-0.0188587003847287,-0.0188587003847287,-0.0188587003847287,0.000636178972708303,0.000636178972708303,-0.0321947177473258,-0.0321947177473258,-0.0321947177473258,0.0373061081774235,0.0373061081774235,0,0,0,0.95,0.95,0,0,0,0.95,0.95,0.00666773622149234,-0.00666773622149234,-0.0351264583407613,0.0351264583407613,0.028458722119269,-0.028458722119269,0.710565570003269,-0.95,0.349696334153781
hpt_v2_topology2_paper,topology2,fault,deep_lvrt,lvrt_300ms_0.650pu,0.446,recovery,rule_action,0,NaN,0.65,0.65,0.65,1,1,211.881340522696,845.182428919961,1.00912595538063,1.02566669441547,0.00648360087616197,1.05647803614995,-0.0564780361499513,-0.00912595538062777,0.081080420705186,0.324109505900673,-0.0179685682832538,-0.0332216076423838,0,0,0,0,0,1,0,1,0,0.48316666666715,0.845581618052339,1.11736370484931,-5,-0.413352837053571,-0.0179974645445322,-0.0179974645445322,-0.0179974645445322,0.00189223663939186,0.00189223663939186,-0.0331668463385268,-0.0331668463385268,-0.0331668463385268,0.0376877681294035,0.0376877681294035,0,0,0,0.95,0.95,0,0,0,0.95,0.95,0.0264250825090249,-0.0264250825090249,-0.0365416556901222,0.0365416556901222,0.0101165731810973,-0.0101165731810973,0.95,-0.76761444292108,-0.313124648704022
hpt_v2_topology2_paper,topology2,fault,deep_lvrt,lvrt_300ms_0.650pu,0.448,recovery,rule_action,0,NaN,0.65,0.65,0.65,1,1,210.57745554678,852.147446133764,1.01166347621562,1.04016156379859,0.0231610458397414,1.0651843076672,-0.065184307667205,-0.0116634762156191,0.0784496122136167,0.322802352232241,-0.0225449865789044,-0.0319771210558672,0,0,0,0,0,1,0,1,0,0.499833333333833,0.845581618052339,1.11736370484931,-5,-0.75657393034545,-0.0225941090156561,-0.0225941090156561,-0.0225941090156561,-0.00260690861305992,-0.00260690861305992,-0.0320386681823359,-0.0320386681823359,-0.0320386681823359,0.0391174391875584,0.0391174391875584,0,0,0,0.95,0.95,0,0,0,0.95,0.95,0.0391562258711904,-0.0391562258711904,-0.0212573977461989,0.0212573977461989,-0.0178988281249915,0.0178988281249915,0.95,-0.145683029953807,-0.873497663717578
hpt_v2_topology2_paper,topology2,fault,deep_lvrt,lvrt_300ms_0.650pu,0.45,recovery,rule_action,0,NaN,0.65,0.65,0.65,1,1,208.958479422681,849.878759275479,1.01264171884998,1.0594045924829,0.00744970221640749,1.06234844909435,-0.0623484490943482,-0.012641718849977,0.0817265221205168,0.336223468309929,-0.0271765618218846,-0.0312624275467633,0,0,0,0,0,1,0,1,0,0.516500000000517,0.845581618052339,1.11736370484931,0.911978154627846,-0.488182519024383,-0.0271952866246039,-0.0271952866246039,-0.0271952866246039,-0.00695518210303973,-0.00695518210303973,-0.031209700554617,-0.031209700554617,-0.031209700554617,0.0408075295162152,0.0408075295162152,0,0,0,0.95,0.95,0,0,0,0.95,0.95,0.0321543721348889,-0.0321543721348889,0.00650143284372286,-0.00650143284372286,-0.0386558049786118,0.0386558049786118,0.551396789129085,0.524399897869034,-0.95
hpt_v2_topology2_paper,topology2,fault,deep_lvrt,lvrt_300ms_0.650pu,0.452,recovery,rule_action,0,NaN,0.65,0.65,0.65,1,1,206.255180380499,845.414272855641,1.00659926021754,1.0466764149469,0.0334184706041368,1.05676784106955,-0.0567678410695516,-0.00659926021754464,0.0857351849101533,0.327266064305065,-0.0222350167662056,-0.0333133147477293,0,0,0,0,0,1,0,1,0,0.5331666666672,0.845581618052339,1.11736370484931,-3.2484191833142,-1.02562169356846,-0.0221263121186078,-0.0221263121186078,-0.0221263121186078,-0.00145208797741374,-0.00145208797741374,-0.0334387842818854,-0.0334387842818854,-0.0334387842818854,0.0400701562603188,0.0400701562603188,0,0,0,0.95,0.95,0,0,0,0.95,0.95,0.0153446915428851,-0.0153446915428851,0.0244087984998529,-0.0244087984998529,-0.0397534900427379,0.0397534900427379,-0.120153380777891,0.95,-0.876484978243477
hpt_v2_topology2_paper,topology2,fault,deep_lvrt,lvrt_300ms_0.650pu,0.454,recovery,rule_action,0,NaN,0.65,0.65,0.65,1,1,210.759232430192,851.004441367509,1.00758709471359,1.04503695544633,0.0200451434902502,1.06375555170939,-0.0637555517093857,-0.00758709471359054,0.0766937626844247,0.313124753093578,-0.0164055461550475,-0.0340847411310425,0,0,0,0,0,1,0,1,0,0.549833333333883,0.845581618052339,1.11736370484931,-5,-1.14521914309895,-0.0164062061131849,-0.0164062061131849,-0.0164062061131849,0.00384690130851355,0.00384690130851355,-0.0342085066616142,-0.0342085066616142,-0.0342085066616142,0.037743699836775,0.037743699836775,0,0,0,0.95,0.95,0,0,0,0.95,0.95,-0.0037636053211277,0.0037636053211277,0.0345760774120336,-0.0345760774120336,-0.0308124720909059,0.0308124720909059,-0.726463856734264,0.95,-0.358189383326264
hpt_v2_topology2_paper,topology2,fault,deep_lvrt,lvrt_300ms_0.650pu,0.456,recovery,rule_action,0,NaN,0.65,0.65,0.65,1,1,212.126201818933,848.472447073265,1.01177470627006,1.07663891110526,0.017399502708627,1.06059055884158,-0.0605905588415814,-0.0117747062700639,0.0537393517734393,0.31722460312294,-0.0205218640706844,-0.0343224755162927,0,0,0,0,0,1,0,1,0,0.566500000000567,0.845581618052339,1.11736370484931,0.264217629830643,1.19826269732037,-0.0206016828511873,-0.0206016828511873,-0.0206016828511873,0.000298069541230409,0.000298069541230409,-0.0342325357665684,-0.0342325357665684,-0.0342325357665684,0.0399525593155042,0.0399525593155042,0,0,0,0.95,0.95,0,0,0,0.95,0.95,-0.0293097968234989,0.0293097968234989,0.0381692289062932,-0.0381692289062932,-0.00885943208279428,0.00885943208279428,-0.95,0.726820283682728,0.31229811263107
hpt_v2_topology2_paper,topology2,fault,deep_lvrt,lvrt_300ms_0.650pu,0.458,recovery,rule_action,0,NaN,0.65,0.65,0.65,1,1,205.23730524036,847.327296797527,1.01049979146135,1.06109115630834,0.0243115220896702,1.05915912099691,-0.0591591209969087,-0.0104997914613476,0.076293731060821,0.314049107484241,-0.0253103556752798,-0.0344348424391136,0,0,0,0,0,1,0,1,0,0.58316666666725,0.845581618052339,1.11736370484931,-2.75455867105268,-0.433804076344746,-0.0252855815048809,-0.0252855815048809,-0.0252855815048809,-0.003516627179055,-0.003516627179055,-0.0345514966319286,-0.0345514966319286,-0.0345514966319286,0.0426708317803823,0.0426708317803823,0,0,0,0.95,0.95,0,0,0,0.95,0.95,-0.0427983941953354,0.0427983941953354,0.0224470541418902,-0.0224470541418902,0.0203513400534452,-0.0203513400534452,-0.95,0.11229817905345,0.872191079295317
hpt_v2_topology2_paper,topology2,fault,deep_lvrt,lvrt_300ms_0.650pu,0.46,recovery,rule_action,0,NaN,0.65,0.65,0.65,1,1,210.443409355855,847.765951525442,1.00717381148795,1.05343306137474,0.0234157034230317,1.0597074394068,-0.0597074394068029,-0.00717381148794582,0.0534689303802872,0.329749849536254,-0.0186292961359335,-0.0357123801410221,0,0,0,0,0,1,0,1,0,0.599833333333933,0.845581618052339,1.11736370484931,-0.86799553551864,-0.594013206020039,-0.0185872044647132,-0.0185872044647132,-0.0185872044647132,0.0028436299155684,0.0028436299155684,-0.0357492161408187,-0.0357492161408187,-0.0357492161408187,0.0401920936677764,0.0401920936677764,0,0,0,0.95,0.95,0,0,0,0.95,0.95,-0.0362794311401435,0.0362794311401435,0.00295847301609382,-0.00295847301609382,0.0333209581240496,-0.0333209581240496,-0.549452230990122,-0.54996489110824,0.95
hpt_v2_topology2_paper,topology2,fault,deep_lvrt,lvrt_300ms_0.650pu,0.462,recovery,rule_action,0,NaN,0.65,0.65,0.65,1,1,211.720389530194,847.78507881586,1.01003285046751,1.06496271248313,0.013728988619388,1.05973134851982,-0.059731348519825,-0.0100328504675118,0.0512396559347915,0.3528768372154,-0.018733660053578,-0.0317590121123781,0,0,0,0,0,1,0,1,0,0.616500000000617,0.845581618052339,1.11736370484931,0.931711442017757,1.85771320878647,-0.0187817006485186,-0.0187817006485186,-0.0187817006485186,0.000562830252341759,0.000562830252341759,-0.0316895540596884,-0.0316895540596884,-0.0316895540596884,0.0368329110695791,0.0368329110695791,0,0,0,0.95,0.95,0,0,0,0.95,0.95,-0.0155855378642464,0.0155855378642464,-0.0211131706638484,0.0211131706638484,0.0366987085280949,-0.0366987085280949,0.11369530735561,-0.95,0.864307279781498
hpt_v2_topology2_paper,topology2,fault,deep_lvrt,lvrt_300ms_0.650pu,0.464,recovery,rule_action,0,NaN,0.65,0.65,0.65,1,1,208.085665522729,849.51691092037,1.01003138626936,1.05775623354078,0.0104547351833543,1.06189613865046,-0.0618961386504626,-0.010031386269362,0.0942109515319694,0.339512888615536,-0.0226897963335667,-0.0330610871793722,0,0,0,0,0,1,0,1,0,0.6331666666673,0.845581618052339,1.11736370484931,-5,0.305274885286755,-0.0226850869054512,-0.0226850869054512,-0.0226850869054512,-0.00206218491119068,-0.00206218491119068,-0.0330197964548909,-0.0330197964548909,-0.0330197964548909,0.0400083431201838,0.0400083431201838,0,0,0,0.95,0.95,0,0,0,0.95,0.95,0.010235416162584,-0.010235416162584,-0.0386604760999985,0.0386604760999985,0.0284250599374145,-0.0284250599374145,0.736972007810235,-0.95,0.323704743708256
hpt_v2_topology2_paper,topology2,fault,deep_lvrt,lvrt_300ms_0.650pu,0.466,recovery,rule_action,0,NaN,0.65,0.65,0.65,1,1,209.939806746693,845.661112751874,1.00954141668102,1.02758404801334,0.00772427993423782,1.05707639093984,-0.057076390939842,-0.00954141668102149,0.072054379362887,0.300232928993648,-0.0212527707392599,-0.0363857797227202,0,0,0,0,0,1,0,1,0,0.649833333333983,0.845581618052339,1.11736370484931,-5,-0.393125459454469,-0.0212515822000777,-0.0212515822000777,-0.0212515822000777,0.000917913172530701,0.000917913172530701,-0.0363399989804453,-0.0363399989804453,-0.0363399989804453,0.0420877976058753,0.0420877976058753,0,0,0,0.95,0.95,0,0,0,0.95,0.95,0.0306768433397855,-0.0306768433397855,-0.0403057486385285,0.0403057486385285,0.00962890529874298,-0.00962890529874298,0.95,-0.748932718223907,-0.338556902709673
hpt_v2_topology2_paper,topology2,fault,deep_lvrt,lvrt_300ms_0.650pu,0.468,recovery,rule_action,0,NaN,0.65,0.65,0.65,1,1,208.55677122708,851.917977797319,1.01149630917741,1.07924643426603,0.0173011503369836,1.06489747224665,-0.0648974722466491,-0.0114963091774143,0.054165812911489,0.305582288707321,-0.0237546037255015,-0.0348659280652387,0,0,0,0,0,1,0,1,0,0.666500000000667,0.845581618052339,1.11736370484931,0.307001414536323,0.778088242775032,-0.0237826590139529,-0.0237826590139529,-0.0237826590139529,-0.00203391852435097,-0.00203391852435097,-0.0347954831778709,-0.0347954831778709,-0.0347954831778709,0.0420975497480762,0.0420975497480762,0,0,0,0.95,0.95,0,0,0,0.95,0.95,0.0420842777941585,-0.0420842777941585,-0.0230272236369975,0.0230272236369975,-0.019057054157161,0.019057054157161,0.95,-0.127384161687379,-0.852324906498637
hpt_v2_topology2_paper,topology2,fault,deep_lvrt,lvrt_300ms_0.650pu,0.47,recovery,rule_action,0,NaN,0.65,0.65,0.65,1,1,202.316683727915,850.138590486501,1.0051062058733,1.07656505022417,0.00857866169599116,1.06267323810813,-0.0626732381081261,-0.00510620587330091,0.0604203446620189,0.324186463500252,-0.038552941852091,-0.0379332452607068,0,0,0,0,0,1,1,0,1,0,1.052876271931,1.052876271931,0.986494872567745,0.179553066364191,-0.0383399677622069,-0.0383399677622069,-0.0383399677622069,-0.012797787748866,-0.012797787748866,-0.0378811654672142,-0.0378811654672142,-0.0378811654672142,0.0523560164059155,0.0523560164059155,0,0,0,0.95,0.95,0,0,0,0.95,0.95,0.0387796217446993,-0.0387796217446993,0.0130263513291614,-0.0130263513291614,-0.0518059730738607,0.0518059730738607,0.515703328580251,0.55410499822959,-0.95
hpt_v2_topology2_paper,topology2,fault,deep_lvrt,lvrt_300ms_0.650pu,0.472,recovery,rule_action,0,NaN,0.65,0.65,0.65,1,1,205.82691857893,845.984633935421,0.997198013541396,1.05038877482829,0.0229191495331176,1.05748079241928,-0.0574807924192768,0.00280198645860397,0.0570300966211819,0.321135122848983,-0.00705300787539272,-0.0454266524835866,0,0,0,0,0,1,1,0,1,0,1.052876271931,1.052876271931,-3.00784656528741,-1.25284430151407,-0.00675812911031341,-0.00675812911031341,-0.00675812911031341,-0.00665643886924639,-0.00665643886924639,-0.0455622265119421,-0.0455622265119421,-0.0455622265119421,0.0455771940270259,0.0455771940270259,0,0,0,0.95,0.95,0,0,0,0.95,0.95,0.0335440860679578,-0.0335440860679578,0.0105645133099897,-0.0105645133099897,-0.0441085993779474,0.0441085993779474,-0.157909316058934,0.95,-0.846618908145624
hpt_v2_topology2_paper,topology2,fault,deep_lvrt,lvrt_300ms_0.650pu,0.474,recovery,rule_action,0,NaN,0.65,0.65,0.65,1,1,209.838442353119,850.397343931193,0.999729274903186,1.06927061269257,0.0282363756147395,1.06299667991399,-0.0629966799139918,0.000270725096813695,0.0475321385610632,0.31274827806613,0.00503374099408358,-0.0479430015117813,0,0,0,0,0,1,0,1,0,0.004000000000004,1.052876271931,1.10075443221391,-5,-1.1954248353061,0.00499831121568861,0.00499831121568861,0.00499831121568861,0.00513818496297839,0.00513818496297839,-0.0480151871036515,-0.0480151871036515,-0.0480151871036515,0.0480004204449686,0.0480004204449686,0,0,0,0.95,0.95,0,0,0,0.95,0.95,0.0203117340540707,-0.0203117340540707,0.0277704572806692,-0.0277704572806692,-0.0480821913347399,0.0480821913347399,-0.752193425798721,0.95,-0.313596294343092
hpt_v2_topology2_paper,topology2,fault,deep_lvrt,lvrt_300ms_0.650pu,0.476,recovery,rule_action,0,NaN,0.65,0.65,0.65,1,1,210.350064109331,849.22842898601,1.0063972346082,1.07205154331484,0.0150474640664541,1.06153553623251,-0.0615355362325125,-0.0063972346081953,0.0457571500899766,0.319425363263431,-0.00412793888858325,-0.0407563670274363,0,0,0,0,0,1,0,1,0,0.0206666666666873,1.052876271931,1.10075443221391,1.13022663207341,1.07465164763298,-0.00425460021238969,-0.00425460021238969,-0.00425460021238969,0.0177446540218551,0.0177446540218551,-0.0406353115452484,-0.0406353115452484,-0.0406353115452484,0.0368029539709971,0.0368029539709971,0,0,0,0.95,0.95,0,0,0,0.95,0.95,-0.016147259753575,0.016147259753575,0.0405766624637313,-0.0405766624637313,-0.0244294027101564,0.0244294027101564,-0.95,0.679685257193997,0.370241557361539
hpt_v2_topology2_paper,topology2,fault,deep_lvrt,lvrt_300ms_0.650pu,0.478,recovery,rule_action,0,NaN,0.65,0.65,0.65,1,1,210.495340941718,846.826187461322,1.00789334145526,1.05319579950029,0.0128042437112194,1.05853273432665,-0.058532734326652,-0.00789334145526421,0.061621939343137,0.320502264139498,-0.0125076197928615,-0.0362012309522661,0,0,0,0,0,1,0,1,0,0.0373333333333707,1.052876271931,1.10075443221391,-2.72595971109824,-0.645655482072627,-0.0125704569916718,-0.0125704569916718,-0.0125704569916718,0.00829021173192465,0.00829021173192465,-0.0360834351479409,-0.0360834351479409,-0.0360834351479409,0.037300175207296,0.037300175207296,0,0,0,0.95,0.95,0,0,0,0.95,0.95,-0.0364671261770392,0.0364671261770392,0.0281145823720891,-0.0281145823720891,0.00835254380495007,-0.00835254380495007,-0.95,0.0525959374317021,0.909992293552721
hpt_v2_topology2_paper,topology2,fault,deep_lvrt,lvrt_300ms_0.650pu,0.48,recovery,rule_action,0,NaN,0.65,0.65,0.65,1,1,212.46943290779,849.840721545717,1.01391913761534,1.06519595308054,0.0303557071663862,1.06230090193215,-0.0623009019321459,-0.0139191376153351,0.0413531402741189,0.303387777984815,-0.0223343211648385,-0.0309856074598962,0,0,0,0,0,1,0,1,0,0.054000000000054,1.052876271931,1.10075443221391,-1.24795608589734,0.196887762768938,-0.0224590067365868,-0.0224590067365868,-0.0224590067365868,-0.00275147724270149,-0.00275147724270149,-0.0310786271120848,-0.0310786271120848,-0.0310786271120848,0.0382454888810296,0.0382454888810296,0,0,0,0.95,0.95,0,0,0,0.95,0.95,-0.0312995264517372,0.0312995264517372,-0.00353280094051172,0.00353280094051172,0.0348323273922489,-0.0348323273922489,-0.506879812663693,-0.590349705593334,0.95
hpt_v2_topology2_paper,topology2,fault,deep_lvrt,lvrt_300ms_0.650pu,0.482,recovery,rule_action,0,NaN,0.65,0.65,0.65,1,1,209.96812902059,849.542738741368,1.01522247199226,1.06443712231051,0.00998741254554094,1.06192842342671,-0.0619284234267097,-0.0152224719922629,0.0240083508955658,0.281992823352989,-0.0315291159805007,-0.0316517465734864,0,0,0,0,0,1,0,1,0,0.0706666666667373,1.052876271931,1.10075443221391,1.80444250837719,1.29855387412459,-0.0315729740908994,-0.0315729740908994,-0.0315729740908994,-0.0102086814653259,-0.0102086814653259,-0.0316244087389815,-0.0316244087389815,-0.0316244087389815,0.0435056173818311,0.0435056173818311,0,0,0,0.95,0.95,0,0,0,0.95,0.95,-0.00739869116815868,0.00739869116815868,-0.0344668890680937,0.0344668890680937,0.0418655802362524,-0.0418655802362524,0.145654167350929,-0.95,0.837244996444374
hpt_v2_topology2_paper,topology2,fault,deep_lvrt,lvrt_300ms_0.650pu,0.484,recovery,rule_action,0,NaN,0.65,0.65,0.65,1,1,204.730103448492,849.36542953736,1.00960518213137,1.05677460674162,0.0243001335587685,1.0617067869217,-0.0617067869216996,-0.00960518213136674,0.0337722198331433,0.295343199835877,-0.0294803661240905,-0.0330081525273702,0,0,0,0,0,1,0,1,0,0.0873333333334207,1.052876271931,1.10075443221391,-5,-0.235577253880459,-0.0293718433773206,-0.0293718433773206,-0.0293718433773206,-0.00755250223501346,-0.00755250223501346,-0.0330968048125157,-0.0330968048125157,-0.0330968048125157,0.0436011855592222,0.0436011855592222,0,0,0,0.95,0.95,0,0,0,0.95,0.95,0.0174510718469385,-0.0174510718469385,-0.0439416234784412,0.0439416234784412,0.0264905516315027,-0.0264905516315027,0.755937574873005,-0.95,0.270410200340244
hpt_v2_topology2_paper,topology2,fault,deep_lvrt,lvrt_300ms_0.650pu,0.486,recovery,rule_action,0,NaN,0.65,0.65,0.65,1,1,211.272559959047,845.596303337218,1.00544845777387,1.02812489106289,0.0276038220531561,1.05699537917152,-0.0569953791715228,-0.00544845777386782,0.00994347735402792,0.300837787361608,-0.0168040818269812,-0.0354150893621929,0,0,0,0,0,1,0,1,0,0.104000000000104,1.052876271931,1.10075443221391,-5,-0.511346259600476,-0.0167315874499741,-0.0167315874499741,-0.0167315874499741,0.00445566836428347,0.00445566836428347,-0.0354758572113144,-0.0354758572113144,-0.0354758572113144,0.0389695969045257,0.0389695969045257,0,0,0,0.95,0.95,0,0,0,0.95,0.95,0.0267612705906316,-0.0267612705906316,-0.0382148384209754,0.0382148384209754,0.0114535678303438,-0.0114535678303438,0.95,-0.681323394303032,-0.401633798051897
hpt_v2_topology2_paper,topology2,fault,deep_lvrt,lvrt_300ms_0.650pu,0.488,recovery,rule_action,0,NaN,0.65,0.65,0.65,1,1,213.042228780134,846.256142542876,1.00957257990097,1.07702223689088,0.0108247988206518,1.0578201781786,-0.0578201781785956,-0.00957257990097049,0.00351368703135961,0.319800454050028,-0.0165917058852516,-0.0304662997281655,0,0,0,0,0,1,0,1,0,0.120666666666787,1.052876271931,1.10075443221391,1.82621220574131,1.79123595164898,-0.0166540451961679,-0.0166540451961679,-0.0166540451961679,0.00184930834328237,0.00184930834328237,-0.0304049379789699,-0.0304049379789699,-0.0304049379789699,0.034617878813591,0.034617878813591,0,0,0,0.95,0.95,0,0,0,0.95,0.95,0.0343719093533787,-0.0343719093533787,-0.0210964523084614,0.0210964523084614,-0.0132754570449173,0.0132754570449173,0.943666265810822,-0.0519135200525477,-0.891752745758275
hpt_v2_topology2_paper,topology2,fault,deep_lvrt,lvrt_300ms_0.650pu,0.49,recovery,rule_action,0,NaN,0.65,0.65,0.65,1,1,210.56740771549,849.857173063033,1.01355496972405,1.06973921521359,0.0120661679761855,1.06232146632879,-0.0623214663287914,-0.0135549697240507,0.0243903177195074,0.316647770101297,-0.0253990327418222,-0.028974666844542,0,0,0,0,0,1,0,1,0,0.137333333333471,1.052876271931,1.10075443221391,2.26250026482777,0.244589555099761,-0.0254714286605172,-0.0254714286605172,-0.0254714286605172,-0.00642088668535135,-0.00642088668535135,-0.0289450968957653,-0.0289450968957653,-0.0289450968957653,0.0380182130890832,0.0380182130890832,0,0,0,0.95,0.95,0,0,0,0.95,0.95,0.0290239055639872,-0.0290239055639872,0.00746915077525209,-0.00746915077525209,-0.0364930563392393,0.0364930563392393,0.456122049202257,0.602707707347851,-0.95
hpt_v2_topology2_paper,topology2,fault,deep_lvrt,lvrt_300ms_0.650pu,0.492,recovery,rule_action,0,NaN,0.65,0.65,0.65,1,1,209.490516350318,846.120388255664,1.01233373993188,1.0210078254654,0.0139448181475437,1.05765048531958,-0.0576504853195796,-0.0123337399318806,0.0233458537009144,0.288676402731766,-0.0286199856088403,-0.0313781037666141,0,0,0,0,0,1,0,1,0,0.154000000000154,1.052876271931,1.10075443221391,-5,-0.353685521661706,-0.0286104118771748,-0.0286104118771748,-0.0286104118771748,-0.00781636867132884,-0.00781636867132884,-0.031363134858975,-0.031363134858975,-0.031363134858975,0.0417265655998395,0.0417265655998395,0,0,0,0.95,0.95,0,0,0,0.95,0.95,0.00861974591185432,-0.00861974591185432,0.0316891049085093,-0.0316891049085093,-0.0403088508203636,0.0403088508203636,-0.189099899258988,0.95,-0.841896061511014
hpt_v2_topology2_paper,topology2,fault,deep_lvrt,lvrt_300ms_0.650pu,0.494,recovery,rule_action,0,NaN,0.65,0.65,0.65,1,1,209.325998166869,850.381435297073,1.01400974203453,1.06293161179461,0.0173058149648316,1.06297679412134,-0.0629767941213408,-0.0140097420345298,0.00729345423031554,0.302121928050772,-0.0296277078858608,-0.0303061838384192,0,0,0,0,0,1,0,1,0,0.170666666666837,1.052876271931,1.10075443221391,-5,-0.824761334727642,-0.0296583842055396,-0.0296583842055396,-0.0296583842055396,-0.00929154823505654,-0.00929154823505654,-0.0302570166303175,-0.0302570166303175,-0.0302570166303175,0.0413373189799039,0.0413373189799039,0,0,0,0.95,0.95,0,0,0,0.95,0.95,-0.01884641513569,0.01884641513569,0.0422856418079915,-0.0422856418079915,-0.0234392266723015,0.0234392266723015,-0.785865076242537,0.95,-0.251379100985934
hpt_v2_topology2_paper,topology2,fault,deep_lvrt,lvrt_300ms_0.650pu,0.496,recovery,rule_action,0,NaN,0.65,0.65,0.65,1,1,209.865435802465,847.571798493614,1.01173950643543,1.07454212101024,0.019526456583159,1.05946474811702,-0.0594647481170176,-0.0117395064354271,0.00820198906343941,0.319111305392706,-0.0286257314877725,-0.0304377808116044,0,0,0,0,0,1,0,1,0,0.187333333333521,1.052876271931,1.10075443221391,3.15501349174951,0.697134164395985,-0.0285971732589737,-0.0285971732589737,-0.0285971732589737,-0.0083259102857998,-0.0083259102857998,-0.0303856337016855,-0.0303856337016855,-0.0303856337016855,0.0408872140377597,0.0408872140377597,0,0,0,0.95,0.95,0,0,0,0.95,0.95,-0.0366010670941848,0.0366010670941848,0.0356523405442846,-0.0356523405442846,0.000948726549900167,-0.000948726549900167,-0.95,0.637276706088434,0.413673055942417
hpt_v2_topology2_paper,topology2,fault,deep_lvrt,lvrt_300ms_0.650pu,0.498,recovery,rule_action,0,NaN,0.65,0.65,0.65,1,1,207.067356943218,846.947668598998,1.00835852275231,1.04986658132449,0.0160717442999183,1.05868458574875,-0.0586845857487475,-0.00835852275231064,0.0341146433196078,0.296390631678844,-0.0246093407396456,-0.0324008624126099,0,0,0,0,0,1,0,1,0,0.204000000000204,1.052876271931,1.10075443221391,-0.587191312012791,-0.822929982896348,-0.024526187949731,-0.024526187949731,-0.024526187949731,-0.00382717082687655,-0.00382717082687655,-0.0323581192466967,-0.0323581192466967,-0.0323581192466967,0.0404219561623492,0.0404219561623492,0,0,0,0.95,0.95,0,0,0,0.95,0.95,-0.0405923609234636,0.0405923609234636,0.0195015054393616,-0.0195015054393616,0.021090855484102,-0.021090855484102,-0.934622723664647,0.00765504793548238,0.926967675729165
hpt_v2_topology2_paper,topology2,fault,deep_lvrt,lvrt_300ms_0.650pu,0.5,tail,rule_action,0,NaN,0.65,0.65,0.65,1,1,213.317688003702,849.616485949887,1.01126243378323,1.05752789285651,0.039839211096446,1.06202060743736,-0.0620206074373584,-0.0112624337832303,0.000723092629484077,0.282915775456342,-0.0213394716033911,-0.0339008565654531,0,0,0,0,0,1,0,1,0,0.220666666666887,1.052876271931,1.10075443221391,-1.70555240596881,0.556158255069494,-0.0213928789884804,-0.0213928789884804,-0.0213928789884804,-0.00031770795185956,-0.00031770795185956,-0.0339589316436873,-0.0339589316436873,-0.0339589316436873,0.0401343166312038,0.0401343166312038,0,0,0,0.95,0.95,0,0,0,0.95,0.95,-0.0338590512244185,0.0338590512244185,-0.00173385350262277,0.00173385350262277,0.0355929047270413,-0.0355929047270413,-0.462522416559549,-0.619691478167377,0.95
hpt_v2_topology2_paper,topology2,fault,deep_lvrt,lvrt_300ms_0.650pu,0.502,tail,rule_action,0,NaN,0.65,0.65,0.65,1,1,210.737149308323,845.692387484637,1.01477974483038,1.07829449377021,0.0112475431117154,1.0571154843558,-0.0571154843557968,-0.0147797448303753,-0.0157780920351702,0.292045684994653,-0.0291656763096246,-0.0313657975424364,0,0,0,0,0,1,0,1,0,0.237333333333571,1.052876271931,1.10075443221391,3.73912971827561,0.965039084967589,-0.02922734544118,-0.02922734544118,-0.02922734544118,-0.00837309079780121,-0.00837309079780121,-0.0313236342279058,-0.0313236342279058,-0.0313236342279058,0.0420154630258131,0.0420154630258131,0,0,0,0.95,0.95,0,0,0,0.95,0.95,-0.00793258737067059,0.00793258737067059,-0.0324941147091311,0.0324941147091311,0.0404267020798017,-0.0404267020798017,0.207611722753651,-0.95,0.788266702429284
hpt_v2_topology2_paper,topology2,fault,deep_lvrt,lvrt_300ms_0.650pu,0.504,tail,rule_action,0,NaN,0.65,0.65,0.65,1,1,207.151164686309,847.567554472553,1.01040061429515,1.03668803595667,0.0243474952012756,1.05945944309069,-0.059459443090691,-0.0104006142951476,0.00584953466129404,0.300053834432005,-0.0292204586699133,-0.0312403213156435,0,0,0,0,0,1,0,1,0,0.254000000000254,1.052876271931,1.10075443221391,-5,-0.533457036771434,-0.0291413211168361,-0.0291413211168361,-0.0291413211168361,-0.00832224523142889,-0.00832224523142889,-0.0312883826287805,-0.0312883826287805,-0.0312883826287805,0.041939476847804,0.041939476847804,0,0,0,0.95,0.95,0,0,0,0.95,0.95,0.0183107158172336,-0.0183107158172336,-0.0426168712883943,0.0426168712883943,0.0243061554711608,-0.0243061554711608,0.79631919702472,-0.95,0.210072819496098
