model,topology,scenario_type,condition_class,case_name,t,window_zone,action_source,actor_select_mode,grid_V,fault_pu,grid_pu,fault_a_pu,fault_b_pu,fault_c_pu,lv_rms_inst,vdc_inst,obs_01,obs_02,obs_03,obs_04,obs_05,obs_06,obs_07,obs_08,obs_09,obs_10,obs_11,obs_12,obs_13,obs_14,obs_15,obs_16,obs_17,obs_18,obs_19,obs_20,obs_21,obs_22,obs_23,obs_24,action_01,actor_action_01,cmd_action_01,meas_action_01,teacher_action_01,action_02,actor_action_02,cmd_action_02,meas_action_02,teacher_action_02,action_03,actor_action_03,cmd_action_03,meas_action_03,teacher_action_03,action_04,actor_action_04,cmd_action_04,meas_action_04,teacher_action_04,mref_01,mref_02,mref_03,mref_04,mref_05,mref_06,menergy_01,menergy_02,menergy_03
hpt_v2_topology2_paper,topology2,fault,deep_lvrt,lvrt_120ms_0.575pu,0,prefault,rule_action,0,NaN,0.575,0.575,0.575,1,1,1.59571870491636,799.999999999999,0.00770878601408869,1,1,0.999999999999999,9.99200722162641e-16,0.992291213985911,-3.74154734478252e-09,-9.16296000993556e-07,0,0,0,0,0,0,0,1,0,0,0,0,1,1,0,-9.99200722162641e-13,0.00791548465140535,0.00791548465140535,0.00791548465140535,0.00791511895402981,0.00791511895402981,-0.00115978564112783,-0.00115978564112783,-0.00115978564112783,0.00116227877187791,0.00116227877187791,0,0,0,3.74079394561572e-05,3.74079394561572e-05,0,0,0,8.26086669215458e-20,8.26086669215458e-20,-0.00626875697245669,0.00626875697245669,-0.00116992337530585,0.00116992337530585,0.00743868034776254,-0.00743868034776254,1.77635683940025e-17,0.016246300864286,-0.0162463008642861
hpt_v2_topology2_paper,topology2,fault,deep_lvrt,lvrt_120ms_0.575pu,0.002,prefault,rule_action,0,NaN,0.575,0.575,0.575,1,1,125.124988312347,803.136924889596,0.137612622435518,2.1471418192046,2.1471418192046,1.00392115611199,-0.00392115611199473,0.862387377564482,-0.0717414735080924,-0.237449200345437,0.42554783817692,0.112084495646375,0,0,0,1,0,1,0,0,0,0,1,1,-5,-0.0005852920614835,0.427169239042628,0.427169239042628,0.427169239042628,0.430485796487381,0.430485796487381,0.113872953123053,0.113872953123053,0.113872953123053,-0.100611069270973,-0.100611069270973,0,0,0,0.95,0.95,0,0,0,-0.95,-0.95,-0.342384963242,0.342384963242,-0.0710054929519689,0.0710054929519689,0.413390456193968,-0.413390456193968,-0.0159080116758815,-0.0528159616563993,0.0687239733322808
hpt_v2_topology2_paper,topology2,fault,deep_lvrt,lvrt_120ms_0.575pu,0.004,prefault,rule_action,0,NaN,0.575,0.575,0.575,1,1,168.90629493469,821.260021079123,0.33639159451339,2.12344143547731,2.12344143547731,1.0265750263489,-0.0265750263489037,0.66360840548661,-0.184669801591395,-0.440867205822374,0.533512465071112,0.157614192696169,0,0,0,1,0,1,0,0,0,0,1,1,-5,-0.0757308357948183,0.53421095682381,0.53421095682381,0.53421095682381,0.542613669918304,0.542613669918304,0.157236848810247,0.157236848810247,0.157236848810247,-0.12520055204422,-0.12520055204422,0,0,0,0.95,0.95,0,0,0,-0.95,-0.95,-0.251874392479427,0.251874392479427,-0.304176797453389,0.304176797453389,0.556051189932816,-0.556051189932816,0.0658412642778602,-0.221189636917423,0.155348372639563
hpt_v2_topology2_paper,topology2,fault,deep_lvrt,lvrt_120ms_0.575pu,0.006,prefault,rule_action,0,NaN,0.575,0.575,0.575,1,1,192.971896269114,848.075668574059,0.514216327315169,2.55240201748593,0.675977553153259,1.06009458571757,-0.0600945857175732,0.485783672684831,-0.253864342919063,-0.540529711430265,0.550385756566251,0.204694913351125,0,0,0,1,0,1,0,0,0,0,1,1,-5,-0.833050998430229,0.550422154598374,0.550422154598374,0.550422154598374,0.566058361341568,0.566058361341568,0.205065844911869,0.205065844911869,0.205065844911869,-0.156826275150033,-0.156826275150033,0,0,0,0.95,0.95,0,0,0,-0.95,-0.95,-0.0490094528181542,0.0490094528181542,-0.482408448520762,0.482408448520762,0.531417901338917,-0.531417901338917,0.263542264190457,-0.363742978330853,0.100200714140396
hpt_v2_topology2_paper,topology2,fault,deep_lvrt,lvrt_120ms_0.575pu,0.008,prefault,rule_action,0,NaN,0.575,0.575,0.575,1,1,207.055883566082,848.525338267357,0.667906689140709,2.289935865297,0.172703582999863,1.0606566728342,-0.0606566728341962,0.332093310859291,-0.262400245265613,-0.539438566500987,0.548953929882805,0.228097769048406,0,0,0,1,0,1,0,0,0,0,1,1,-5,-2.00210029200543,0.548929916192436,0.548929916192436,0.548929916192436,0.570977906716519,0.570977906716519,0.228339382879725,0.228339382879725,0.228339382879725,-0.165671834379143,-0.165671834379143,0,0,0,0.95,0.95,0,0,0,-0.95,-0.95,0.200208632289993,-0.200208632289993,-0.584907959557589,0.584907959557589,0.384699327267596,-0.384699327267596,0.465961935343237,-0.388317405613965,-0.0776445297292718
hpt_v2_topology2_paper,topology2,fault,deep_lvrt,lvrt_120ms_0.575pu,0.01,prefault,rule_action,0,NaN,0.575,0.575,0.575,1,1,215.730650576302,848.405768070809,0.787692932773457,1.91174004308966,0.0191440395634174,1.06050721008851,-0.0605072100885107,0.212307067226543,-0.205184234964237,-0.495568843841206,0.549815717109995,0.224235864626964,0,0,0,1,0,1,0,0,0,0,1,1,-4.85980186812163,-2.22344266028807,0.55032948628739,0.55032948628739,0.55032948628739,0.575018386866164,0.575018386866164,0.219677124017499,0.219677124017499,0.219677124017499,-0.143088913126688,-0.143088913126688,0,0,0,0.95,0.95,0,0,0,-0.95,-0.95,0.43618892157619,-0.43618892157619,-0.565434143578741,0.565434143578741,0.129245222002551,-0.129245222002551,0.570973048157792,-0.216866709546156,-0.354106338611635
hpt_v2_topology2_paper,topology2,fault,deep_lvrt,lvrt_120ms_0.575pu,0.012,prefault,rule_action,0,NaN,0.575,0.575,0.575,1,1,222.67978448028,849.32191896435,0.874818236297646,1.54544315723336,0.0482873137382779,1.06165239870544,-0.0616523987054372,0.125181763702354,-0.0868006297864586,-0.431602855741432,0.548537977832631,0.232963934695377,0,0,0,1,0,1,0,0,0,0,1,1,-3.11791910186887,-0.995838325919651,0.548464386117618,0.548464386117618,0.548464386117618,0.578320784981844,0.578320784981844,0.233260513812222,0.233260513812222,0.233260513812222,-0.144113565639397,-0.144113565639397,0,0,0,0.95,0.95,0,0,0,-0.95,-0.95,0.57140515757307,-0.57140515757307,-0.432467176124106,0.432467176124106,-0.138937981448964,0.138937981448964,0.466229207276377,0.113921984579347,-0.580151191855724
hpt_v2_topology2_paper,topology2,fault,deep_lvrt,lvrt_120ms_0.575pu,0.014,prefault,rule_action,0,NaN,0.575,0.575,0.575,1,1,224.62356464357,848.803765041978,0.940805229201482,1.4195203135118,0.13749003193922,1.06100470630247,-0.0610047063024728,0.0591947707985178,0.0748885541725063,-0.379123803342907,0.455669212365458,0.240658565230975,0,0,0,1,0,1,0,0,0,0,1,1,-5,0.62257496241358,0.453789771326975,0.453789771326975,0.453789771326975,0.489256175602717,0.489256175602717,0.241049784361229,0.241049784361229,0.241049784361229,-0.157030410227404,-0.157030410227404,0,0,0,0.95,0.95,0,0,0,-0.95,-0.95,0.510743955399479,-0.510743955399479,-0.206606463826113,0.206606463826113,-0.304137491573365,0.304137491573365,0.152319896003256,0.45992114273697,-0.612241038740227
hpt_v2_topology2_paper,topology2,fault,deep_lvrt,lvrt_120ms_0.575pu,0.016,prefault,rule_action,0,NaN,0.575,0.575,0.575,1,1,217.467164392616,847.27202954821,0.981643178731024,1.29726378396098,0.0330440091315249,1.05909003693526,-0.0590900369352623,0.0183568212689756,0.242789224761721,-0.327442344399025,0.247155009281256,0.238445367728354,0,0,0,1,0,1,0,0,0,0,1,1,-1.38021369894115,-0.000612462019988769,0.245200581136097,0.245200581136097,0.245200581136097,0.286988247513417,0.286988247513417,0.238866096158643,0.238866096158643,0.238866096158643,-0.186596041417624,-0.186596041417624,0,0,0,0.95,0.95,0,0,0,-0.95,-0.95,0.32572795768402,-0.32572795768402,-0.0716980540131007,0.0716980540131007,-0.254029903670919,0.254029903670919,-0.257242915683309,0.665029946125405,-0.407787030442096
hpt_v2_topology2_paper,topology2,fault,deep_lvrt,lvrt_120ms_0.575pu,0.018,prefault,rule_action,0,NaN,0.575,0.575,0.575,1,1,208.759344355007,851.299788442706,0.99694808500736,1.16386288909569,0.0420258773888894,1.06412473555338,-0.0641247355533821,0.00305191499263979,0.404616366406307,-0.277188680068836,0.0932018088687471,0.219421564476174,0,0,0,1,0,1,0,0,0,0,1,1,-0.819281723587473,-0.797632091661171,0.0921830594913856,0.0921830594913856,0.0921830594913856,0.136649351780668,0.136649351780668,0.220095943616492,0.220095943616492,0.220095943616492,-0.195619261606697,-0.195619261606697,0,0,0,0.95,0.95,0,0,0,-0.619735227821744,-0.619735227821744,0.220429688500619,-0.220429688500619,-0.0310756001241512,0.0310756001241512,-0.189354088376468,0.189354088376468,-0.6100810271685,0.592458718087875,0.0176223090806252
hpt_v2_topology2_paper,topology2,fault,deep_lvrt,lvrt_120ms_0.575pu,0.02,prefault,rule_action,0,NaN,0.575,0.575,0.575,1,1,193.273845831036,851.538104750485,0.984022575748929,1.10585046811061,0.0184954639390516,1.06442263093811,-0.0644226309381062,0.0159774242510707,0.521344540012303,-0.248012856507914,0.0601438810579789,0.173352838953226,0,0,0,1,0,1,0,0,0,0,1,1,-5,-1.18847030341773,0.0605344218083511,0.0605344218083511,0.0605344218083511,0.0973692065392213,0.0973692065392213,0.169441467767183,0.169441467767183,0.169441467767183,-0.151307847915074,-0.151307847915074,0,0,0,0.95,0.95,0,0,0,-0.00973349808431863,-0.00973349808431863,0.122258490765078,-0.122258490765078,0.0531982075496433,-0.0531982075496433,-0.175456698314722,0.175456698314722,-0.745234844200256,0.265178957327146,0.48005588687311
hpt_v2_topology2_paper,topology2,fault,deep_lvrt,lvrt_120ms_0.575pu,0.022,prefault,rule_action,0,NaN,0.575,0.575,0.575,1,1,192.359882566038,854.782634602377,0.962419007435705,1.10186626400975,0.0295153158774039,1.06847829325297,-0.0684782932529719,0.0375809925642954,0.581048028354703,-0.196663712499734,0.138685416202426,0.189535352875063,0,0,0,1,0,1,0,0,0,0,1,1,-1.00118486441203,-1.99313246395705,0.139642255557508,0.139642255557508,0.139642255557508,0.181106404365937,0.181106404365937,0.190608214836729,0.190608214836729,0.190608214836729,-0.151762714123314,-0.151762714123314,0,0,0,0.95,0.95,0,0,0,0.208125417407431,0.208125417407431,-0.00894325001386995,0.00894325001386995,0.208955370167074,-0.208955370167074,-0.200012120153204,0.200012120153204,-0.563229967503058,-0.216507508689094,0.779737476192153
hpt_v2_topology2_paper,topology2,fault,deep_lvrt,lvrt_120ms_0.575pu,0.024,prefault,rule_action,0,NaN,0.575,0.575,0.575,1,1,206.276888435307,852.934487538606,0.95857037339853,1.03889105405607,0.0421473100442552,1.06616810942326,-0.0661681094232569,0.0414296266014704,0.593497387567946,-0.119600035216697,0.21119772185199,0.229522938098814,0,0,0,0,0,1,0,0,0,0,1,1,2.1183062441088,-0.465286724982805,0.211475155168669,0.211475155168669,0.211475155168669,0.261764556854099,0.261764556854099,0.230062632257496,0.230062632257496,0.230062632257496,-0.170674757330537,-0.170674757330537,0,0,0,0.95,0.95,0,0,0,0.95,0.95,-0.191409706037454,0.191409706037454,0.309619930414261,-0.309619930414261,-0.118210224376807,0.118210224376807,-0.117506726809612,-0.669632161775931,0.787138888585542
hpt_v2_topology2_paper,topology2,fault,deep_lvrt,lvrt_120ms_0.575pu,0.026,prefault,rule_action,0,NaN,0.575,0.575,0.575,1,1,206.41270218239,855.947059058079,0.968660983767811,1.03998967949354,0.0681082976088385,1.0699338238226,-0.0699338238225988,0.031339016232189,0.602640280087663,-0.0513077994623725,0.198746059935128,0.230764454361244,0,0,0,0,0,1,0,0,0,0,1,1,-2.17700016667965,1.78387544805481,0.198436091130787,0.198436091130787,0.198436091130787,0.250345848326986,0.250345848326986,0.23128759496976,0.23128759496976,0.23128759496976,-0.173775113510548,-0.173775113510548,0,0,0,0.95,0.95,0,0,0,0.95,0.95,-0.277852553284803,0.277852553284803,0.24733104758196,-0.24733104758196,0.030521505702843,-0.030521505702843,0.405714394332674,-0.860069440570697,0.454355046238024
hpt_v2_topology2_paper,topology2,fault,deep_lvrt,lvrt_120ms_0.575pu,0.028,prefault,rule_action,0,NaN,0.575,0.575,0.575,1,1,202.728562454008,853.870213657901,0.976921608306415,1.02450440500206,0.0251333556636852,1.06733776707238,-0.0673377670723758,0.0230783916935853,0.607669995809386,0.0470574195149722,0.154544637482856,0.223490355169741,0,0,0,0,0,1,0,0,0,0,1,1,-3.68699494951641,-1.81481882100698,0.15420722873478,0.15420722873478,0.15420722873478,0.206212243584076,0.206212243584076,0.224110483767478,0.224110483767478,0.224110483767478,-0.177431363982175,-0.177431363982175,0,0,0,0.95,0.95,0,0,0,0.95,0.95,-0.272039258500337,0.272039258500337,0.136142602236042,-0.136142602236042,0.135896656264295,-0.135896656264295,0.841653005999758,-0.760436735343628,-0.08121627065613
hpt_v2_topology2_paper,topology2,fault,deep_lvrt,lvrt_120ms_0.575pu,0.03,prefault,rule_action,0,NaN,0.575,0.575,0.575,1,1,201.633630441215,852.545148754604,0.974273818299063,0.998881825026389,0.0226221930299801,1.06568143594325,-0.0656814359432545,0.0257261817009371,0.601097972157235,0.131926897033822,0.141812277300029,0.218773138358347,0,0,0,0,0,1,0,0,0,0,1,1,-5,-0.416853734528599,0.14184233514829,0.14184233514829,0.14184233514829,0.19305479131331,0.19305479131331,0.219203948477029,0.219203948477029,0.219203948477029,-0.175782441157285,-0.175782441157285,0,0,0,0.95,0.95,0,0,0,0.95,0.95,-0.22829458123393,0.22829458123393,0.0044276367914157,-0.0044276367914157,0.223866944442514,-0.223866944442514,0.935148190636013,-0.294420975297933,-0.640727215338081
hpt_v2_topology2_paper,topology2,fault,deep_lvrt,lvrt_120ms_0.575pu,0.032,prefault,rule_action,0,NaN,0.575,0.575,0.575,1,1,198.959181710886,856.093653107204,0.9718818047657,1.02152193491684,0.0552401446291561,1.070117066384,-0.0701170663840047,0.0281181952343001,0.579862042676076,0.210140614940237,0.14864159783395,0.193137479787187,0,0,0,0,0,1,0,0,0,0,1,1,-5,2.07536335493663,0.148759201770819,0.148759201770819,0.148759201770819,0.192775500859744,0.192775500859744,0.193325547283957,0.193325547283957,0.193325547283957,-0.149471313677266,-0.149471313677266,0,0,0,0.95,0.95,0,0,0,0.95,0.95,-0.103356012014403,0.103356012014403,-0.139675597547732,0.139675597547732,0.243031609562135,-0.243031609562135,0.617414231186125,0.312081402770899,-0.929495633957024
hpt_v2_topology2_paper,topology2,fault,deep_lvrt,lvrt_120ms_0.575pu,0.034,prefault,rule_action,0,NaN,0.575,0.575,0.575,1,1,197.705184529345,851.530955118227,0.96778838875902,1.03220578724279,0.0476266465690588,1.06441369389778,-0.0644136938977835,0.0322116112409803,0.575589204725767,0.28576601823362,0.164850840231465,0.131158533749339,0,0,0,0,0,1,0,0,0,0,1,1,-5,-1.34004399891996,0.165057962667329,0.165057962667329,0.165057962667329,0.192313211051378,0.192313211051378,0.130844845315667,0.130844845315667,0.130844845315667,-0.0859077030345835,-0.0859077030345835,0,0,0,0.95,0.95,0,0,0,0.95,0.95,0.0747418535555428,-0.0747418535555428,-0.207910130289717,0.207910130289717,0.133168276734175,-0.133168276734175,0.057677071632028,0.808180526049833,-0.865857597681861
hpt_v2_topology2_paper,topology2,fault,deep_lvrt,lvrt_120ms_0.575pu,0.036,prefault,rule_action,0,NaN,0.575,0.575,0.575,1,1,197.402926740341,855.898851511483,0.963144346866064,1.01184766892,0.0341906877407014,1.06987356438935,-0.0698735643893535,0.0368556531339357,0.572823486071145,0.345231096650088,0.188400958033114,0.0387259187799148,0,0,0,0,0,1,0,0,0,0,1,1,-5,-1.82323509270588,0.188640834026623,0.188640834026623,0.188640834026623,0.19217229932417,0.19217229932417,0.0376800817838418,0.0376800817838418,0.0376800817838418,0.00865795576095374,0.00865795576095374,0,0,0,0.95,0.95,0,0,0,0.95,0.95,0.189662869356354,-0.189662869356354,-0.12266777081925,0.12266777081925,-0.0669950985371039,0.0669950985371039,-0.5367863682576,0.95,-0.469987882715277
hpt_v2_topology2_paper,topology2,fault,deep_lvrt,lvrt_120ms_0.575pu,0.038,prefault,rule_action,0,NaN,0.575,0.575,0.575,1,1,201.971692191681,866.543218886071,0.958982768643401,1.05128648060896,0.011252319234669,1.08317902360759,-0.0831790236075891,0.0410172313565988,0.560870012489467,0.357262387787582,0.216076092719215,-0.0926255646693876,0,0,0,0,0,1,0,0,0,0,1,1,-2.31249174343939,3.05891770643019,0.216257698090911,0.216257698090911,0.216257698090911,0.189345254902868,0.189345254902868,-0.0925872781331462,-0.0925872781331462,-0.0925872781331462,0.139600037612646,0.139600037612646,0,0,0,0.95,0.95,0,0,0,0.95,0.95,0.123646733890396,-0.123646733890396,0.111492705420989,-0.111492705420989,-0.235139439311385,0.235139439311385,-0.925942129144818,0.778792341608309,0.147149787536509
hpt_v2_topology2_paper,topology2,fault,deep_lvrt,lvrt_120ms_0.575pu,0.04,prefault,rule_action,0,NaN,0.575,0.575,0.575,1,1,203.655491592591,869.357645185733,0.964432922242232,1.05144705620127,0.0217978408396998,1.08669705648217,-0.0866970564821665,0.0355670777577682,0.573141407913446,0.357202429030825,0.212810058196332,-0.199994032365149,0,0,0,0,0,1,0,0,0,0,1,1,-4.60771157314754,0.153514186959969,0.21262826589296,0.21262826589296,0.21262826589296,0.164615955146316,0.164615955146316,-0.200927445266947,-0.200927445266947,-0.200927445266947,0.241835078161575,0.241835078161575,0,0,0,0.95,0.95,0,0,0,0.95,0.95,-0.113918879028587,0.113918879028587,0.290312883969833,-0.290312883969833,-0.176394004941246,0.176394004941246,-0.95,0.270406634609379,0.699399279688906
hpt_v2_topology2_paper,topology2,fault,deep_lvrt,lvrt_120ms_0.575pu,0.042,prefault,rule_action,0,NaN,0.575,0.575,0.575,1,1,206.876178981293,892.053095478236,0.972965810489358,1.03461258311141,0.0391952878749193,1.11506636934779,-0.115066369347795,0.027034189510642,0.556218493894803,0.368363800039018,0.183318846191944,-0.229431860821203,0,0,0,0,0,1,0,0,0,0,1,1,-5,-2.37573580463257,0.182893147726179,0.182893147726179,0.182893147726179,0.133837206997395,0.133837206997395,-0.229972769343587,-0.229972769343587,-0.229972769343587,0.261581689244269,0.261581689244269,0,0,0,0.95,0.95,0,0,0,0.95,0.95,-0.268668641139308,0.268668641139308,0.237367832325926,-0.237367832325926,0.0313008088133811,-0.0313008088133811,-0.64023669742564,-0.377681142650852,0.95
hpt_v2_topology2_paper,topology2,fault,deep_lvrt,lvrt_120ms_0.575pu,0.044,prefault,rule_action,0,NaN,0.575,0.575,0.575,1,1,203.450011501413,907.98303444775,0.978301608913606,1.03589430873393,0.0271961331250737,1.13497879305969,-0.134978793059687,0.0216983910863937,0.551014906024075,0.389156282928887,0.144464025122204,-0.209776441303248,0,0,0,0,0,1,0,0,0,0,1,1,-5,-0.522782986883019,0.144157984655025,0.144157984655025,0.144157984655025,0.10396824448128,0.10396824448128,-0.210579422085871,-0.210579422085871,-0.210579422085871,0.233057550157249,0.233057550157249,0,0,0,0.95,0.95,0,0,0,0.95,0.95,-0.245852331031983,0.245852331031983,0.063669211038322,-0.063669211038322,0.182183119993661,-0.182183119993661,-0.0179310454452795,-0.878802957857186,0.896734003302466
hpt_v2_topology2_paper,topology2,fault,deep_lvrt,lvrt_120ms_0.575pu,0.046,prefault,rule_action,0,NaN,0.575,0.575,0.575,1,1,202.066243012559,934.408865527765,0.980223051499295,1.06586119142059,0.0218579047906184,1.16801108190971,-0.168011081909706,0.019776948500705,0.538863629413476,0.373261535481506,0.121179828945381,-0.235431696068833,0,0,0,0,0,1,0,0,0,0,1,1,-2.93394640562217,1.04222792001418,0.121040776714162,0.121040776714162,0.121040776714162,0.0815267098754442,0.0815267098754442,-0.235892606787915,-0.235892606787915,-0.235892606787915,0.252288698006174,0.252288698006174,0,0,0,0.95,0.95,0,0,0,0.95,0.95,-0.13895612285228,0.13895612285228,-0.126073825844146,0.126073825844146,0.265029948696426,-0.265029948696426,0.577432635177933,-0.95,0.397279960999304
hpt_v2_topology2_paper,topology2,fault,deep_lvrt,lvrt_120ms_0.575pu,0.048,prefault,rule_action,0,NaN,0.575,0.575,0.575,1,1,202.668760365666,952.00461310617,0.981283116509926,1.04315438709888,0.048583731329267,1.19000576638271,-0.190005766382713,0.0187168834900741,0.506454512381219,0.38266104703814,0.111723456077203,-0.221094430512979,0,0,0,0,0,1,0,0,0,0,1,1,-5,-2.24364755337736,0.111631337296766,0.111631337296766,0.111631337296766,0.0791309304717335,0.0791309304717335,-0.221746504772806,-0.221746504772806,-0.221746504772806,0.235311206040635,0.235311206040635,0,0,0,0.95,0.95,0,0,0,0.95,0.95,0.019883453184905,-0.019883453184905,-0.224250585721743,0.224250585721743,0.204367132536838,-0.204367132536838,0.95,-0.714611521592354,-0.266485897302482
hpt_v2_topology2_paper,topology2,fault,deep_lvrt,lvrt_120ms_0.575pu,0.05,prefault,rule_action,0,NaN,0.575,0.575,0.575,1,1,205.947314578053,963.786965190547,0.985121758035546,1.10222225652522,0.033259907108592,1.20473370648818,-0.204733706488184,0.0148782419644535,0.461419907844073,0.393917447283319,0.100502122261286,-0.224836470377643,0,0,0,1,0,1,0,0,0,0,1,1,-5,-0.717608980180362,0.100273002697815,0.100273002697815,0.100273002697815,0.0720411073438342,0.0720411073438342,-0.225438650772608,-0.225438650772608,-0.225438650772608,0.235981650102045,0.235981650102045,0,0,0,0.95,0.95,0,0,0,0.95,0.95,0.169076442876125,-0.169076442876125,-0.240158954624308,0.240158954624308,0.0710825117481831,-0.0710825117481831,0.91747629268533,-0.145872504438974,-0.771603788246356
hpt_v2_topology2_paper,topology2,fault,deep_lvrt,lvrt_120ms_0.575pu,0.052,prefault,rule_action,0,NaN,0.575,0.575,0.575,1,1,204.651575022499,967.286102400678,0.989490033323477,1.10752919834395,0.0563047530054306,1.20910762800085,-0.209107628000848,0.0105099666765232,0.428508093737877,0.394124992443723,0.0774802353498866,-0.2387748127675,0,0,0,1,0,1,0,0,0,0,1,1,-5,0.976979443651382,0.0772319097237351,0.0772319097237351,0.0772319097237351,0.0524080291271926,0.0524080291271926,-0.239191148597267,-0.239191148597267,-0.239191148597267,0.24582630438962,0.24582630438962,0,0,0,0.95,0.95,0,0,0,0.95,0.95,0.2505700887839,-0.2505700887839,-0.1424271866228,0.1424271866228,-0.108142902161099,0.108142902161099,0.488508096039585,0.480794878144462,-0.95
hpt_v2_topology2_paper,topology2,fault,deep_lvrt,lvrt_120ms_0.575pu,0.054,prefault,rule_action,0,NaN,0.575,0.575,0.575,1,1,203.458413880062,964.123394647351,0.989627639460306,1.0859799327649,0.0768417066357202,1.20515424330919,-0.205154243309189,0.0103723605396941,0.400197751368858,0.412840328276715,0.0655077953351582,-0.21234722654329,0,0,0,1,0,1,0,0,0,0,1,1,-5,-2.18457941258121,0.0654088276509866,0.0654088276509866,0.0654088276509866,0.0476401976844659,0.0476401976844659,-0.213115930189379,-0.213115930189379,-0.213115930189379,0.217777698582168,0.217777698582168,0,0,0,0.95,0.95,0,0,0,0.95,0.95,0.187748832889531,-0.187748832889531,0.0102184153825739,-0.0102184153825739,-0.197967248272105,0.197967248272105,-0.144952583299539,0.947700775670195,-0.802748192370656
hpt_v2_topology2_paper,topology2,fault,deep_lvrt,lvrt_120ms_0.575pu,0.056,prefault,rule_action,0,NaN,0.575,0.575,0.575,1,1,208.825338709643,956.545399907484,0.991891749276686,1.13892913448763,0.0412043705110691,1.19568174988436,-0.195681749884355,0.00810825072331389,0.351747658506862,0.428474532479496,0.0598254498184365,-0.208590739813897,0,0,0,1,0,1,0,0,0,0,1,1,-0.482396545210761,-0.815911164260052,0.0596331932081982,0.0596331932081982,0.0596331932081982,0.04628375304266,0.04628375304266,-0.209409529949712,-0.209409529949712,-0.209409529949712,0.212758744051218,0.212758744051218,0,0,0,0.95,0.95,0,0,0,0.95,0.95,0.074054215265495,-0.074054215265495,0.14029556893608,-0.14029556893608,-0.214349784201575,0.214349784201575,-0.718094362280122,0.95,-0.250082269535749
hpt_v2_topology2_paper,topology2,fault,deep_lvrt,lvrt_120ms_0.575pu,0.058,prefault,rule_action,0,NaN,0.575,0.575,0.575,1,1,207.534719012112,937.341735726703,0.993416200247642,1.09330309952756,0.012415944792888,1.17167716965838,-0.171677169658378,0.00658379975235768,0.3498167565024,0.452001067420337,0.0451865887896202,-0.235320860512615,0,0,0,1,0,1,0,0,0,0,1,1,0.884050044097639,1.08466388267714,0.0450756913206013,0.0450756913206013,0.0450756913206013,0.0346914456711772,0.0346914456711772,-0.231673846468482,-0.231673846468482,-0.231673846468482,0.233454690856225,0.233454690856225,0,0,0,0.95,0.95,0,0,0,0.95,0.95,-0.0860716090247203,0.0860716090247203,0.233357112841382,-0.233357112841382,-0.147285503816662,0.147285503816662,-0.95,0.588056318895307,0.431329914334115
hpt_v2_topology2_paper,topology2,fault,deep_lvrt,lvrt_120ms_0.575pu,0.06,prefault,rule_action,0,NaN,0.575,0.575,0.575,1,1,208.34295898899,941.738342321974,0.993582853751461,1.08774864778595,0.00160416816544675,1.17717292790247,-0.177172927902468,0.00641714624853917,0.353550479047016,0.42850985430355,0.0403133610081539,-0.219420701139709,0,0,0,1,0,1,0,0,0,0,1,1,-1.7348630189018,-1.94343442638512,0.0402549964479361,0.0402549964479361,0.0402549964479361,0.0345602909714836,0.0345602909714836,-0.215560726459955,-0.215560726459955,-0.215560726459955,0.216546710478209,0.216546710478209,0,0,0,0.95,0.95,0,0,0,0.95,0.95,-0.186856658667541,0.186856658667541,0.192819528551442,-0.192819528551442,-0.0059628698839014,0.0059628698839014,-0.874175714993252,-0.040575281162682,0.914750996155934
hpt_v2_topology2_paper,topology2,fault,deep_lvrt,lvrt_120ms_0.575pu,0.062,prefault,rule_action,0,NaN,0.575,0.575,0.575,1,1,209.750241027325,941.535161594693,0.997522261071176,1.07952389448577,0.0498801693625555,1.17691895199337,-0.176918951993366,0.00247773892882397,0.319491417432281,0.432447814053447,0.0280763048016695,-0.231827462748121,0,0,0,0,0,1,0,0,0,0,1,1,5,-0.789081301746819,0.0278869585776661,0.0278869585776661,0.0278869585776661,0.025761665407289,0.025761665407289,-0.232336429911479,-0.232336429911479,-0.232336429911479,0.232581675370539,0.232581675370539,0,0,0,0.95,0.95,0,0,0,0.95,0.95,-0.231282552618424,0.231282552618424,0.0848239113541633,-0.0848239113541633,0.14645864126426,-0.14645864126426,-0.384357900434142,-0.659428769722635,0.95
hpt_v2_topology2_paper,topology2,fault,deep_lvrt,lvrt_120ms_0.575pu,0.064,prefault,rule_action,0,NaN,0.575,0.575,0.575,1,1,205.763658352984,933.590484971177,0.996514847213357,1.08802950681476,0.0358430284808857,1.16698810621397,-0.166988106213972,0.00348515278664296,0.314380407781684,0.447195765621103,0.0200059062153694,-0.226709647156983,0,0,0,1,0,1,0,0,0,0,1,1,4.45302593693553,1.47813273934005,0.0199993855405672,0.0199993855405672,0.0199993855405672,0.0216256622055244,0.0216256622055244,-0.227286851861557,-0.227286851861557,-0.227286851861557,0.227137885843181,0.227137885843181,0,0,0,0.95,0.95,0,0,0,0.95,0.95,-0.155090472420342,0.155090472420342,-0.0673846618843191,0.0673846618843191,0.222475134304661,-0.222475134304661,0.288473342783095,-0.95,0.71892532901154
hpt_v2_topology2_paper,topology2,fault,deep_lvrt,lvrt_120ms_0.575pu,0.066,prefault,rule_action,0,NaN,0.575,0.575,0.575,1,1,208.291288497851,935.566617471712,0.993824156839545,1.0500213981083,0.0337343531359961,1.16945827183964,-0.16945827183964,0.00617584316045527,0.323335175811727,0.421179058591027,0.0284801966352558,-0.193814447404883,0,0,0,0,0,1,0,0,0,0,1,1,4.23414865807947,-1.23841865176066,0.0285615903027664,0.0285615903027664,0.0285615903027664,0.0329478612031894,0.0329478612031894,-0.194830254772818,-0.194830254772818,-0.194830254772818,0.19413662987082,0.19413662987082,0,0,0,0.95,0.95,0,0,0,0.95,0.95,-0.032355668202103,0.032355668202103,-0.152035653803441,0.152035653803441,0.184391322005544,-0.184391322005544,0.835769012721508,-0.95,0.12185929434258
hpt_v2_topology2_paper,topology2,fault,deep_lvrt,lvrt_120ms_0.575pu,0.068,prefault,rule_action,0,NaN,0.575,0.575,0.575,1,1,208.823271847584,933.250826276888,0.992629009915623,1.00070397186878,0.0842361654571336,1.16656353284611,-0.16656353284611,0.00737099008437714,0.300300719508407,0.419391956855643,0.0368373526013029,-0.214472307935296,0,0,0,0,0,1,0,0,0,0,1,1,3.05128524885145,-2.5884724373042,0.0368965551595857,0.0368965551595857,0.0368965551595857,0.0447719702657761,0.0447719702657761,-0.215212677162826,-0.215212677162826,-0.215212677162826,0.213713178987061,0.213713178987061,0,0,0,0.95,0.95,0,0,0,0.95,0.95,0.094956554828658,-0.094956554828658,-0.217759893177688,0.217759893177688,0.12280333834903,-0.12280333834903,0.95,-0.535097660899785,-0.550181826336934
hpt_v2_topology2_paper,topology2,fault,deep_lvrt,lvrt_120ms_0.575pu,0.07,prefault,rule_action,0,NaN,0.575,0.575,0.575,1,1,206.181884995956,920.190944717572,0.995757313746883,1.05356976091579,0.018803573382775,1.15023868089697,-0.150238680896966,0.00424268625311741,0.290787653902919,0.426587362336222,0.0320353583985222,-0.230763259705139,0,0,0,0,0,1,0,0,0,0,1,1,1.12201364087605,1.83398697231318,0.0319250083188516,0.0319250083188516,0.0319250083188516,0.0432484327606975,0.0432484327606975,-0.227348879356198,-0.227348879356198,-0.227348879356198,0.225469049238296,0.225469049238296,0,0,0,0.95,0.95,0,0,0,0.95,0.95,0.20673947555353,-0.20673947555353,-0.189822795914675,0.189822795914675,-0.0169166796388555,0.0169166796388555,0.848727981215428,0.130581233678349,-0.95
hpt_v2_topology2_paper,topology2,fault,deep_lvrt,lvrt_120ms_0.575pu,0.072,prefault,rule_action,0,NaN,0.575,0.575,0.575,1,1,204.490727556892,913.21488333982,0.996683043135151,1.0215741121519,0.0577554879511014,1.14151860417478,-0.141518604174775,0.0033169568648489,0.309758422915961,0.407621237336864,0.0203049181843469,-0.224944696593021,0,0,0,0,0,1,1,0,0.0148333333333379,0,0.996093289703328,1.05991269268568,-5,-0.448665708931983,0.0202818820424187,0.0202818820424187,0.0202818820424187,0.0343062558383223,0.0343062558383223,-0.225545433971781,-0.225545433971781,-0.225545433971781,0.223841860104532,0.223841860104532,0,0,0,0.95,0.95,0,0,0,0.95,0.95,0.219845921284424,-0.219845921284424,-0.0628867903636046,0.0628867903636046,-0.156959130920819,0.156959130920819,0.276861182537606,0.757349421382985,-0.95
hpt_v2_topology2_paper,topology2,fault,deep_lvrt,lvrt_120ms_0.575pu,0.074,prefault,rule_action,0,NaN,0.575,0.575,0.575,1,1,209.092275914687,915.243467751644,0.998765293110978,0.970019187481326,0.0475366779425399,1.14405433468956,-0.144054334689555,0.00123470688902239,0.277690183357596,0.394076801469147,0.0158780793599201,-0.184693364459959,0,0,0,0,0,1,1,0,0.0315000000000096,0,0.976020825842168,1.10522233430018,-5,-2.3439217194432,0.0157586218806257,0.0157586218806257,0.0157586218806257,0.0293283509618716,0.0293283509618716,-0.18473308888654,-0.18473308888654,-0.18473308888654,0.183069648284461,0.183069648284461,0,0,0,0.95,0.95,0,0,0,0.95,0.95,0.11678736315043,-0.11678736315043,0.0663120523592411,-0.0663120523592411,-0.183099415509671,0.183099415509671,-0.394386466675411,0.95,-0.686587137068074
hpt_v2_topology2_paper,topology2,fault,deep_lvrt,lvrt_120ms_0.575pu,0.076,prefault,rule_action,0,NaN,0.575,0.575,0.575,1,1,206.008673849719,895.735186850162,0.999358029059736,1.06788287182328,0.0385502907192723,1.1196689835627,-0.119668983562703,0.000641970940264192,0.257806565127226,0.42435320670472,0.00768810142593147,-0.122895485227916,0,0,0,0,0,1,1,0,0.0481666666666814,0,0.976020825842168,1.10522233430018,-3.40240088874033,2.0560290158127,0.00762640541636995,0.00762640541636995,0.00762640541636995,0.0177811592584003,0.0177811592584003,-0.122543387830856,-0.122543387830856,-0.122543387830856,0.121486107584636,0.121486107584636,0,0,0,0.95,0.95,0,0,0,0.95,0.95,0.00266980422895803,-0.00266980422895803,0.104970963572759,-0.104970963572759,-0.107640767801717,0.107640767801717,-0.906699886272384,0.95,-0.0557385660679421
hpt_v2_topology2_paper,topology2,fault,deep_lvrt,lvrt_120ms_0.575pu,0.078,prefault,rule_action,0,NaN,0.575,0.575,0.575,1,1,204.50513038568,876.474229231836,0.998704515661199,1.06274576462405,0.0523127648033806,1.0955927865398,-0.0955927865397954,0.00129548433880122,0.272384976891294,0.419098972096926,0.00493511561132831,-0.0501975842118506,0,0,0,0,0,1,1,0,0.0648333333333532,0,0.976020825842168,1.10522233430018,-0.201969210934516,0.0668123722351588,0.00495160915584434,0.00495160915584434,0.00495160915584434,0.00949767441796523,0.00949767441796523,-0.0503619618554291,-0.0503619618554291,-0.0503619618554291,0.0497055310384093,0.0497055310384093,0,0,0,0.95,0.95,0,0,0,0.95,0.95,-0.0274917074345359,0.0274917074345359,0.0505397219988222,-0.0505397219988222,-0.0230480145642864,0.0230480145642864,-0.95,0.479439187450886,0.625645718380709
hpt_v2_topology2_paper,topology2,fault,deep_lvrt,lvrt_120ms_0.575pu,0.08,fault,rule_action,0,NaN,0.575,0.575,0.575,1,1,209.039311059403,877.191741090412,0.995086337594096,1.00105156795132,0.0235216156750955,1.09648967636302,-0.0964896763630152,0.00491366240590363,0.251193758140452,0.395073824909056,0.0187721725804934,-0.0463477911045285,0,0,0,0,0,1,1,0,0.081500000000025,0,0.976020825842168,1.10522233430018,-2.49545162145881,-2.76859778980176,0.018888878455109,0.018888878455109,0.018888878455109,0.0233603744151158,0.0233603744151158,-0.0470432140139076,-0.0470432140139076,-0.0470432140139076,0.0449905170145421,0.0449905170145421,0,0,0,0.95,0.95,0,0,0,0.95,0.95,-0.0403533514185267,0.0403533514185267,0.0467491343367091,-0.0467491343367091,-0.00639578291818247,0.00639578291818247,-0.834919997214464,-0.213870470812837,0.95
hpt_v2_topology2_paper,topology2,fault,deep_lvrt,lvrt_120ms_0.575pu,0.082,fault,rule_action,0,NaN,0.575,0.575,0.575,1,1,204.464722834491,854.37959207975,0.995630655111752,1.00865033631209,0.0634458610702249,1.06797449009969,-0.0679744900996873,0.00436934488824792,0.250256198533163,0.398289371373044,0.0201720885217283,-0.0280249486051106,0,0,0,0,0,1,1,0,0.0981666666666967,0,0.976020825842168,1.10522233430018,-5,-0.788045773112422,0.0202295257208273,0.0202295257208273,0.0202295257208273,0.0229027124414895,0.0229027124414895,-0.0273475645590059,-0.0273475645590059,-0.0273475645590059,0.0251513172820242,0.0251513172820242,0,0,0,0.95,0.95,0,0,0,0.95,0.95,-0.0326981987266629,0.0326981987266629,0.0244708663307285,-0.0244708663307285,0.00822733239593438,-0.00822733239593438,-0.279261237535121,-0.842692030257505,0.95
hpt_v2_topology2_paper,topology2,fault,deep_lvrt,lvrt_120ms_0.575pu,0.084,fault,rule_action,0,NaN,0.575,0.575,0.575,1,1,192.077133272512,852.399721321326,0.982747253890906,0.947682164267209,0.117187368341521,1.06549965165166,-0.0654996516516568,0.0172527461090944,0.205743004153895,0.387670494587787,0.0514435203404585,0.0996248629718696,0,0,0,0,0,1,1,0,0.114833333333368,0,0.87473661592443,1.10522233430018,2.42066451600376,0.388290934118407,0.0522006337545083,0.0522006337545083,0.0522006337545083,0.0415463858112757,0.0415463858112757,0.100862123708569,0.100862123708569,0.100862123708569,-0.105697549590308,-0.105697549590308,0,0,0,0.95,0.95,0,0,0,0.95,0.95,0.014265472015224,-0.014265472015224,0.0904425060042238,-0.0904425060042238,-0.104707978019448,0.104707978019448,0.409522044012154,-0.95,0.704864269698847
hpt_v2_topology2_paper,topology2,fault,deep_lvrt,lvrt_120ms_0.575pu,0.086,fault,rule_action,0,NaN,0.575,0.575,0.575,1,1,180.219591184695,840.543039316615,0.949072099350744,0.826952363695354,0.147903994847742,1.05067879914577,-0.0506787991457693,0.0509279006492556,0.119880205093941,0.397180289248733,0.183936569166051,0.171197225752281,0,0,1,0,0,1,1,0,0.13150000000004,0,0.826952363695354,1.10522233430018,-2.06277797069743,-0.855121405094028,0.185743560974867,0.185743560974867,0.185743560974867,0.167277822033342,0.167277822033342,0.171408730211631,0.171408730211631,0.171408730211631,-0.189472302704563,-0.189472302704563,0,0,0,0.95,0.95,0,0,0,0.95,0.95,-0.185457304314433,0.185457304314433,0.241441155446647,-0.241441155446647,-0.0559838511322143,0.0559838511322143,0.941380058626011,-0.95,0.0737312891094547
hpt_v2_topology2_paper,topology2,fault,deep_lvrt,lvrt_120ms_0.575pu,0.088,fault,rule_action,0,NaN,0.575,0.575,0.575,1,1,194.985281818678,794.516227396236,0.931840115036532,0.842643737507863,0.146434829407613,0.993145284245296,0.00685471575470442,0.0681598849634683,0.03423932175663,0.489855484281178,0.346933127059416,0.0683671088785742,0,0,1,0,0,1,1,0,0.148166666666712,0,0.793908635747661,1.10522233430018,-2.94781249340015,-0.0313144397626752,0.348008470947379,0.348008470947379,0.348008470947379,0.339407942505244,0.339407942505244,0.0660817521774829,0.0660817521774829,0.0660817521774829,-0.101385119156293,-0.101385119156293,0,0,0,0.95,0.95,0,0,0,0.95,0.95,-0.322464750148196,0.322464750148196,0.0342682697120692,-0.0342682697120692,0.288196480436127,-0.288196480436127,0.95,-0.542292197501611,-0.632530682613777
hpt_v2_topology2_paper,topology2,fault,deep_lvrt,lvrt_120ms_0.575pu,0.09,fault,rule_action,0,NaN,0.575,0.575,0.575,1,1,224.547466729698,729.395891472023,0.96137850515364,0.855702721543772,0.112028583837118,0.911744864340029,0.0882551356599711,0.0386214948463602,0.111906872055651,0.586252601907518,0.342441596305911,-0.156873316327992,0,0,1,0,0,1,1,0,0.164833333333384,0,0.782394679620119,1.10522233430018,1.16596325684037,2.69004226413505,0.341107165998018,0.341107165998018,0.341107165998018,0.355899002586516,0.355899002586516,-0.158381672110286,-0.158381672110286,-0.158381672110286,0.121551440606735,0.121551440606735,0,0,0,0.95,0.95,0,0,0,0.95,0.95,0.0435851752759933,-0.0435851752759933,-0.345295893554424,0.345295893554424,0.301710718278431,-0.301710718278431,0.944366862071921,0.247973398830895,-0.95
hpt_v2_topology2_paper,topology2,fault,deep_lvrt,lvrt_120ms_0.575pu,0.092,fault,rule_action,0,NaN,0.575,0.575,0.575,1,1,221.168837450764,807.015460270322,1.00079477464782,0.820569422119176,0.205518789276788,1.0087693253379,-0.00876932533790198,-0.000794774647816965,0.308732057532901,0.538682018987415,0.14981131243706,-0.240446379662955,0,0,1,0,0,1,1,0,0.181500000000056,0,0.782394679620119,1.10522233430018,-5,1.12643921116584,0.147749192488567,0.147749192488567,0.147749192488567,0.173032958687976,0.173032958687976,-0.240840427934115,-0.240840427934115,-0.240840427934115,0.223368598545535,0.223368598545535,0,0,0,0.95,0.95,0,0,0,0.95,0.95,0.275357518322408,-0.275357518322408,-0.192534292463481,0.192534292463481,-0.0828232258589271,0.0828232258589271,0.249204241791517,0.916156428583208,-0.95
hpt_v2_topology2_paper,topology2,fault,deep_lvrt,lvrt_120ms_0.575pu,0.094,fault,rule_action,0,NaN,0.575,0.575,0.575,1,1,194.530257334746,896.345423188129,1.00399236245749,0.904886044505049,0.093936408526541,1.12043177898516,-0.120431778985161,-0.00399236245749468,0.326329268863972,0.407876499059184,0.00601174723118092,-0.250812346136469,0,0,1,0,0,1,1,0,0.198166666666727,0,0.782394679620119,1.10522233430018,-5,-2.25189637423351,0.00559948654308222,0.00559948654308222,0.00559948654308222,0.158094449888977,0.158094449888977,-0.250435047741319,-0.250435047741319,-0.250435047741319,0.194307005280418,0.194307005280418,0,0,0,0.95,0.95,0,0,0,0.95,0.95,0.148229067476317,-0.148229067476317,0.100765162643048,-0.100765162643048,-0.248994230119365,0.248994230119365,-0.418939648579568,0.95,-0.713359596164186
hpt_v2_topology2_paper,topology2,fault,deep_lvrt,lvrt_120ms_0.575pu,0.096,fault,rule_action,0,NaN,0.575,0.575,0.575,1,1,172.333773864438,898.641566822974,0.956016749774722,0.915393726138904,0.0686507379189716,1.12330195852872,-0.123301958528718,0.0439832502252779,0.225182322357762,0.350601728984137,0.109221296408216,-0.238157454797836,0,0,1,0,0,1,1,0,0.214833333333399,0,0.782394679620119,1.10522233430018,2.27581476306515,1.49832179016118,0.111445119119541,0.111445119119541,0.111445119119541,0.137418101968596,0.137418101968596,-0.238582022067198,-0.238582022067198,-0.238582022067198,0.22462782793009,0.22462782793009,0,0,0,0.95,0.95,0,0,0,0.95,0.95,0.105425772702044,-0.105425772702044,0.156261039557364,-0.156261039557364,-0.261686812259409,0.261686812259409,-0.893586492322294,0.95,-0.0858345097892243
hpt_v2_topology2_paper,topology2,fault,deep_lvrt,lvrt_120ms_0.575pu,0.098,fault,rule_action,0,NaN,0.575,0.575,0.575,1,1,201.011737849256,844.535885839706,0.932061210408124,0.898575102050088,0.145053448285068,1.05566985729963,-0.055669857299633,0.0679387895918765,0.137715038492854,0.384956832983188,0.325022855389723,-0.261681339354043,0,0,1,0,0,1,1,0,0.231500000000071,0,0.782394679620119,1.10522233430018,0.29932502369101,0.718485181141259,0.326373221569185,0.326373221569185,0.326373221569185,0.354435196054996,0.354435196054996,-0.261792254829322,-0.261792254829322,-0.261792254829322,0.222329386819479,0.222329386819479,0,0,0,0.95,0.95,0,0,0,0.95,0.95,0.0891060371385992,-0.0891060371385992,0.309475347446254,-0.309475347446254,-0.398581384584853,0.398581384584853,-0.95,0.481666494521458,0.634192911958668
hpt_v2_topology2_paper,topology2,fault,deep_lvrt,lvrt_120ms_0.575pu,0.1,fault,rule_action,0,NaN,0.575,0.575,0.575,1,1,236.336641072799,828.16709397408,0.979426415946323,0.919408857189987,0.096972517269024,1.0352088674676,-0.0352088674676003,0.020573584053677,0.136653001401022,0.440598854256346,0.286839775999322,-0.262564881393713,0,0,1,0,0,1,1,0,0.248166666666743,0,0.782394679620119,1.10522233430018,-5,-0.534251205051461,0.284738710912321,0.284738710912321,0.284738710912321,0.314227494022034,0.314227494022034,-0.262354100076844,-0.262354100076844,-0.262354100076844,0.226200993189185,0.226200993189185,0,0,0,0.95,0.95,0,0,0,0.95,0.95,-0.191538390866039,0.191538390866039,0.387169502755596,-0.387169502755596,-0.195631111889557,0.195631111889557,-0.832239300953178,-0.266614530758745,0.95
hpt_v2_topology2_paper,topology2,fault,deep_lvrt,lvrt_120ms_0.575pu,0.102,fault,rule_action,0,NaN,0.575,0.575,0.575,1,1,224.49295281056,856.556534836237,1.02997209608453,0.923010645954631,0.164161971414565,1.0706956685453,-0.0706956685452957,-0.0299720960845327,0.226788516044025,0.431901650403236,0.0127396386584983,-0.126424417552894,0,0,0,0,0,1,1,0,0.264833333333414,0,0.782394679620119,1.10522233430018,-5,-0.817345642612377,0.0100661960241048,0.0100661960241048,0.0100661960241048,0.0850494165150764,0.0850494165150764,-0.12382851455067,-0.12382851455067,-0.12382851455067,0.0905617251860095,0.0905617251860095,0,0,0,0.95,0.95,0,0,0,0.95,0.95,-0.117092816391666,0.117092816391666,0.0225870387524384,-0.0225870387524384,0.0945057776392281,-0.0945057776392281,-0.182966610186595,-0.878051481467533,0.95
hpt_v2_topology2_paper,topology2,fault,deep_lvrt,lvrt_120ms_0.575pu,0.104,fault,rule_action,0,NaN,0.575,0.575,0.575,1,1,188.019405274476,854.395500574702,1.01663199180387,0.916488546694659,0.0574479170583433,1.06799437571838,-0.0679943757183772,-0.0166319918038678,0.242527088348843,0.392350877752951,-0.124089633452289,0.141060022633137,0,0,1,0,0,1,1,0,0.281500000000086,0,0.782394679620119,1.10522233430018,1.96111602741644,0.46010326070145,-0.1238233678826,-0.1238233678826,-0.1238233678826,-0.185740735870999,-0.185740735870999,0.142777487848161,0.142777487848161,0.142777487848161,-0.0349000932394379,-0.0349000932394379,0,0,0,0.95,0.95,0,0,0,0.95,0.95,0.178922431513158,-0.178922431513158,-0.0367516271736607,0.0367516271736607,-0.142170804339497,0.142170804339497,0.491492845883397,-0.95,0.638873898525807
hpt_v2_topology2_paper,topology2,fault,deep_lvrt,lvrt_120ms_0.575pu,0.106,fault,rule_action,0,NaN,0.575,0.575,0.575,1,1,168.348557511426,848.176158546895,0.95417593828224,0.885254990061494,0.185047445160331,1.06022019818362,-0.0602201981836183,0.0458240617177599,0.149330870610358,0.349409768172707,0.0606941950170741,0.192051296159645,0,0,1,0,0,1,1,0,0.298166666666758,0,0.782394679620119,1.10522233430018,-2.12042383870237,-1.11454452011128,0.0637197956972434,0.0637197956972434,0.0637197956972434,0.0414074534587276,0.0414074534587276,0.191378165894738,0.191378165894738,0.191378165894738,-0.197411340968536,-0.197411340968536,0,0,0,0.95,0.95,0,0,0,0.95,0.95,-0.0770724950881148,0.0770724950881148,0.199964974647906,-0.199964974647906,-0.122892479559791,0.122892479559791,0.95,-0.95,0.0046578250037189
hpt_v2_topology2_paper,topology2,fault,deep_lvrt,lvrt_120ms_0.575pu,0.108,fault,rule_action,0,NaN,0.575,0.575,0.575,1,1,191.953979145869,810.312000946015,0.922255408060724,0.898017333654429,0.195717714411876,1.01289000118252,-0.012890001182519,0.0777445919392755,0.0207205652139449,0.429943290639248,0.341024897707091,0.0424417622612664,0,0,1,0,0,1,1,0,0.31483333333343,0,0.782394679620119,1.10522233430018,-1.75885661641828,0.789837042865171,0.342982788602257,0.342982788602257,0.342982788602257,0.336443214326892,0.336443214326892,0.0400933544914074,0.0400933544914074,0.0400933544914074,-0.077785820591822,-0.077785820591822,0,0,0,0.95,0.95,0,0,0,0.95,0.95,-0.290293899522557,0.290293899522557,-0.0168116612750175,0.0168116612750175,0.307105560797575,-0.307105560797575,0.95,-0.470042327984203,-0.672459642665231
hpt_v2_topology2_paper,topology2,fault,deep_lvrt,lvrt_120ms_0.575pu,0.11,fault,rule_action,0,NaN,0.575,0.575,0.575,1,1,229.219209515851,719.93394073641,0.958177713611431,0.883676168665416,0.0953824763335996,0.899917425920512,0.100082574079488,0.041822286388569,0.0691254304279151,0.536375026752975,0.370709799961141,-0.170152323998888,0,0,1,0,0,1,1,0,0.331500000000101,0,0.782394679620119,1.10522233430018,3.17141005266708,1.80197396888793,0.369268431797525,0.369268431797525,0.369268431797525,0.38591673502918,0.38591673502918,-0.17148362634557,-0.17148362634557,-0.17148362634557,0.129746223263909,0.129746223263909,0,0,0,0.95,0.95,0,0,0,0.95,0.95,0.0791727814950652,-0.0791727814950652,-0.385452130049467,0.385452130049467,0.306279348554402,-0.306279348554402,0.891281942306534,0.318186977360302,-0.95
hpt_v2_topology2_paper,topology2,fault,deep_lvrt,lvrt_120ms_0.575pu,0.112,fault,rule_action,0,NaN,0.575,0.575,0.575,1,1,225.518663554197,767.89175747801,1.00708700538785,0.861623567957677,0.209873360316084,0.959864696847513,0.0401353031524873,-0.00708700538785445,0.25439203919042,0.497592231539384,0.143423561274012,-0.24391543522456,0,0,1,0,0,1,1,0,0.348166666666773,0,0.782394679620119,1.10522233430018,-5,0.347791839783951,0.140922693735494,0.140922693735494,0.140922693735494,0.261109951979619,0.261109951979619,-0.244263229421566,-0.244263229421566,-0.244263229421566,0.106514430169443,0.106514430169443,0,0,0,0.95,0.95,0,0,0,0.95,0.95,0.280055974084212,-0.280055974084212,-0.168651171310242,0.168651171310242,-0.11140480277397,0.11140480277397,0.164774660141947,0.95,-0.95
hpt_v2_topology2_paper,topology2,fault,deep_lvrt,lvrt_120ms_0.575pu,0.114,fault,rule_action,0,NaN,0.575,0.575,0.575,1,1,193.066525286931,873.845415506938,1.00657391956875,0.855060029138297,0.101327786451782,1.09230676938367,-0.092306769383673,-0.00657391956875109,0.286801201927013,0.378389403286918,-0.0175328209633515,-0.227884389790352,0,0,1,0,0,1,1,0,0.364833333333445,0,0.782394679620119,1.10522233430018,-1.85216690312584,-2.29146395329916,-0.0178448079990179,-0.0178448079990179,-0.0178448079990179,0.124906771078543,0.124906771078543,-0.227158493675019,-0.227158493675019,-0.227158493675019,0.190572078122578,0.190572078122578,0,0,0,0.95,0.95,0,0,0,0.95,0.95,0.0992043230044433,-0.0992043230044433,0.12804479326718,-0.12804479326718,-0.227249116271623,0.227249116271623,-0.511947992865631,0.95,-0.650328076891976
hpt_v2_topology2_paper,topology2,fault,deep_lvrt,lvrt_120ms_0.575pu,0.116,fault,rule_action,0,NaN,0.575,0.575,0.575,1,1,172.630707924275,871.770461187505,0.956076306216091,0.905761215395942,0.110178824976068,1.08971307648438,-0.0897130764843819,0.0439236937839094,0.180124909210384,0.295262807531533,0.100970537921445,-0.220675342826058,0,0,1,0,0,1,1,0,0.381500000000117,0,0.782394679620119,1.10522233430018,-0.137514296687624,0.799910358447509,0.103301616477233,0.103301616477233,0.103301616477233,0.12632087752461,0.12632087752461,-0.221333004921711,-0.221333004921711,-0.221333004921711,0.209051570039299,0.209051570039299,0,0,0,0.95,0.95,0,0,0,0.95,0.95,0.0788921037025558,-0.0788921037025558,0.160745529529912,-0.160745529529912,-0.239637633232468,0.239637633232468,-0.95,0.95,-0.012004895888052
hpt_v2_topology2_paper,topology2,fault,deep_lvrt,lvrt_120ms_0.575pu,0.118,fault,rule_action,0,NaN,0.575,0.575,0.575,1,1,197.355280634688,835.505603575077,0.932114518424495,0.891524112660034,0.129895001502994,1.04438200446885,-0.0443820044688459,0.0678854815755051,0.0904635076198256,0.361457657992974,0.317757880527824,-0.252930419699902,0,0,1,0,0,1,1,0,0.398166666666789,0,0.782394679620119,1.10522233430018,0.036796886232926,0.0345936593033613,0.319202870253101,0.319202870253101,0.319202870253101,0.344567317656845,0.344567317656845,-0.253158014103903,-0.253158014103903,-0.253158014103903,0.217377128708651,0.217377128708651,0,0,0,0.95,0.95,0,0,0,0.95,0.95,0.0558959649622606,-0.0558959649622606,0.321539242160689,-0.321539242160689,-0.377435207122949,0.377435207122949,-0.95,0.38905273041579,0.702661380051891
hpt_v2_topology2_paper,topology2,fault,deep_lvrt,lvrt_120ms_0.575pu,0.12,fault,rule_action,0,NaN,0.575,0.575,0.575,1,1,236.549666205933,796.518448998215,0.979817374906931,0.886482792918266,0.125288416974436,0.995648061247769,0.00435193875223094,0.0201826250930692,0.0950565043201404,0.429646652035935,0.281845778609224,-0.236736775111119,0,0,1,0,0,1,1,0,0.41483333333346,0,0.782394679620119,1.10522233430018,-5,-0.648442922434822,0.279780818139367,0.279780818139367,0.279780818139367,0.303954922275491,0.303954922275491,-0.236075002037587,-0.236075002037587,-0.236075002037587,0.204010092912778,0.204010092912778,0,0,0,0.95,0.95,0,0,0,0.95,0.95,-0.193132204859746,0.193132204859746,0.365882827075493,-0.365882827075493,-0.172750622215747,0.172750622215747,-0.772743342567109,-0.366389518407697,0.95
hpt_v2_topology2_paper,topology2,fault,deep_lvrt,lvrt_120ms_0.575pu,0.122,fault,rule_action,0,NaN,0.575,0.575,0.575,1,1,227.214858376999,843.700483564615,1.02809448771174,0.938396654548125,0.165084454566865,1.05462560445577,-0.0546256044557691,-0.0280944877117433,0.193314486102974,0.439625269652935,0.0175033871254785,-0.0438171574865131,0,0,0,0,0,1,1,0,0.431500000000132,0,0.782394679620119,1.10522233430018,0.77894353425656,3.6618367003487,0.0149256685266143,0.0149256685266143,0.0149256685266143,0.0365869632264468,0.0365869632264468,-0.0404676663501114,-0.0404676663501114,-0.0404676663501114,0.0228429797236905,0.0228429797236905,0,0,0,0.95,0.95,0,0,0,0.95,0.95,-0.0426626697497719,0.0426626697497719,0.015833320873526,-0.015833320873526,0.0268293488762459,-0.0268293488762459,-0.0986064610487874,-0.907603044299965,0.95
hpt_v2_topology2_paper,topology2,fault,deep_lvrt,lvrt_120ms_0.575pu,0.124,fault,rule_action,0,NaN,0.575,0.575,0.575,1,1,191.672145467521,851.137696427858,1.01846655528018,0.9004576164367,0.0392380017432429,1.06392212053482,-0.0639221205348228,-0.018466555280175,0.228923118854563,0.41012581088315,-0.125041706765033,0.176471063795986,0,0,1,0,0,1,1,0,0.448166666666804,0,0.782394679620119,1.10522233430018,-0.840256014591034,0.0648944200001278,-0.124913944359102,-0.124913944359102,-0.124913944359102,-0.207117691861362,-0.207117691861362,0.177511836633723,0.177511836633723,0.177511836633723,-0.0649323290699481,-0.0649323290699481,0,0,0,0.95,0.95,0,0,0,0.95,0.95,0.190416286675659,-0.190416286675659,-0.00497684302131099,0.00497684302131099,-0.185439443654348,0.185439443654348,0.581808270326584,-0.95,0.556293261197722
hpt_v2_topology2_paper,topology2,fault,deep_lvrt,lvrt_120ms_0.575pu,0.126,fault,rule_action,0,NaN,0.575,0.575,0.575,1,1,167.592989471069,845.813314341157,0.960822536879378,0.899835614528836,0.153878535032816,1.05726664292645,-0.0572666429264468,0.0391774631206222,0.146481298994455,0.375975542924731,0.0360371559885579,0.187108137079583,0,0,1,0,0,1,1,0,0.46483333333347,0,0.782394679620119,1.10522233430018,-5,-1.50000244765991,0.0388378599020497,0.0388378599020497,0.0388378599020497,0.020992559172871,0.020992559172871,0.186104666921287,0.186104666921287,0.186104666921287,-0.188951419341131,-0.188951419341131,0,0,0,0.95,0.95,0,0,0,0.95,0.95,-0.0638590309933312,0.0638590309933312,0.187006957212685,-0.187006957212685,-0.123147926219353,0.123147926219353,0.95,-0.932476090051732,-0.0860077206201286
hpt_v2_topology2_paper,topology2,fault,deep_lvrt,lvrt_120ms_0.575pu,0.128,fault,rule_action,0,NaN,0.575,0.575,0.575,1,1,190.409763013298,816.095835406075,0.924992522548495,0.908380185647841,0.134997572750017,1.02011979425759,-0.0201197942575935,0.0750074774515046,0.0427065739158353,0.448783427449962,0.315882050676664,-0.0214241374584288,0,0,1,0,0,1,1,0,0.48150000000013,0,0.782394679620119,1.10522233430018,-5,0.823402964877484,0.317948417604791,0.317948417604791,0.317948417604791,0.318860423676833,0.318860423676833,-0.024431099966876,-0.024431099966876,-0.024431099966876,-0.00401311794149667,-0.00401311794149667,0,0,0,0.95,0.95,0,0,0,0.95,0.95,-0.215348385444676,0.215348385444676,-0.0960041341610472,0.0960041341610472,0.311352519605723,-0.311352519605723,0.95,-0.384780544930475,-0.7357207115761
hpt_v2_topology2_paper,topology2,fault,deep_lvrt,lvrt_120ms_0.575pu,0.13,fault,rule_action,0,NaN,0.575,0.575,0.575,1,1,231.45587388325,748.265279487703,0.962480016254022,0.887647779941423,0.0994923799510711,0.935331599359629,0.0646684006403712,0.0375199837459779,0.0915588127344291,0.512949658137586,0.349775955796429,-0.201212629734492,0,0,1,0,0,1,1,0,0.49816666666679,0,0.782394679620119,1.10522233430018,0.28397976913308,1.65016042544108,0.348256025474339,0.348256025474339,0.348256025474339,0.364667255779114,0.364667255779114,-0.202129794671365,-0.202129794671365,-0.202129794671365,0.170752762014563,0.170752762014563,0,0,0,0.95,0.95,0,0,0,0.95,0.95,0.139793798648951,-0.139793798648951,-0.3969248878427,0.3969248878427,0.25713108919375,-0.25713108919375,0.799621118299954,0.38766648606704,-0.95
hpt_v2_topology2_paper,topology2,fault,deep_lvrt,lvrt_120ms_0.575pu,0.132,fault,rule_action,0,NaN,0.575,0.575,0.575,1,1,227.603533933368,815.10770571808,1.01377011128991,0.868935246047341,0.192512561158259,1.0188846321476,-0.0188846321475997,-0.0137701112899062,0.249066080930431,0.439117289600082,0.109537632613817,-0.252029740828391,0,0,1,0,0,1,1,0,0.51483333333345,0,0.782394679620119,1.10522233430018,-5,0.189315749634877,0.106931743754896,0.106931743754896,0.106931743754896,0.236012583725918,0.236012583725918,-0.252269344284013,-0.252269344284013,-0.252269344284013,0.139184338957243,0.139184338957243,0,0,0,0.95,0.95,0,0,0,0.95,0.95,0.273211397888438,-0.273211397888438,-0.118652594370204,0.118652594370204,-0.154558803518234,0.154558803518234,0.0852298482530738,0.95,-0.95
hpt_v2_topology2_paper,topology2,fault,deep_lvrt,lvrt_120ms_0.575pu,0.134,fault,rule_action,0,NaN,0.575,0.575,0.575,1,1,188.525804711649,873.704526605787,1.00991330213748,0.917547707859733,0.0923088838084655,1.09213065825723,-0.0921306582572332,-0.00991330213747799,0.257905148370705,0.353095711753262,-0.0524085105343228,-0.143644526750525,0,0,1,0,0,1,1,0,0.531500000000111,0,0.782394679620119,1.10522233430018,-2.62219788838913,-1.32771081607364,-0.0525327546806357,-0.0525327546806357,-0.0525327546806357,0.0418120640725067,0.0418120640725067,-0.141954123967414,-0.141954123967414,-0.141954123967414,0.145473072847481,0.145473072847481,0,0,0,0.95,0.95,0,0,0,0.95,0.95,0.0158509093468672,-0.0158509093468672,0.122437727337159,-0.122437727337159,-0.138288636684026,0.138288636684026,-0.567052647446793,0.95,-0.577718519040074
hpt_v2_topology2_paper,topology2,fault,deep_lvrt,lvrt_120ms_0.575pu,0.136,fault,rule_action,0,NaN,0.575,0.575,0.575,1,1,174.282467011727,852.201489727891,0.957727873533572,0.897248708566314,0.124772583389338,1.06525186215986,-0.0652518621598639,0.0422721264664278,0.141438321199306,0.326678311772715,0.0847534174727085,-0.0362729964206439,0,0,1,0,0,1,1,0,0.548166666666771,0,0.782394679620119,1.10522233430018,0.601565807647697,0.947394192903905,0.0871645892277563,0.0871645892277563,0.0871645892277563,0.0897520214972808,0.0897520214972808,-0.0358096565482238,-0.0358096565482238,-0.0358096565482238,0.0287153574676842,0.0287153574676842,0,0,0,0.95,0.95,0,0,0,0.95,0.95,0.080069702625293,-0.080069702625293,0.00299571781131228,-0.00299571781131228,-0.0830654204366053,0.0830654204366053,-0.95,0.930555378773923,0.0661818103723086
hpt_v2_topology2_paper,topology2,fault,deep_lvrt,lvrt_120ms_0.575pu,0.138,fault,rule_action,0,NaN,0.575,0.575,0.575,1,1,194.030105501441,830.003644854606,0.929996391103613,0.880569473821717,0.133249044671362,1.03750455606826,-0.0375045560682572,0.0700036088963871,0.0700712455350996,0.389669076028926,0.312325320996355,-0.11938340994335,0,0,1,0,0,1,1,0,0.564833333333431,0,0.782394679620119,1.10522233430018,-5,-0.360078585238011,0.314021859205907,0.314021859205907,0.314021859205907,0.322501574003418,0.322501574003418,-0.121291804010302,-0.121291804010302,-0.121291804010302,0.0965099194100066,0.0965099194100066,0,0,0,0.95,0.95,0,0,0,0.95,0.95,0.130777746624007,-0.130777746624007,0.20324462808975,-0.20324462808975,-0.334022374713758,0.334022374713758,-0.95,0.340775201213263,0.738271347118882
hpt_v2_topology2_paper,topology2,fault,deep_lvrt,lvrt_120ms_0.575pu,0.14,fault,rule_action,0,NaN,0.575,0.575,0.575,1,1,226.857130251383,798.050470079941,0.967692586744275,0.903437183154504,0.105584968075032,0.997563087599926,0.00243691240007426,0.0323074132557249,0.0825042927561125,0.45792757321563,0.200318062853088,-0.0963408268370718,0,0,1,0,0,1,0,1,0,0.0124999999999952,0.782394679620119,1.10522233430018,-5,-0.74124880832982,0.198688016032577,0.198688016032577,0.198688016032577,0.205511598325533,0.205511598325533,-0.0956260591194806,-0.0956260591194806,-0.0956260591194806,0.0799140403894624,0.0799140403894624,0,0,0,0.95,0.95,0,0,0,0.95,0.95,-0.0720423509458289,0.0720423509458289,0.216502138252681,-0.216502138252681,-0.144459787306852,0.144459787306852,-0.728724978173923,-0.41124356765272,0.95
hpt_v2_topology2_paper,topology2,fault,deep_lvrt,lvrt_120ms_0.575pu,0.142,fault,rule_action,0,NaN,0.575,0.575,0.575,1,1,220.816878160778,836.14970566526,1.0103990456158,0.922586175026713,0.187786792933627,1.04518713208157,-0.0451871320815744,-0.0103990456157956,0.183294610690593,0.469194732421926,0.0606655099528293,-0.00524927766476653,0,0,0,0,0,1,0,1,0,0.0291666666666554,0.782394679620119,1.10522233430018,-4.44504234348619,3.6656887173736,0.059530927233306,0.059530927233306,0.059530927233306,0.0506371500644074,0.0506371500644074,-0.00406437297664013,-0.00406437297664013,-0.00406437297664013,-0.031564686887487,-0.031564686887487,0,0,0,0.95,0.95,0,0,0,0.95,0.95,-0.0331733036555581,0.0331733036555581,0.0595399609220143,-0.0595399609220143,-0.0263666572664561,0.0263666572664561,-0.0518432906520793,-0.935819773069357,0.95
hpt_v2_topology2_paper,topology2,fault,deep_lvrt,lvrt_120ms_0.575pu,0.144,fault,rule_action,0,NaN,0.575,0.575,0.575,1,1,194.797704947207,850.912077218122,1.01019457833204,0.94269153443657,0.0961116684203558,1.06364009652265,-0.063640096522652,-0.0101945783320436,0.22331703169196,0.413292620948492,-0.00991674917190843,0.0894070757102396,0,0,0,0,0,1,0,1,0,0.0458333333333156,0.782394679620119,1.10522233430018,-0.324752411578144,-0.0761907028781206,-0.0101037544622807,-0.0101037544622807,-0.0101037544622807,-0.0606864075289803,-0.0606864075289803,0.090285107074651,0.090285107074651,0.090285107074651,-0.0676065555618816,-0.0676065555618816,0,0,0,0.95,0.95,0,0,0,0.95,0.95,0.0472518318779652,-0.0472518318779652,0.0435720237498116,-0.0435720237498116,-0.0908238556277768,0.0908238556277768,0.603101689752088,-0.95,0.517816635934249
hpt_v2_topology2_paper,topology2,fault,deep_lvrt,lvrt_120ms_0.575pu,0.146,fault,rule_action,0,NaN,0.575,0.575,0.575,1,1,174.160222528438,846.151734199878,0.964172138078823,0.904745869628307,0.12910177882374,1.05768966774985,-0.0576896677498475,0.0358278619211772,0.139298925518706,0.373064566388675,0.0263499893775583,0.123989002763355,0,0,1,0,0,1,0,1,0,0.0624999999999758,0.782394679620119,1.10522233430018,-5,-1.19846874726481,0.0271521938722965,0.0271521938722965,0.0271521938722965,0.0192836127224056,0.0192836127224056,0.123998950640211,0.123998950640211,0.123998950640211,-0.125463634860164,-0.125463634860164,0,0,0,0.95,0.95,0,0,0,0.95,0.95,-0.0476396867072497,0.0476396867072497,0.125714795298216,-0.125714795298216,-0.0780751085909664,0.0780751085909664,0.95,-0.903915755926159,-0.12289632129806
hpt_v2_topology2_paper,topology2,fault,deep_lvrt,lvrt_120ms_0.575pu,0.148,fault,rule_action,0,NaN,0.575,0.575,0.575,1,1,183.442431674065,843.022712464605,0.925151139391836,0.928691665923564,0.169529322706645,1.05377839058076,-0.0537783905807567,0.0748488606081639,0.0570696193366929,0.429341281662631,0.117468710985854,0.0884406712415919,0,0,0,0,0,1,0,1,0,0.079166666666636,0.782394679620119,1.10522233430018,-5,0.790643039747296,0.118304915671311,0.118304915671311,0.118304915671311,0.112975272290185,0.112975272290185,0.0880576378176746,0.0880576378176746,0.0880576378176746,-0.0947986735191127,-0.0947986735191127,0,0,0,0.95,0.95,0,0,0,0.95,0.95,-0.145831718080163,0.145831718080163,0.0538768730150987,-0.0538768730150987,0.0919548450650638,-0.0919548450650638,0.95,-0.353216571433139,-0.732839038243111
hpt_v2_topology2_paper,topology2,fault,deep_lvrt,lvrt_120ms_0.575pu,0.15,fault,rule_action,0,NaN,0.575,0.575,0.575,1,1,211.407357832442,824.204171080515,0.9371191172206,0.906520680630615,0.135965265843622,1.03025521385064,-0.030255213850644,0.0628808827793996,0.0880704875952014,0.507119808575903,0.158540692573539,0.0346334676970693,0,0,1,0,0,1,0,1,0,0.0958333333332962,0.782394679620119,1.10522233430018,1.98994884843473,1.49096984678132,0.158446603415692,0.158446603415692,0.158446603415692,0.156272564046447,0.156272564046447,0.0343641725175402,0.0343641725175402,0.0343641725175402,-0.0431868986283339,-0.0431868986283339,0,0,0,0.95,0.95,0,0,0,0.95,0.95,-0.056809100220388,0.056809100220388,-0.103102907717114,0.103102907717114,0.159912007937502,-0.159912007937502,0.706708604505855,0.375030906092545,-0.95
hpt_v2_topology2_paper,topology2,fault,deep_lvrt,lvrt_120ms_0.575pu,0.152,fault,rule_action,0,NaN,0.575,0.575,0.575,1,1,220.016295428973,847.682013157509,0.97709824433194,0.902016031188653,0.158091795246085,1.05960251644689,-0.0596025164468859,0.0229017556680602,0.203567479995405,0.495949318815825,0.110955110033839,0.0451014434072034,0,0,1,0,0,1,0,1,0,0.112499999999956,0.782394679620119,1.10522233430018,-2.53718794453661,-0.47768499176204,0.110216344078505,0.110216344078505,0.110216344078505,0.107632507274926,0.107632507274926,0.0455996116071645,0.0455996116071645,0.0455996116071645,-0.0514024363086862,-0.0514024363086862,0,0,0,0.95,0.95,0,0,0,0.95,0.95,0.0112801847016356,-0.0112801847016356,-0.108473906757313,0.108473906757313,0.0971937220556771,-0.0971937220556771,0.0390883354353026,0.944283067372949,-0.95
hpt_v2_topology2_paper,topology2,fault,deep_lvrt,lvrt_120ms_0.575pu,0.154,fault,rule_action,0,NaN,0.575,0.575,0.575,1,1,202.606126913608,849.807597372752,0.99290049719237,0.87481887136997,0.134871958751296,1.06225949671594,-0.06225949671594,0.00709950280763039,0.211802870194201,0.421986469128995,0.0470835515010501,0.0955668798802852,0,0,1,0,0,1,0,1,0,0.129166666666617,0.782394679620119,1.10522233430018,-2.04843097852025,-0.0257060620960647,0.0466907825229363,0.0466907825229363,0.0466907825229363,0.0420150835390469,0.0420150835390469,0.0960728149059739,0.0960728149059739,0.0960728149059739,-0.0982076763383015,-0.0982076763383015,0,0,0,0.95,0.95,0,0,0,0.95,0.95,-0.00182392081383805,0.00182392081383805,-0.0915813700935548,0.0915813700935548,0.0934052909073929,-0.0934052909073929,-0.601012544835377,0.95,-0.561430479504268
hpt_v2_topology2_paper,topology2,fault,deep_lvrt,lvrt_120ms_0.575pu,0.156,fault,rule_action,0,NaN,0.575,0.575,0.575,1,1,179.807547180774,847.131917604202,0.962875730679638,0.873673698476581,0.124092345944065,1.05891489700525,-0.0589148970052522,0.0371242693203615,0.126108704966881,0.396457435751037,0.052977589740836,0.121013294380812,0,0,1,0,0,1,0,1,0,0.145833333333277,0.782394679620119,1.10522233430018,-0.437195379322519,2.48232339308263,0.0534671082351767,0.0534671082351767,0.0534671082351767,0.0483357349896056,0.0483357349896056,0.120953471299339,0.120953471299339,0.120953471299339,-0.123093990939472,-0.123093990939472,0,0,0,0.95,0.95,0,0,0,0.95,0.95,0.0696177981647824,-0.0696177981647824,-0.13218126192632,0.13218126192632,0.0625634637615379,-0.0625634637615379,-0.95,0.926510581434946,0.0753070976864099
hpt_v2_topology2_paper,topology2,fault,deep_lvrt,lvrt_120ms_0.575pu,0.158,fault,rule_action,0,NaN,0.575,0.575,0.575,1,1,182.900793307955,842.756135934838,0.926524008711558,0.883682113236292,0.11901749918736,1.05344516991855,-0.0534451699185474,0.073475991288442,0.0817357071250719,0.454364978498424,0.121860103067236,0.0816589474701978,0,0,1,0,0,1,0,1,0,0.162499999999937,0.782394679620119,1.10522233430018,-5,-0.242085906931644,0.122594682186717,0.122594682186717,0.122594682186717,0.119406422919762,0.119406422919762,0.0810567246504259,0.0810567246504259,0.0810567246504259,-0.0856840409704398,-0.0856840409704398,0,0,0,0.95,0.95,0,0,0,0.95,0.95,0.144680890626223,-0.144680890626223,-0.0499726906350042,0.0499726906350042,-0.0947081999912188,0.0947081999912188,-0.95,0.352559175772124,0.716476159348678
hpt_v2_topology2_paper,topology2,fault,deep_lvrt,lvrt_120ms_0.575pu,0.16,fault,rule_action,0,NaN,0.575,0.575,0.575,1,1,214.992791522584,840.976299491051,0.937887043082039,0.845903277646405,0.113789500593199,1.05122037436381,-0.0512203743638135,0.0621129569179608,0.0999481294334057,0.506994444025358,0.159109017226292,0.021401462187803,0,0,1,0,0,1,0,1,0,0.179166666666597,0.782394679620119,1.10522233430018,-5,-0.758165585485804,0.158983632853253,0.158983632853253,0.158983632853253,0.158091531367666,0.158091531367666,0.0210331642931228,0.0210331642931228,0.0210331642931228,-0.0269306001646076,-0.0269306001646076,0,0,0,0.95,0.95,0,0,0,0.95,0.95,0.0476388560083601,-0.0476388560083601,0.108794849828981,-0.108794849828981,-0.156433705837341,0.156433705837341,-0.734735589997342,-0.362946277206993,0.95
hpt_v2_topology2_paper,topology2,fault,deep_lvrt,lvrt_120ms_0.575pu,0.162,fault,rule_action,0,NaN,0.575,0.575,0.575,1,1,223.052719694211,855.186797985985,0.981303048619967,0.894383074998783,0.11629501845907,1.06898349748248,-0.0689834974824806,0.0186969513800335,0.188844356665507,0.503863304187504,0.105322786430483,0.0310837330536719,0,0,1,0,0,1,0,1,0,0.195833333333257,0.782394679620119,1.10522233430018,1.13472198879183,2.68293534466313,0.104525408275651,0.104525408275651,0.104525408275651,0.103334348235794,0.103334348235794,0.0315079459575828,0.0315079459575828,0.0315079459575828,-0.0352182354518401,-0.0352182354518401,0,0,0,0.95,0.95,0,0,0,0.95,0.95,-0.0186514467548628,0.0186514467548628,0.102480574972536,-0.102480574972536,-0.0838291282176737,0.0838291282176737,-0.0963296368812306,-0.906039905332963,0.95
hpt_v2_topology2_paper,topology2,fault,deep_lvrt,lvrt_120ms_0.575pu,0.164,fault,rule_action,0,NaN,0.575,0.575,0.575,1,1,199.107822141094,851.140619455027,0.99528568065728,0.874591590638464,0.105491664591519,1.06392577431878,-0.0639257743187835,0.00471431934271993,0.232656995205212,0.430570715433635,0.0379608998823905,0.0842027906633813,0,0,1,0,0,1,0,1,0,0.212499999999918,0.782394679620119,1.10522233430018,1.74367872910675,0.220565926210225,0.0376142652178858,0.0376142652178858,0.0376142652178858,0.0349016587608002,0.0349016587608002,0.0847079696010293,0.0847079696010293,0.0847079696010293,-0.0858612093879129,-0.0858612093879129,0,0,0,0.95,0.95,0,0,0,0.95,0.95,0.00663843980979194,-0.00663843980979194,0.0767410894501559,-0.0767410894501559,-0.0833795292599478,0.0833795292599478,0.573944931729901,-0.95,0.568245240574509
hpt_v2_topology2_paper,topology2,fault,deep_lvrt,lvrt_120ms_0.575pu,0.166,fault,rule_action,0,NaN,0.575,0.575,0.575,1,1,173.371466657052,848.838943727187,0.958859137103814,0.834519020656733,0.0965050044077834,1.06104867965898,-0.0610486796589835,0.0411408628961862,0.163965876180566,0.366266469492297,0.0522396766459565,0.106843078558661,0,0,1,0,0,1,0,1,0,0.229166666666578,0.782394679620119,1.10522233430018,-3.00652030232429,-1.27661669189472,0.0528683908440364,0.0528683908440364,0.0528683908440364,0.0499527780153121,0.0499527780153121,0.106677880687108,0.106677880687108,0.106677880687108,-0.108073849505251,-0.108073849505251,0,0,0,0.95,0.95,0,0,0,0.95,0.95,-0.0654090110940004,0.0654090110940004,0.118859445536107,-0.118859445536107,-0.0534504344421069,0.0534504344421069,0.95,-0.939438677944605,-0.08020634472985
hpt_v2_topology2_paper,topology2,fault,deep_lvrt,lvrt_120ms_0.575pu,0.168,fault,rule_action,0,NaN,0.575,0.575,0.575,1,1,183.401707763364,841.593707405992,0.921454627896921,0.860255941258106,0.110449866279922,1.05199213425749,-0.0519921342574903,0.0785453721030787,0.0694495290048872,0.441741393609338,0.132359045363642,0.072360036555309,0,0,1,0,0,1,0,1,0,0.245833333333238,0.782394679620119,1.10522233430018,-1.57697253780642,0.848636060221564,0.133116709625223,0.133116709625223,0.133116709625223,0.131288694245714,0.131288694245714,0.0717748325659172,0.0717748325659172,0.0717748325659172,-0.0750663955080225,-0.0750663955080225,0,0,0,0.95,0.95,0,0,0,0.95,0.95,-0.146388462118918,0.146388462118918,0.0403068877899382,-0.0403068877899382,0.106081574328979,-0.106081574328979,0.95,-0.379076344478902,-0.721769093175334
hpt_v2_topology2_paper,topology2,fault,deep_lvrt,lvrt_120ms_0.575pu,0.17,fault,rule_action,0,NaN,0.575,0.575,0.575,1,1,212.392737123539,833.594352562289,0.934495795999383,0.879058953946967,0.124135029228932,1.04199294070286,-0.041992940702861,0.0655042040006173,0.0977548802798281,0.519188388042874,0.167852166009063,0.0156565345426432,0,0,1,0,0,1,0,1,0,0.262499999999898,0.782394679620119,1.10522233430018,0.341460289248419,1.76436533825886,0.16771959222196,0.16771959222196,0.16771959222196,0.16728249353666,0.16728249353666,0.0153411259689864,0.0153411259689864,0.0153411259689864,-0.0195391687963948,-0.0195391687963948,0,0,0,0.95,0.95,0,0,0,0.95,0.95,-0.0452509985794161,0.0452509985794161,-0.117867095413703,0.117867095413703,0.163118093993119,-0.163118093993119,0.724504660550916,0.348277235265708,-0.95
hpt_v2_topology2_paper,topology2,fault,deep_lvrt,lvrt_120ms_0.575pu,0.172,fault,rule_action,0,NaN,0.575,0.575,0.575,1,1,222.266197010259,848.700237785763,0.976050374584084,0.866756332889417,0.138492684778468,1.0608752972322,-0.0608752972322031,0.0239496254159157,0.21332224777278,0.494769637049524,0.115881719063197,0.0195465105225042,0,0,1,0,0,1,0,1,0,0.279166666666558,0.782394679620119,1.10522233430018,-5,-2.04678180128592,0.115112525112703,0.115112525112703,0.115112525112703,0.114579615591275,0.114579615591275,0.019987486972513,0.019987486972513,0.019987486972513,-0.0228452350448536,-0.0228452350448536,0,0,0,0.95,0.95,0,0,0,0.95,0.95,0.0328027973338146,-0.0328027973338146,-0.113513587244252,0.113513587244252,0.0807107899104373,-0.0807107899104373,0.0747172470271772,0.934606608180889,-0.95
hpt_v2_topology2_paper,topology2,fault,deep_lvrt,lvrt_120ms_0.575pu,0.174,fault,rule_action,0,NaN,0.575,0.575,0.575,1,1,202.376373757132,851.241813454792,0.993325783127601,0.855723158384929,0.120906906182372,1.06405226681849,-0.0640522668184897,0.00667421687239877,0.218945427606614,0.419386676840486,0.0479841182316145,0.0791162206188902,0,0,1,0,0,1,0,1,0,0.295833333333219,0.782394679620119,1.10522233430018,-1.38663371359349,-1.34240074964609,0.047567460264367,0.047567460264367,0.047567460264367,0.0457897364109494,0.0457897364109494,0.0796383443199251,0.0796383443199251,0.0796383443199251,-0.0806735966809269,-0.0806735966809269,0,0,0,0.95,0.95,0,0,0,0.95,0.95,0.00398439839361339,-0.00398439839361339,-0.0822529635751537,0.0822529635751537,0.0782685651815404,-0.0782685651815404,-0.580662764051851,0.95,-0.588838902441621
hpt_v2_topology2_paper,topology2,fault,deep_lvrt,lvrt_120ms_0.575pu,0.176,fault,rule_action,0,NaN,0.575,0.575,0.575,1,1,174.947505062282,851.409474836998,0.961685242313724,0.877119861226551,0.12241697110959,1.06426184354625,-0.0642618435462481,0.038314757686276,0.135955647056896,0.382597382340634,0.0530526504926268,0.108115872188327,0,0,1,0,0,1,0,1,0,0.312499999999879,0.782394679620119,1.10522233430018,-0.132346157795671,1.21026242112143,0.053580990330324,0.053580990330324,0.053580990330324,0.0515838095932216,0.0515838095932216,0.107938271329576,0.107938271329576,0.107938271329576,-0.10890685713143,-0.10890685713143,0,0,0,0.95,0.95,0,0,0,0.95,0.95,0.0657143436159516,-0.0657143436159516,-0.12033524614172,0.12033524614172,0.0546209025257679,-0.0546209025257679,-0.95,0.937801420301583,0.0529619365673033
hpt_v2_topology2_paper,topology2,fault,deep_lvrt,lvrt_120ms_0.575pu,0.178,fault,rule_action,0,NaN,0.575,0.575,0.575,1,1,181.47391782664,844.556506165452,0.921238286708737,0.85455410984193,0.0853118670287819,1.05569563270681,-0.055695632706815,0.0787617132912631,0.081021931810803,0.446029816084457,0.12980022679756,0.0705068682079304,0,0,1,0,0,1,0,1,0,0.329166666666539,0.782394679620119,1.10522233430018,-5,-0.159448217172509,0.130599824098494,0.130599824098494,0.130599824098494,0.129385655826519,0.129385655826519,0.0698263733953381,0.0698263733953381,0.0698263733953381,-0.0720512910532793,-0.0720512910532793,0,0,0,0.95,0.95,0,0,0,0.95,0.95,0.143379415283963,-0.143379415283963,-0.0395838699843417,0.0395838699843417,-0.103795545299621,0.103795545299621,-0.95,0.362209058824966,0.708040102683128
hpt_v2_topology2_paper,topology2,fault,deep_lvrt,lvrt_120ms_0.575pu,0.18,fault,rule_action,0,NaN,0.575,0.575,0.575,1,1,213.622969826887,843.164680600777,0.932621988341918,0.838572113961829,0.119430653073869,1.05395585075097,-0.053955850750971,0.0673780116580817,0.102270567656579,0.506573736706587,0.170561099308832,0.00872485637538226,0,0,1,0,0,1,0,1,0,0.345833333333199,0.782394679620119,1.10522233430018,-5,-0.742398224271357,0.170453267567834,0.170453267567834,0.170453267567834,0.170268505529896,0.170268505529896,0.00847029518798359,0.00847029518798359,0.00847029518798359,-0.0116059618187765,-0.0116059618187765,0,0,0,0.95,0.95,0,0,0,0.95,0.95,0.0392456091976681,-0.0392456091976681,0.124215241004095,-0.124215241004095,-0.163460850201763,0.163460850201763,-0.741299923020816,-0.354250905841195,0.95
hpt_v2_topology2_paper,topology2,fault,deep_lvrt,lvrt_120ms_0.575pu,0.182,fault,rule_action,0,NaN,0.575,0.575,0.575,1,1,224.979709528701,854.935126596517,0.979013430839169,0.903444462837008,0.130613128134194,1.06866890824565,-0.0686689082456469,0.0209865691608305,0.186260212910525,0.497969132267042,0.115076748875181,0.0186047333456105,0,0,1,0,0,1,0,1,0,0.362499999999859,0.782394679620119,1.10522233430018,1.31138590037927,2.65751729785468,0.114224367871673,0.114224367871673,0.114224367871673,0.113840472498938,0.113840472498938,0.0190753742773888,0.0190753742773888,0.0190753742773888,-0.0212467159985792,-0.0212467159985792,0,0,0,0.95,0.95,0,0,0,0.95,0.95,-0.033156383930773,0.033156383930773,0.112670843833809,-0.112670843833809,-0.0795144599030355,0.0795144599030355,-0.106357038766766,-0.897260808139848,0.95
hpt_v2_topology2_paper,topology2,fault,deep_lvrt,lvrt_120ms_0.575pu,0.184,fault,rule_action,0,NaN,0.575,0.575,0.575,1,1,200.331088778092,851.41275892899,0.994537601472603,0.86621249799859,0.0904609101297883,1.06426594866124,-0.0642659486612376,0.00546239852739705,0.231551072763046,0.430770595560157,0.0427242452669392,0.078227099561706,0,0,1,0,0,1,0,1,0,0.37916666666652,0.782394679620119,1.10522233430018,2.3750341568376,0.235606151794299,0.0423398256978028,0.0423398256978028,0.0423398256978028,0.0409956214234988,0.0409956214234988,0.0787895724236587,0.0787895724236587,0.0787895724236587,-0.079497274084867,-0.079497274084867,0,0,0,0.95,0.95,0,0,0,0.95,0.95,0.000251492633782678,-0.000251492633782678,0.0773358295495267,-0.0773358295495267,-0.0775873221833094,0.0775873221833094,0.573622166265427,-0.95,0.569252843770349
hpt_v2_topology2_paper,topology2,fault,deep_lvrt,lvrt_120ms_0.575pu,0.186,fault,rule_action,0,NaN,0.575,0.575,0.575,1,1,173.241208637434,848.888714254376,0.958358674957197,0.85127692929654,0.126718216716333,1.06111089281797,-0.0611108928179696,0.0416413250428035,0.163753140634146,0.364387515821487,0.0544001957679223,0.103197786924777,0,0,1,0,0,1,0,1,0,0.39583333333318,0.782394679620119,1.10522233430018,-4.60885154452995,-1.25198823868478,0.0550179076880818,0.0550179076880818,0.0550179076880818,0.0535679329643848,0.0535679329643848,0.103015987913028,0.103015987913028,0.103015987913028,-0.103777360199585,-0.103777360199585,0,0,0,0.95,0.95,0,0,0,0.95,0.95,-0.0666878787601697,0.0666878787601697,0.116374012660223,-0.116374012660223,-0.0496861339000537,0.0496861339000537,0.95,-0.941881419612321,-0.0797291541409439
hpt_v2_topology2_paper,topology2,fault,deep_lvrt,lvrt_120ms_0.575pu,0.188,fault,rule_action,0,NaN,0.575,0.575,0.575,1,1,183.232951500665,842.039486536312,0.921209511681401,0.866398754176461,0.116608724560678,1.05254935817039,-0.0525493581703902,0.0787904883185988,0.0678756991739479,0.438708791921072,0.133560510812063,0.0708184062762403,0,0,1,0,0,1,0,1,0,0.41249999999984,0.782394679620119,1.10522233430018,-0.143699257450169,0.84237970613521,0.134311790448604,0.134311790448604,0.134311790448604,0.133364407598603,0.133364407598603,0.0702264562141755,0.0702264562141755,0.0702264562141755,-0.072009353502061,-0.072009353502061,0,0,0,0.95,0.95,0,0,0,0.95,0.95,-0.146307839046895,0.146307839046895,0.0388891952504535,-0.0388891952504535,0.107418643796441,-0.107418643796441,0.95,-0.377260172381039,-0.722793093420963
hpt_v2_topology2_paper,topology2,fault,deep_lvrt,lvrt_120ms_0.575pu,0.19,fault,rule_action,0,NaN,0.575,0.575,0.575,1,1,212.519381369568,833.180206640885,0.934354538873363,0.87056428252291,0.124743923691748,1.04147525830111,-0.0414752583011069,0.0656454611266369,0.0950666614429447,0.517380839629804,0.168587261534764,0.0148217114105094,0,0,1,0,0,1,0,1,0,0.4291666666665,0.782394679620119,1.10522233430018,0.92159183064533,1.74064483478342,0.168451198713109,0.168451198713109,0.168451198713109,0.168216474409635,0.168216474409635,0.0145040276547436,0.0145040276547436,0.0145040276547436,-0.0170114932702938,-0.0170114932702938,0,0,0,0.95,0.95,0,0,0,0.95,0.95,-0.0446935138825629,0.0446935138825629,-0.1188676093151,0.1188676093151,0.163561123197663,-0.163561123197663,0.720404057654973,0.353748903811386,-0.95
hpt_v2_topology2_paper,topology2,fault,deep_lvrt,lvrt_120ms_0.575pu,0.192,fault,rule_action,0,NaN,0.575,0.575,0.575,1,1,222.13449968349,848.451713401488,0.975909744300798,0.862843903872335,0.140852961702474,1.06056464175186,-0.0605646417518597,0.0240902556992021,0.211354228139126,0.494525621147192,0.116368343450382,0.0193053120998143,0,0,1,0,0,1,0,1,0,0.44583333333316,0.782394679620119,1.10522233430018,-5,-2.06471356824789,0.115598953820394,0.115598953820394,0.115598953820394,0.115268144368191,0.115268144368191,0.0197626895636772,0.0197626895636772,0.0197626895636772,-0.0216087231708364,-0.0216087231708364,0,0,0,0.95,0.95,0,0,0,0.95,0.95,0.0332893532609673,-0.0332893532609673,-0.114031152780767,0.114031152780767,0.0807417995198001,-0.0807417995198001,0.0672201140655686,0.939479336290789,-0.95
hpt_v2_topology2_paper,topology2,fault,deep_lvrt,lvrt_120ms_0.575pu,0.194,fault,rule_action,0,NaN,0.575,0.575,0.575,1,1,202.634482508337,849.700933064173,0.993499360144993,0.857437205458003,0.118172241814248,1.06212616633022,-0.0621261663302164,0.00650063985500704,0.214363626739935,0.413917925418917,0.0482217005925094,0.078762915556295,0,0,1,0,0,1,0,1,0,0.462499999999821,0.782394679620119,1.10522233430018,-1.20079862538303,-1.3515493922438,0.0477981130274127,0.0477981130274127,0.0477981130274127,0.0466457557902325,0.0466457557902325,0.0792836793874829,0.0792836793874829,0.0792836793874829,-0.0799670863102845,-0.0799670863102845,0,0,0,0.95,0.95,0,0,0,0.95,0.95,0.00455749062981024,-0.00455749062981024,-0.0823558520871798,0.0823558520871798,0.0777983614573695,-0.0777983614573695,-0.586297507230168,0.95,-0.583548425526543
hpt_v2_topology2_paper,topology2,fault,deep_lvrt,lvrt_120ms_0.575pu,0.196,fault,rule_action,0,NaN,0.575,0.575,0.575,1,1,175.146566671185,851.775035135834,0.962079486609186,0.873436123432759,0.12126639940991,1.06471879391979,-0.0647187939197924,0.0379205133908143,0.13075329090181,0.381474264392786,0.052616795969338,0.10897972480672,0,0,1,0,0,1,0,1,0,0.479166666666481,0.782394679620119,1.10522233430018,-0.203194923090289,2.52337139863701,0.0531401226964169,0.0531401226964169,0.0531401226964169,0.0518579765831156,0.0518579765831156,0.108813323364485,0.108813323364485,0.108813323364485,-0.109430170641004,-0.109430170641004,0,0,0,0.95,0.95,0,0,0,0.95,0.95,0.0657233095211442,-0.0657233095211442,-0.120943968113206,0.120943968113206,0.0552206585920617,-0.0552206585920617,-0.95,0.930142705053452,0.0632812979371391
hpt_v2_topology2_paper,topology2,fault,deep_lvrt,lvrt_120ms_0.575pu,0.198,fault,rule_action,0,NaN,0.575,0.575,0.575,1,1,181.400901447765,844.802831815564,0.921614139631372,0.855550176817705,0.0825521749574261,1.05600353976945,-0.0560035397694549,0.078385860368628,0.0780355444187966,0.448737173237663,0.129044523523843,0.0715121551163309,0,0,1,0,0,1,0,1,0,0.495833333333141,0.782394679620119,1.10522233430018,-5,-0.2101426424439,0.129843959120863,0.129843959120863,0.129843959120863,0.129032446352789,0.129032446352789,0.0708469022005084,0.0708469022005084,0.0708469022005084,-0.0723143489205524,-0.0723143489205524,0,0,0,0.95,0.95,0,0,0,0.95,0.95,0.143359104954389,-0.143359104954389,-0.0401331069769646,0.0401331069769646,-0.103225997977424,0.103225997977424,-0.95,0.349467636843286,0.717299067838876
hpt_v2_topology2_paper,topology2,fault,deep_lvrt,lvrt_120ms_0.575pu,0.2,recovery,rule_action,0,NaN,0.575,0.575,0.575,1,1,214.376459141625,841.008839176248,0.934055254627433,0.842455260380334,0.122901238772202,1.05126104897031,-0.0512610489703105,0.0659447453725669,0.0937127961666276,0.504091695554518,0.168934564502926,0.00976092415787248,0,0,1,0,0,1,0,1,0,0.512499999999801,0.782394679620119,1.10522233430018,-5,-0.755964231235584,0.168804341827789,0.168804341827789,0.168804341827789,0.168660561603193,0.168660561603193,0.00953826166195608,0.00953826166195608,0.00953826166195608,-0.0118109785852165,-0.0118109785852165,0,0,0,0.95,0.95,0,0,0,0.95,0.95,0.0390922643635226,-0.0390922643635226,0.122908279269001,-0.122908279269001,-0.162000543632523,0.162000543632523,-0.729569848046834,-0.367305351873594,0.95
hpt_v2_topology2_paper,topology2,fault,deep_lvrt,lvrt_120ms_0.575pu,0.202,recovery,rule_action,0,NaN,0.575,0.575,0.575,1,1,225.053208829535,854.514801060582,0.97922033242727,0.913681769067465,0.142371548726111,1.06814350132573,-0.0681435013257281,0.02077966757273,0.181627174072883,0.518139449108883,0.113330143689444,0.00586834185061396,0,0,1,0,0,1,0,1,0,0.529166666666462,0.782394679620119,1.10522233430018,1.84748148301261,2.68712972216822,0.112496212325224,0.112496212325224,0.112496212325224,0.112391773465114,0.112391773465114,0.00599384671388556,0.00599384671388556,0.00599384671388556,-0.00770799865840113,-0.00770799865840113,0,0,0,0.95,0.95,0,0,0,0.95,0.95,-0.0451076263749796,0.0451076263749796,0.111954425722164,-0.111954425722164,-0.0668467993471844,0.0668467993471844,-0.0855782475807113,-0.908546581252085,0.95
hpt_v2_topology2_paper,topology2,fault,deep_lvrt,lvrt_120ms_0.575pu,0.204,recovery,rule_action,0,NaN,0.575,0.575,0.575,1,1,215.61475984298,854.144297877236,1.00535686152371,0.952888321852306,0.0553349848536916,1.06768037234654,-0.0676803723465444,-0.00535686152370984,0.281403094223499,0.480284031242294,0.0339469403662498,0.0266848346745842,0,0,0,0,0,1,0,1,0,0.545833333333122,0.782394679620119,1.10522233430018,3.59143918906202,0.553675213468718,0.0333351021469588,0.0333351021469588,0.0333351021469588,0.0137466332240425,0.0137466332240425,0.0268126220876528,0.0268126220876528,0.0268126220876528,-0.0405114281822687,-0.0405114281822687,0,0,0,0.95,0.95,0,0,0,0.95,0.95,-0.0176160356890343,0.0176160356890343,0.0425699160246343,-0.0425699160246343,-0.0249538803356001,0.0249538803356001,0.617190511119183,-0.95,0.532109478821171
hpt_v2_topology2_paper,topology2,fault,deep_lvrt,lvrt_120ms_0.575pu,0.206,recovery,rule_action,0,NaN,0.575,0.575,0.575,1,1,207.867143964266,881.084655020802,1.0070131129209,0.996750516177547,0.0568204835908799,1.101355818776,-0.101355818776002,-0.00701311292090212,0.310749347071811,0.385486975266096,-0.00380750056512421,0.0396287846828646,0,0,0,0,0,1,0,1,0,0.562499999999782,0.782394679620119,1.10522233430018,-3.68449928268311,-1.91298784784366,-0.00396897787659744,-0.00396897787659744,-0.00396897787659744,-0.0246550429745421,-0.0246550429745421,0.0396681498241711,0.0396681498241711,0.0396681498241711,-0.0313280026778166,-0.0313280026778166,0,0,0,0.95,0.95,0,0,0,0.95,0.95,-0.00263025666446178,0.00263025666446178,0.0357650555353854,-0.0357650555353854,-0.0331347988709236,0.0331347988709236,0.95,-0.896762996140483,-0.149737790450465
hpt_v2_topology2_paper,topology2,fault,deep_lvrt,lvrt_120ms_0.575pu,0.208,recovery,rule_action,0,NaN,0.575,0.575,0.575,1,1,207.52147627107,882.629823068516,1.0060765940206,1.02128525512417,0.024595775919909,1.10328727883564,-0.103287278835645,-0.00607659402059957,0.278340007919529,0.335967127469949,-0.0119076962208632,0.0600824130084816,0,0,0,0,0,1,0,1,0,0.579166666666442,0.782394679620119,1.10522233430018,-5,-0.87668588102896,-0.0119312300848744,-0.0119312300848744,-0.0119312300848744,-0.0423952355593117,-0.0423952355593117,0.0601578209726181,0.0601578209726181,0.0601578209726181,-0.0443166072413294,-0.0443166072413294,0,0,0,0.95,0.95,0,0,0,0.95,0.95,-0.0347594091634432,0.0347594091634432,0.0611384278559453,-0.0611384278559453,-0.0263790186925022,0.0263790186925022,0.95,-0.361781672301503,-0.758039990762742
hpt_v2_topology2_paper,topology2,fault,deep_lvrt,lvrt_120ms_0.575pu,0.21,recovery,rule_action,0,NaN,0.575,0.575,0.575,1,1,207.332286710412,857.384200596769,1.00627410880393,1.03196008199433,0.0280913045865509,1.07173025074596,-0.071730250745961,-0.00627410880393464,0.211852135711837,0.315290344354233,-0.0132953683121466,0.0740105194879601,0,0,0,0,0,1,0,1,0,0.595833333333102,0.782394679620119,1.10522233430018,0.823266605397777,0.55074141095468,-0.0133067454536337,-0.0133067454536337,-0.0133067454536337,-0.0510545608062509,-0.0510545608062509,0.0741296074115791,0.0741296074115791,0.0741296074115791,-0.0553687636708955,-0.0553687636708955,0,0,0,0.95,0.95,0,0,0,0.95,0.95,-0.0714648619002114,0.0714648619002114,0.056318379127437,-0.056318379127437,0.0151464827727743,-0.0151464827727743,0.765740129475481,0.316372952558561,-0.95
hpt_v2_topology2_paper,topology2,fault,deep_lvrt,lvrt_120ms_0.575pu,0.212,recovery,rule_action,0,NaN,0.575,0.575,0.575,1,1,204.944609156467,849.6092921131,0.997137560967411,1.01421255824877,0.0334430452146946,1.06201161514137,-0.0620116151413745,0.00286243903258909,0.191464016563536,0.303446493552685,-0.00394875902793764,0.0793374813735722,0,0,0,0,0,1,0,1,0,0.612499999999763,0.782394679620119,1.10522233430018,-0.560972429812345,-0.177482436507503,-0.0037923953949591,-0.0037923953949591,-0.0037923953949591,-0.00512571378637253,-0.00512571378637253,0.0793246593610321,0.0793246593610321,0.0793246593610321,-0.079249674470976,-0.079249674470976,0,0,0,0.95,0.95,0,0,0,0.95,0.95,-0.071971571897752,0.071971571897752,0.00691419305982633,-0.00691419305982633,0.0650573788379257,-0.0650573788379257,0.132597545817941,0.892229299307265,-0.95
hpt_v2_topology2_paper,topology2,fault,deep_lvrt,lvrt_120ms_0.575pu,0.214,recovery,rule_action,0,NaN,0.575,0.575,0.575,1,1,208.432134443488,849.175500323095,0.994040358233768,0.988631757180618,0.0627295772757371,1.06146937540387,-0.0614693754038693,0.00595964176623165,0.136158207831755,0.342468041091762,0.00882242595520463,0.0812812379430563,0,0,0,0,0,1,0,1,0,0.629166666666423,0.782394679620119,1.10522233430018,-0.470118457014501,-1.10209414792495,0.00890763811552613,0.00890763811552613,0.00890763811552613,0.00758344459032521,0.00758344459032521,0.0811761715298114,0.0811761715298114,0.0811761715298114,-0.0813105664054802,-0.0813105664054802,0,0,0,0.95,0.95,0,0,0,0.95,0.95,-0.0279720426124186,0.0279720426124186,-0.0524584009942568,0.0524584009942568,0.0804304436066754,-0.0804304436066754,-0.557757754725039,0.95,-0.570154050185599
hpt_v2_topology2_paper,topology2,fault,deep_lvrt,lvrt_120ms_0.575pu,0.216,recovery,rule_action,0,NaN,0.575,0.575,0.575,1,1,207.177458929573,848.584918774216,0.997591847218558,1.03429998710465,0.0137483604897339,1.06073114846777,-0.0607311484677695,0.00240815278144191,0.123800266107586,0.396763097312235,0.00957480417884477,0.0831404685081095,0,0,0,0,0,1,0,1,0,0.645833333333083,0.782394679620119,1.10522233430018,0.732026526857776,2.36605275795365,0.00953635429210281,0.00953635429210281,0.00953635429210281,0.00822821530014827,0.00822821530014827,0.0832149577447389,0.0832149577447389,0.0832149577447389,-0.0833544702977447,-0.0833544702977447,0,0,0,0.95,0.95,0,0,0,0.95,0.95,0.0233712289486142,-0.0233712289486142,-0.0813425787873318,0.0813425787873318,0.0579713498387175,-0.0579713498387175,-0.95,0.876498396678421,0.115815285194767
hpt_v2_topology2_paper,topology2,fault,deep_lvrt,lvrt_120ms_0.575pu,0.218,recovery,rule_action,0,NaN,0.575,0.575,0.575,1,1,204.842997978971,849.512720454112,0.996185070255462,1.0232687259357,0.0239843669433736,1.06189090056764,-0.0618909005676402,0.00381492974453768,0.168633242690335,0.404626463598411,0.00886380210414432,0.0788990357691659,0,0,0,0,0,1,0,1,0,0.662499999999743,0.782394679620119,1.10522233430018,-5,-0.864723516609045,0.00887986170947592,0.00887986170947592,0.00887986170947592,0.00768451423226042,0.00768451423226042,0.0786874105571193,0.0786874105571193,0.0786874105571193,-0.0788131255894489,-0.0788131255894489,0,0,0,0.95,0.95,0,0,0,0.95,0.95,0.0624892799563313,-0.0624892799563313,-0.0733663423538708,0.0733663423538708,0.0108770623975395,-0.0108770623975395,-0.95,0.313309430474805,0.756555685388196
hpt_v2_topology2_paper,topology2,fault,deep_lvrt,lvrt_120ms_0.575pu,0.22,recovery,rule_action,0,NaN,0.575,0.575,0.575,1,1,209.023220034506,846.929754390507,0.997853170215845,0.968071006485827,0.0340640022135845,1.05866219298813,-0.0586621929881341,0.00214682978415537,0.163456244440236,0.406025937019833,0.015361950667941,0.0713364977025839,0,0,0,0,0,1,1,0,1,0,0.982872523167955,1.00701952286665,-5,-0.953046046029415,0.0153488509821817,0.0153488509821817,0.0153488509821817,0.0142900485041258,0.0142900485041258,0.0712884259392766,0.0712884259392766,0.0712884259392766,-0.071508191230954,-0.071508191230954,0,0,0,0.95,0.95,0,0,0,0.95,0.95,0.0727534601150427,-0.0727534601150427,-0.0320847951213434,0.0320847951213434,-0.0406686649936993,0.0406686649936993,-0.73416240037998,-0.381189724675132,0.95
hpt_v2_topology2_paper,topology2,fault,deep_lvrt,lvrt_120ms_0.575pu,0.222,recovery,rule_action,0,NaN,0.575,0.575,0.575,1,1,210.692960899007,854.868855213921,1.00233814034453,1.0247899179868,0.0147916217126021,1.0685860690174,-0.0685860690174016,-0.0023381403445264,0.178266518637206,0.416429089338879,0.00342568327634384,0.0724649890713031,0,0,0,0,0,1,1,0,1,0,0.982872523167955,1.00790702400594,-1.60801486214823,1.65404552849591,0.00321762174137727,0.00321762174137727,0.00321762174137727,-0.0361612505596082,-0.0361612505596082,0.0726875676882213,0.0726875676882213,0.0726875676882213,-0.0631363567531859,-0.0631363567531859,0,0,0,0.95,0.95,0,0,0,0.95,0.95,0.0628027892886202,-0.0628027892886202,0.000414229390936023,-0.000414229390936023,-0.0632170186795562,0.0632170186795562,-0.10270758805008,-0.900275488816994,0.95
hpt_v2_topology2_paper,topology2,fault,deep_lvrt,lvrt_120ms_0.575pu,0.224,recovery,rule_action,0,NaN,0.575,0.575,0.575,1,1,202.009757030588,851.084077513145,1.00041768367775,1.04624881896425,0.0207055981416615,1.06385509689143,-0.0638550968914307,-0.000417683677752967,0.215663041018189,0.42633106716895,-0.00893536706496548,0.083273846327072,0,0,0,0,0,1,1,0,1,0,0.95777138624933,1.00790702400594,0.52459193772747,-0.0634319839445396,-0.00883056894059568,-0.00883056894059568,-0.00883056894059568,-0.00996460242343581,-0.00996460242343581,0.0833798170963647,0.0833798170963647,0.0833798170963647,-0.083251904154684,-0.083251904154684,0,0,0,0.95,0.95,0,0,0,0.95,0.95,0.044836000405848,-0.044836000405848,0.0389410206158071,-0.0389410206158071,-0.0837770210216551,0.0837770210216551,0.59005538640107,-0.95,0.530293065757059
hpt_v2_topology2_paper,topology2,fault,deep_lvrt,lvrt_120ms_0.575pu,0.226,recovery,rule_action,0,NaN,0.575,0.575,0.575,1,1,208.519725965158,855.093957642901,0.99596591884665,1.00113119287399,0.0200173930239359,1.06886744705363,-0.0688674470536261,0.00403408115335024,0.216012135420117,0.391236326755816,0.0121167525514754,0.0803803126597115,0,0,0,0,0,1,1,0,1,0,0.95777138624933,1.00790702400594,-0.9825883659067,-2.58414200439305,0.0122686043789178,0.0122686043789178,0.0122686043789178,0.0112282739759382,0.0112282739759382,0.0802528507614565,0.0802528507614565,0.0802528507614565,-0.0804050034031979,-0.0804050034031979,0,0,0,0.95,0.95,0,0,0,0.95,0.95,-0.0256116743350745,0.0256116743350745,0.0795239803886718,-0.0795239803886718,-0.0539123060535973,0.0539123060535973,0.95,-0.885627877831091,-0.155559435604873
hpt_v2_topology2_paper,topology2,fault,deep_lvrt,lvrt_120ms_0.575pu,0.228,recovery,rule_action,0,NaN,0.575,0.575,0.575,1,1,208.52788235409,853.898426039048,0.998518168558933,0.995627368488088,0.0412698404075209,1.06737303254881,-0.0673730325488102,0.00148183144106706,0.21080895194726,0.361421590970411,0.0148607611624035,0.0764956560866333,0,0,0,0,0,1,1,0,1,0,0.95777138624933,1.00790702400594,-5,-0.427471629192988,0.0147854870415123,0.0147854870415123,0.0147854870415123,0.0138322704584184,0.0138322704584184,0.0763023015930713,0.0763023015930713,0.0763023015930713,-0.0764808482524867,-0.0764808482524867,0,0,0,0.95,0.95,0,0,0,0.95,0.95,-0.064972721127881,0.064972721127881,0.0694241193416466,-0.0694241193416466,-0.00445139821376554,0.00445139821376554,0.95,-0.352859377155492,-0.776826547683929
hpt_v2_topology2_paper,topology2,fault,deep_lvrt,lvrt_120ms_0.575pu,0.23,recovery,rule_action,0,NaN,0.575,0.575,0.575,1,1,206.028211955173,851.943518788047,1.00226288892614,1.04242105123035,0.017661763373713,1.06492939848506,-0.0649293984850592,-0.00226288892613957,0.184213261288556,0.359324730496013,-0.000638983638453429,0.0779534820168125,0,0,0,0,0,1,1,0,1,0,0.95777138624933,1.00790702400594,1.84631865908824,0.364070656232229,-0.00076186411150633,-0.00076186411150633,-0.00076186411150633,-0.0422713765440452,-0.0422713765440452,0.0781162949260787,0.0781162949260787,0.0781162949260787,-0.065695256259292,-0.065695256259292,0,0,0,0.95,0.95,0,0,0,0.95,0.95,-0.0772081587738021,0.0772081587738021,0.0489107345910111,-0.0489107345910111,0.0282974241827909,-0.0282974241827909,0.74024163710919,0.338972327465416,-0.95
hpt_v2_topology2_paper,topology2,fault,deep_lvrt,lvrt_120ms_0.575pu,0.232,recovery,rule_action,0,NaN,0.575,0.575,0.575,1,1,205.449978566418,848.774856360121,0.997446640188787,0.96060525812604,0.0429668964882911,1.06096857045015,-0.0609685704501519,0.00255335981121296,0.189095662545331,0.351449437805502,0.00479265632905505,0.0784160889932,0,0,0,0,0,1,1,0,1,0,0.95777138624933,1.00790702400594,-3.10369444811043,-0.408347413789034,0.00495450632252692,0.00495450632252692,0.00495450632252692,0.00405982685452891,0.00405982685452891,0.0783314063405897,0.0783314063405897,0.0783314063405897,-0.0783828690346671,-0.0783828690346671,0,0,0,0.95,0.95,0,0,0,0.95,0.95,-0.0669807613915515,0.0669807613915515,-0.00194195575981156,0.00194195575981156,0.068922717151363,-0.068922717151363,0.100708991546809,0.914974776485861,-0.95
hpt_v2_topology2_paper,topology2,fault,deep_lvrt,lvrt_120ms_0.575pu,0.234,recovery,rule_action,0,NaN,0.575,0.575,0.575,1,1,209.42211821998,849.749129530073,0.998409914112323,1.00065754503148,0.0532750436613448,1.06218641191259,-0.0621864119125917,0.00159008588767728,0.150969899433699,0.376185396442138,0.0105601987745183,0.0829617197570797,0,0,0,0,0,1,1,0,1,0,0.95777138624933,1.00790702400594,-3.88715350534041,0.280238986420933,0.0105503672669707,0.0105503672669707,0.0105503672669707,0.00965527784590611,0.00965527784590611,0.0828723561426485,0.0828723561426485,0.0828723561426485,-0.0829814031685431,-0.0829814031685431,0,0,0,0.95,0.95,0,0,0,0.95,0.95,-0.027148303679022,0.027148303679022,-0.0548479239262106,0.0548479239262106,0.0819962276052326,-0.0819962276052326,-0.579414329171222,0.95,-0.550508949292762
hpt_v2_topology2_paper,topology2,fault,deep_lvrt,lvrt_120ms_0.575pu,0.236,recovery,rule_action,0,NaN,0.575,0.575,0.575,1,1,207.894683648077,852.461581814117,1.00200754372247,1.01255491179349,0.0376262564024001,1.06557697726765,-0.0655769772676458,-0.00200754372247425,0.153193220451545,0.407894967847692,0.000377209882749075,0.0859399992245952,0,0,0,0,0,1,1,0,1,0,0.95777138624933,1.00790702400594,-0.155145077968211,1.29270702001172,0.000234525041716698,0.000234525041716698,0.000234525041716698,-0.0454425296938367,-0.0454425296938367,0.0859069696845149,0.0859069696845149,0.0859069696845149,-0.0729043135719425,-0.0729043135719425,0,0,0,0.95,0.95,0,0,0,0.95,0.95,0.0147664269052699,-0.0147664269052699,-0.0806738084094028,0.0806738084094028,0.0659073815041329,-0.0659073815041329,-0.95,0.87589186346238,0.126367700036073
hpt_v2_topology2_paper,topology2,fault,deep_lvrt,lvrt_120ms_0.575pu,0.238,recovery,rule_action,0,NaN,0.575,0.575,0.575,1,1,205.294754119049,850.034534066657,0.99640120453387,0.993453015758482,0.00833279806593969,1.06254316758332,-0.0625431675833206,0.00359879546613018,0.198001080326185,0.397350492251513,0.00371736959775322,0.077866846438784,0,0,0,0,0,1,1,0,1,0,0.95777138624933,1.00790702400594,-5,0.777896814172285,0.00394875604452819,0.00394875604452819,0.00394875604452819,0.00320559451564281,0.00320559451564281,0.0778821017897869,0.0778821017897869,0.0778821017897869,-0.0779162282024432,-0.0779162282024432,0,0,0,0.95,0.95,0,0,0,0.95,0.95,0.0585303071600697,-0.0585303071600697,-0.0738920871284131,0.0738920871284131,0.0153617799683434,-0.0153617799683434,-0.95,0.317762620229306,0.771508058901873
hpt_v2_topology2_paper,topology2,fault,deep_lvrt,lvrt_120ms_0.575pu,0.24,recovery,rule_action,0,NaN,0.575,0.575,0.575,1,1,208.218629114215,847.288263487953,0.996055241983492,0.954052411950772,0.0175708489173251,1.05911032935994,-0.0591103293599406,0.00394475801650762,0.182852962765132,0.383032404347837,0.0191755029354363,0.0715146426596379,0,0,0,0,0,1,1,0,1,0,0.95777138624933,1.00790702400594,-5,-0.883814303165309,0.0192619990334828,0.0192619990334828,0.0192619990334828,0.0185983544928215,0.0185983544928215,0.0716671160747568,0.0716671160747568,0.0716671160747568,-0.071842197512311,-0.071842197512311,0,0,0,0.95,0.95,0,0,0,0.95,0.95,0.0736762685591745,-0.0736762685591745,-0.0291403626327917,0.0291403626327917,-0.0445359059263828,0.0445359059263828,-0.754338061086462,-0.376601844430644,0.95
hpt_v2_topology2_paper,topology2,fault,deep_lvrt,lvrt_120ms_0.575pu,0.242,recovery,rule_action,0,NaN,0.575,0.575,0.575,1,1,209.697484787786,855.729218007859,1.00219981148439,1.04815435932237,0.00234732776989666,1.06966152250982,-0.0696615225098243,-0.00219981148438841,0.181056768305091,0.386837294772255,0.00649590257492444,0.0774317305206775,0,0,0,0,0,1,1,0,1,0,0.95777138624933,1.00790702400594,0.0617442762427256,1.52436651217247,0.00628196566241358,0.00628196566241358,0.00628196566241358,-0.0357932052348625,-0.0357932052348625,0.0775488708500397,0.0775488708500397,0.0775488708500397,-0.0690806551917025,-0.0690806551917025,0,0,0,0.95,0.95,0,0,0,0.95,0.95,0.0656007267346551,-0.0656007267346551,0.00342637173175014,-0.00342637173175014,-0.0690270984664052,0.0690270984664052,-0.113709019668817,-0.893408851822403,0.95
hpt_v2_topology2_paper,topology2,fault,deep_lvrt,lvrt_120ms_0.575pu,0.244,recovery,rule_action,0,NaN,0.575,0.575,0.575,1,1,202.373630372252,850.441279061837,1.00058117483863,1.01737043472825,0.0193263238158776,1.0630515988273,-0.0630515988272962,-0.00058117483863307,0.201209703795655,0.403646429877239,-0.00825606209496781,0.0889286055029724,0,0,0,0,0,1,1,0,1,0,0.95777138624933,1.00790702400594,1.70292940447414,-0.189038373640704,-0.00817711197369148,-0.00817711197369148,-0.00817711197369148,-0.00890796798873501,-0.00890796798873501,0.0890011144537351,0.0890011144537351,0.0890011144537351,-0.0889309374770603,-0.0889309374770603,0,0,0,0.95,0.95,0,0,0,0.95,0.95,0.046597284149697,-0.046597284149697,0.0427510928457562,-0.0427510928457562,-0.0893483769954532,0.0893483769954532,0.583684684322139,-0.95,0.530774432150331
hpt_v2_topology2_paper,topology2,fault,deep_lvrt,lvrt_120ms_0.575pu,0.246,recovery,rule_action,0,NaN,0.575,0.575,0.575,1,1,208.20470397904,853.017108298214,0.996246772654796,0.992694725683849,0.027761385488176,1.06627138537277,-0.0662713853727674,0.00375322734520378,0.193399474845878,0.382525998124844,0.0107701834514672,0.0820547220726116,0,0,0,0,0,1,1,0,1,0,0.95777138624933,1.00790702400594,-3.97959762060118,-2.69716263655728,0.0109191113994772,0.0109191113994772,0.0109191113994772,0.0102874241379928,0.0102874241379928,0.0819914294247298,0.0819914294247298,0.0819914294247298,-0.0820730796148755,-0.0820730796148755,0,0,0,0.95,0.95,0,0,0,0.95,0.95,-0.0247379212342941,0.0247379212342941,0.0807238621195476,-0.0807238621195476,-0.0559859408852535,0.0559859408852535,0.95,-0.880517882219697,-0.154027854865897
hpt_v2_topology2_paper,topology2,fault,deep_lvrt,lvrt_120ms_0.575pu,0.248,recovery,rule_action,0,NaN,0.575,0.575,0.575,1,1,207.937783021471,853.025087180533,0.998595310968487,1.01518563176474,0.03889121489436,1.06628135897567,-0.0662813589756668,0.00140468903151258,0.188945976954058,0.367641163320757,0.0138579689333356,0.0758933333034034,0,0,0,0,0,1,1,0,1,0,0.95777138624933,1.00790702400594,-5,-0.912262996074942,0.0137903960986049,0.0137903960986049,0.0137903960986049,0.0132340228151316,0.0132340228151316,0.075784980974561,0.075784980974561,0.075784980974561,-0.0758841156369339,-0.0758841156369339,0,0,0,0.95,0.95,0,0,0,0.95,0.95,-0.0639885541302365,0.0639885541302365,0.0691325656584903,-0.0691325656584903,-0.0051440115282538,0.0051440115282538,0.95,-0.34682547239249,-0.769620088669423
hpt_v2_topology2_paper,topology2,fault,deep_lvrt,lvrt_120ms_0.575pu,0.25,recovery,rule_action,0,NaN,0.575,0.575,0.575,1,1,206.936172994268,852.415143356793,1.002074840094,1.04178686247924,0.0309634517822792,1.06551892919599,-0.0655189291959912,-0.00207484009399783,0.169992058958645,0.376723941665213,0.00018961660489648,0.0797671711189246,0,0,0,0,0,1,1,0,1,0,0.95777138624933,1.00790702400594,2.83043252669901,0.701819347939336,6.77161338029113e-05,6.77161338029113e-05,6.77161338029113e-05,-0.0421270805699068,-0.0421270805699068,0.0797987464901534,0.0797987464901534,0.0797987464901534,-0.0677728087770539,-0.0677728087770539,0,0,0,0.95,0.95,0,0,0,0.95,0.95,-0.0790114346630167,0.0790114346630167,0.049189636451616,-0.049189636451616,0.0298217982114007,-0.0298217982114007,0.725609037386607,0.346463797251423,-0.95
hpt_v2_topology2_paper,topology2,fault,deep_lvrt,lvrt_120ms_0.575pu,0.252,recovery,rule_action,0,NaN,0.575,0.575,0.575,1,1,205.813634180984,848.877046306978,0.997125900960603,0.965728117146997,0.033903261593697,1.06109630788372,-0.0610963078837221,0.00287409903939684,0.188590655871352,0.373300639677828,0.00606414548159462,0.0809857863199449,0,0,0,0,0,1,1,0,1,0,0.95777138624933,1.00790702400594,-4.27107224551881,-0.514188296559137,0.00623596024092884,0.00623596024092884,0.00623596024092884,0.005703686455079,0.005703686455079,0.0809309333832405,0.0809309333832405,0.0809309333832405,-0.0809701867308648,-0.0809701867308648,0,0,0,0.95,0.95,0,0,0,0.95,0.95,-0.0686074633062499,0.0686074633062499,-0.00326339982930135,0.00326339982930135,0.0718708631355512,-0.0718708631355512,0.088001982369312,0.922955015355923,-0.95
hpt_v2_topology2_paper,topology2,fault,deep_lvrt,lvrt_120ms_0.575pu,0.254,recovery,rule_action,0,NaN,0.575,0.575,0.575,1,1,208.63441633322,850.21507468013,0.997464009401838,1.01398145760026,0.0642359054321086,1.06276884335016,-0.062768843350163,0.00253599059816179,0.169434273950961,0.380634995829927,0.0128574150961718,0.0818176280425577,0,0,0,0,0,1,1,0,1,0,0.95777138624933,1.01708913992304,-3.10768232277403,0.32023066578768,0.0128876810424273,0.0128876810424273,0.0128876810424273,0.0123820685313355,0.0123820685313355,0.0818013223603675,0.0818013223603675,0.0818013223603675,-0.0818793810518949,-0.0818793810518949,0,0,0,0.95,0.95,0,0,0,0.95,0.95,-0.0244141851789904,0.0244141851789904,-0.0563211655851553,0.0563211655851553,0.0807353507641457,-0.0807353507641457,-0.588653974187823,0.95,-0.550358748730132
hpt_v2_topology2_paper,topology2,fault,deep_lvrt,lvrt_120ms_0.575pu,0.256,recovery,rule_action,0,NaN,0.575,0.575,0.575,1,1,208.16825157121,853.173347339422,1.00182469987405,1.01284368926556,0.0410831517240948,1.06646668417428,-0.0664666841742774,-0.00182469987404654,0.16427891913669,0.400109265954284,0.00336489956110297,0.0833914166983487,0,0,0,0,0,1,1,0,1,0,0.95777138624933,1.01708913992304,0.668866342613317,0.902593014108666,0.00319613724713113,0.00319613724713113,0.00319613724713113,0.00271359567354185,0.00271359567354185,0.0833942896901449,0.0833942896901449,0.0833942896901449,-0.0834113855822264,-0.0834113855822264,0,0,0,0.95,0.95,0,0,0,0.95,0.95,0.0174815181615882,-0.0174815181615882,-0.0794119309031453,0.0794119309031453,0.0619304127415571,-0.0619304127415571,-0.95,0.879154221729497,0.127130044412926
hpt_v2_topology2_paper,topology2,fault,deep_lvrt,lvrt_120ms_0.575pu,0.258,recovery,rule_action,0,NaN,0.575,0.575,0.575,1,1,205.839119514192,850.271887433276,0.997670846373876,1.0029887191618,0.0291102308828555,1.0628398592916,-0.0628398592915955,0.00232915362612385,0.202437059550911,0.385851204050507,0.00272534831880654,0.0805443896960817,0,0,0,0,0,1,1,0,1,0,0.95777138624933,1.01708913992304,-5,-0.532067894162491,0.00287526510034522,0.00287526510034522,0.00287526510034522,0.00244141443395887,0.00244141443395887,0.0802931033155923,0.0802931033155923,0.0802931033155923,-0.0803074659356607,-0.0803074659356607,0,0,0,0.95,0.95,0,0,0,0.95,0.95,0.0596533246060583,-0.0596533246060583,-0.0764372602359823,0.0764372602359823,0.016783935629924,-0.016783935629924,-0.95,0.31758908961508,0.770100469414207
hpt_v2_topology2_paper,topology2,fault,deep_lvrt,lvrt_120ms_0.575pu,0.26,recovery,rule_action,0,NaN,0.575,0.575,0.575,1,1,208.571391143674,847.006019070459,0.998225680699544,0.975723701181123,0.00317631271941645,1.05875752383807,-0.0587575238380738,0.0017743193004558,0.173729419781541,0.373204513183149,0.0118147565502065,0.0744335081067496,0,0,0,0,0,1,1,0,1,0,0.95777138624933,1.01708913992304,-5,-0.887295937272325,0.0118020796575097,0.0118020796575097,0.0118020796575097,0.011407062295915,0.011407062295915,0.0746597055432226,0.0746597055432226,0.0746597055432226,-0.0747210789926111,-0.0747210789926111,0,0,0,0.95,0.95,0,0,0,0.95,0.95,0.0755760511475437,-0.0755760511475437,-0.0366853439605776,0.0366853439605776,-0.0388907071869661,0.0388907071869661,-0.75127420478425,-0.370301649757179,0.95
hpt_v2_topology2_paper,topology2,fault,deep_lvrt,lvrt_120ms_0.575pu,0.262,recovery,rule_action,0,NaN,0.575,0.575,0.575,1,1,210.729407047419,854.316258125501,1.00258242898085,1.05384153334671,0.014119225572731,1.06789532265688,-0.0678953226568768,-0.0025824289808456,0.166931610013365,0.383435785751222,0.00146407985494537,0.0793383915036315,0,0,0,0,0,1,1,0,1,0,0.95777138624933,1.01708913992304,1.55798814468255,1.39407012529369,0.00129302997243463,0.00129302997243463,0.00129302997243463,-0.0407790615290744,-0.0407790615290744,0.0794648023175105,0.0794648023175105,0.0794648023175105,-0.0682157963720911,-0.0682157963720911,0,0,0,0.95,0.95,0,0,0,0.95,0.95,0.0695420188640181,-0.0695420188640181,-0.00145170932470813,0.00145170932470813,-0.06809030953931,0.06809030953931,-0.115032696687654,-0.888478553710012,0.95
hpt_v2_topology2_paper,topology2,fault,deep_lvrt,lvrt_120ms_0.575pu,0.264,recovery,rule_action,0,NaN,0.575,0.575,0.575,1,1,202.936035657843,850.123029975859,1.0005378485726,1.02898260444437,0.0107252160114022,1.06265378746982,-0.0626537874698234,-0.000537848572596422,0.189231239174471,0.407697260237724,-0.0098523627267514,0.0892142904098264,0,0,0,0,0,1,1,0,1,0,0.95777138624933,1.01708913992304,2.82524268285833,-0.310356780652388,-0.00974881536011759,-0.00974881536011759,-0.00974881536011759,-0.0101582441841369,-0.0101582441841369,0.0892872057390365,0.0892872057390365,0.0892872057390365,-0.089241551895438,-0.089241551895438,0,0,0,0.95,0.95,0,0,0,0.95,0.95,0.0479663336597984,-0.0479663336597984,0.0417804744062405,-0.0417804744062405,-0.0897468080660389,0.0897468080660389,0.583412936303029,-0.95,0.526946353082499
hpt_v2_topology2_paper,topology2,fault,deep_lvrt,lvrt_120ms_0.575pu,0.266,recovery,rule_action,0,NaN,0.575,0.575,0.575,1,1,208.529621058728,852.649677375503,0.996211914255872,1.00075894563377,0.0227677009196419,1.06581209671938,-0.065812096719378,0.00378808574412826,0.187226625129887,0.392154244991194,0.0107936261468696,0.0837755390785833,0,0,0,0,0,1,1,0,1,0,0.95777138624933,1.01708913992304,-1.69631799313263,-2.80581971210814,0.0109449223744663,0.0109449223744663,0.0109449223744663,0.0105893334578896,0.0105893334578896,0.0837059957661892,0.0837059957661892,0.0837059957661892,-0.0837517227877134,-0.0837517227877134,0,0,0,0.95,0.95,0,0,0,0.95,0.95,-0.0252262152515859,0.0252262152515859,0.0823812403068729,-0.0823812403068729,-0.057155025055287,0.057155025055287,0.95,-0.875207904620966,-0.160789799095067
hpt_v2_topology2_paper,topology2,fault,deep_lvrt,lvrt_120ms_0.575pu,0.268,recovery,rule_action,0,NaN,0.575,0.575,0.575,1,1,207.947654741629,853.638209506559,0.998528466459527,1.01104222488279,0.0362042121249437,1.0670477618832,-0.0670477618831984,0.00147153354047302,0.190672416203969,0.378980407888344,0.0139930480961337,0.0790095020422027,0,0,0,0,0,1,1,0,1,0,0.95777138624933,1.01708913992304,-5,-0.433964670982556,0.0139287431927891,0.0139287431927891,0.0139287431927891,0.0136091544589606,0.0136091544589606,0.0788609854527492,0.0788609854527492,0.0788609854527492,-0.0789167651923312,-0.0789167651923312,0,0,0,0.95,0.95,0,0,0,0.95,0.95,-0.0663820672118096,0.0663820672118096,0.0719836172997906,-0.0719836172997906,-0.005601550087981,0.005601550087981,0.95,-0.338401532813741,-0.777128614777214
hpt_v2_topology2_paper,topology2,fault,deep_lvrt,lvrt_120ms_0.575pu,0.27,recovery,rule_action,0,NaN,0.575,0.575,0.575,1,1,206.656811305129,852.375252553382,1.0019819039277,1.03674725983108,0.027150263447466,1.06546906569173,-0.0654690656917274,-0.00198190392770137,0.178546748965374,0.385167599929972,0.000265793969056142,0.0818171607401415,0,0,0,0,0,1,1,0,1,0,0.95777138624933,1.01708913992304,3.28441142236113,0.785178049932611,0.000148854240149669,0.000148854240149669,0.000148854240149669,-0.000168133048110853,-0.000168133048110853,0.0818464419789185,0.0818464419789185,0.0818464419789185,-0.0818464046459673,-0.0818464046459673,0,0,0,0.95,0.95,0,0,0,0.95,0.95,-0.0810715514157506,0.0810715514157506,0.0502671337799757,-0.0502671337799757,0.0308044176357749,-0.0308044176357749,0.722871492673386,0.355533644452172,-0.95
hpt_v2_topology2_paper,topology2,fault,deep_lvrt,lvrt_120ms_0.575pu,0.272,recovery,rule_action,0,NaN,0.575,0.575,0.575,1,1,205.535539831937,848.658115268011,0.996978092194562,0.960428857017317,0.0382439300074738,1.06082264408501,-0.0608226440850133,0.00302190780543787,0.200399872502593,0.37560231318363,0.00645781962373161,0.0829038877182746,0,0,0,0,0,1,1,0,1,0,0.95777138624933,1.01708913992304,-4.03814524182244,-0.446045485565039,0.00663682515001384,0.00663682515001384,0.00663682515001384,0.00633735566762324,0.00633735566762324,0.0827630501317729,0.0827630501317729,0.0827630501317729,-0.0827865196655123,-0.0827865196655123,0,0,0,0.95,0.95,0,0,0,0.95,0.95,-0.0699579951616275,0.0699579951616275,-0.00374743552519203,0.00374743552519203,0.0737054306868195,-0.0737054306868195,0.0837003976737373,0.930894442588569,-0.95
hpt_v2_topology2_paper,topology2,fault,deep_lvrt,lvrt_120ms_0.575pu,0.274,recovery,rule_action,0,NaN,0.575,0.575,0.575,1,1,208.717707075957,849.514543665085,0.997536823923921,1.00974797842753,0.0606617650146785,1.06189317958136,-0.0618931795813562,0.00246317607607938,0.17701881790425,0.382630977408971,0.0134010698073089,0.0852705170291122,0,0,0,0,0,1,1,0,1,0,0.95777138624933,1.01708913992304,-3.44791499530572,0.335905093694855,0.0134187304170173,0.0134187304170173,0.0134187304170173,0.0131325577585007,0.0131325577585007,0.0851277103999295,0.0851277103999295,0.0851277103999295,-0.085172327258673,-0.085172327258673,0,0,0,0.95,0.95,0,0,0,0.95,0.95,-0.0252678810399673,0.0252678810399673,-0.0587190040146793,0.0587190040146793,0.0839868850546466,-0.0839868850546466,-0.594170927735166,0.95,-0.549036332893249
hpt_v2_topology2_paper,topology2,fault,deep_lvrt,lvrt_120ms_0.575pu,0.276,recovery,rule_action,0,NaN,0.575,0.575,0.575,1,1,208.037435426371,853.559722275822,1.00195370393105,1.01039535971496,0.041358445175821,1.06694965284478,-0.0669496528447768,-0.00195370393104666,0.171226614760594,0.397501994936302,0.00294998968362485,0.087891301975151,0,0,0,0,0,1,1,0,1,0,0.95777138624933,1.01708913992304,0.201459007722171,0.950406703051243,0.00277720609845418,0.00277720609845418,0.00277720609845418,0.00250605206072167,0.00250605206072167,0.0878787432926533,0.0878787432926533,0.0878787432926533,-0.0878868937867205,-0.0878868937867205,0,0,0,0.95,0.95,0,0,0,0.95,0.95,0.0179515021849486,-0.0179515021849486,-0.0835149855551708,0.0835149855551708,0.0655634833702222,-0.0655634833702222,-0.95,0.880527753505218,0.128835454339139
hpt_v2_topology2_paper,topology2,fault,deep_lvrt,lvrt_120ms_0.575pu,0.278,recovery,rule_action,0,NaN,0.575,0.575,0.575,1,1,205.702350688332,850.594879393172,0.997663125454136,1.0026451841563,0.0285918279943776,1.06324359924146,-0.0632435992414646,0.0023368745458644,0.20642404450703,0.380235476822099,0.00244275599416669,0.0831169860322004,0,0,0,0,0,1,1,0,1,0,0.95777138624933,1.01708913992304,-5,0.87497946155124,0.00259709560873273,0.00259709560873273,0.00259709560873273,0.00236067187035223,0.00236067187035223,0.0828756631284853,0.0828756631284853,0.0828756631284853,-0.0828827344680881,-0.0828827344680881,0,0,0,0.95,0.95,0,0,0,0.95,0.95,0.0613842453074338,-0.0613842453074338,-0.0789655227252666,0.0789655227252666,0.0175812774178329,-0.0175812774178329,-0.95,0.318806511163022,0.770594172666518
hpt_v2_topology2_paper,topology2,fault,deep_lvrt,lvrt_120ms_0.575pu,0.28,recovery,rule_action,0,NaN,0.575,0.575,0.575,1,1,208.51430576699,846.864739000861,0.998203843474715,0.977037177838993,0.00668155418719076,1.05858092375108,-0.0585809237510759,0.00179615652528531,0.173737075012587,0.366820800411782,0.0119046395515172,0.0761717578792167,0,0,0,0,0,1,1,0,1,0,0.95777138624933,1.01708913992304,-5,-0.876590025343571,0.0118924734808114,0.0118924734808114,0.0118924734808114,0.0116715405541008,0.0116715405541008,0.0763877565323781,0.0763877565323781,0.0763877565323781,-0.0764218255123211,-0.0764218255123211,0,0,0,0.95,0.95,0,0,0,0.95,0.95,0.0772983304849769,-0.0772983304849769,-0.0375926221374891,0.0375926221374891,-0.0397057083474878,0.0397057083474878,-0.752516266140039,-0.368753489688787,0.95
hpt_v2_topology2_paper,topology2,fault,deep_lvrt,lvrt_120ms_0.575pu,0.282,recovery,rule_action,0,NaN,0.575,0.575,0.575,1,1,210.799681261736,854.47354928316,1.00258476530116,1.05377205505123,0.0161957854411158,1.06809193660395,-0.0680919366039503,-0.00258476530116014,0.163432494635184,0.378653141969714,0.00159223597732156,0.0805544797233427,0,0,0,0,0,1,1,0,1,0,0.95777138624933,1.01708913992304,1.47573101890863,1.33989027513381,0.00141940809318227,0.00141940809318227,0.00141940809318227,-0.0411532322061032,-0.0411532322061032,0.0806747190731835,0.0806747190731835,0.0806747190731835,-0.0694034328824059,-0.0694034328824059,0,0,0,0.95,0.95,0,0,0,0.95,0.95,0.0705006884365782,-0.0705006884365782,-0.00126419321335113,0.00126419321335113,-0.0692364952232271,0.0692364952232271,-0.115667382477008,-0.886360545846207,0.95
hpt_v2_topology2_paper,topology2,fault,deep_lvrt,lvrt_120ms_0.575pu,0.284,recovery,rule_action,0,NaN,0.575,0.575,0.575,1,1,202.736616464549,849.92193233206,1.00028768003791,1.03022070258013,0.0091283972800034,1.06240241541508,-0.0624024154150751,-0.000287680037906135,0.186983858691415,0.399870967726599,-0.00956558825493948,0.0894023482093165,0,0,0,0,0,1,1,0,1,0,0.95777138624933,1.01708913992304,2.73516933328088,-0.331134433815938,-0.00944388382498408,-0.00944388382498408,-0.00944388382498408,-0.00966770728368962,-0.00966770728368962,0.0894516454336868,0.0894516454336868,0.0894516454336868,-0.089427731987179,-0.089427731987179,0,0,0,0.95,0.95,0,0,0,0.95,0.95,0.0476540824932172,-0.0476540824932172,0.0422403801929149,-0.0422403801929149,-0.0898944626861321,0.0898944626861321,0.581542561639216,-0.95,0.527886545483924
hpt_v2_topology2_paper,topology2,fault,deep_lvrt,lvrt_120ms_0.575pu,0.286,recovery,rule_action,0,NaN,0.575,0.575,0.575,1,1,208.550467305943,851.196177039447,0.995996451224904,1.00235792436651,0.0214166966992848,1.06399522129931,-0.0639952212993089,0.00400354877509645,0.181599852079411,0.388039937625874,0.0119997170308118,0.0835749976174623,0,0,0,0,0,1,1,0,1,0,0.95777138624933,1.01708913992304,-1.82323786735483,-2.8245839436456,0.0121511021186824,0.0121511021186824,0.0121511021186824,0.0119561109304847,0.0119561109304847,0.0835465629328592,0.0835465629328592,0.0835465629328592,-0.0835746903793893,-0.0835746903793893,0,0,0,0.95,0.95,0,0,0,0.95,0.95,-0.0265217633190793,0.0265217633190793,0.0826741739620929,-0.0826741739620929,-0.0561524106430136,0.0561524106430136,0.95,-0.87480840739138,-0.160361415599449
hpt_v2_topology2_paper,topology2,fault,deep_lvrt,lvrt_120ms_0.575pu,0.288,recovery,rule_action,0,NaN,0.575,0.575,0.575,1,1,208.037479835709,852.507873749538,0.998535547934286,1.01295393827882,0.0356408805526339,1.06563484218692,-0.0656348421869222,0.00146445206571422,0.18414481576014,0.379252269435247,0.0146596755804167,0.0796334106295438,0,0,0,0,0,1,1,0,1,0,0.95777138624933,1.01708913992304,-5,-0.901656756425506,0.0145860367068548,0.0145860367068548,0.0145860367068548,0.0144057600294788,0.0144057600294788,0.0795086383724904,0.0795086383724904,0.0795086383724904,-0.0795414993612406,-0.0795414993612406,0,0,0,0.95,0.95,0,0,0,0.95,0.95,-0.067379414167712,0.067379414167712,0.0723651895218014,-0.0723651895218014,-0.00498577535408941,0.00498577535408941,0.95,-0.33625834815112,-0.776950321300258
hpt_v2_topology2_paper,topology2,fault,deep_lvrt,lvrt_120ms_0.575pu,0.29,recovery,rule_action,0,NaN,0.575,0.575,0.575,1,1,206.787266347436,851.797514941294,1.00205864436345,1.03716455251434,0.0275489173122672,1.06474689367662,-0.064746893676618,-0.00205864436345293,0.174028747577626,0.389311979938487,0.000261512095863371,0.0834961568625139,0,0,0,0,0,1,1,0,1,0,0.95777138624933,1.01708913992304,3.37018466001471,0.744416678757798,0.000139841791803877,0.000139841791803877,0.000139841791803877,-0.0436967061066654,-0.0436967061066654,0.0835283692506359,0.0835283692506359,0.0835283692506359,-0.0711871189248802,-0.0711871189248802,0,0,0,0.95,0.95,0,0,0,0.95,0.95,-0.0827540692308333,0.0827540692308333,0.0512044980903847,-0.0512044980903847,0.0315495711404486,-0.0315495711404486,0.718889100971349,0.358587104123115,-0.95
hpt_v2_topology2_paper,topology2,fault,deep_lvrt,lvrt_120ms_0.575pu,0.292,recovery,rule_action,0,NaN,0.575,0.575,0.575,1,1,205.184166620727,848.535266135981,0.996483875376674,0.972261703221829,0.0448938632853897,1.06066908266998,-0.0606690826699761,0.00351612462332573,0.199819783315919,0.381932302339967,0.00772906515489796,0.0856172114321554,0,0,0,0,0,1,1,0,1,0,0.95777138624933,1.01708913992304,-3.99451464388889,-0.483533484249676,0.00790103070451585,0.00790103070451585,0.00790103070451585,0.00772939599063301,0.00772939599063301,0.085483499401217,0.085483499401217,0.085483499401217,-0.0854991894329504,-0.0854991894329504,0,0,0,0.95,0.95,0,0,0,0.95,0.95,-0.0717080700605405,0.0717080700605405,-0.00502206719582424,0.00502206719582424,0.0767301372563648,-0.0767301372563648,0.0806697787375332,0.930176200266706,-0.95
hpt_v2_topology2_paper,topology2,fault,deep_lvrt,lvrt_120ms_0.575pu,0.294,recovery,rule_action,0,NaN,0.575,0.575,0.575,1,1,210.214055103757,849.647954697446,0.996883157250685,1.01768302268928,0.0538818485968489,1.06205994337181,-0.0620599433718072,0.00311684274931534,0.18134152625983,0.380217228122839,0.0173885733542788,0.0837145048186114,0,0,0,0,0,1,1,0,1,0,0.95777138624933,1.01708913992304,-1.21040499980363,0.344836457900177,0.0174019665284252,0.0174019665284252,0.0174019665284252,0.0172441027714366,0.0172441027714366,0.0835606524490433,0.0835606524490433,0.0835606524490433,-0.0835933729213888,-0.0835933729213888,0,0,0,0.95,0.95,0,0,0,0.95,0.95,-0.020879744172773,0.020879744172773,-0.0612325460396565,0.0612325460396565,0.0821122902124296,-0.0821122902124296,-0.593482869621341,0.95,-0.550355715053334
hpt_v2_topology2_paper,topology2,fault,deep_lvrt,lvrt_120ms_0.575pu,0.296,recovery,rule_action,0,NaN,0.575,0.575,0.575,1,1,209.792096570475,854.005145625904,1.00180420915113,1.0132943139022,0.0268724360282819,1.06750643203238,-0.0675064320323804,-0.00180420915113122,0.169170018977204,0.398807805012238,0.00572225891633688,0.0872288722422936,0,0,0,0,0,1,1,0,1,0,0.95777138624933,1.01708913992304,0.465837823180326,0.930602577563722,0.00552377061867191,0.00552377061867191,0.00552377061867191,0.00536956957944283,0.00536956957944283,0.0873309878658988,0.0873309878658988,0.0873309878658988,-0.0873406045663355,-0.0873406045663355,0,0,0,0.95,0.95,0,0,0,0.95,0.95,0.0207144807330944,-0.0207144807330944,-0.0839853112945553,0.0839853112945553,0.0632708305614609,-0.0632708305614609,-0.95,0.878740167406868,0.131718288497312
hpt_v2_topology2_paper,topology2,fault,deep_lvrt,lvrt_120ms_0.575pu,0.298,recovery,rule_action,0,NaN,0.575,0.575,0.575,1,1,205.622141504117,850.328282659945,0.998251327971026,1.00621606106735,0.0174867665707167,1.06291035332493,-0.0629103533249307,0.00174867202897355,0.206877143859393,0.381461068759953,0.000900386506554252,0.0859035652348243,0,0,0,0,0,1,1,0,1,0,0.95777138624933,1.01708913992304,-5,-0.492019336906013,0.00103146392156531,0.00103146392156531,0.00103146392156531,0.000895233293093524,0.000895233293093524,0.0858667584724834,0.0858667584724834,0.0858667584724834,-0.0858682868452855,-0.0858682868452855,0,0,0,0.95,0.95,0,0,0,0.95,0.95,0.0625344527757122,-0.0625344527757122,-0.082234909858136,0.082234909858136,0.0197004570824239,-0.0197004570824239,-0.95,0.317958159766273,0.772986108178738
hpt_v2_topology2_paper,topology2,fault,deep_lvrt,lvrt_120ms_0.575pu,0.3,recovery,rule_action,0,NaN,0.575,0.575,0.575,1,1,208.295698306179,847.33459404475,0.998685005802281,0.978147217844039,0.0145019969100818,1.05916824255594,-0.0591682425559372,0.00131499419771863,0.175224653474991,0.367738091793145,0.00946138358680275,0.0798561134290773,0,0,0,0,0,1,1,0,1,0,0.95777138624933,1.01708913992304,-5,-0.877442616733059,0.00944595399443404,0.00944595399443404,0.00944595399443404,0.00931100570921209,0.00931100570921209,0.0800275625194825,0.0800275625194825,0.0800275625194825,-0.080043375630702,-0.080043375630702,0,0,0,0.95,0.95,0,0,0,0.95,0.95,0.0805672006749988,-0.0805672006749988,-0.0416700486062196,0.0416700486062196,-0.0388971520687792,0.0388971520687792,-0.751912477132628,-0.368634526093864,0.95
hpt_v2_topology2_paper,topology2,fault,deep_lvrt,lvrt_120ms_0.575pu,0.302,recovery,rule_action,0,NaN,0.575,0.575,0.575,1,1,211.214313860015,854.447792615412,1.00212179667746,1.03950882937588,0.00755076309559468,1.06805974076927,-0.0680597407692651,-0.00212179667746493,0.164792685845067,0.378832320712785,0.00158461695131208,0.0842316389614133,0,0,0,0,0,1,1,0,1,0,0.95777138624933,1.01708913992304,2.58134806488397,1.35019176598528,0.0014413609082988,0.0014413609082988,0.0014413609082988,-0.0429510805868889,-0.0429510805868889,0.0842994392232752,0.0842994392232752,0.0842994392232752,-0.0725512070957141,-0.0725512070957141,0,0,0,0.95,0.95,0,0,0,0.95,0.95,0.0736546077766823,-0.0736546077766823,-0.00129416729842983,0.00129416729842983,-0.0723604404782524,0.0723604404782524,-0.112981723580269,-0.889945870456032,0.95
hpt_v2_topology2_paper,topology2,fault,deep_lvrt,lvrt_120ms_0.575pu,0.304,recovery,rule_action,0,NaN,0.575,0.575,0.575,1,1,202.595283378147,850.580802645008,0.999674878398821,1.01390564042928,0.0154133916229656,1.06322600330626,-0.0632260033062604,0.000325121601178591,0.188894729797568,0.399453585365675,-0.00761887084252752,0.0912848654830839,0,0,0,0,0,1,1,0,1,0,0.95777138624933,1.01708913992304,0.836921506720989,-0.316900150853172,-0.00748049730784947,-0.00748049730784947,-0.00748049730784947,-0.0076063573323392,-0.0076063573323392,0.0913339649602805,0.0913339649602805,0.0913339649602805,-0.0913235693754425,-0.0913235693754425,0,0,0,0.95,0.95,0,0,0,0.95,0.95,0.0466502106814262,-0.0466502106814262,0.0449845325520307,-0.0449845325520307,-0.0916347432334569,0.0916347432334569,0.584641246548421,-0.95,0.529299296660434
hpt_v2_topology2_paper,topology2,fault,deep_lvrt,lvrt_120ms_0.575pu,0.306,recovery,rule_action,0,NaN,0.575,0.575,0.575,1,1,207.736844176468,850.734938374775,0.996734785248165,1.00573725091778,0.0257083443236329,1.06341867296847,-0.0634186729684694,0.00326521475183528,0.183616754851003,0.386242876531965,0.0107498398064617,0.0875159865730352,0,0,0,0,0,1,1,0,1,0,0.95777138624933,1.01708913992304,-1.496789685828,-2.80132393828803,0.0108628491455257,0.0108628491455257,0.0108628491455257,0.0107531009999839,0.0107531009999839,0.087355749580636,0.087355749580636,0.087355749580636,-0.0873693269702667,-0.0873693269702667,0,0,0,0.95,0.95,0,0,0,0.95,0.95,-0.0259702273713224,0.0259702273713224,0.0858269411268799,-0.0858269411268799,-0.0598567137555576,0.0598567137555576,0.95,-0.874185404610098,-0.161379616613802
hpt_v2_topology2_paper,topology2,fault,deep_lvrt,lvrt_120ms_0.575pu,0.308,recovery,rule_action,0,NaN,0.575,0.575,0.575,1,1,208.095098701373,852.441504231913,0.999115337819808,1.0026607182679,0.0224318232563286,1.06555188028989,-0.0655518802898907,0.000884662180192231,0.18449304654202,0.377855620451431,0.0121098133698681,0.0817622105800225,0,0,0,0,0,1,1,0,1,0,0.95777138624933,1.01708913992304,-5,-0.903242566461682,0.0120269642267875,0.0120269642267875,0.0120269642267875,0.0119257748400262,0.0119257748400262,0.0815907725124783,0.0815907725124783,0.0815907725124783,-0.0816056243292115,-0.0816056243292115,0,0,0,0.95,0.95,0,0,0,0.95,0.95,-0.067128451013042,0.067128451013042,0.0750564515159046,-0.0750564515159046,-0.00792800050286269,0.00792800050286269,0.95,-0.333415556802347,-0.778463371039388
hpt_v2_topology2_paper,topology2,fault,deep_lvrt,lvrt_120ms_0.575pu,0.31,recovery,rule_action,0,NaN,0.575,0.575,0.575,1,1,206.582879807313,851.646822808459,1.00239901814999,1.03399324696505,0.0290351789828245,1.06455852851057,-0.0645585285105743,-0.00239901814998644,0.173816280207782,0.388512903119883,-0.00209722763595148,0.0845303242316147,0,0,0,0,0,1,1,0,1,0,0.95777138624933,1.01708913992304,1.16592629547108,0.739854243275717,-0.00220897206369078,-0.00220897206369078,-0.00220897206369078,-0.0461951510014762,-0.0461951510014762,0.084608704211375,0.084608704211375,0.084608704211375,-0.0709191117390575,-0.0709191117390575,0,0,0,0.95,0.95,0,0,0,0.95,0.95,-0.0835088052208457,0.0835088052208457,0.05368519794727,-0.05368519794727,0.0298236072735757,-0.0298236072735757,0.718582309936553,0.359209832329721,-0.95
hpt_v2_topology2_paper,topology2,fault,deep_lvrt,lvrt_120ms_0.575pu,0.312,recovery,rule_action,0,NaN,0.575,0.575,0.575,1,1,205.046942953926,849.316040736362,0.996780105959036,0.980212609088583,0.0403809134739763,1.06164505092045,-0.0616450509204529,0.00321989404096401,0.198901821344513,0.381222351512874,0.00593646275404822,0.0851590449610824,0,0,0,0,0,1,1,0,1,0,0.95777138624933,1.01708913992304,-4.51722125337173,-0.49071589319305,0.0061102867949725,0.0061102867949725,0.0061102867949725,0.00601560268005203,0.00601560268005203,0.0850581585016449,0.0850581585016449,0.0850581585016449,-0.0850649073167279,-0.0850649073167279,0,0,0,0.95,0.95,0,0,0,0.95,0.95,-0.0721490963003925,0.0721490963003925,-0.00329613099791255,0.00329613099791255,0.0754452272983051,-0.0754452272983051,0.0809331578375604,0.927957943688395,-0.95
hpt_v2_topology2_paper,topology2,fault,deep_lvrt,lvrt_120ms_0.575pu,0.314,recovery,rule_action,0,NaN,0.575,0.575,0.575,1,1,209.308878967401,849.219279785624,0.996746031683351,1.01280111261034,0.0546455602892449,1.06152409973203,-0.0615240997320297,0.00325396831664926,0.180879895054264,0.382090676499839,0.0162381807844814,0.0863113801975376,0,0,0,0,0,1,1,0,1,0,0.95777138624933,1.01708913992304,-2.38656037480123,-1.01235367772912,0.0162772252395237,0.0162772252395237,0.0162772252395237,0.0161897248527353,0.0161897248527353,0.0861571721041436,0.0861571721041436,0.0861571721041436,-0.086173657086571,-0.086173657086571,0,0,0,0.95,0.95,0,0,0,0.95,0.95,-0.0229988234096326,0.0229988234096326,-0.0617760641803003,0.0617760641803003,0.0847748875899329,-0.0847748875899329,-0.596318454694431,0.95,-0.548074477705417
hpt_v2_topology2_paper,topology2,fault,deep_lvrt,lvrt_120ms_0.575pu,0.316,recovery,rule_action,0,NaN,0.575,0.575,0.575,1,1,209.392811801664,853.935763383682,1.00134909527855,1.02078115795199,0.0283192388859456,1.0674197042296,-0.067419704229603,-0.00134909527855065,0.167492410298556,0.393061199985958,0.00717149211597255,0.0874860561852719,0,0,0,0,0,1,1,0,1,0,0.95777138624933,1.01708913992304,-0.493239910347221,0.896512293224516,0.00698774032804289,0.00698774032804289,0.00698774032804289,0.00690359558145171,0.00690359558145171,0.08754828128357,0.08754828128357,0.08754828128357,-0.0875549566766326,-0.0875549566766326,0,0,0,0.95,0.95,0,0,0,0.95,0.95,0.022231040868418,-0.022231040868418,-0.0846986922153947,0.0846986922153947,0.0624676513469767,-0.0624676513469767,-0.95,0.878657740254831,0.128874494171246
hpt_v2_topology2_paper,topology2,fault,deep_lvrt,lvrt_120ms_0.575pu,0.318,recovery,rule_action,0,NaN,0.575,0.575,0.575,1,1,205.899588852078,849.841153846074,0.998054989242872,1.01352981912865,0.019065684038618,1.06230144230759,-0.0623014423075932,0.00194501075712805,0.202216520118599,0.378539299121283,0.0013696596920695,0.0846375916573558,0,0,0,0,0,1,0,1,0,0.0075000000000075,0.95777138624933,1.01708913992304,-5,-0.527751208666549,0.00142623237963058,0.00142623237963058,0.00142623237963058,0.00135321795754711,0.00135321795754711,0.0846515786539973,0.0846515786539973,0.0846515786539973,-0.0846527773234521,-0.0846527773234521,0,0,0,0.95,0.95,0,0,0,0.95,0.95,0.0619698579193379,-0.0619698579193379,-0.0809423654696997,0.0809423654696997,0.0189725075503617,-0.0189725075503617,-0.95,0.317586362156862,0.770892795912846
hpt_v2_topology2_paper,topology2,fault,deep_lvrt,lvrt_120ms_0.575pu,0.32,tail,rule_action,0,NaN,0.575,0.575,0.575,1,1,208.512899915147,847.989903009692,0.998657778003678,0.980813626412166,0.0136492171447059,1.05998737876212,-0.0599873787621152,0.00134222199632184,0.169868613478693,0.368262798739237,0.00506768655749432,0.0811690679863932,0,0,0,0,0,1,0,1,0,0.0241666666666908,0.95777138624933,1.01708913992304,-5,-0.886885816047123,0.00505567291778254,0.00505567291778254,0.00505567291778254,0.00497297999507696,0.00497297999507696,0.0812889914091802,0.0812889914091802,0.0812889914091802,-0.0812940921773651,-0.0812940921773651,0,0,0,0.95,0.95,0,0,0,0.95,0.95,0.0812196211887224,-0.0812196211887224,-0.0458657420246933,0.0458657420246933,-0.0353538791640292,0.0353538791640292,-0.749121381223208,-0.368040868868182,0.95
hpt_v2_topology2_paper,topology2,fault,deep_lvrt,lvrt_120ms_0.575pu,0.322,tail,rule_action,0,NaN,0.575,0.575,0.575,1,1,210.077412315404,855.10877704264,1.00017537386544,1.02783797725265,0.0232657244067293,1.0688859713033,-0.0688859713032994,-0.0001753738654382,0.162040315940568,0.382290067250212,0.00340520065109852,0.0827968202887426,0,0,0,0,0,1,0,1,0,0.0408333333333742,0.95777138624933,1.01708913992304,1.84725408748365,1.79715790206325,0.00336679454472783,0.00336679454472783,0.00336679454472783,0.00328825074820785,0.00328825074820785,0.082747529207581,0.082747529207581,0.082747529207581,-0.0827506876254378,-0.0827506876254378,0,0,0,0.95,0.95,0,0,0,0.95,0.95,0.0713644993039556,-0.0713644993039556,0.00070727976131909,-0.00070727976131909,-0.0720717790652747,0.0720717790652747,-0.111286036293015,-0.89326523842739,0.95
hpt_v2_topology2_paper,topology2,fault,deep_lvrt,lvrt_120ms_0.575pu,0.324,tail,rule_action,0,NaN,0.575,0.575,0.575,1,1,201.757133617554,850.175624794089,0.998153940322684,1.00927531070608,0.01901994832423,1.06271953099261,-0.0627195309926118,0.00184605967731599,0.188685455702077,0.403463593564491,0.000599825124564166,0.0832734200544039,0,0,0,0,0,1,0,1,0,0.0575000000000575,0.95777138624933,1.01708913992304,-0.914635918423334,-0.321925186818728,0.000663506686144421,0.000663506686144421,0.000663506686144421,0.000600876170564424,0.000600876170564424,0.0833499567811459,0.0833499567811459,0.0833499567811459,-0.083350431818732,-0.083350431818732,0,0,0,0.95,0.95,0,0,0,0.95,0.95,0.0358101325233676,-0.0358101325233676,0.0472790380805577,-0.0472790380805577,-0.0830891706039252,0.0830891706039252,0.589156099144082,-0.95,0.526074265309501
