model,topology,scenario_type,condition_class,case_name,t,window_zone,action_source,actor_select_mode,grid_V,fault_pu,grid_pu,fault_a_pu,fault_b_pu,fault_c_pu,lv_rms_inst,vdc_inst,obs_01,obs_02,obs_03,obs_04,obs_05,obs_06,obs_07,obs_08,obs_09,obs_10,obs_11,obs_12,obs_13,obs_14,obs_15,obs_16,obs_17,obs_18,obs_19,obs_20,obs_21,obs_22,obs_23,obs_24,action_01,actor_action_01,cmd_action_01,meas_action_01,teacher_action_01,action_02,actor_action_02,cmd_action_02,meas_action_02,teacher_action_02,action_03,actor_action_03,cmd_action_03,meas_action_03,teacher_action_03,action_04,actor_action_04,cmd_action_04,meas_action_04,teacher_action_04,mref_01,mref_02,mref_03,mref_04,mref_05,mref_06,menergy_01,menergy_02,menergy_03
hpt_v2_topology2_paper,topology2,fault,deep_lvrt,lvrt_300ms_0.500pu,0,prefault,rule_action,0,NaN,0.5,0.5,0.5,1,1,1.59571870491636,799.999999999999,0.00770878601408869,1,1,0.999999999999999,9.99200722162641e-16,0.992291213985911,-3.74154734478252e-09,-9.16296000993556e-07,0,0,0,0,0,0,0,1,0,0,0,0,1,1,0,-9.99200722162641e-13,0.00791548465140535,0.00791548465140535,0.00791548465140535,0.00791511895402981,0.00791511895402981,-0.00115978564112783,-0.00115978564112783,-0.00115978564112783,0.00116227877187791,0.00116227877187791,0,0,0,3.74079394561572e-05,3.74079394561572e-05,0,0,0,8.26086669215458e-20,8.26086669215458e-20,-0.00626875697245669,0.00626875697245669,-0.00116992337530585,0.00116992337530585,0.00743868034776254,-0.00743868034776254,1.77635683940025e-17,0.016246300864286,-0.0162463008642861
hpt_v2_topology2_paper,topology2,fault,deep_lvrt,lvrt_300ms_0.500pu,0.002,prefault,rule_action,0,NaN,0.5,0.5,0.5,1,1,125.124988312347,803.136924889596,0.137612622435518,2.1471418192046,2.1471418192046,1.00392115611199,-0.00392115611199473,0.862387377564482,-0.0717414735080924,-0.237449200345437,0.42554783817692,0.112084495646375,0,0,0,1,0,1,0,0,0,0,1,1,-5,-0.0005852920614835,0.427169239042628,0.427169239042628,0.427169239042628,0.430485796487381,0.430485796487381,0.113872953123053,0.113872953123053,0.113872953123053,-0.100611069270973,-0.100611069270973,0,0,0,0.95,0.95,0,0,0,-0.95,-0.95,-0.342384963242,0.342384963242,-0.0710054929519689,0.0710054929519689,0.413390456193968,-0.413390456193968,-0.0159080116758815,-0.0528159616563993,0.0687239733322808
hpt_v2_topology2_paper,topology2,fault,deep_lvrt,lvrt_300ms_0.500pu,0.004,prefault,rule_action,0,NaN,0.5,0.5,0.5,1,1,168.90629493469,821.260021079123,0.33639159451339,2.12344143547731,2.12344143547731,1.0265750263489,-0.0265750263489037,0.66360840548661,-0.184669801591395,-0.440867205822374,0.533512465071112,0.157614192696169,0,0,0,1,0,1,0,0,0,0,1,1,-5,-0.0757308357948183,0.53421095682381,0.53421095682381,0.53421095682381,0.542613669918304,0.542613669918304,0.157236848810247,0.157236848810247,0.157236848810247,-0.12520055204422,-0.12520055204422,0,0,0,0.95,0.95,0,0,0,-0.95,-0.95,-0.251874392479427,0.251874392479427,-0.304176797453389,0.304176797453389,0.556051189932816,-0.556051189932816,0.0658412642778602,-0.221189636917423,0.155348372639563
hpt_v2_topology2_paper,topology2,fault,deep_lvrt,lvrt_300ms_0.500pu,0.006,prefault,rule_action,0,NaN,0.5,0.5,0.5,1,1,192.971896269114,848.075668574059,0.514216327315169,2.55240201748593,0.675977553153259,1.06009458571757,-0.0600945857175732,0.485783672684831,-0.253864342919063,-0.540529711430265,0.550385756566251,0.204694913351125,0,0,0,1,0,1,0,0,0,0,1,1,-5,-0.833050998430229,0.550422154598374,0.550422154598374,0.550422154598374,0.566058361341568,0.566058361341568,0.205065844911869,0.205065844911869,0.205065844911869,-0.156826275150033,-0.156826275150033,0,0,0,0.95,0.95,0,0,0,-0.95,-0.95,-0.0490094528181542,0.0490094528181542,-0.482408448520762,0.482408448520762,0.531417901338917,-0.531417901338917,0.263542264190457,-0.363742978330853,0.100200714140396
hpt_v2_topology2_paper,topology2,fault,deep_lvrt,lvrt_300ms_0.500pu,0.008,prefault,rule_action,0,NaN,0.5,0.5,0.5,1,1,207.055883566082,848.525338267357,0.667906689140709,2.289935865297,0.172703582999863,1.0606566728342,-0.0606566728341962,0.332093310859291,-0.262400245265613,-0.539438566500987,0.548953929882805,0.228097769048406,0,0,0,1,0,1,0,0,0,0,1,1,-5,-2.00210029200543,0.548929916192436,0.548929916192436,0.548929916192436,0.570977906716519,0.570977906716519,0.228339382879725,0.228339382879725,0.228339382879725,-0.165671834379143,-0.165671834379143,0,0,0,0.95,0.95,0,0,0,-0.95,-0.95,0.200208632289993,-0.200208632289993,-0.584907959557589,0.584907959557589,0.384699327267596,-0.384699327267596,0.465961935343237,-0.388317405613965,-0.0776445297292718
hpt_v2_topology2_paper,topology2,fault,deep_lvrt,lvrt_300ms_0.500pu,0.01,prefault,rule_action,0,NaN,0.5,0.5,0.5,1,1,215.730650576302,848.405768070809,0.787692932773457,1.91174004308966,0.0191440395634174,1.06050721008851,-0.0605072100885107,0.212307067226543,-0.205184234964237,-0.495568843841206,0.549815717109995,0.224235864626964,0,0,0,1,0,1,0,0,0,0,1,1,-4.85980186812163,-2.22344266028807,0.55032948628739,0.55032948628739,0.55032948628739,0.575018386866164,0.575018386866164,0.219677124017499,0.219677124017499,0.219677124017499,-0.143088913126688,-0.143088913126688,0,0,0,0.95,0.95,0,0,0,-0.95,-0.95,0.43618892157619,-0.43618892157619,-0.565434143578741,0.565434143578741,0.129245222002551,-0.129245222002551,0.570973048157792,-0.216866709546156,-0.354106338611635
hpt_v2_topology2_paper,topology2,fault,deep_lvrt,lvrt_300ms_0.500pu,0.012,prefault,rule_action,0,NaN,0.5,0.5,0.5,1,1,222.67978448028,849.32191896435,0.874818236297646,1.54544315723336,0.0482873137382779,1.06165239870544,-0.0616523987054372,0.125181763702354,-0.0868006297864586,-0.431602855741432,0.548537977832631,0.232963934695377,0,0,0,1,0,1,0,0,0,0,1,1,-3.11791910186887,-0.995838325919651,0.548464386117618,0.548464386117618,0.548464386117618,0.578320784981844,0.578320784981844,0.233260513812222,0.233260513812222,0.233260513812222,-0.144113565639397,-0.144113565639397,0,0,0,0.95,0.95,0,0,0,-0.95,-0.95,0.57140515757307,-0.57140515757307,-0.432467176124106,0.432467176124106,-0.138937981448964,0.138937981448964,0.466229207276377,0.113921984579347,-0.580151191855724
hpt_v2_topology2_paper,topology2,fault,deep_lvrt,lvrt_300ms_0.500pu,0.014,prefault,rule_action,0,NaN,0.5,0.5,0.5,1,1,224.62356464357,848.803765041978,0.940805229201482,1.4195203135118,0.13749003193922,1.06100470630247,-0.0610047063024728,0.0591947707985178,0.0748885541725063,-0.379123803342907,0.455669212365458,0.240658565230975,0,0,0,1,0,1,0,0,0,0,1,1,-5,0.62257496241358,0.453789771326975,0.453789771326975,0.453789771326975,0.489256175602717,0.489256175602717,0.241049784361229,0.241049784361229,0.241049784361229,-0.157030410227404,-0.157030410227404,0,0,0,0.95,0.95,0,0,0,-0.95,-0.95,0.510743955399479,-0.510743955399479,-0.206606463826113,0.206606463826113,-0.304137491573365,0.304137491573365,0.152319896003256,0.45992114273697,-0.612241038740227
hpt_v2_topology2_paper,topology2,fault,deep_lvrt,lvrt_300ms_0.500pu,0.016,prefault,rule_action,0,NaN,0.5,0.5,0.5,1,1,217.467164392616,847.27202954821,0.981643178731024,1.29726378396098,0.0330440091315249,1.05909003693526,-0.0590900369352623,0.0183568212689756,0.242789224761721,-0.327442344399025,0.247155009281256,0.238445367728354,0,0,0,1,0,1,0,0,0,0,1,1,-1.38021369894115,-0.000612462019988769,0.245200581136097,0.245200581136097,0.245200581136097,0.286988247513417,0.286988247513417,0.238866096158643,0.238866096158643,0.238866096158643,-0.186596041417624,-0.186596041417624,0,0,0,0.95,0.95,0,0,0,-0.95,-0.95,0.32572795768402,-0.32572795768402,-0.0716980540131007,0.0716980540131007,-0.254029903670919,0.254029903670919,-0.257242915683309,0.665029946125405,-0.407787030442096
hpt_v2_topology2_paper,topology2,fault,deep_lvrt,lvrt_300ms_0.500pu,0.018,prefault,rule_action,0,NaN,0.5,0.5,0.5,1,1,208.759344355007,851.299788442706,0.99694808500736,1.16386288909569,0.0420258773888894,1.06412473555338,-0.0641247355533821,0.00305191499263979,0.404616366406307,-0.277188680068836,0.0932018088687471,0.219421564476174,0,0,0,1,0,1,0,0,0,0,1,1,-0.819281723587473,-0.797632091661171,0.0921830594913856,0.0921830594913856,0.0921830594913856,0.136649351780668,0.136649351780668,0.220095943616492,0.220095943616492,0.220095943616492,-0.195619261606697,-0.195619261606697,0,0,0,0.95,0.95,0,0,0,-0.619735227821744,-0.619735227821744,0.220429688500619,-0.220429688500619,-0.0310756001241512,0.0310756001241512,-0.189354088376468,0.189354088376468,-0.6100810271685,0.592458718087875,0.0176223090806252
hpt_v2_topology2_paper,topology2,fault,deep_lvrt,lvrt_300ms_0.500pu,0.02,prefault,rule_action,0,NaN,0.5,0.5,0.5,1,1,193.273845831036,851.538104750485,0.984022575748929,1.10585046811061,0.0184954639390516,1.06442263093811,-0.0644226309381062,0.0159774242510707,0.521344540012303,-0.248012856507914,0.0601438810579789,0.173352838953226,0,0,0,1,0,1,0,0,0,0,1,1,-5,-1.18847030341773,0.0605344218083511,0.0605344218083511,0.0605344218083511,0.0973692065392213,0.0973692065392213,0.169441467767183,0.169441467767183,0.169441467767183,-0.151307847915074,-0.151307847915074,0,0,0,0.95,0.95,0,0,0,-0.00973349808431863,-0.00973349808431863,0.122258490765078,-0.122258490765078,0.0531982075496433,-0.0531982075496433,-0.175456698314722,0.175456698314722,-0.745234844200256,0.265178957327146,0.48005588687311
hpt_v2_topology2_paper,topology2,fault,deep_lvrt,lvrt_300ms_0.500pu,0.022,prefault,rule_action,0,NaN,0.5,0.5,0.5,1,1,192.359882566038,854.782634602377,0.962419007435705,1.10186626400975,0.0295153158774039,1.06847829325297,-0.0684782932529719,0.0375809925642954,0.581048028354703,-0.196663712499734,0.138685416202426,0.189535352875063,0,0,0,1,0,1,0,0,0,0,1,1,-1.00118486441203,-1.99313246395705,0.139642255557508,0.139642255557508,0.139642255557508,0.181106404365937,0.181106404365937,0.190608214836729,0.190608214836729,0.190608214836729,-0.151762714123314,-0.151762714123314,0,0,0,0.95,0.95,0,0,0,0.208125417407431,0.208125417407431,-0.00894325001386995,0.00894325001386995,0.208955370167074,-0.208955370167074,-0.200012120153204,0.200012120153204,-0.563229967503058,-0.216507508689094,0.779737476192153
hpt_v2_topology2_paper,topology2,fault,deep_lvrt,lvrt_300ms_0.500pu,0.024,prefault,rule_action,0,NaN,0.5,0.5,0.5,1,1,206.276888435307,852.934487538606,0.95857037339853,1.03889105405607,0.0421473100442552,1.06616810942326,-0.0661681094232569,0.0414296266014704,0.593497387567946,-0.119600035216697,0.21119772185199,0.229522938098814,0,0,0,0,0,1,0,0,0,0,1,1,2.1183062441088,-0.465286724982805,0.211475155168669,0.211475155168669,0.211475155168669,0.261764556854099,0.261764556854099,0.230062632257496,0.230062632257496,0.230062632257496,-0.170674757330537,-0.170674757330537,0,0,0,0.95,0.95,0,0,0,0.95,0.95,-0.191409706037454,0.191409706037454,0.309619930414261,-0.309619930414261,-0.118210224376807,0.118210224376807,-0.117506726809612,-0.669632161775931,0.787138888585542
hpt_v2_topology2_paper,topology2,fault,deep_lvrt,lvrt_300ms_0.500pu,0.026,prefault,rule_action,0,NaN,0.5,0.5,0.5,1,1,206.41270218239,855.947059058079,0.968660983767811,1.03998967949354,0.0681082976088385,1.0699338238226,-0.0699338238225988,0.031339016232189,0.602640280087663,-0.0513077994623725,0.198746059935128,0.230764454361244,0,0,0,0,0,1,0,0,0,0,1,1,-2.17700016667965,1.78387544805481,0.198436091130787,0.198436091130787,0.198436091130787,0.250345848326986,0.250345848326986,0.23128759496976,0.23128759496976,0.23128759496976,-0.173775113510548,-0.173775113510548,0,0,0,0.95,0.95,0,0,0,0.95,0.95,-0.277852553284803,0.277852553284803,0.24733104758196,-0.24733104758196,0.030521505702843,-0.030521505702843,0.405714394332674,-0.860069440570697,0.454355046238024
hpt_v2_topology2_paper,topology2,fault,deep_lvrt,lvrt_300ms_0.500pu,0.028,prefault,rule_action,0,NaN,0.5,0.5,0.5,1,1,202.728562454008,853.870213657901,0.976921608306415,1.02450440500206,0.0251333556636852,1.06733776707238,-0.0673377670723758,0.0230783916935853,0.607669995809386,0.0470574195149722,0.154544637482856,0.223490355169741,0,0,0,0,0,1,0,0,0,0,1,1,-3.68699494951641,-1.81481882100698,0.15420722873478,0.15420722873478,0.15420722873478,0.206212243584076,0.206212243584076,0.224110483767478,0.224110483767478,0.224110483767478,-0.177431363982175,-0.177431363982175,0,0,0,0.95,0.95,0,0,0,0.95,0.95,-0.272039258500337,0.272039258500337,0.136142602236042,-0.136142602236042,0.135896656264295,-0.135896656264295,0.841653005999758,-0.760436735343628,-0.08121627065613
hpt_v2_topology2_paper,topology2,fault,deep_lvrt,lvrt_300ms_0.500pu,0.03,prefault,rule_action,0,NaN,0.5,0.5,0.5,1,1,201.633630441215,852.545148754604,0.974273818299063,0.998881825026389,0.0226221930299801,1.06568143594325,-0.0656814359432545,0.0257261817009371,0.601097972157235,0.131926897033822,0.141812277300029,0.218773138358347,0,0,0,0,0,1,0,0,0,0,1,1,-5,-0.416853734528599,0.14184233514829,0.14184233514829,0.14184233514829,0.19305479131331,0.19305479131331,0.219203948477029,0.219203948477029,0.219203948477029,-0.175782441157285,-0.175782441157285,0,0,0,0.95,0.95,0,0,0,0.95,0.95,-0.22829458123393,0.22829458123393,0.0044276367914157,-0.0044276367914157,0.223866944442514,-0.223866944442514,0.935148190636013,-0.294420975297933,-0.640727215338081
hpt_v2_topology2_paper,topology2,fault,deep_lvrt,lvrt_300ms_0.500pu,0.032,prefault,rule_action,0,NaN,0.5,0.5,0.5,1,1,198.959181710886,856.093653107204,0.9718818047657,1.02152193491684,0.0552401446291561,1.070117066384,-0.0701170663840047,0.0281181952343001,0.579862042676076,0.210140614940237,0.14864159783395,0.193137479787187,0,0,0,0,0,1,0,0,0,0,1,1,-5,2.07536335493663,0.148759201770819,0.148759201770819,0.148759201770819,0.192775500859744,0.192775500859744,0.193325547283957,0.193325547283957,0.193325547283957,-0.149471313677266,-0.149471313677266,0,0,0,0.95,0.95,0,0,0,0.95,0.95,-0.103356012014403,0.103356012014403,-0.139675597547732,0.139675597547732,0.243031609562135,-0.243031609562135,0.617414231186125,0.312081402770899,-0.929495633957024
hpt_v2_topology2_paper,topology2,fault,deep_lvrt,lvrt_300ms_0.500pu,0.034,prefault,rule_action,0,NaN,0.5,0.5,0.5,1,1,197.705184529345,851.530955118227,0.96778838875902,1.03220578724279,0.0476266465690588,1.06441369389778,-0.0644136938977835,0.0322116112409803,0.575589204725767,0.28576601823362,0.164850840231465,0.131158533749339,0,0,0,0,0,1,0,0,0,0,1,1,-5,-1.34004399891996,0.165057962667329,0.165057962667329,0.165057962667329,0.192313211051378,0.192313211051378,0.130844845315667,0.130844845315667,0.130844845315667,-0.0859077030345835,-0.0859077030345835,0,0,0,0.95,0.95,0,0,0,0.95,0.95,0.0747418535555428,-0.0747418535555428,-0.207910130289717,0.207910130289717,0.133168276734175,-0.133168276734175,0.057677071632028,0.808180526049833,-0.865857597681861
hpt_v2_topology2_paper,topology2,fault,deep_lvrt,lvrt_300ms_0.500pu,0.036,prefault,rule_action,0,NaN,0.5,0.5,0.5,1,1,197.402926740341,855.898851511483,0.963144346866064,1.01184766892,0.0341906877407014,1.06987356438935,-0.0698735643893535,0.0368556531339357,0.572823486071145,0.345231096650088,0.188400958033114,0.0387259187799148,0,0,0,0,0,1,0,0,0,0,1,1,-5,-1.82323509270588,0.188640834026623,0.188640834026623,0.188640834026623,0.19217229932417,0.19217229932417,0.0376800817838418,0.0376800817838418,0.0376800817838418,0.00865795576095374,0.00865795576095374,0,0,0,0.95,0.95,0,0,0,0.95,0.95,0.189662869356354,-0.189662869356354,-0.12266777081925,0.12266777081925,-0.0669950985371039,0.0669950985371039,-0.5367863682576,0.95,-0.469987882715277
hpt_v2_topology2_paper,topology2,fault,deep_lvrt,lvrt_300ms_0.500pu,0.038,prefault,rule_action,0,NaN,0.5,0.5,0.5,1,1,201.971692191681,866.543218886071,0.958982768643401,1.05128648060896,0.011252319234669,1.08317902360759,-0.0831790236075891,0.0410172313565988,0.560870012489467,0.357262387787582,0.216076092719215,-0.0926255646693876,0,0,0,0,0,1,0,0,0,0,1,1,-2.31249174343939,3.05891770643019,0.216257698090911,0.216257698090911,0.216257698090911,0.189345254902868,0.189345254902868,-0.0925872781331462,-0.0925872781331462,-0.0925872781331462,0.139600037612646,0.139600037612646,0,0,0,0.95,0.95,0,0,0,0.95,0.95,0.123646733890396,-0.123646733890396,0.111492705420989,-0.111492705420989,-0.235139439311385,0.235139439311385,-0.925942129144818,0.778792341608309,0.147149787536509
hpt_v2_topology2_paper,topology2,fault,deep_lvrt,lvrt_300ms_0.500pu,0.04,prefault,rule_action,0,NaN,0.5,0.5,0.5,1,1,203.655491592591,869.357645185733,0.964432922242232,1.05144705620127,0.0217978408396998,1.08669705648217,-0.0866970564821665,0.0355670777577682,0.573141407913446,0.357202429030825,0.212810058196332,-0.199994032365149,0,0,0,0,0,1,0,0,0,0,1,1,-4.60771157314754,0.153514186959969,0.21262826589296,0.21262826589296,0.21262826589296,0.164615955146316,0.164615955146316,-0.200927445266947,-0.200927445266947,-0.200927445266947,0.241835078161575,0.241835078161575,0,0,0,0.95,0.95,0,0,0,0.95,0.95,-0.113918879028587,0.113918879028587,0.290312883969833,-0.290312883969833,-0.176394004941246,0.176394004941246,-0.95,0.270406634609379,0.699399279688906
hpt_v2_topology2_paper,topology2,fault,deep_lvrt,lvrt_300ms_0.500pu,0.042,prefault,rule_action,0,NaN,0.5,0.5,0.5,1,1,206.876178981293,892.053095478236,0.972965810489358,1.03461258311141,0.0391952878749193,1.11506636934779,-0.115066369347795,0.027034189510642,0.556218493894803,0.368363800039018,0.183318846191944,-0.229431860821203,0,0,0,0,0,1,0,0,0,0,1,1,-5,-2.37573580463257,0.182893147726179,0.182893147726179,0.182893147726179,0.133837206997395,0.133837206997395,-0.229972769343587,-0.229972769343587,-0.229972769343587,0.261581689244269,0.261581689244269,0,0,0,0.95,0.95,0,0,0,0.95,0.95,-0.268668641139308,0.268668641139308,0.237367832325926,-0.237367832325926,0.0313008088133811,-0.0313008088133811,-0.64023669742564,-0.377681142650852,0.95
hpt_v2_topology2_paper,topology2,fault,deep_lvrt,lvrt_300ms_0.500pu,0.044,prefault,rule_action,0,NaN,0.5,0.5,0.5,1,1,203.450011501413,907.98303444775,0.978301608913606,1.03589430873393,0.0271961331250737,1.13497879305969,-0.134978793059687,0.0216983910863937,0.551014906024075,0.389156282928887,0.144464025122204,-0.209776441303248,0,0,0,0,0,1,0,0,0,0,1,1,-5,-0.522782986883019,0.144157984655025,0.144157984655025,0.144157984655025,0.10396824448128,0.10396824448128,-0.210579422085871,-0.210579422085871,-0.210579422085871,0.233057550157249,0.233057550157249,0,0,0,0.95,0.95,0,0,0,0.95,0.95,-0.245852331031983,0.245852331031983,0.063669211038322,-0.063669211038322,0.182183119993661,-0.182183119993661,-0.0179310454452795,-0.878802957857186,0.896734003302466
hpt_v2_topology2_paper,topology2,fault,deep_lvrt,lvrt_300ms_0.500pu,0.046,prefault,rule_action,0,NaN,0.5,0.5,0.5,1,1,202.066243012559,934.408865527765,0.980223051499295,1.06586119142059,0.0218579047906184,1.16801108190971,-0.168011081909706,0.019776948500705,0.538863629413476,0.373261535481506,0.121179828945381,-0.235431696068833,0,0,0,0,0,1,0,0,0,0,1,1,-2.93394640562217,1.04222792001418,0.121040776714162,0.121040776714162,0.121040776714162,0.0815267098754442,0.0815267098754442,-0.235892606787915,-0.235892606787915,-0.235892606787915,0.252288698006174,0.252288698006174,0,0,0,0.95,0.95,0,0,0,0.95,0.95,-0.13895612285228,0.13895612285228,-0.126073825844146,0.126073825844146,0.265029948696426,-0.265029948696426,0.577432635177933,-0.95,0.397279960999304
hpt_v2_topology2_paper,topology2,fault,deep_lvrt,lvrt_300ms_0.500pu,0.048,prefault,rule_action,0,NaN,0.5,0.5,0.5,1,1,202.668760365666,952.00461310617,0.981283116509926,1.04315438709888,0.048583731329267,1.19000576638271,-0.190005766382713,0.0187168834900741,0.506454512381219,0.38266104703814,0.111723456077203,-0.221094430512979,0,0,0,0,0,1,0,0,0,0,1,1,-5,-2.24364755337736,0.111631337296766,0.111631337296766,0.111631337296766,0.0791309304717335,0.0791309304717335,-0.221746504772806,-0.221746504772806,-0.221746504772806,0.235311206040635,0.235311206040635,0,0,0,0.95,0.95,0,0,0,0.95,0.95,0.019883453184905,-0.019883453184905,-0.224250585721743,0.224250585721743,0.204367132536838,-0.204367132536838,0.95,-0.714611521592354,-0.266485897302482
hpt_v2_topology2_paper,topology2,fault,deep_lvrt,lvrt_300ms_0.500pu,0.05,prefault,rule_action,0,NaN,0.5,0.5,0.5,1,1,205.947314578053,963.786965190547,0.985121758035546,1.10222225652522,0.033259907108592,1.20473370648818,-0.204733706488184,0.0148782419644535,0.461419907844073,0.393917447283319,0.100502122261286,-0.224836470377643,0,0,0,1,0,1,0,0,0,0,1,1,-5,-0.717608980180362,0.100273002697815,0.100273002697815,0.100273002697815,0.0720411073438342,0.0720411073438342,-0.225438650772608,-0.225438650772608,-0.225438650772608,0.235981650102045,0.235981650102045,0,0,0,0.95,0.95,0,0,0,0.95,0.95,0.169076442876125,-0.169076442876125,-0.240158954624308,0.240158954624308,0.0710825117481831,-0.0710825117481831,0.91747629268533,-0.145872504438974,-0.771603788246356
hpt_v2_topology2_paper,topology2,fault,deep_lvrt,lvrt_300ms_0.500pu,0.052,prefault,rule_action,0,NaN,0.5,0.5,0.5,1,1,204.651575022499,967.286102400678,0.989490033323477,1.10752919834395,0.0563047530054306,1.20910762800085,-0.209107628000848,0.0105099666765232,0.428508093737877,0.394124992443723,0.0774802353498866,-0.2387748127675,0,0,0,1,0,1,0,0,0,0,1,1,-5,0.976979443651382,0.0772319097237351,0.0772319097237351,0.0772319097237351,0.0524080291271926,0.0524080291271926,-0.239191148597267,-0.239191148597267,-0.239191148597267,0.24582630438962,0.24582630438962,0,0,0,0.95,0.95,0,0,0,0.95,0.95,0.2505700887839,-0.2505700887839,-0.1424271866228,0.1424271866228,-0.108142902161099,0.108142902161099,0.488508096039585,0.480794878144462,-0.95
hpt_v2_topology2_paper,topology2,fault,deep_lvrt,lvrt_300ms_0.500pu,0.054,prefault,rule_action,0,NaN,0.5,0.5,0.5,1,1,203.458413880062,964.123394647351,0.989627639460306,1.0859799327649,0.0768417066357202,1.20515424330919,-0.205154243309189,0.0103723605396941,0.400197751368858,0.412840328276715,0.0655077953351582,-0.21234722654329,0,0,0,1,0,1,0,0,0,0,1,1,-5,-2.18457941258121,0.0654088276509866,0.0654088276509866,0.0654088276509866,0.0476401976844659,0.0476401976844659,-0.213115930189379,-0.213115930189379,-0.213115930189379,0.217777698582168,0.217777698582168,0,0,0,0.95,0.95,0,0,0,0.95,0.95,0.187748832889531,-0.187748832889531,0.0102184153825739,-0.0102184153825739,-0.197967248272105,0.197967248272105,-0.144952583299539,0.947700775670195,-0.802748192370656
hpt_v2_topology2_paper,topology2,fault,deep_lvrt,lvrt_300ms_0.500pu,0.056,prefault,rule_action,0,NaN,0.5,0.5,0.5,1,1,208.825338709643,956.545399907484,0.991891749276686,1.13892913448763,0.0412043705110691,1.19568174988436,-0.195681749884355,0.00810825072331389,0.351747658506862,0.428474532479496,0.0598254498184365,-0.208590739813897,0,0,0,1,0,1,0,0,0,0,1,1,-0.482396545210761,-0.815911164260052,0.0596331932081982,0.0596331932081982,0.0596331932081982,0.04628375304266,0.04628375304266,-0.209409529949712,-0.209409529949712,-0.209409529949712,0.212758744051218,0.212758744051218,0,0,0,0.95,0.95,0,0,0,0.95,0.95,0.074054215265495,-0.074054215265495,0.14029556893608,-0.14029556893608,-0.214349784201575,0.214349784201575,-0.718094362280122,0.95,-0.250082269535749
hpt_v2_topology2_paper,topology2,fault,deep_lvrt,lvrt_300ms_0.500pu,0.058,prefault,rule_action,0,NaN,0.5,0.5,0.5,1,1,207.534719012112,937.341735726703,0.993416200247642,1.09330309952756,0.012415944792888,1.17167716965838,-0.171677169658378,0.00658379975235768,0.3498167565024,0.452001067420337,0.0451865887896202,-0.235320860512615,0,0,0,1,0,1,0,0,0,0,1,1,0.884050044097639,1.08466388267714,0.0450756913206013,0.0450756913206013,0.0450756913206013,0.0346914456711772,0.0346914456711772,-0.231673846468482,-0.231673846468482,-0.231673846468482,0.233454690856225,0.233454690856225,0,0,0,0.95,0.95,0,0,0,0.95,0.95,-0.0860716090247203,0.0860716090247203,0.233357112841382,-0.233357112841382,-0.147285503816662,0.147285503816662,-0.95,0.588056318895307,0.431329914334115
hpt_v2_topology2_paper,topology2,fault,deep_lvrt,lvrt_300ms_0.500pu,0.06,prefault,rule_action,0,NaN,0.5,0.5,0.5,1,1,208.34295898899,941.738342321974,0.993582853751461,1.08774864778595,0.00160416816544675,1.17717292790247,-0.177172927902468,0.00641714624853917,0.353550479047016,0.42850985430355,0.0403133610081539,-0.219420701139709,0,0,0,1,0,1,0,0,0,0,1,1,-1.7348630189018,-1.94343442638512,0.0402549964479361,0.0402549964479361,0.0402549964479361,0.0345602909714836,0.0345602909714836,-0.215560726459955,-0.215560726459955,-0.215560726459955,0.216546710478209,0.216546710478209,0,0,0,0.95,0.95,0,0,0,0.95,0.95,-0.186856658667541,0.186856658667541,0.192819528551442,-0.192819528551442,-0.0059628698839014,0.0059628698839014,-0.874175714993252,-0.040575281162682,0.914750996155934
hpt_v2_topology2_paper,topology2,fault,deep_lvrt,lvrt_300ms_0.500pu,0.062,prefault,rule_action,0,NaN,0.5,0.5,0.5,1,1,209.750241027325,941.535161594693,0.997522261071176,1.07952389448577,0.0498801693625555,1.17691895199337,-0.176918951993366,0.00247773892882397,0.319491417432281,0.432447814053447,0.0280763048016695,-0.231827462748121,0,0,0,0,0,1,0,0,0,0,1,1,5,-0.789081301746819,0.0278869585776661,0.0278869585776661,0.0278869585776661,0.025761665407289,0.025761665407289,-0.232336429911479,-0.232336429911479,-0.232336429911479,0.232581675370539,0.232581675370539,0,0,0,0.95,0.95,0,0,0,0.95,0.95,-0.231282552618424,0.231282552618424,0.0848239113541633,-0.0848239113541633,0.14645864126426,-0.14645864126426,-0.384357900434142,-0.659428769722635,0.95
hpt_v2_topology2_paper,topology2,fault,deep_lvrt,lvrt_300ms_0.500pu,0.064,prefault,rule_action,0,NaN,0.5,0.5,0.5,1,1,205.763658352984,933.590484971177,0.996514847213357,1.08802950681476,0.0358430284808857,1.16698810621397,-0.166988106213972,0.00348515278664296,0.314380407781684,0.447195765621103,0.0200059062153694,-0.226709647156983,0,0,0,1,0,1,0,0,0,0,1,1,4.45302593693553,1.47813273934005,0.0199993855405672,0.0199993855405672,0.0199993855405672,0.0216256622055244,0.0216256622055244,-0.227286851861557,-0.227286851861557,-0.227286851861557,0.227137885843181,0.227137885843181,0,0,0,0.95,0.95,0,0,0,0.95,0.95,-0.155090472420342,0.155090472420342,-0.0673846618843191,0.0673846618843191,0.222475134304661,-0.222475134304661,0.288473342783095,-0.95,0.71892532901154
hpt_v2_topology2_paper,topology2,fault,deep_lvrt,lvrt_300ms_0.500pu,0.066,prefault,rule_action,0,NaN,0.5,0.5,0.5,1,1,208.291288497851,935.566617471712,0.993824156839545,1.0500213981083,0.0337343531359961,1.16945827183964,-0.16945827183964,0.00617584316045527,0.323335175811727,0.421179058591027,0.0284801966352558,-0.193814447404883,0,0,0,0,0,1,0,0,0,0,1,1,4.23414865807947,-1.23841865176066,0.0285615903027664,0.0285615903027664,0.0285615903027664,0.0329478612031894,0.0329478612031894,-0.194830254772818,-0.194830254772818,-0.194830254772818,0.19413662987082,0.19413662987082,0,0,0,0.95,0.95,0,0,0,0.95,0.95,-0.032355668202103,0.032355668202103,-0.152035653803441,0.152035653803441,0.184391322005544,-0.184391322005544,0.835769012721508,-0.95,0.12185929434258
hpt_v2_topology2_paper,topology2,fault,deep_lvrt,lvrt_300ms_0.500pu,0.068,prefault,rule_action,0,NaN,0.5,0.5,0.5,1,1,208.823271847584,933.250826276888,0.992629009915623,1.00070397186878,0.0842361654571336,1.16656353284611,-0.16656353284611,0.00737099008437714,0.300300719508407,0.419391956855643,0.0368373526013029,-0.214472307935296,0,0,0,0,0,1,0,0,0,0,1,1,3.05128524885145,-2.5884724373042,0.0368965551595857,0.0368965551595857,0.0368965551595857,0.0447719702657761,0.0447719702657761,-0.215212677162826,-0.215212677162826,-0.215212677162826,0.213713178987061,0.213713178987061,0,0,0,0.95,0.95,0,0,0,0.95,0.95,0.094956554828658,-0.094956554828658,-0.217759893177688,0.217759893177688,0.12280333834903,-0.12280333834903,0.95,-0.535097660899785,-0.550181826336934
hpt_v2_topology2_paper,topology2,fault,deep_lvrt,lvrt_300ms_0.500pu,0.07,prefault,rule_action,0,NaN,0.5,0.5,0.5,1,1,206.181884995956,920.190944717572,0.995757313746883,1.05356976091579,0.018803573382775,1.15023868089697,-0.150238680896966,0.00424268625311741,0.290787653902919,0.426587362336222,0.0320353583985222,-0.230763259705139,0,0,0,0,0,1,0,0,0,0,1,1,1.12201364087605,1.83398697231318,0.0319250083188516,0.0319250083188516,0.0319250083188516,0.0432484327606975,0.0432484327606975,-0.227348879356198,-0.227348879356198,-0.227348879356198,0.225469049238296,0.225469049238296,0,0,0,0.95,0.95,0,0,0,0.95,0.95,0.20673947555353,-0.20673947555353,-0.189822795914675,0.189822795914675,-0.0169166796388555,0.0169166796388555,0.848727981215428,0.130581233678349,-0.95
hpt_v2_topology2_paper,topology2,fault,deep_lvrt,lvrt_300ms_0.500pu,0.072,prefault,rule_action,0,NaN,0.5,0.5,0.5,1,1,204.490727556892,913.21488333982,0.996683043135151,1.0215741121519,0.0577554879511014,1.14151860417478,-0.141518604174775,0.0033169568648489,0.309758422915961,0.407621237336864,0.0203049181843469,-0.224944696593021,0,0,0,0,0,1,1,0,0.0148333333333379,0,0.996093289703328,1.05991269268568,-5,-0.448665708931983,0.0202818820424187,0.0202818820424187,0.0202818820424187,0.0343062558383223,0.0343062558383223,-0.225545433971781,-0.225545433971781,-0.225545433971781,0.223841860104532,0.223841860104532,0,0,0,0.95,0.95,0,0,0,0.95,0.95,0.219845921284424,-0.219845921284424,-0.0628867903636046,0.0628867903636046,-0.156959130920819,0.156959130920819,0.276861182537606,0.757349421382985,-0.95
hpt_v2_topology2_paper,topology2,fault,deep_lvrt,lvrt_300ms_0.500pu,0.074,prefault,rule_action,0,NaN,0.5,0.5,0.5,1,1,209.092275914687,915.243467751644,0.998765293110978,0.970019187481326,0.0475366779425399,1.14405433468956,-0.144054334689555,0.00123470688902239,0.277690183357596,0.394076801469147,0.0158780793599201,-0.184693364459959,0,0,0,0,0,1,1,0,0.0315000000000096,0,0.976020825842168,1.10522233430018,-5,-2.3439217194432,0.0157586218806257,0.0157586218806257,0.0157586218806257,0.0293283509618716,0.0293283509618716,-0.18473308888654,-0.18473308888654,-0.18473308888654,0.183069648284461,0.183069648284461,0,0,0,0.95,0.95,0,0,0,0.95,0.95,0.11678736315043,-0.11678736315043,0.0663120523592411,-0.0663120523592411,-0.183099415509671,0.183099415509671,-0.394386466675411,0.95,-0.686587137068074
hpt_v2_topology2_paper,topology2,fault,deep_lvrt,lvrt_300ms_0.500pu,0.076,prefault,rule_action,0,NaN,0.5,0.5,0.5,1,1,206.008673849719,895.735186850162,0.999358029059736,1.06788287182328,0.0385502907192723,1.1196689835627,-0.119668983562703,0.000641970940264192,0.257806565127226,0.42435320670472,0.00768810142593147,-0.122895485227916,0,0,0,0,0,1,1,0,0.0481666666666814,0,0.976020825842168,1.10522233430018,-3.40240088874033,2.0560290158127,0.00762640541636995,0.00762640541636995,0.00762640541636995,0.0177811592584003,0.0177811592584003,-0.122543387830856,-0.122543387830856,-0.122543387830856,0.121486107584636,0.121486107584636,0,0,0,0.95,0.95,0,0,0,0.95,0.95,0.00266980422895803,-0.00266980422895803,0.104970963572759,-0.104970963572759,-0.107640767801717,0.107640767801717,-0.906699886272384,0.95,-0.0557385660679421
hpt_v2_topology2_paper,topology2,fault,deep_lvrt,lvrt_300ms_0.500pu,0.078,prefault,rule_action,0,NaN,0.5,0.5,0.5,1,1,204.50513038568,876.474229231836,0.998704515661199,1.06274576462405,0.0523127648033806,1.0955927865398,-0.0955927865397954,0.00129548433880122,0.272384976891294,0.419098972096926,0.00493511561132831,-0.0501975842118506,0,0,0,0,0,1,1,0,0.0648333333333532,0,0.976020825842168,1.10522233430018,-0.201969210934516,0.0668123722351588,0.00495160915584434,0.00495160915584434,0.00495160915584434,0.00949767441796523,0.00949767441796523,-0.0503619618554291,-0.0503619618554291,-0.0503619618554291,0.0497055310384093,0.0497055310384093,0,0,0,0.95,0.95,0,0,0,0.95,0.95,-0.0274917074345359,0.0274917074345359,0.0505397219988222,-0.0505397219988222,-0.0230480145642864,0.0230480145642864,-0.95,0.479439187450886,0.625645718380709
hpt_v2_topology2_paper,topology2,fault,deep_lvrt,lvrt_300ms_0.500pu,0.08,fault,rule_action,0,NaN,0.5,0.5,0.5,1,1,209.039311059403,877.191741090412,0.995086337594096,1.00105156795132,0.0235216156750955,1.09648967636302,-0.0964896763630152,0.00491366240590363,0.251193758140452,0.395073824909056,0.0187721725804934,-0.0463477911045285,0,0,0,0,0,1,1,0,0.081500000000025,0,0.976020825842168,1.10522233430018,-2.49545162145881,-2.76859778980176,0.018888878455109,0.018888878455109,0.018888878455109,0.0233603744151158,0.0233603744151158,-0.0470432140139076,-0.0470432140139076,-0.0470432140139076,0.0449905170145421,0.0449905170145421,0,0,0,0.95,0.95,0,0,0,0.95,0.95,-0.0403533514185267,0.0403533514185267,0.0467491343367091,-0.0467491343367091,-0.00639578291818247,0.00639578291818247,-0.834919997214464,-0.213870470812837,0.95
hpt_v2_topology2_paper,topology2,fault,deep_lvrt,lvrt_300ms_0.500pu,0.082,fault,rule_action,0,NaN,0.5,0.5,0.5,1,1,204.741264299471,854.638112211152,0.995984905892157,1.00712371327497,0.0687957364537379,1.06829764026394,-0.0682976402639397,0.0040150941078434,0.250469310189916,0.395359243201259,0.0195165945367271,-0.0219801621307178,0,0,0,0,0,1,1,0,0.0981666666666967,0,0.976020825842168,1.10522233430018,-5,-0.792234097899191,0.0195563196724298,0.0195563196724298,0.0195563196724298,0.0216010179236422,0.0216010179236422,-0.021142447612762,-0.021142447612762,-0.021142447612762,0.0190485893139397,0.0190485893139397,0,0,0,0.95,0.95,0,0,0,0.95,0.95,-0.0266432795191024,0.0266432795191024,0.0227921883176717,-0.0227921883176717,0.00385109120143069,-0.00385109120143069,-0.279316215379506,-0.842108088606173,0.95
hpt_v2_topology2_paper,topology2,fault,deep_lvrt,lvrt_300ms_0.500pu,0.084,fault,rule_action,0,NaN,0.5,0.5,0.5,1,1,190.681484270964,852.090580347211,0.983127567456982,0.931937874111233,0.13100415224643,1.06511322543401,-0.0651132254340134,0.0168724325430176,0.195001783415008,0.381607485088567,0.0491646629362742,0.127472939111399,0,0,0,0,0,1,1,0,0.114833333333368,0,0.870281969269701,1.10522233430018,1.54694714498371,0.7404316970121,0.0499203512359604,0.0499203512359604,0.0499203512359604,0.0364690324848461,0.0364690324848461,0.12890220882146,0.12890220882146,0.12890220882146,-0.13333353132724,-0.13333353132724,0,0,0,0.95,0.95,0,0,0,0.95,0.95,0.0325750917469388,-0.0325750917469388,0.100052529888018,-0.100052529888018,-0.132627621634957,0.132627621634957,0.402683469238307,-0.95,0.709719614764337
hpt_v2_topology2_paper,topology2,fault,deep_lvrt,lvrt_300ms_0.500pu,0.086,fault,rule_action,0,NaN,0.5,0.5,0.5,1,1,175.475348763942,840.545182353256,0.945546594685538,0.805280925798853,0.174610977784448,1.05068147794157,-0.0506814779415705,0.0544534053144615,0.0905102923852873,0.393168266073071,0.19010415739362,0.193691985692404,0,0,1,0,0,1,1,0,0.13150000000004,0,0.805280925798853,1.10522233430018,-1.67436236982299,-1.0364346923708,0.192123745117085,0.192123745117085,0.192123745117085,0.17171835263685,0.17171835263685,0.193262511075443,0.193262511075443,0.193262511075443,-0.21160042295016,-0.21160042295016,0,0,0,0.95,0.95,0,0,0,0.95,0.95,-0.189804615674014,0.189804615674014,0.264245464239561,-0.264245464239561,-0.0744408485655472,0.0744408485655472,0.928147706601974,-0.95,0.075398438957803
hpt_v2_topology2_paper,topology2,fault,deep_lvrt,lvrt_300ms_0.500pu,0.088,fault,rule_action,0,NaN,0.5,0.5,0.5,1,1,189.362903902029,767.953991589163,0.921662781838895,0.809461864509342,0.15161077024159,0.959942489486453,0.0400575105135468,0.0783372181611052,-0.0022760736172988,0.509400244832782,0.384820044851568,0.0514031732879167,0,0,1,0,0,1,1,0,0.148166666666712,0,0.760629126034179,1.10522233430018,-5,-0.106326890546016,0.386241397606199,0.386241397606199,0.386241397606199,0.379369599204312,0.379369599204312,0.0487288372227886,0.0487288372227886,0.0487288372227886,-0.0873820576630859,-0.0873820576630859,0,0,0,0.95,0.95,0,0,0,0.95,0.95,-0.345751776185058,0.345751776185058,0.0179259944169777,-0.0179259944169777,0.32782578176808,-0.32782578176808,0.95,-0.551757420338202,-0.648219209118113
hpt_v2_topology2_paper,topology2,fault,deep_lvrt,lvrt_300ms_0.500pu,0.09,fault,rule_action,0,NaN,0.5,0.5,0.5,1,1,221.817601824017,684.368009650835,0.949374247385965,0.833503770790071,0.11854929291674,0.855460012063544,0.144539987936456,0.0506257526140346,0.106410800644196,0.618244414883368,0.373829997536859,-0.176224909819614,0,0,1,0,0,1,1,0,0.164833333333384,0,0.760629126034179,1.10522233430018,1.2349100319653,2.76938943852567,0.372017819076409,0.372017819076409,0.372017819076409,0.388491033796729,0.388491033796729,-0.177475244355352,-0.177475244355352,-0.177475244355352,0.137729578264469,0.137729578264469,0,0,0,0.95,0.95,0,0,0,0.95,0.95,0.0490787178029491,-0.0490787178029491,-0.378960717803748,0.378960717803748,0.329882000000798,-0.329882000000798,0.95,0.27591373427714,-0.95
hpt_v2_topology2_paper,topology2,fault,deep_lvrt,lvrt_300ms_0.500pu,0.092,fault,rule_action,0,NaN,0.5,0.5,0.5,1,1,221.652563662163,771.190845556317,0.993622025313175,0.788395938337693,0.222509518947142,0.963988556945396,0.0360114430546044,0.00637797468682466,0.328847748977512,0.557764866675274,0.140926255475498,-0.244926810524698,0,0,1,0,0,1,1,0,0.181500000000056,0,0.760629126034179,1.10522233430018,-5,1.27128984796254,0.138519413229321,0.138519413229321,0.138519413229321,0.164173892961102,0.164173892961102,-0.245261119717702,-0.245261119717702,-0.245261119717702,0.228883327388809,0.228883327388809,0,0,0,0.95,0.95,0,0,0,0.95,0.95,0.27636494028503,-0.27636494028503,-0.18532372968096,0.18532372968096,-0.0910412106040701,0.0910412106040701,0.257402431256502,0.95,-0.95
hpt_v2_topology2_paper,topology2,fault,deep_lvrt,lvrt_300ms_0.500pu,0.094,fault,rule_action,0,NaN,0.5,0.5,0.5,1,1,187.596891163914,902.755159597271,0.992877146240083,0.859709144489808,0.0912809220533718,1.12844394949659,-0.128443949496589,0.00712285375991717,0.359085357904119,0.401408655563742,-0.0158006411672012,-0.244703090340299,0,0,1,0,0,1,1,0,0.198166666666727,0,0.760629126034179,1.10522233430018,-5,-2.20202096302602,-0.0160554889440701,-0.0160554889440701,-0.0160554889440701,0.010758741615251,0.010758741615251,-0.244045532775536,-0.244045532775536,-0.244045532775536,0.244336346603989,0.244336346603989,0,0,0,0.95,0.95,0,0,0,0.95,0.95,0.128179430648629,-0.128179430648629,0.116297439882594,-0.116297439882594,-0.244476870531223,0.244476870531223,-0.420251537383794,0.95,-0.723457229288633
hpt_v2_topology2_paper,topology2,fault,deep_lvrt,lvrt_300ms_0.500pu,0.096,fault,rule_action,0,NaN,0.5,0.5,0.5,1,1,164.627428363878,917.301351261662,0.937972986190279,0.895408999341637,0.0943038351416984,1.14662668907708,-0.146626689077077,0.0620270138097212,0.220602530231318,0.321563760530208,0.116477630302688,-0.230690620406191,0,0,1,0,0,1,1,0,0.214833333333399,0,0.760629126034179,1.10522233430018,0.289248087304794,1.30869326103533,0.119050832715207,0.119050832715207,0.119050832715207,0.143889928722303,0.143889928722303,-0.231214745467442,-0.231214745467442,-0.231214745467442,0.216631132813474,0.216631132813474,0,0,0,0.95,0.95,0,0,0,0.95,0.95,0.115227645693655,-0.115227645693655,0.144294477427683,-0.144294477427683,-0.259522123121338,0.259522123121338,-0.86734446520599,0.95,-0.104665939941832
hpt_v2_topology2_paper,topology2,fault,deep_lvrt,lvrt_300ms_0.500pu,0.098,fault,rule_action,0,NaN,0.5,0.5,0.5,1,1,198.760563044461,837.997187068218,0.913695956423679,0.870554507695035,0.159190779341312,1.04749648383527,-0.0474964838352727,0.0863040435763213,0.100523863571309,0.380367332177553,0.353461540111613,-0.257275526058608,0,0,1,0,0,1,1,0,0.231500000000071,0,0.760629126034179,1.10522233430018,1.82459585977202,0.413154038293007,0.354905911667357,0.354905911667357,0.354905911667357,0.382049198226958,0.382049198226958,-0.25744518571116,-0.25744518571116,-0.25744518571116,0.215115410690239,0.215115410690239,0,0,0,0.95,0.95,0,0,0,0.95,0.95,0.117320041297601,-0.117320041297601,0.307200852182889,-0.307200852182889,-0.42452089348049,0.42452089348049,-0.95,0.487521277338176,0.625027925551643
hpt_v2_topology2_paper,topology2,fault,deep_lvrt,lvrt_300ms_0.500pu,0.1,fault,rule_action,0,NaN,0.5,0.5,0.5,1,1,236.243238020518,800.56414965978,0.964476529549628,0.86577084314665,0.123310049692514,1.00070518707472,-0.000705187074724778,0.0355234704503719,0.108455384800525,0.452911314998005,0.314063641693302,-0.266675812817577,0,0,1,0,0,1,1,0,0.248166666666743,0,0.760629126034179,1.10522233430018,-5,-0.59394969088844,0.311787322572146,0.311787322572146,0.311787322572146,0.341430261705515,0.341430261705515,-0.266720135313342,-0.266720135313342,-0.266720135313342,0.227544152836278,0.227544152836278,0,0,0,0.95,0.95,0,0,0,0.95,0.95,-0.187410255949055,0.187410255949055,0.409808387681761,-0.409808387681761,-0.222398131732706,0.222398131732706,-0.853408979898952,-0.274128369360311,0.95
hpt_v2_topology2_paper,topology2,fault,deep_lvrt,lvrt_300ms_0.500pu,0.102,fault,rule_action,0,NaN,0.5,0.5,0.5,1,1,223.26490731864,854.279353155967,1.01844025544512,0.937796529014355,0.166229935729115,1.06784919144496,-0.0678491914449584,-0.0184402554451184,0.22554180195545,0.457776093862981,0.0165357949832368,-0.25765824707373,0,0,0,0,0,1,1,0,0.264833333333414,0,0.760629126034179,1.10522233430018,1.95187126343976,2.8344021884148,0.0137137438243462,0.0137137438243462,0.0137137438243462,0.170657731855396,0.170657731855396,-0.256784681752825,-0.256784681752825,-0.256784681752825,0.192360022121415,0.192360022121415,0,0,0,0.95,0.95,0,0,0,0.95,0.95,-0.240388851199675,0.240388851199675,0.0411075756903248,-0.0411075756903248,0.19928127550935,-0.19928127550935,-0.187405746583921,-0.856874610394771,0.95
hpt_v2_topology2_paper,topology2,fault,deep_lvrt,lvrt_300ms_0.500pu,0.104,fault,rule_action,0,NaN,0.5,0.5,0.5,1,1,178.452924838792,873.668741307796,1.00045613339423,0.874388413426656,0.0790344905985033,1.09208592663474,-0.0920859266347447,-0.000456133394233005,0.255810174264213,0.384002394947979,-0.121419994130751,-0.0531008485806551,0,0,1,0,0,1,1,0,0.281500000000086,0,0.760629126034179,1.10522233430018,2.13974492964919,0.532566152104286,-0.120898835704797,-0.120898835704797,-0.120898835704797,-0.113868583180027,-0.113868583180027,-0.0507057225613207,-0.0507057225613207,-0.0507057225613207,0.0649734141000345,0.0649734141000345,0,0,0,0.95,0.95,0,0,0,0.95,0.95,0.0791590834620701,-0.0791590834620701,-0.130084120126355,0.130084120126355,0.0509250366642851,-0.0509250366642851,0.490566987736046,-0.95,0.624762556085691
hpt_v2_topology2_paper,topology2,fault,deep_lvrt,lvrt_300ms_0.500pu,0.106,fault,rule_action,0,NaN,0.5,0.5,0.5,1,1,163.344209262647,847.877661515441,0.932511258312462,0.858586792019571,0.179604730087155,1.0598470768943,-0.0598470768943011,0.0674887416875385,0.144975927114541,0.327161218037867,0.0966660827489638,0.112021531736449,0,0,1,0,0,1,1,0,0.298166666666758,0,0.760629126034179,1.10522233430018,-3.34043218412017,-1.08634010527586,0.0999617422080296,0.0999617422080296,0.0999617422080296,0.0860492472518815,0.0860492472518815,0.11274689215561,0.11274689215561,0.11274689215561,-0.123692112292571,-0.123692112292571,0,0,0,0.95,0.95,0,0,0,0.95,0.95,-0.109422566451294,0.109422566451294,0.144422961174614,-0.144422961174614,-0.0350003947233198,0.0350003947233198,0.95,-0.95,-0.00981196701460663
hpt_v2_topology2_paper,topology2,fault,deep_lvrt,lvrt_300ms_0.500pu,0.108,fault,rule_action,0,NaN,0.5,0.5,0.5,1,1,194.860621908434,795.989798298614,0.907794330145266,0.880176571458782,0.183399750945077,0.994987247873267,0.00501275212673302,0.0922056698547339,0.00385845781599819,0.427901364770815,0.376655811903709,0.0581687176437294,0,0,1,0,0,1,1,0,0.31483333333343,0,0.760629126034179,1.10522233430018,-1.40290306258328,0.745780198951329,0.378286073240182,0.378286073240182,0.378286073240182,0.369319232967235,0.369319232967235,0.0563753884961228,0.0563753884961228,0.0563753884961228,-0.0994074534230646,-0.0994074534230646,0,0,0,0.95,0.95,0,0,0,0.95,0.95,-0.323062214541703,0.323062214541703,-0.0157596352348754,0.0157596352348754,0.338821849776578,-0.338821849776578,0.95,-0.446522008036352,-0.703079009840426
hpt_v2_topology2_paper,topology2,fault,deep_lvrt,lvrt_300ms_0.500pu,0.11,fault,rule_action,0,NaN,0.5,0.5,0.5,1,1,229.678211865155,695.100016978377,0.950633953676634,0.868640899222525,0.0917834802161354,0.868875021222972,0.131124978777028,0.0493660463233665,0.0640635569498778,0.542864350402385,0.365988010932683,-0.147333846401226,0,0,1,0,0,1,1,0,0.331500000000101,0,0.760629126034179,1.10522233430018,1.69685363964012,1.65385554526842,0.364178673729667,0.364178673729667,0.364178673729667,0.378838776456196,0.378838776456196,-0.148969395115876,-0.148969395115876,-0.148969395115876,0.106297547167664,0.106297547167664,0,0,0,0.95,0.95,0,0,0,0.95,0.95,0.0679021944749411,-0.0679021944749411,-0.369592958899022,0.369592958899022,0.301690764424081,-0.301690764424081,0.882674198458093,0.380145493912042,-0.95
hpt_v2_topology2_paper,topology2,fault,deep_lvrt,lvrt_300ms_0.500pu,0.112,fault,rule_action,0,NaN,0.5,0.5,0.5,1,1,221.022732629947,751.454681705845,0.999145333149015,0.850707585581778,0.215370678402487,0.939318352132306,0.0606816478676936,0.000854666850984787,0.268726234769406,0.497124382500314,0.116117066042961,-0.237526745126051,0,0,1,0,0,1,1,0,0.348166666666773,0,0.760629126034179,1.10522233430018,-5,0.356522594990749,0.113582700230215,0.113582700230215,0.113582700230215,0.139916621586492,0.139916621586492,-0.237523787152447,-0.237523787152447,-0.237523787152447,0.223028962824675,0.223028962824675,0,0,0,0.95,0.95,0,0,0,0.95,0.95,0.263240439054431,-0.263240439054431,-0.135778088686243,0.135778088686243,-0.127462350368188,0.127462350368188,0.142818992940258,0.95,-0.95
hpt_v2_topology2_paper,topology2,fault,deep_lvrt,lvrt_300ms_0.500pu,0.114,fault,rule_action,0,NaN,0.5,0.5,0.5,1,1,187.963882489332,873.103757961754,0.994183824500124,0.868775643228508,0.0841357393437695,1.09137969745219,-0.091379697452193,0.00581617549987601,0.293298144313721,0.368581488828189,-0.0340708354970486,-0.141396312490355,0,0,1,0,0,1,1,0,0.364833333333445,0,0.760629126034179,1.10522233430018,-0.305668441361595,-2.2779051564068,-0.0341877988014865,-0.0341877988014865,-0.0341877988014865,-0.018381076984813,-0.018381076984813,-0.140052152018909,-0.140052152018909,-0.140052152018909,0.142987925647227,0.142987925647227,0,0,0,0.95,0.95,0,0,0,0.95,0.95,0.0390547271479039,-0.0390547271479039,0.100654183967948,-0.100654183967948,-0.139708911115852,0.139708911115852,-0.528112267293797,0.95,-0.639155838093426
hpt_v2_topology2_paper,topology2,fault,deep_lvrt,lvrt_300ms_0.500pu,0.116,fault,rule_action,0,NaN,0.5,0.5,0.5,1,1,169.664662571352,859.984625315851,0.940574830560891,0.874074531838916,0.142530685485491,1.07498078164481,-0.0749807816448134,0.0594251694391091,0.150443678699718,0.298754338423357,0.104899696309037,-0.0593604752891606,0,0,1,0,0,1,1,0,0.381500000000117,0,0.760629126034179,1.10522233430018,1.68143941193621,0.58448036652381,0.107413229688737,0.107413229688737,0.107413229688737,0.113184004199987,0.113184004199987,-0.0594992668830537,-0.0594992668830537,-0.0594992668830537,0.0476145551805697,0.0476145551805697,0,0,0,0.95,0.95,0,0,0,0.95,0.95,0.100329872643528,-0.100329872643528,0.0111437987438024,-0.0111437987438024,-0.11147367138733,0.11147367138733,-0.95,0.95,-0.012603884523794
hpt_v2_topology2_paper,topology2,fault,deep_lvrt,lvrt_300ms_0.500pu,0.118,fault,rule_action,0,NaN,0.5,0.5,0.5,1,1,191.988067029463,819.544074316223,0.912479828720243,0.885780179219404,0.166095977725634,1.02443009289528,-0.0244300928952788,0.0875201712797572,0.0437559379314635,0.38297454346263,0.343641369411281,-0.174285447935371,0,0,1,0,0,1,1,0,0.398166666666789,0,0.760629126034179,1.10522233430018,-0.593595048899997,-0.387012075702797,0.345321900886911,0.345321900886911,0.345321900886911,0.361987426939028,0.361987426939028,-0.175561641962899,-0.175561641962899,-0.175561641962899,0.137964517535925,0.137964517535925,0,0,0,0.95,0.95,0,0,0,0.95,0.95,0.133129744756324,-0.133129744756324,0.248489380595006,-0.248489380595006,-0.38161912535133,0.38161912535133,-0.95,0.408726438533318,0.692884552297292
hpt_v2_topology2_paper,topology2,fault,deep_lvrt,lvrt_300ms_0.500pu,0.12,fault,rule_action,0,NaN,0.5,0.5,0.5,1,1,233.075284884987,750.914857510592,0.957530104600016,0.877183763685354,0.133779206456519,0.93864357188824,0.0613564281117602,0.042469895399984,0.0760535139986493,0.47084975247732,0.336124681503553,-0.244995187336616,0,0,1,0,0,1,1,0,0.41483333333346,0,0.760629126034179,1.10522233430018,-5,-0.736283225472367,0.334138689076379,0.334138689076379,0.334138689076379,0.35848977016006,0.35848977016006,-0.245328584838795,-0.245328584838795,-0.245328584838795,0.208134242178634,0.208134242178634,0,0,0,0.95,0.95,0,0,0,0.95,0.95,-0.187954285108956,0.187954285108956,0.413947412406852,-0.413947412406852,-0.225993127297897,0.225993127297897,-0.817178757220805,-0.383396259816479,0.95
hpt_v2_topology2_paper,topology2,fault,deep_lvrt,lvrt_300ms_0.500pu,0.122,fault,rule_action,0,NaN,0.5,0.5,0.5,1,1,226.625227298703,803.61046507794,1.01268880134516,0.925267210273697,0.217699155978602,1.00451308134742,-0.00451308134742456,-0.01268880134516,0.210275889623931,0.440425914388326,0.0576740890071894,-0.258976084006955,0,0,0,0,0,1,1,0,0.431500000000132,0,0.760629126034179,1.10522233430018,3.97581390969925,3.83630676737545,0.0547881417090726,0.0547881417090726,0.0547881417090726,0.201413342183831,0.201413342183831,-0.258755524445475,-0.258755524445475,-0.258755524445475,0.171431699207951,0.171431699207951,0,0,0,0.95,0.95,0,0,0,0.95,0.95,-0.254393890466953,0.254393890466953,0.0645077691577319,-0.0645077691577319,0.189886121309221,-0.189886121309221,-0.106440521169124,-0.95,0.95
hpt_v2_topology2_paper,topology2,fault,deep_lvrt,lvrt_300ms_0.500pu,0.124,fault,rule_action,0,NaN,0.5,0.5,0.5,1,1,179.370967568229,869.101098357583,0.996259630448942,0.874629183142344,0.0956193762571484,1.08637637294698,-0.0863763729469789,0.0037403695510585,0.254812411791173,0.362239437776797,-0.089887727745952,-0.106301102135703,0,0,1,0,0,1,1,0,0.448166666666804,0,0.760629126034179,1.10522233430018,-0.261956579541089,0.294406454491858,-0.0894323776847724,-0.0894323776847724,-0.0894323776847724,-0.0781421339542949,-0.0781421339542949,-0.104417383144998,-0.104417383144998,-0.104417383144998,0.113114751391099,0.113114751391099,0,0,0,0.95,0.95,0,0,0,0.95,0.95,0.0343282366120371,-0.0343282366120371,-0.132455202910301,0.132455202910301,0.098126966298264,-0.098126966298264,0.566437907340618,-0.95,0.562156932191912
hpt_v2_topology2_paper,topology2,fault,deep_lvrt,lvrt_300ms_0.500pu,0.126,fault,rule_action,0,NaN,0.5,0.5,0.5,1,1,162.174051415243,846.218278111736,0.93152383478664,0.892718896382931,0.182688892706677,1.05777284763967,-0.0577728476396697,0.0684761652133602,0.139359407275468,0.314471857951915,0.115440222272164,0.00522062805973494,0,0,1,0,0,1,1,0,0.46483333333347,0,0.760629126034179,1.10522233430018,-5,-1.27529097561419,0.118571840964828,0.118571840964828,0.118571840964828,0.117452055965729,0.117452055965729,0.00555222174590332,0.00555222174590332,0.00555222174590332,-0.0171791497323722,-0.0171791497323722,0,0,0,0.95,0.95,0,0,0,0.95,0.95,-0.117926671163648,0.117926671163648,0.0472348809404951,-0.0472348809404951,0.0706917902231527,-0.0706917902231527,0.95,-0.933178401395339,-0.0894231793387777
hpt_v2_topology2_paper,topology2,fault,deep_lvrt,lvrt_300ms_0.500pu,0.128,fault,rule_action,0,NaN,0.5,0.5,0.5,1,1,198.550480487973,801.433678904043,0.910791116726084,0.8985774118175,0.144116657178874,1.00179209863005,-0.0017920986300537,0.0892088832739155,0.0113349376677747,0.397758412177212,0.37663462230531,-0.104215513661763,0,0,1,0,0,1,1,0,0.48150000000013,0,0.760629126034179,1.10522233430018,-5,0.660502614785452,0.378018254386885,0.378018254386885,0.378018254386885,0.386445217262323,0.386445217262323,-0.106425973479606,-0.106425973479606,-0.106425973479606,0.0698883576560906,0.0698883576560906,0,0,0,0.95,0.95,0,0,0,0.95,0.95,-0.188538985799978,0.188538985799978,-0.204072600150471,0.204072600150471,0.392611585950449,-0.392611585950449,0.95,-0.354862029206306,-0.763989496758418
hpt_v2_topology2_paper,topology2,fault,deep_lvrt,lvrt_300ms_0.500pu,0.13,fault,rule_action,0,NaN,0.5,0.5,0.5,1,1,230.707717797589,710.227997407101,0.960961152153304,0.878697429823244,0.138650485717389,0.887784996758877,0.112215003241123,0.0390388478466959,0.074140858252204,0.498608144353538,0.330035586537944,-0.221995642330165,0,0,1,0,0,1,1,0,0.49816666666679,0,0.760629126034179,1.10522233430018,-3.37606735665419,1.24721759755175,0.32784562002477,0.32784562002477,0.32784562002477,0.347537558330605,0.347537558330605,-0.22263570043243,-0.22263570043243,-0.22263570043243,0.190439101095511,0.190439101095511,0,0,0,0.95,0.95,0,0,0,0.95,0.95,0.180921238926453,-0.180921238926453,-0.395809081447787,0.395809081447787,0.214887842521334,-0.214887842521334,0.786038554931788,0.462779253805638,-0.95
hpt_v2_topology2_paper,topology2,fault,deep_lvrt,lvrt_300ms_0.500pu,0.132,fault,rule_action,0,NaN,0.5,0.5,0.5,1,1,219.234621767472,784.72654615279,1.00795149200825,0.913237106916556,0.20299779683343,0.980908182690987,0.0190918173090128,-0.00795149200825462,0.24468374921279,0.434006604968452,0.0611089481646197,-0.249963334753328,0,0,1,0,0,1,1,0,0.51483333333345,0,0.760629126034179,1.10522233430018,-5,-0.0409449897182945,0.0585751350333839,0.0585751350333839,0.0585751350333839,0.196360771565265,0.196360771565265,-0.249013756908557,-0.249013756908557,-0.249013756908557,0.163955313924823,0.163955313924823,0,0,0,0.95,0.95,0,0,0,0.95,0.95,0.244976898663746,-0.244976898663746,-0.0587004212918118,0.0587004212918118,-0.186276477371934,0.186276477371934,0.0412965075630232,0.95,-0.95
hpt_v2_topology2_paper,topology2,fault,deep_lvrt,lvrt_300ms_0.500pu,0.134,fault,rule_action,0,NaN,0.5,0.5,0.5,1,1,187.186317182402,865.208978682804,0.996490006714988,0.917414544037794,0.041723099658499,1.08151122335351,-0.0815112233535051,0.00350999328501234,0.242891581274666,0.326883535851807,-0.0693343517422395,-0.0845611210804608,0,0,1,0,0,1,1,0,0.531500000000111,0,0.760629126034179,1.10522233430018,-1.75529861006818,-1.37040617628026,-0.0691705016490667,-0.0691705016490667,-0.0691705016490667,-0.0614643479533677,-0.0614643479533677,-0.0826433042878716,-0.0826433042878716,-0.0826433042878716,0.0885246178905541,0.0885246178905541,0,0,0,0.95,0.95,0,0,0,0.95,0.95,-0.0292801584802276,0.0292801584802276,0.104461344934995,-0.104461344934995,-0.0751811864547678,0.0751811864547678,-0.595293784352801,0.95,-0.555753253992161
hpt_v2_topology2_paper,topology2,fault,deep_lvrt,lvrt_300ms_0.500pu,0.136,fault,rule_action,0,NaN,0.5,0.5,0.5,1,1,168.734984446045,846.472413574291,0.941916353026149,0.917388348579746,0.166173535962268,1.05809051696786,-0.058090516967864,0.0580836469738508,0.102230399985019,0.320564482110026,0.0898693463194649,0.0400056919969836,0,0,1,0,0,1,1,0,0.548166666666771,0,0.760629126034179,1.10522233430018,-1.93958293111762,1.88505601901179,0.0924745765229439,0.0924745765229439,0.0924745765229439,0.088792447065245,0.088792447065245,0.0401474706253341,0.0401474706253341,0.0401474706253341,-0.0477416803733963,-0.0477416803733963,0,0,0,0.95,0.95,0,0,0,0.95,0.95,0.0984037829732793,-0.0984037829732793,-0.06817678668907,0.06817678668907,-0.0302269962842093,0.0302269962842093,-0.95,0.90889683081585,0.0922853271006697
hpt_v2_topology2_paper,topology2,fault,deep_lvrt,lvrt_300ms_0.500pu,0.138,fault,rule_action,0,NaN,0.5,0.5,0.5,1,1,193.646766448819,811.978985548394,0.913007318406058,0.907978059060541,0.140817936325539,1.01497373193549,-0.0149737319354928,0.0869926815939422,0.0210441818024644,0.385848029876376,0.337924544632554,-0.078214661347161,0,0,1,0,0,1,1,0,0.564833333333431,0,0.760629126034179,1.10522233430018,-5,-0.849801902343961,0.339640662426169,0.339640662426169,0.339640662426169,0.345000975182597,0.345000975182597,-0.080635879239969,-0.080635879239969,-0.080635879239969,0.0532189037574706,0.0532189037574706,0,0,0,0.95,0.95,0,0,0,0.95,0.95,0.172399358897099,-0.172399358897099,0.176673463406459,-0.176673463406459,-0.349072822303558,0.349072822303558,-0.95,0.321756412295952,0.757387932836719
hpt_v2_topology2_paper,topology2,fault,deep_lvrt,lvrt_300ms_0.500pu,0.14,fault,rule_action,0,NaN,0.5,0.5,0.5,1,1,230.629152384973,741.697360860548,0.956326283780421,0.890444256720618,0.127779404546992,0.927121701075685,0.0728782989243152,0.0436737162195793,0.0531205468556093,0.47398032444293,0.223174256123877,-0.0970386794330767,0,0,1,0,0,1,0,1,0,0.0084999999999967,0.760629126034179,1.10522233430018,-5,-0.824540866371959,0.220543526284961,0.220543526284961,0.220543526284961,0.227457833730789,0.227457833730789,-0.0957671627275042,-0.0957671627275042,-0.0957671627275042,0.0779341408984416,0.0779341408984416,0,0,0,0.95,0.95,0,0,0,0.95,0.95,-0.0738011462362074,0.0738011462362074,0.235075093283986,-0.235075093283986,-0.161273947047779,0.161273947047779,-0.758395866675618,-0.459416727672752,0.95
hpt_v2_topology2_paper,topology2,fault,deep_lvrt,lvrt_300ms_0.500pu,0.142,fault,rule_action,0,NaN,0.5,0.5,0.5,1,1,220.868017389608,788.490821944844,1.00132096116202,0.905580651662206,0.172882987672318,0.985613527431055,0.0143864725689454,-0.00132096116202485,0.192576677905743,0.465814459905948,0.0246701919042481,0.0296381426558772,0,0,1,0,0,1,0,1,0,0.0251666666666569,0.760629126034179,1.10522233430018,2.74488513130478,3.6746150187662,0.0232464302928911,0.0232464302928911,0.0232464302928911,0.0208234756767783,0.0208234756767783,0.0306430283896583,0.0306430283896583,0.0306430283896583,-0.0323384379800614,-0.0323384379800614,0,0,0,0.95,0.95,0,0,0,0.95,0.95,0.0144018691167862,-0.0144018691167862,0.0236856872566575,-0.0236856872566575,-0.0380875563734437,0.0380875563734437,-0.0373925051713796,-0.95,0.95
hpt_v2_topology2_paper,topology2,fault,deep_lvrt,lvrt_300ms_0.500pu,0.144,fault,rule_action,0,NaN,0.5,0.5,0.5,1,1,191.441427774375,850.955071471233,0.997699046602307,0.871734227862914,0.0545580654647263,1.06369383933904,-0.0636938393390416,0.00230095339769287,0.222515578714745,0.384332640186461,-0.0586122203586906,0.145939613942192,0,0,1,0,0,1,0,1,0,0.0418333333333171,0.760629126034179,1.10522233430018,2.10235079105914,-0.0979564840024594,-0.058809666227613,-0.058809666227613,-0.058809666227613,-0.0689860672235469,-0.0689860672235469,0.147095581969069,0.147095581969069,0.147095581969069,-0.14260648514584,-0.14260648514584,0,0,0,0.95,0.95,0,0,0,0.95,0.95,0.114183792267289,-0.114183792267289,0.0380044313194288,-0.0380044313194288,-0.152188223586718,0.152188223586718,0.60574590689623,-0.95,0.531252679802716
hpt_v2_topology2_paper,topology2,fault,deep_lvrt,lvrt_300ms_0.500pu,0.146,fault,rule_action,0,NaN,0.5,0.5,0.5,1,1,168.722667755711,844.391636824639,0.949200223097266,0.880597275359225,0.140304488017626,1.0554895460308,-0.0554895460307987,0.0507997769027341,0.111867674534086,0.356968403341562,-0.0214373662689505,0.197414266411561,0,0,1,0,0,1,0,1,0,0.0584999999999773,0.760629126034179,1.10522233430018,-5,-1.29836288151486,-0.0205784118725247,-0.0205784118725247,-0.0205784118725247,-0.0326332727635893,-0.0326332727635893,0.197378806949013,0.197378806949013,0.197378806949013,-0.19574711741568,-0.19574711741568,0,0,0,0.95,0.95,0,0,0,0.95,0.95,-0.0129691904204332,0.0129691904204332,0.177978759617456,-0.177978759617456,-0.165009569197023,0.165009569197023,0.95,-0.901506040261101,-0.118023210434846
hpt_v2_topology2_paper,topology2,fault,deep_lvrt,lvrt_300ms_0.500pu,0.148,fault,rule_action,0,NaN,0.5,0.5,0.5,1,1,174.785546747853,836.162673983496,0.898883647970649,0.849232165179503,0.166827019342922,1.04520334247937,-0.0452033424793701,0.101116352029351,0.00967738130894352,0.439146490223806,0.084723028221716,0.150590054111166,0,0,1,0,0,1,0,1,0,0.0751666666666375,0.760629126034179,1.10522233430018,-5,0.734420056227369,0.0857769718552056,0.0857769718552056,0.0857769718552056,0.0773918285523316,0.0773918285523316,0.150082907513371,0.150082907513371,0.150082907513371,-0.154573842876608,-0.154573842876608,0,0,0,0.95,0.95,0,0,0,0.95,0.95,-0.166615154155926,0.166615154155926,0.123200794865384,-0.123200794865384,0.0434143592905423,-0.0434143592905423,0.95,-0.357005029554489,-0.730372743874768
hpt_v2_topology2_paper,topology2,fault,deep_lvrt,lvrt_300ms_0.500pu,0.15,fault,rule_action,0,NaN,0.5,0.5,0.5,1,1,206.125163036559,794.603394876342,0.907461263068192,0.89841539425881,0.11088157409678,0.993254243595428,0.00674575640457187,0.0925387369318076,0.0503100452293948,0.554605991690981,0.143181611526762,0.0864183649729727,0,0,1,0,0,1,0,1,0,0.0918333333332977,0.760629126034179,1.10522233430018,0.980541607515706,1.2540241207194,0.143182052843763,0.143182052843763,0.143182052843763,0.138495529153208,0.138495529153208,0.0860945776318712,0.0860945776318712,0.0860945776318712,-0.0934471238655166,-0.0934471238655166,0,0,0,0.95,0.95,0,0,0,0.95,0.95,-0.107059694426296,0.107059694426296,-0.0575498484455738,0.0575498484455738,0.16460954287187,-0.16460954287187,0.712159047328981,0.39434112785456,-0.95
hpt_v2_topology2_paper,topology2,fault,deep_lvrt,lvrt_300ms_0.500pu,0.152,fault,rule_action,0,NaN,0.5,0.5,0.5,1,1,220.212989861585,828.784134719797,0.951169767397575,0.843651594351724,0.185766070950028,1.03598016839975,-0.0359801683997458,0.0488302326024255,0.1917218221675,0.540906942928706,0.0974333824120373,0.0887030332146699,0,0,1,0,0,1,0,1,0,0.108499999999958,0.760629126034179,1.10522233430018,0.658717242435602,-0.7050112111886,0.0966454266082891,0.0966454266082891,0.0966454266082891,0.0921932022930903,0.0921932022930903,0.0889646545445674,0.0889646545445674,0.0889646545445674,-0.0935706240947326,-0.0935706240947326,0,0,0,0.95,0.95,0,0,0,0.95,0.95,-0.0349826691659581,0.0349826691659581,-0.092160139759221,0.092160139759221,0.127142808925179,-0.127142808925179,0.0358642550568978,0.95,-0.95
hpt_v2_topology2_paper,topology2,fault,deep_lvrt,lvrt_300ms_0.500pu,0.154,fault,rule_action,0,NaN,0.5,0.5,0.5,1,1,201.693607386454,849.775393204997,0.975442862458716,0.843086685688926,0.150375254276932,1.06221924150625,-0.0622192415062459,0.024557137541284,0.213052034115982,0.450178595304614,0.0210133112887085,0.152635628507054,0,0,1,0,0,1,0,1,0,0.125166666666618,0.760629126034179,1.10522233430018,-1.4130206359112,-0.00658533153585772,0.0204676882655793,0.0204676882655793,0.0204676882655793,0.0139124221102889,0.0139124221102889,0.153324835535228,0.153324835535228,0.153324835535228,-0.154058027917622,-0.154058027917622,0,0,0,0.95,0.95,0,0,0,0.95,0.95,-0.0537634125090077,0.0537634125090077,-0.0987275895705705,0.0987275895705705,0.152491002079578,-0.152491002079578,-0.592731511827188,0.95,-0.573362025065381
hpt_v2_topology2_paper,topology2,fault,deep_lvrt,lvrt_300ms_0.500pu,0.156,fault,rule_action,0,NaN,0.5,0.5,0.5,1,1,170.369425780096,849.91169159391,0.944698383773045,0.888398449888855,0.142661141177972,1.06238961449239,-0.0623896144923877,0.0553016162269551,0.126759410941199,0.413021021437091,0.0179816474012244,0.18854482227235,0,0,1,0,0,1,0,1,0,0.141833333333278,0.760629126034179,1.10522233430018,-0.245164949938537,2.63338622324127,0.0184604241233151,0.0184604241233151,0.0184604241233151,0.011868304544154,0.011868304544154,0.188379074753002,0.188379074753002,0.188379074753002,-0.188908989756594,-0.188908989756594,0,0,0,0.95,0.95,0,0,0,0.95,0.95,0.0389564551331186,-0.0389564551331186,-0.179891422941202,0.179891422941202,0.140934967808084,-0.140934967808084,-0.95,0.940073322149324,0.046846271039655
hpt_v2_topology2_paper,topology2,fault,deep_lvrt,lvrt_300ms_0.500pu,0.158,fault,rule_action,0,NaN,0.5,0.5,0.5,1,1,172.227442061324,841.606444836593,0.897599739155786,0.862463495005123,0.0996219612649132,1.05200805604574,-0.0520080560457412,0.102400260844214,0.0711148062456947,0.485871779649409,0.0980305592851557,0.136309416590328,0,0,1,0,0,1,0,1,0,0.158499999999939,0.760629126034179,1.10522233430018,-5,-0.247308552254299,0.0989495125465496,0.0989495125465496,0.0989495125465496,0.0948248411716731,0.0948248411716731,0.135599583042218,0.135599583042218,0.135599583042218,-0.138515350958622,-0.138515350958622,0,0,0,0.95,0.95,0,0,0,0.95,0.95,0.164009666063821,-0.164009666063821,-0.112977591934581,0.112977591934581,-0.0510320741292401,0.0510320741292401,-0.95,0.375249053580689,0.698132823074619
hpt_v2_topology2_paper,topology2,fault,deep_lvrt,lvrt_300ms_0.500pu,0.16,fault,rule_action,0,NaN,0.5,0.5,0.5,1,1,208.444044891486,840.867190349966,0.90331336792929,0.802599335527422,0.129470665045974,1.05108398793746,-0.0510839879374572,0.09668663207071,0.0980204651756248,0.557317580153721,0.154032301518245,0.0651011639108921,0,0,1,0,0,1,0,1,0,0.175166666666599,0.760629126034179,1.10522233430018,-5,-0.814846710710082,0.154022173696172,0.154022173696172,0.154022173696172,0.15208974723994,0.15208974723994,0.0646318663708614,0.0646318663708614,0.0646318663708614,-0.0690566211537005,-0.0690566211537005,0,0,0,0.95,0.95,0,0,0,0.95,0.95,0.0947977492303629,-0.0947977492303629,0.0717024316797072,-0.0717024316797072,-0.16650018091007,0.16650018091007,-0.744900475879253,-0.347745586229198,0.95
hpt_v2_topology2_paper,topology2,fault,deep_lvrt,lvrt_300ms_0.500pu,0.162,fault,rule_action,0,NaN,0.5,0.5,0.5,1,1,221.769612650349,858.174880714887,0.952694401619435,0.894380485856765,0.139788172304145,1.07271860089361,-0.0727186008936092,0.0473055983805651,0.202399963143318,0.540709513290187,0.101445417416887,0.0698898800256736,0,0,1,0,0,1,0,1,0,0.191833333333259,0.760629126034179,1.10522233430018,2.24356386340363,3.08359142416847,0.10055655891237,0.10055655891237,0.10055655891237,0.0985859918455927,0.0985859918455927,0.07042302610614,0.07042302610614,0.07042302610614,-0.0731561778530272,-0.0731561778530272,0,0,0,0.95,0.95,0,0,0,0.95,0.95,0.0223549147909592,-0.0223549147909592,0.0933618244472755,-0.0933618244472755,-0.115716739238235,0.115716739238235,-0.12492429037043,-0.888967208378389,0.95
hpt_v2_topology2_paper,topology2,fault,deep_lvrt,lvrt_300ms_0.500pu,0.164,fault,rule_action,0,NaN,0.5,0.5,0.5,1,1,196.576495322618,852.753151247538,0.973186908319979,0.871701491141784,0.0915222846925528,1.06594143905942,-0.0659414390594226,0.0268130916800213,0.24826394483712,0.458236119674467,0.0217746783853424,0.121893129513707,0,0,1,0,0,1,0,1,0,0.208499999999919,0.760629126034179,1.10522233430018,2.24529755853997,0.516152468630127,0.0212924711806372,0.0212924711806372,0.0212924711806372,0.0184030194619872,0.0184030194619872,0.122562351670169,0.122562351670169,0.122562351670169,-0.123029379623658,-0.123029379623658,0,0,0,0.95,0.95,0,0,0,0.95,0.95,0.0433291121113223,-0.0433291121113223,0.0793211635519087,-0.0793211635519087,-0.122650275663231,0.122650275663231,0.536973492883292,-0.95,0.606666612970171
hpt_v2_topology2_paper,topology2,fault,deep_lvrt,lvrt_300ms_0.500pu,0.166,fault,rule_action,0,NaN,0.5,0.5,0.5,1,1,169.780389123093,849.877648270712,0.936340423516842,0.847052491925114,0.116703761698877,1.06234706033839,-0.0623470603383898,0.0636595764831583,0.170505535254953,0.373858911120785,0.0294910552053116,0.15631266146627,0,0,1,0,0,1,0,1,0,0.225166666666579,0.760629126034179,1.10522233430018,-2.88456427188355,-2.44897449602699,0.0300852283248909,0.0300852283248909,0.0300852283248909,0.0272297680915813,0.0272297680915813,0.15625725430166,0.15625725430166,0.15625725430166,-0.156780069571783,-0.156780069571783,0,0,0,0.95,0.95,0,0,0,0.95,0.95,-0.0420349017753289,0.0420349017753289,0.1539305357909,-0.1539305357909,-0.111895634015571,0.111895634015571,0.95,-0.95,-0.0262302816586031
hpt_v2_topology2_paper,topology2,fault,deep_lvrt,lvrt_300ms_0.500pu,0.168,fault,rule_action,0,NaN,0.5,0.5,0.5,1,1,175.769093907199,839.999478641035,0.896111342871672,0.872846330571487,0.13964015305907,1.04999934830129,-0.0499993483012939,0.103888657128328,0.0504585011133599,0.449363910850757,0.110314741131253,0.118784366464154,0,0,1,0,0,1,0,1,0,0.24183333333324,0.760629126034179,1.10522233430018,-0.435876418997894,0.860183191573105,0.111118959356932,0.111118959356932,0.111118959356932,0.109247748051382,0.109247748051382,0.118234303701593,0.118234303701593,0.118234303701593,-0.119965425211058,-0.119965425211058,0,0,0,0.95,0.95,0,0,0,0.95,0.95,-0.161156367459822,0.161156367459822,0.0969045181513954,-0.0969045181513954,0.0642518493084266,-0.0642518493084266,0.95,-0.436964640375917,-0.668425564436453
hpt_v2_topology2_paper,topology2,fault,deep_lvrt,lvrt_300ms_0.500pu,0.17,fault,rule_action,0,NaN,0.5,0.5,0.5,1,1,206.817192521511,820.874301942867,0.904689453050036,0.882585424070643,0.142628949049047,1.02609287742858,-0.0260928774285838,0.095310546949964,0.0782407592794433,0.556900263259132,0.1550923621668,0.0534098985522285,0,0,1,0,0,1,0,1,0,0.2584999999999,0.760629126034179,1.10522233430018,2.37360983715396,1.88325118595145,0.155025486983593,0.155025486983593,0.155025486983593,0.154141951116217,0.154141951116217,0.0530229858583467,0.0530229858583467,0.0530229858583467,-0.0555391533057579,-0.0555391533057579,0,0,0,0.95,0.95,0,0,0,0.95,0.95,-0.0868190476656445,0.0868190476656445,-0.0769237371746768,0.0769237371746768,0.163742784840321,-0.163742784840321,0.758775774911099,0.30718566808914,-0.95
hpt_v2_topology2_paper,topology2,fault,deep_lvrt,lvrt_300ms_0.500pu,0.172,fault,rule_action,0,NaN,0.5,0.5,0.5,1,1,217.747289207568,853.217976324251,0.947446424613837,0.887401013293654,0.17516382097685,1.06652247040531,-0.0665224704053136,0.0525535753861632,0.217683252439758,0.532445732723282,0.106242880088986,0.0527352842262827,0,0,1,0,0,1,0,1,0,0.27516666666656,0.760629126034179,1.10522233430018,-5,-1.92256407927305,0.105459419755509,0.105459419755509,0.105459419755509,0.10455805941039,0.10455805941039,0.0533315564143033,0.0533315564143033,0.0533315564143033,-0.0550777299557091,-0.0550777299557091,0,0,0,0.95,0.95,0,0,0,0.95,0.95,-0.00699084843803823,0.00699084843803823,-0.0986701478791333,0.0986701478791333,0.105660996317172,-0.105660996317172,0.119759870415058,0.899243879412186,-0.95
hpt_v2_topology2_paper,topology2,fault,deep_lvrt,lvrt_300ms_0.500pu,0.174,fault,rule_action,0,NaN,0.5,0.5,0.5,1,1,199.987951089723,850.944014619473,0.96840237742772,0.871432097767923,0.129254127459453,1.06368001827434,-0.0636800182743418,0.0315976225722799,0.226498287579053,0.442530189718118,0.0344480519144399,0.108478536675615,0,0,1,0,0,1,0,1,0,0.29183333333322,0.760629126034179,1.10522233430018,-0.219215228052572,-2.42763801002632,0.033951427634757,0.033951427634757,0.033951427634757,0.0323631161981018,0.0323631161981018,0.109111803516869,0.109111803516869,0.109111803516869,-0.109593402242517,-0.109593402242517,0,0,0,0.95,0.95,0,0,0,0.95,0.95,-0.0272274833684505,0.0272274833684505,-0.0824984944822593,0.0824984944822593,0.10972597785071,-0.10972597785071,-0.532418402099475,0.95,-0.637604643792485
hpt_v2_topology2_paper,topology2,fault,deep_lvrt,lvrt_300ms_0.500pu,0.176,fault,rule_action,0,NaN,0.5,0.5,0.5,1,1,172.000630669188,852.209319731881,0.93694729198634,0.885154958310549,0.143523899394938,1.06526164966485,-0.0652616496648508,0.0630527080136604,0.13406696589512,0.38310111374178,0.0349538989137338,0.143317183426489,0,0,1,0,0,1,0,1,0,0.30849999999988,0.760629126034179,1.10522233430018,3.71416602018937,1.3264531412871,0.0354572778890205,0.0354572778890205,0.0354572778890205,0.0338720818937321,0.0338720818937321,0.143210912459062,0.143210912459062,0.143210912459062,-0.143594101796838,-0.143594101796838,0,0,0,0.95,0.95,0,0,0,0.95,0.95,0.0450356401068375,-0.0450356401068375,-0.144188610887201,0.144188610887201,0.0991529707803631,-0.0991529707803631,-0.95,0.95,-0.0157947905305622
hpt_v2_topology2_paper,topology2,fault,deep_lvrt,lvrt_300ms_0.500pu,0.178,fault,rule_action,0,NaN,0.5,0.5,0.5,1,1,172.473490521376,838.159421053149,0.895621740594548,0.880451419172287,0.132216112524083,1.04769927631644,-0.0476992763164357,0.104378259405452,0.0596158087175127,0.464727872737877,0.110280609220625,0.110782025546657,0,0,1,0,0,1,0,1,0,0.325166666666541,0.760629126034179,1.10522233430018,1.03812595600994,-0.170882859538146,0.111102409330659,0.111102409330659,0.111102409330659,0.110000099263049,0.110000099263049,0.110158268175963,0.110158268175963,0.110158268175963,-0.111259011179877,-0.111259011179877,0,0,0,0.95,0.95,0,0,0,0.95,0.95,0.155851361907216,-0.155851361907216,-0.0898297474312041,0.0898297474312041,-0.0660216144760115,0.0660216144760115,-0.95,0.41820546843263,0.662577730567687
hpt_v2_topology2_paper,topology2,fault,deep_lvrt,lvrt_300ms_0.500pu,0.18,fault,rule_action,0,NaN,0.5,0.5,0.5,1,1,207.149090410728,830.198597951142,0.904296511863179,0.834135348485234,0.0924725183780591,1.03774824743893,-0.0377482474389275,0.0957034881368209,0.0857664867583837,0.555737839386409,0.156768167212766,0.0413476576363549,0,0,1,0,0,1,0,1,0,0.341833333333201,0.760629126034179,1.10522233430018,-5,-0.805041719246668,0.156692985483016,0.156692985483016,0.156692985483016,0.156190178194679,0.156190178194679,0.0408441423462508,0.0408441423462508,0.0408441423462508,-0.0427266181565527,-0.0427266181565527,0,0,0,0.95,0.95,0,0,0,0.95,0.95,0.0757351695578615,-0.0757351695578615,0.0860833725256321,-0.0860833725256321,-0.161818542083494,0.161818542083494,-0.774313897410516,-0.321401350717923,0.95
hpt_v2_topology2_paper,topology2,fault,deep_lvrt,lvrt_300ms_0.500pu,0.182,fault,rule_action,0,NaN,0.5,0.5,0.5,1,1,217.153984611303,858.164620000036,0.95031915081405,0.885310814931057,0.161835554768542,1.07270577500005,-0.072705775000045,0.0496808491859501,0.207972928619978,0.547285422526295,0.103211633056678,0.050070867490743,0,0,1,0,0,1,0,1,0,0.358499999999861,0.760629126034179,1.10522233430018,0.162863575695282,2.76845702975281,0.102378118638286,0.102378118638286,0.102378118638286,0.10169062763834,0.10169062763834,0.0506293387684709,0.0506293387684709,0.0506293387684709,-0.0519963976691459,-0.0519963976691459,0,0,0,0.95,0.95,0,0,0,0.95,0.95,0.00591270738599148,-0.00591270738599148,0.0958223725518862,-0.0958223725518862,-0.101735079937878,0.101735079937878,-0.137603098978895,-0.882778895377857,0.95
hpt_v2_topology2_paper,topology2,fault,deep_lvrt,lvrt_300ms_0.500pu,0.184,fault,rule_action,0,NaN,0.5,0.5,0.5,1,1,196.000046920122,853.525944652486,0.969550606728924,0.853420364518637,0.10851950028386,1.06690743081561,-0.0669074308156072,0.0304493932710764,0.25610559277853,0.464039194541675,0.0288451044519007,0.109007408415294,0,0,1,0,0,1,0,1,0,0.375166666666521,0.760629126034179,1.10522233430018,-0.998190077136085,0.65458865276069,0.0283878871048876,0.0283878871048876,0.0283878871048876,0.0270621028813386,0.0270621028813386,0.109681028947932,0.109681028947932,0.109681028947932,-0.110015648127877,-0.110015648127877,0,0,0,0.95,0.95,0,0,0,0.95,0.95,0.0324115570426896,-0.0324115570426896,0.0778100095760226,-0.0778100095760226,-0.110221566618712,0.110221566618712,0.534286070586792,-0.95,0.613098964590425
hpt_v2_topology2_paper,topology2,fault,deep_lvrt,lvrt_300ms_0.500pu,0.186,fault,rule_action,0,NaN,0.5,0.5,0.5,1,1,170.410925650595,851.698689430196,0.933917380788364,0.859330709074557,0.110089477883232,1.06462336178774,-0.0646233617877447,0.0660826192116357,0.179047361408521,0.363181348847904,0.0364679648745825,0.13768909093627,0,0,1,0,0,1,0,1,0,0.391833333333181,0.760629126034179,1.10522233430018,-2.41357711263368,-2.29842256997848,0.0370495627091958,0.0370495627091958,0.0370495627091958,0.0357397219700349,0.0357397219700349,0.137587031144471,0.137587031144471,0.137587031144471,-0.137933076198557,-0.137933076198557,0,0,0,0.95,0.95,0,0,0,0.95,0.95,-0.0463688193437649,0.0463688193437649,0.139866007927855,-0.139866007927855,-0.0934971885840901,0.0934971885840901,0.95,-0.95,-0.00759322394370912
hpt_v2_topology2_paper,topology2,fault,deep_lvrt,lvrt_300ms_0.500pu,0.188,fault,rule_action,0,NaN,0.5,0.5,0.5,1,1,176.064253472447,843.150827425032,0.896121006037868,0.867813112861246,0.148771124406159,1.05393853428129,-0.0539385342812901,0.103878993962132,0.0531253041110379,0.434911234080817,0.113833825532798,0.109945295872511,0,0,1,0,0,1,0,1,0,0.408499999999842,0.760629126034179,1.10522233430018,-2.16315720785054,0.841429324689669,0.114593731048121,0.114593731048121,0.114593731048121,0.11358352017337,0.11358352017337,0.109386208785468,0.109386208785468,0.109386208785468,-0.110434821560108,-0.110434821560108,0,0,0,0.95,0.95,0,0,0,0.95,0.95,-0.15807225756514,0.15807225756514,0.0881284575373659,-0.0881284575373659,0.0699438000277744,-0.0699438000277744,0.95,-0.43956862198448,-0.664122706435607
hpt_v2_topology2_paper,topology2,fault,deep_lvrt,lvrt_300ms_0.500pu,0.19,fault,rule_action,0,NaN,0.5,0.5,0.5,1,1,206.628057906021,818.527788794515,0.906715099534876,0.872682739673313,0.0942076079037581,1.02315973599314,-0.0231597359931444,0.0932849004651237,0.0758510834581059,0.551658212423336,0.153410662277237,0.0481748780111192,0,0,1,0,0,1,0,1,0,0.425166666666502,0.760629126034179,1.10522233430018,-0.724649390485888,1.85580199409285,0.153304301318835,0.153304301318835,0.153304301318835,0.152739635517407,0.152739635517407,0.0478135752175579,0.0478135752175579,0.0478135752175579,-0.0495878061619053,-0.0495878061619053,0,0,0,0.95,0.95,0,0,0,0.95,0.95,-0.0814749392091771,0.0814749392091771,-0.0791067450830695,0.0791067450830695,0.160581684292247,-0.160581684292247,0.7606252444716,0.31386056894723,-0.95
hpt_v2_topology2_paper,topology2,fault,deep_lvrt,lvrt_300ms_0.500pu,0.192,fault,rule_action,0,NaN,0.5,0.5,0.5,1,1,215.952572277558,851.920803800707,0.949559624404179,0.887261716110015,0.177890717762955,1.06490100475088,-0.0649010047508838,0.0504403755958212,0.216128819433169,0.528697422290734,0.101797456741822,0.0518914711778497,0,0,1,0,0,1,0,1,0,0.441833333333162,0.760629126034179,1.10522233430018,-5,-1.9247665544333,0.101008548675236,0.101008548675236,0.101008548675236,0.100296053484012,0.100296053484012,0.0525265481286248,0.0525265481286248,0.0525265481286248,-0.0538745470451352,-0.0538745470451352,0,0,0,0.95,0.95,0,0,0,0.95,0.95,-0.00790630484093469,0.00790630484093469,-0.0944055870522476,0.0944055870522476,0.102311891893182,-0.102311891893182,0.117571199622313,0.900788654726077,-0.95
hpt_v2_topology2_paper,topology2,fault,deep_lvrt,lvrt_300ms_0.500pu,0.194,fault,rule_action,0,NaN,0.5,0.5,0.5,1,1,199.731780491045,849.894165948121,0.970049869173846,0.856376455348943,0.104543776058101,1.06236770743515,-0.0623677074351514,0.0299501308261545,0.223011459953533,0.440955861996353,0.0304733995347412,0.109099313344144,0,0,1,0,0,1,0,1,0,0.458499999999822,0.760629126034179,1.10522233430018,-0.35777154996508,-2.42933692704095,0.0299799459952178,0.0299799459952178,0.0299799459952178,0.0286051935341266,0.0286051935341266,0.109778670073518,0.109778670073518,0.109778670073518,-0.110144888523533,-0.110144888523533,0,0,0,0.95,0.95,0,0,0,0.95,0.95,-0.0306911680903134,0.0306911680903134,-0.0795551763557955,0.0795551763557955,0.110246344446109,-0.110246344446109,-0.536799439757715,0.95,-0.629852482822045
hpt_v2_topology2_paper,topology2,fault,deep_lvrt,lvrt_300ms_0.500pu,0.196,fault,rule_action,0,NaN,0.5,0.5,0.5,1,1,172.566276707146,852.722499199607,0.937983161566838,0.874780299470695,0.130951754628184,1.06590312399951,-0.0659031239995085,0.0620168384331621,0.130831165796945,0.385137129676095,0.0320783415155635,0.1446532253338,0,0,1,0,0,1,0,1,0,0.475166666666482,0.760629126034179,1.10522233430018,1.22832316837607,1.29625672952605,0.0325898036110387,0.0325898036110387,0.0325898036110387,0.0311347431107741,0.0311347431107741,0.144601926206483,0.144601926206483,0.144601926206483,-0.144922186477632,-0.144922186477632,0,0,0,0.95,0.95,0,0,0,0.95,0.95,0.0428316324700897,-0.0428316324700897,-0.144309867012468,0.144309867012468,0.101478234542378,-0.101478234542378,-0.95,0.95,-0.00671645518782044
hpt_v2_topology2_paper,topology2,fault,deep_lvrt,lvrt_300ms_0.500pu,0.198,fault,rule_action,0,NaN,0.5,0.5,0.5,1,1,172.136144398258,839.221243517733,0.895572800297436,0.880914478799791,0.15823207793229,1.04902655439717,-0.0490265543971666,0.104427199702564,0.0598019196970014,0.468837244160466,0.108610708427288,0.112033685138632,0,0,1,0,0,1,0,1,0,0.491833333333143,0.760629126034179,1.10522233430018,-0.176846607585102,-0.197987894578588,0.109459227171526,0.109459227171526,0.109459227171526,0.108361349893692,0.108361349893692,0.111476106972896,0.111476106972896,0.111476106972896,-0.112543603496765,-0.112543603496765,0,0,0,0.95,0.95,0,0,0,0.95,0.95,0.155510152194719,-0.155510152194719,-0.0907407625403886,0.0907407625403886,-0.06476938965433,0.06476938965433,-0.95,0.410702825788909,0.671167108049162
hpt_v2_topology2_paper,topology2,fault,deep_lvrt,lvrt_300ms_0.500pu,0.2,fault,rule_action,0,NaN,0.5,0.5,0.5,1,1,207.504321805,833.574269135365,0.904433263656228,0.841699457066457,0.0926334868662548,1.04196783641921,-0.0419678364192058,0.0955667363437723,0.0862270659884063,0.556089589008948,0.156654162207389,0.0457739283340958,0,0,1,0,0,1,0,1,0,0.508499999999803,0.760629126034179,1.10522233430018,-5,-0.811121040033003,0.156579012061458,0.156579012061458,0.156579012061458,0.155999614890173,0.155999614890173,0.0453492157568193,0.0453492157568193,0.0453492157568193,-0.0473038956325832,-0.0473038956325832,0,0,0,0.95,0.95,0,0,0,0.95,0.95,0.0792440283628322,-0.0792440283628322,0.0837491403383844,-0.0837491403383844,-0.162993168701217,0.162993168701217,-0.762558889125724,-0.330283765176234,0.95
hpt_v2_topology2_paper,topology2,fault,deep_lvrt,lvrt_300ms_0.500pu,0.202,fault,rule_action,0,NaN,0.5,0.5,0.5,1,1,219.298459060623,857.963996046418,0.952506626255849,0.904459440897078,0.177169115652796,1.07245499505802,-0.072454995058022,0.0474933737441505,0.200734108413936,0.54457580053771,0.101548034651997,0.0545100488458818,0,0,1,0,0,1,0,1,0,0.525166666666463,0.760629126034179,1.10522233430018,0.776434699195305,2.67888011440931,0.100669586426609,0.100669586426609,0.100669586426609,0.0998659459754623,0.0998659459754623,0.0551509404344856,0.0551509404344856,0.0551509404344856,-0.056593150615059,-0.056593150615059,0,0,0,0.95,0.95,0,0,0,0.95,0.95,0.00996467318469257,-0.00996467318469257,0.0940506016798581,-0.0940506016798581,-0.104015274864551,0.104015274864551,-0.128840762030526,-0.881064562752005,0.95
hpt_v2_topology2_paper,topology2,fault,deep_lvrt,lvrt_300ms_0.500pu,0.204,fault,rule_action,0,NaN,0.5,0.5,0.5,1,1,197.189015579998,852.26746201112,0.97183860783534,0.854505199427413,0.11286541968142,1.0653343275139,-0.0653343275138993,0.0281613921646598,0.250413068951922,0.465566071993059,0.0245245522739122,0.113468650780382,0,0,1,0,0,1,0,1,0,0.541833333333123,0.760629126034179,1.10522233430018,-0.338390467557681,0.572975929440611,0.0240546007698804,0.0240546007698804,0.0240546007698804,0.0225210007938534,0.0225210007938534,0.11416616464023,0.11416616464023,0.11416616464023,-0.114478563452297,-0.114478563452297,0,0,0,0.95,0.95,0,0,0,0.95,0.95,0.0376296697422282,-0.0376296697422282,0.0768272515315879,-0.0768272515315879,-0.114456921273816,0.114456921273816,0.542578845462902,-0.95,0.603494668675823
hpt_v2_topology2_paper,topology2,fault,deep_lvrt,lvrt_300ms_0.500pu,0.206,fault,rule_action,0,NaN,0.5,0.5,0.5,1,1,170.483889807635,849.992574119604,0.936176168234496,0.863449755163785,0.12259648294986,1.0624907176495,-0.0624907176495044,0.0638238317655042,0.171299475617959,0.368833221099284,0.031190133981668,0.14402568221819,0,0,1,0,0,1,0,1,0,0.558499999999784,0.760629126034179,1.10522233430018,-3.85324993751424,-2.41113325458153,0.031772686088744,0.031772686088744,0.031772686088744,0.0301811990807625,0.0301811990807625,0.144011116411154,0.144011116411154,0.144011116411154,-0.144353041025564,-0.144353041025564,0,0,0,0.95,0.95,0,0,0,0.95,0.95,-0.0425855430449279,0.0425855430449279,0.143568617731505,-0.143568617731505,-0.100983074686577,0.100983074686577,0.95,-0.95,-0.0219574959196511
hpt_v2_topology2_paper,topology2,fault,deep_lvrt,lvrt_300ms_0.500pu,0.208,fault,rule_action,0,NaN,0.5,0.5,0.5,1,1,175.40728422224,840.663522320805,0.897556670358091,0.889046016049216,0.154274244103107,1.05082940290101,-0.0508294029010059,0.102443329641909,0.0518546803256458,0.443410460034211,0.109538528289763,0.114174790546972,0,0,1,0,0,1,0,1,0,0.575166666666444,0.760629126034179,1.10522233430018,-1.43846937904202,0.849845058550569,0.110312619859564,0.110312619859564,0.110312619859564,0.109076007079351,0.109076007079351,0.113630779420349,0.113630779420349,0.113630779420349,-0.114818347016416,-0.114818347016416,0,0,0,0.95,0.95,0,0,0,0.95,0.95,-0.15762639836241,0.15762639836241,0.0920819596145989,-0.0920819596145989,0.0655444387478106,-0.0655444387478106,0.95,-0.428937520566776,-0.673839742681039
hpt_v2_topology2_paper,topology2,fault,deep_lvrt,lvrt_300ms_0.500pu,0.21,fault,rule_action,0,NaN,0.5,0.5,0.5,1,1,207.786669847593,823.957108789103,0.906882359020006,0.88689954746751,0.107629434629497,1.02994638598638,-0.0299463859863793,0.0931176409799935,0.0763122750773878,0.546974141645479,0.151956345942621,0.0515660338936258,0,0,1,0,0,1,0,1,0,0.591833333333104,0.760629126034179,1.10522233430018,1.22763846257379,1.81078487101138,0.15186687830877,0.15186687830877,0.15186687830877,0.151170719919347,0.151170719919347,0.0511832708162902,0.0511832708162902,0.0511832708162902,-0.0532042233076547,-0.0532042233076547,0,0,0,0.95,0.95,0,0,0,0.95,0.95,-0.0833184018475272,0.0833184018475272,-0.0768987591177652,0.0768987591177652,0.160217160965292,-0.160217160965292,0.743663744826267,0.322132690765073,-0.95
hpt_v2_topology2_paper,topology2,fault,deep_lvrt,lvrt_300ms_0.500pu,0.212,fault,rule_action,0,NaN,0.5,0.5,0.5,1,1,217.68528480039,851.328200808751,0.950623423216303,0.885090441968737,0.176044806278421,1.06416025101094,-0.0641602510109389,0.0493765767836974,0.208477031160802,0.523633850020352,0.10066788234383,0.0555194785984363,0,0,1,0,0,1,0,1,0,0.608499999999764,0.760629126034179,1.10522233430018,-5,-2.01657125541432,0.0998628467647909,0.0998628467647909,0.0998628467647909,0.0989960417204376,0.0989960417204376,0.0561979316796519,0.0561979316796519,0.0561979316796519,-0.0577111723388489,-0.0577111723388489,0,0,0,0.95,0.95,0,0,0,0.95,0.95,-0.0107043339822951,0.0107043339822951,-0.0934514751091101,0.0934514751091101,0.104155809091405,-0.104155809091405,0.103950516461789,0.907884468611112,-0.95
hpt_v2_topology2_paper,topology2,fault,deep_lvrt,lvrt_300ms_0.500pu,0.214,fault,rule_action,0,NaN,0.5,0.5,0.5,1,1,199.152394899772,849.059051550801,0.971189643283836,0.879070182010702,0.108069031089856,1.0613238144385,-0.0613238144385007,0.0288103567161637,0.221155544654915,0.435933452431168,0.0278276519896617,0.112776101943211,0,0,1,0,0,1,0,1,0,0.625166666666424,0.760629126034179,1.10522233430018,-1.10065523627179,-1.07282646272999,0.0273358493507922,0.0273358493507922,0.0273358493507922,0.0257074818822102,0.0257074818822102,0.113457024443006,0.113457024443006,0.113457024443006,-0.113837034529479,-0.113837034529479,0,0,0,0.95,0.95,0,0,0,0.95,0.95,-0.0337753277618208,0.0337753277618208,-0.0798554455239908,0.0798554455239908,0.113630773285812,-0.113630773285812,-0.547788196501989,0.95,-0.620423255894424
hpt_v2_topology2_paper,topology2,fault,deep_lvrt,lvrt_300ms_0.500pu,0.216,fault,rule_action,0,NaN,0.5,0.5,0.5,1,1,172.248898830587,851.732333075381,0.938993769792468,0.885694466989617,0.1298374289448,1.06466541634423,-0.0646654163442264,0.0610062302075317,0.128174254596076,0.388331691512939,0.0296378302813382,0.15134805064986,0,0,1,0,0,1,0,1,0,0.641833333333085,0.760629126034179,1.10522233430018,2.10878271903425,1.2627546471875,0.0301523355798117,0.0301523355798117,0.0301523355798117,0.0283797838104929,0.0283797838104929,0.151383798935961,0.151383798935961,0.151383798935961,-0.15172608804049,-0.15172608804049,0,0,0,0.95,0.95,0,0,0,0.95,0.95,0.042269980540464,-0.042269980540464,-0.149702482272419,0.149702482272419,0.107432501731955,-0.107432501731955,-0.95,0.95,0.00741168892948623
hpt_v2_topology2_paper,topology2,fault,deep_lvrt,lvrt_300ms_0.500pu,0.218,fault,rule_action,0,NaN,0.5,0.5,0.5,1,1,173.794180791299,835.318572109388,0.896104119447599,0.882284610617274,0.117755775220937,1.04414821513673,-0.0441482151367345,0.103895880552401,0.0590925478212999,0.474529189941411,0.107512968312857,0.118188803590641,0,0,1,0,0,1,0,1,0,0.658499999999745,0.760629126034179,1.10522233430018,-5,-0.251259439687068,0.108361962015553,0.108361962015553,0.108361962015553,0.107048024576342,0.107048024576342,0.117605204743201,0.117605204743201,0.117605204743201,-0.118802438648596,-0.118802438648596,0,0,0,0.95,0.95,0,0,0,0.95,0.95,0.158774239654786,-0.158774239654786,-0.0959107351232757,0.0959107351232757,-0.06286350453151,0.06286350453151,-0.95,0.399140857645969,0.680964954371805
hpt_v2_topology2_paper,topology2,fault,deep_lvrt,lvrt_300ms_0.500pu,0.22,fault,rule_action,0,NaN,0.5,0.5,0.5,1,1,216.42310850096,822.706600757053,0.904896670762842,0.811536523557644,0.0622844202562648,1.02838325094632,-0.0283832509463162,0.0951033292371583,0.0831538483688728,0.549161491020145,0.346345698271123,-0.0291068996909119,0,0,1,0,0,1,1,0,1,0,0.787579068816798,0.895873827555868,-5,-0.811857189384479,0.348526788283149,0.348526788283149,0.348526788283149,0.34891673098328,0.34891673098328,-0.0311516993851934,-0.0311516993851934,-0.0311516993851934,0.0264284953316285,0.0264284953316285,0,0,0,0.95,0.95,0,0,0,0.95,0.95,0.0449183766680283,-0.0449183766680283,0.278069957461025,-0.278069957461025,-0.322988334129054,0.322988334129054,-0.766968830655295,-0.350797227076576,0.95
hpt_v2_topology2_paper,topology2,fault,deep_lvrt,lvrt_300ms_0.500pu,0.222,fault,rule_action,0,NaN,0.5,0.5,0.5,1,1,240.239777604152,826.723064402338,0.979065066855082,0.905444053548864,0.160770779351515,1.03340383050292,-0.0334038305029223,0.020934933144918,0.196389504376903,0.502063431309268,0.266310744824305,-0.136652456015646,0,0,1,0,0,1,1,0,1,0,0.787579068816798,0.905444053548864,1.96322426227113,4.19092077975835,0.263357065778596,0.263357065778596,0.263357065778596,0.265569542911222,0.265569542911222,-0.136467533207929,-0.136467533207929,-0.136467533207929,0.132110368984775,0.132110368984775,0,0,0,0.95,0.95,0,0,0,0.95,0.95,-0.233997080680857,0.233997080680857,0.274856937206589,-0.274856937206589,-0.0408598565257318,0.0408598565257318,-0.12741735953863,-0.920650512263341,0.95
hpt_v2_topology2_paper,topology2,fault,deep_lvrt,lvrt_300ms_0.500pu,0.224,fault,rule_action,0,NaN,0.5,0.5,0.5,1,1,199.510883881258,854.380094726371,1.00894380110798,0.900517015112876,0.107168269978062,1.06797511840796,-0.0679751184079633,-0.00894380110797521,0.257213897786193,0.415076940436166,-0.0179441586748887,0.0148849309856724,0,0,1,0,0,1,1,0,1,0,0.787579068816798,0.935723750998693,0.498744357586345,0.512895297546612,-0.0196064522104084,-0.0196064522104084,-0.0196064522104084,-0.0257595282590408,-0.0257595282590408,0.0171669166545777,0.0171669166545777,0.0171669166545777,-0.00394495875465489,-0.00394495875465489,0,0,0,0.95,0.95,0,0,0,0.95,0.95,0.0254738702921975,-0.0254738702921975,-0.00797789679466566,0.00797789679466566,-0.0174959734975318,0.0174959734975318,0.549373698023171,-0.95,0.593498816772117
hpt_v2_topology2_paper,topology2,fault,deep_lvrt,lvrt_300ms_0.500pu,0.226,fault,rule_action,0,NaN,0.5,0.5,0.5,1,1,166.610323543541,848.999325991499,0.959275915738628,0.83348784241564,0.0949268511419533,1.06124915748937,-0.0612491574893737,0.0407240842613721,0.169271751994374,0.339532491957784,0.0131014313849214,0.160578689703331,0,0,1,0,0,1,1,0,1,0,0.787579068816798,0.935723750998693,-2.94106034239994,-1.04482428476671,0.015178872228615,0.015178872228615,0.015178872228615,0.0127176020948798,0.0127176020948798,0.161002680396468,0.161002680396468,0.161002680396468,-0.161215768006533,-0.161215768006533,0,0,0,0.95,0.95,0,0,0,0.95,0.95,-0.0326500081210287,0.0326500081210287,0.153491613226184,-0.153491613226184,-0.120841605105155,0.120841605105155,0.95,-0.95,-0.0506690216677669
hpt_v2_topology2_paper,topology2,fault,deep_lvrt,lvrt_300ms_0.500pu,0.228,fault,rule_action,0,NaN,0.5,0.5,0.5,1,1,184.923233731843,822.636611965133,0.917235098011593,0.874980997184529,0.155209843426434,1.02829576495642,-0.0282957649564168,0.0827649019884068,0.0311105248057031,0.424908995174477,0.267762470681656,0.0890861433667618,0,0,1,0,0,1,1,0,1,0,0.787579068816798,0.935723750998693,-2.06170680896567,0.767634505734804,0.269960786164283,0.269960786164283,0.269960786164283,0.268648069184879,0.268648069184879,0.0872473015362605,0.0872473015362605,0.0872473015362605,-0.091209279215625,-0.091209279215625,0,0,0,0.95,0.95,0,0,0,0.95,0.95,-0.258681173708704,0.258681173708704,0.0284385252036445,-0.0284385252036445,0.23024264850506,-0.23024264850506,0.95,-0.396688886200738,-0.717977302151636
hpt_v2_topology2_paper,topology2,fault,deep_lvrt,lvrt_300ms_0.500pu,0.23,fault,rule_action,0,NaN,0.5,0.5,0.5,1,1,224.647624141343,750.201087937287,0.944334007736203,0.885961848076382,0.0615220379782554,0.937751359921608,0.0622486400783916,0.0556659922637969,0.0674287322513459,0.522163988699214,0.339210887495554,-0.130952266010273,0,0,1,0,0,1,1,0,1,0,0.787579068816798,0.935723750998693,-0.268482078857102,1.51006067991144,0.338191064889518,0.338191064889518,0.338191064889518,0.340465393585301,0.340465393585301,-0.132806235796803,-0.132806235796803,-0.132806235796803,0.126862163029126,0.126862163029126,0,0,0,0.95,0.95,0,0,0,0.95,0.95,0.0682095675996821,-0.0682095675996821,-0.343165636455293,0.343165636455293,0.274956068855611,-0.274956068855611,0.786078362175611,0.394804306776247,-0.95
hpt_v2_topology2_paper,topology2,fault,deep_lvrt,lvrt_300ms_0.500pu,0.232,fault,rule_action,0,NaN,0.5,0.5,0.5,1,1,224.638541594184,806.173602379801,0.994894281559431,0.880404927754006,0.201269799149991,1.00771700297475,-0.00771700297475109,0.00510571844056851,0.228458129982152,0.457534974664704,0.133563495147769,-0.232834077835359,0,0,1,0,0,1,1,0,1,0,0.787579068816798,0.935723750998693,-5,-0.0113376066612769,0.131057716649118,0.131057716649118,0.131057716649118,0.135857827159338,0.135857827159338,-0.2327598720558,-0.2327598720558,-0.2327598720558,0.229991160552436,0.229991160552436,0,0,0,0.95,0.95,0,0,0,0.95,0.95,0.266834356805322,-0.266834356805322,-0.144119134801005,0.144119134801005,-0.122715222004318,0.122715222004318,0.0784928016748424,0.95,-0.95
hpt_v2_topology2_paper,topology2,fault,deep_lvrt,lvrt_300ms_0.500pu,0.234,fault,rule_action,0,NaN,0.5,0.5,0.5,1,1,189.950904474791,864.026166746342,0.996966901059313,0.880647533758487,0.0958439127141392,1.08003270843293,-0.0800327084329278,0.00303309894068726,0.235881350333068,0.354924299774509,-0.0376020915295983,-0.120662744281963,0,0,1,0,0,1,1,0,1,0,0.787579068816798,0.935723750998693,0.0494965539629133,-1.35128650255711,-0.0379990050982457,-0.0379990050982457,-0.0379990050982457,-0.0353849659601465,-0.0353849659601465,-0.119214799098918,-0.119214799098918,-0.119214799098918,0.120016652580594,0.120016652580594,0,0,0,0.95,0.95,0,0,0,0.95,0.95,0.0197492581968074,-0.0197492581968074,0.0971279158946746,-0.0971279158946746,-0.116877174091482,0.116877174091482,-0.575874166684484,0.95,-0.575541261665379
hpt_v2_topology2_paper,topology2,fault,deep_lvrt,lvrt_300ms_0.500pu,0.236,fault,rule_action,0,NaN,0.5,0.5,0.5,1,1,167.40788587913,850.878236624712,0.943632206093797,0.865619254235738,0.137405336496202,1.06359779578089,-0.06359779578089,0.0563677939062033,0.118739635516538,0.327794580970529,0.0817940483378709,-0.0309315550035533,0,0,1,0,0,1,1,0,1,0,0.787579068816798,0.935723750998693,0.412943757057804,0.757812267011104,0.0842656510929442,0.0842656510929442,0.0842656510929442,0.0849030120429402,0.0849030120429402,-0.0307302994058919,-0.0307302994058919,-0.0307302994058919,0.0289228249265165,0.0289228249265165,0,0,0,0.95,0.95,0,0,0,0.95,0.95,0.0782864058086846,-0.0782864058086846,-0.00123255214576726,0.00123255214576726,-0.0770538536629173,0.0770538536629173,-0.95,0.91763019024146,0.0821887402568621
hpt_v2_topology2_paper,topology2,fault,deep_lvrt,lvrt_300ms_0.500pu,0.238,fault,rule_action,0,NaN,0.5,0.5,0.5,1,1,188.581922956376,831.927461737039,0.910321639314833,0.872518779172103,0.135516692636381,1.0399093271713,-0.0399093271712989,0.0896783606851665,0.0469640835297069,0.378557523502569,0.334430651731746,-0.145503787999901,0,0,1,0,0,1,1,0,1,0,0.787579068816798,0.936949842375164,-5,-0.545799850004469,0.336320146264099,0.336320146264099,0.336320146264099,0.339675366637287,0.339675366637287,-0.147163737493236,-0.147163737493236,-0.147163737493236,0.139244575175865,0.139244575175865,0,0,0,0.95,0.95,0,0,0,0.95,0.95,0.126716688713811,-0.126716688713811,0.235026416334919,-0.235026416334919,-0.36174310504873,0.36174310504873,-0.95,0.323133922717872,0.7450297176575
hpt_v2_topology2_paper,topology2,fault,deep_lvrt,lvrt_300ms_0.500pu,0.24,fault,rule_action,0,NaN,0.5,0.5,0.5,1,1,234.411945402813,767.214367154711,0.958039300406086,0.891423388186797,0.154179091263345,0.959017958943389,0.0409820410566111,0.041960699593914,0.0644856453939462,0.446070567464287,0.331348661838876,-0.237476163329257,0,0,1,0,0,1,1,0,1,0,0.787579068816798,0.946903487422309,-5,-0.755262076786223,0.329289447676358,0.329289447676358,0.329289447676358,0.335888946394043,0.335888946394043,-0.237909814484866,-0.237909814484866,-0.237909814484866,0.228497780885338,0.228497780885338,0,0,0,0.95,0.95,0,0,0,0.95,0.95,-0.203826138396518,0.203826138396518,0.406241254081274,-0.406241254081274,-0.202415115684756,0.202415115684756,-0.730212257463331,-0.44930303046166,0.95
hpt_v2_topology2_paper,topology2,fault,deep_lvrt,lvrt_300ms_0.500pu,0.242,fault,rule_action,0,NaN,0.5,0.5,0.5,1,1,224.767148120602,809.073542507037,1.01356076109695,0.911569647094846,0.222943820804794,1.0113419281338,-0.0113419281337965,-0.0135607610969455,0.196770263728553,0.42110891530959,0.0452121520453085,-0.229861367191916,0,0,1,0,0,1,1,0,1,0,0.787579068816798,0.946903487422309,-0.731654274174431,3.46910533330891,0.0423251139636781,0.0423251139636781,0.0423251139636781,0.160833841079359,0.160833841079359,-0.228422330327201,-0.228422330327201,-0.228422330327201,0.167632490370474,0.167632490370474,0,0,0,0.95,0.95,0,0,0,0.95,0.95,-0.216609830032774,0.216609830032774,0.0355981866620577,-0.0355981866620577,0.181011643370716,-0.181011643370716,-0.0217965972812063,-0.95,0.95
hpt_v2_topology2_paper,topology2,fault,deep_lvrt,lvrt_300ms_0.500pu,0.244,fault,rule_action,0,NaN,0.5,0.5,0.5,1,1,180.807094833113,858.521069543704,1.00043692448141,0.914920923350098,0.0479827563089681,1.07315133692963,-0.0731513369296304,-0.000436924481406198,0.229621411555645,0.326008885692425,-0.11032924609047,-0.0258550489933948,0,0,1,0,0,1,1,0,1,0,0.787579068816798,0.946903487422309,-2.09790021033107,-0.115494542783034,-0.110045026882104,-0.110045026882104,-0.110045026882104,-0.109260402329827,-0.109260402329827,-0.0233901671639339,-0.0233901671639339,-0.0233901671639339,0.0268173888394069,0.0268173888394069,0,0,0,0.95,0.95,0,0,0,0.95,0.95,0.0930576622368559,-0.0930576622368559,-0.101282456754893,0.101282456754893,0.0082247945180376,-0.0082247945180376,0.624620870981825,-0.95,0.499390118183312
hpt_v2_topology2_paper,topology2,fault,deep_lvrt,lvrt_300ms_0.500pu,0.246,fault,rule_action,0,NaN,0.5,0.5,0.5,1,1,167.301104777222,845.259524335698,0.939734244515645,0.923207221476034,0.161489388157715,1.05657440541962,-0.0565744054196224,0.0602657554843552,0.0892212833665198,0.278014578292777,0.0766295486911093,0.119967445608141,0,0,0,0,0,1,1,0,1,0,0.787579068816798,0.949106485023793,-5,-1.13160936952905,0.0794976296395709,0.0794976296395709,0.0794976296395709,0.0760688261084467,0.0760688261084467,0.120126025155282,0.120126025155282,0.120126025155282,-0.122326075439379,-0.122326075439379,0,0,0,0.95,0.95,0,0,0,0.95,0.95,-0.104448292146509,0.104448292146509,0.138134081349662,-0.138134081349662,-0.0336857892031528,0.0336857892031528,0.95,-0.869522780672071,-0.154984984818326
hpt_v2_topology2_paper,topology2,fault,deep_lvrt,lvrt_300ms_0.500pu,0.248,fault,rule_action,0,NaN,0.5,0.5,0.5,1,1,196.284388460159,784.105471917078,0.914995968994471,0.910403887469513,0.176425291477049,0.980131839896347,0.0198681601036526,0.0850040310055294,-0.037500014237578,0.381631424849413,0.328881024418514,0.0394820458687003,0,0,1,0,0,1,1,0,1,0,0.787579068816798,0.956299152976836,-5,0.511046275188609,0.330455260223861,0.330455260223861,0.330455260223861,0.329312248317069,0.329312248317069,0.0377281336519759,0.0377281336519759,0.0377281336519759,-0.0466640566907562,-0.0466640566907562,0,0,0,0.95,0.95,0,0,0,0.95,0.95,-0.245379671455648,0.245379671455648,-0.0717572803117284,0.0717572803117284,0.317136951767377,-0.317136951767377,0.95,-0.28782838829635,-0.819614391050579
hpt_v2_topology2_paper,topology2,fault,deep_lvrt,lvrt_300ms_0.500pu,0.25,fault,rule_action,0,NaN,0.5,0.5,0.5,1,1,224.645435275259,678.041007384684,0.952582831813531,0.889364191418913,0.0821289490741675,0.847551259230855,0.152448740769145,0.0474171681864689,0.044841157353927,0.490371001592215,0.327860911390581,-0.14726500673,0,0,1,0,0,1,1,0,1,0,0.787579068816798,0.956299152976836,0.163182842390697,0.721644841664149,0.326306137642742,0.326306137642742,0.326306137642742,0.330434606900002,0.330434606900002,-0.148318646287005,-0.148318646287005,-0.148318646287005,0.138877956719469,0.138877956719469,0,0,0,0.95,0.95,0,0,0,0.95,0.95,0.125926216283015,-0.125926216283015,-0.353587484724551,0.353587484724551,0.227661268441536,-0.227661268441536,0.746086353685131,0.564837519852444,-0.95
hpt_v2_topology2_paper,topology2,fault,deep_lvrt,lvrt_300ms_0.500pu,0.252,fault,rule_action,0,NaN,0.5,0.5,0.5,1,1,218.316564027531,733.354252723317,0.997078707303234,0.886746335726892,0.187748870465025,0.916692815904147,0.0833071840958531,0.00292129269676622,0.226397867605401,0.42104116474469,0.105211867203888,-0.137855316144493,0,0,1,0,0,1,1,0,1,0,0.787579068816798,0.956299152976836,-1.83968240676702,-0.367807866444303,0.102904914475383,0.102904914475383,0.102904914475383,0.106937702195411,0.106937702195411,-0.136562563814342,-0.136562563814342,-0.136562563814342,0.133428194576325,0.133428194576325,0,0,0,0.95,0.95,0,0,0,0.95,0.95,0.170589273498904,-0.170589273498904,-0.0954701598016619,0.0954701598016619,-0.0751191136972424,0.0751191136972424,-0.0519821683019706,0.95,-0.95
hpt_v2_topology2_paper,topology2,fault,deep_lvrt,lvrt_300ms_0.500pu,0.254,fault,rule_action,0,NaN,0.5,0.5,0.5,1,1,193.370912799624,851.844643026342,0.995220367021505,0.862458159976269,0.0774514250664572,1.06480580378293,-0.0648058037829278,0.00477963297849515,0.232639075078607,0.302684663436051,-0.0365337897825184,0.0568848683340926,0,0,1,0,0,1,1,0,1,0,0.787579068816798,0.956299152976836,-0.682825657339125,-0.937676576813651,-0.0367953973551566,-0.0367953973551566,-0.0367953973551566,-0.0384351347030697,-0.0384351347030697,0.0591813540874502,0.0591813540874502,0.0591813540874502,-0.0581298061110212,-0.0581298061110212,0,0,0,0.95,0.95,0,0,0,0.95,0.95,-0.0556870793493897,0.0556870793493897,-0.00843954658821974,0.00843954658821974,0.0641266259376095,-0.0641266259376095,-0.66473042378559,0.95,-0.501977083888845
hpt_v2_topology2_paper,topology2,fault,deep_lvrt,lvrt_300ms_0.500pu,0.256,fault,rule_action,0,NaN,0.5,0.5,0.5,1,1,175.398728839558,844.299451117517,0.953723154463673,0.880355059684983,0.160633598469204,1.0553743138969,-0.0553743138968961,0.046276845536327,0.0671918228216563,0.266699594707976,0.0606643415468942,0.181672923049811,0,0,1,0,0,1,1,0,1,0,0.787579068816798,0.956299152976836,-2.16562740395831,1.31502753339596,0.0625772630155415,0.0625772630155415,0.0625772630155415,0.0583364194324401,0.0583364194324401,0.181866088993032,0.181866088993032,0.181866088993032,-0.183270429529535,-0.183270429529535,0,0,0,0.95,0.95,0,0,0,0.95,0.95,0.103524977668246,-0.103524977668246,-0.192138146902733,0.192138146902733,0.0886131692344863,-0.0886131692344863,-0.95,0.876762640627921,0.13352832803836
hpt_v2_topology2_paper,topology2,fault,deep_lvrt,lvrt_300ms_0.500pu,0.258,fault,rule_action,0,NaN,0.5,0.5,0.5,1,1,186.261176776321,784.047051516251,0.922534932925972,0.898114971672982,0.132396713837699,0.980058814395314,0.0199411856046856,0.0774650670740281,-0.0306535149598067,0.368913059271238,0.268662754364528,0.0581195963384786,0,0,1,0,0,1,1,0,1,0,0.787579068816798,0.956299152976836,-5,-1.38060051330713,0.270411138863643,0.270411138863643,0.270411138863643,0.269207010696423,0.269207010696423,0.0561677002321279,0.0561677002321279,0.0561677002321279,-0.0616812772467837,-0.0616812772467837,0,0,0,0.15781516424582,0.15781516424582,0,0,0,0.95,0.95,0.21927372669011,-0.21927372669011,0.0357832883387731,-0.0357832883387731,-0.255057015028883,0.255057015028883,-0.95,0.280521302162581,0.796743599028259
hpt_v2_topology2_paper,topology2,fault,deep_lvrt,lvrt_300ms_0.500pu,0.26,fault,rule_action,0,NaN,0.5,0.5,0.5,1,1,222.924649773348,687.222295307543,0.948965218110609,0.885705745551441,0.102150968618754,0.859027869134429,0.140972130865571,0.0510347818893913,0.0189819592684249,0.475644047563691,0.315694250510864,-0.155997577517077,0,0,1,0,0,1,1,0,1,0,0.787579068816798,0.956299152976836,-5,-0.89463886729968,0.314605920610257,0.314605920610257,0.314605920610257,0.317854056044946,0.317854056044946,-0.15751760981685,-0.15751760981685,-0.15751760981685,0.150855830981825,0.150855830981825,0,0,0,0.95,0.95,0,0,0,0.95,0.95,-0.135867205903365,0.135867205903365,0.3489969210565,-0.3489969210565,-0.213129715153135,0.213129715153135,-0.741247408525323,-0.558781613009022,0.95
hpt_v2_topology2_paper,topology2,fault,deep_lvrt,lvrt_300ms_0.500pu,0.262,fault,rule_action,0,NaN,0.5,0.5,0.5,1,1,219.135330145696,715.669382444607,0.992047623617462,0.882417842592468,0.1743549405652,0.894586728055759,0.105413271944241,0.00795237638253776,0.191347650751144,0.443532665733809,0.126171788340605,-0.236665450527854,0,0,1,0,0,1,1,0,1,0,0.787579068816798,0.956299152976836,-1.81896322073283,3.4553618293659,0.12400784373256,0.12400784373256,0.12400784373256,0.129131946817578,0.129131946817578,-0.237109911187482,-0.237109911187482,-0.237109911187482,0.234358690049327,0.234358690049327,0,0,0,0.95,0.95,0,0,0,0.95,0.95,-0.266389037923725,0.266389037923725,0.111355292248102,-0.111355292248102,0.155033745675623,-0.155033745675623,0.035842956335855,-0.95,0.95
hpt_v2_topology2_paper,topology2,fault,deep_lvrt,lvrt_300ms_0.500pu,0.264,fault,rule_action,0,NaN,0.5,0.5,0.5,1,1,183.323009229993,852.106234199846,0.984503548921579,0.915140172286279,0.0817681203552739,1.06513279274981,-0.0651327927498078,0.0154964510784213,0.257912056171661,0.305835382101601,0.000353072382275483,-0.209327383090636,0,0,1,0,0,1,1,0,1,0,0.787579068816798,0.956299152976836,0.948247164505589,0.108779525139324,0.000497650637380848,0.000497650637380848,0.000497650637380848,0.00478883986490747,0.00478883986490747,-0.208847926479028,-0.208847926479028,-0.208847926479028,0.208793608770706,0.208793608770706,0,0,0,0.95,0.95,0,0,0,0.95,0.95,-0.0747661028998572,0.0747661028998572,-0.131497973034576,0.131497973034576,0.206264075934433,-0.206264075934433,0.664773982458561,-0.95,0.477072092369361
hpt_v2_topology2_paper,topology2,fault,deep_lvrt,lvrt_300ms_0.500pu,0.266,fault,rule_action,0,NaN,0.5,0.5,0.5,1,1,170.975640629911,846.638039648186,0.933019807542587,0.907635143045838,0.125495595467208,1.05829754956023,-0.0582975495602327,0.0669801924574128,0.105533318700636,0.209457675600994,0.154042196433197,-0.225462825159568,0,0,1,0,0,1,1,0,1,0,0.787579068816798,0.956299152976836,-0.620597348152896,-0.678990004951974,0.156443388463582,0.156443388463582,0.156443388463582,0.160900537316123,0.160900537316123,-0.225552608769304,-0.225552608769304,-0.225552608769304,0.222394986921893,0.222394986921893,0,0,0,0.95,0.95,0,0,0,0.95,0.95,-0.0903532230614131,0.0903532230614131,-0.179297454118903,0.179297454118903,0.269650677180317,-0.269650677180317,0.95,-0.858473740891392,-0.18061634660018
hpt_v2_topology2_paper,topology2,fault,deep_lvrt,lvrt_300ms_0.500pu,0.268,fault,rule_action,0,NaN,0.5,0.5,0.5,1,1,207.539454557131,797.649538532509,0.920802281165329,0.904317710451166,0.133017375102392,0.997061923165637,0.00293807683436331,0.0791977188346707,-0.0416026218214226,0.302913511199974,0.349539659383956,-0.254716058381705,0,0,1,0,0,1,1,0,1,0,0.787579068816798,0.956299152976836,-5,0.339556601048008,0.350356669066178,0.350356669066178,0.350356669066178,0.355989370713704,0.355989370713704,-0.254919844269949,-0.254919844269949,-0.254919844269949,0.246992895648081,0.246992895648081,0,0,0,-0.493555471579721,-0.493555471579721,0,0,0,0.95,0.95,-0.00628197901188166,0.00628197901188166,-0.372053419402418,0.372053419402418,0.378335398414299,-0.378335398414299,0.95,-0.235720192784167,-0.828185166648903
hpt_v2_topology2_paper,topology2,fault,deep_lvrt,lvrt_300ms_0.500pu,0.27,fault,rule_action,0,NaN,0.5,0.5,0.5,1,1,229.442562301706,702.376476107056,0.968816182578821,0.911143546849348,0.124060299726035,0.87797059513382,0.12202940486618,0.0311838174211795,0.0347392424184485,0.418853449282543,0.270023849283,-0.266007168307433,0,0,1,0,0,1,1,0,1,0,0.787579068816798,0.956960340835559,-0.567902617174765,0.247114919323166,0.267886361618708,0.267886361618708,0.267886361618708,0.274753007088087,0.274753007088087,-0.266060406063333,-0.266060406063333,-0.266060406063333,0.258963370985066,0.258963370985066,0,0,0,0.95,0.95,0,0,0,0.95,0.95,0.271259786465125,-0.271259786465125,-0.363065659982413,0.363065659982413,0.0918058735172888,-0.0918058735172888,0.65000976671212,0.605881964850787,-0.95
hpt_v2_topology2_paper,topology2,fault,deep_lvrt,lvrt_300ms_0.500pu,0.272,fault,rule_action,0,NaN,0.5,0.5,0.5,1,1,216.233881322533,765.218340090869,1.00812067960993,0.931728911318499,0.160302433028178,0.956522925113586,0.0434770748864137,-0.00812067960993312,0.182695439902805,0.357060791744138,0.0245530403067732,-0.248158131451918,0,0,0,0,0,1,1,0,1,0,0.787579068816798,0.966163858196254,-2.53541282724878,-0.71350013863225,0.0224016637178213,0.0224016637178213,0.0224016637178213,0.153668948294916,0.153668948294916,-0.24700339537631,-0.24700339537631,-0.24700339537631,0.194675027147004,0.194675027147004,0,0,0,0.95,0.95,0,0,0,0.95,0.95,0.207824051330189,-0.207824051330189,0.0133110806966386,-0.0133110806966386,-0.221135132026828,0.221135132026828,-0.129428970555478,0.95,-0.95
hpt_v2_topology2_paper,topology2,fault,deep_lvrt,lvrt_300ms_0.500pu,0.274,fault,rule_action,0,NaN,0.5,0.5,0.5,1,1,183.090812382916,849.858494934612,0.991390171110972,0.893137225896326,0.103076704868584,1.06232311866827,-0.0623231186682653,0.00860982888902839,0.164963056711421,0.277591471194098,-0.0700615385374897,-0.0598540844426169,0,0,1,0,0,1,1,0,1,0,0.787579068816798,0.982738524550363,-1.80544210750011,-1.08996661732497,-0.0695523139932429,-0.0695523139932429,-0.0695523139932429,-0.0680367999459237,-0.0680367999459237,-0.057988742867498,-0.057988742867498,-0.057988742867498,0.0597596229429689,0.0597596229429689,0,0,0,0.95,0.95,0,0,0,0.95,0.95,-0.05086979161155,0.05086979161155,0.090314493807949,-0.090314493807949,-0.039444702196399,0.039444702196399,-0.72699803791232,0.95,-0.402510688954161
hpt_v2_topology2_paper,topology2,fault,deep_lvrt,lvrt_300ms_0.500pu,0.276,fault,rule_action,0,NaN,0.5,0.5,0.5,1,1,169.241027467389,839.294568295944,0.940157618484039,0.888129037442036,0.184229808940923,1.04911821036993,-0.0491182103699304,0.0598423815159609,0.0267208488146879,0.300279139604614,0.0978055299608601,0.0636459351809224,0,0,1,0,0,1,1,0,1,0,0.787579068816798,0.982738524550363,-3.12915185669094,0.797953842822441,0.100361252657342,0.100361252657342,0.100361252657342,0.0989893594536858,0.0989893594536858,0.0635951742727105,0.0635951742727105,0.0635951742727105,-0.0657102270630392,-0.0657102270630392,0,0,0,0.95,0.95,0,0,0,0.95,0.95,0.115530041922216,-0.115530041922216,-0.0817890189502777,0.0817890189502777,-0.0337410229719384,0.0337410229719384,-0.95,0.782270501009746,0.257220352847644
hpt_v2_topology2_paper,topology2,fault,deep_lvrt,lvrt_300ms_0.500pu,0.278,fault,rule_action,0,NaN,0.5,0.5,0.5,1,1,193.365373638626,779.793984231896,0.916016893498453,0.89623794493332,0.109839272806219,0.97474248028987,0.0252575197101298,0.0839831065015469,-0.0414281350582695,0.362392079770445,0.327587564770877,-0.0748289505159249,0,0,1,0,0,1,1,0,1,0,0.787579068816798,0.982738524550363,-5,-1.75055380252453,0.329099049059657,0.329099049059657,0.329099049059657,0.330537845867999,0.330537845867999,-0.0772905923930629,-0.0772905923930629,-0.0772905923930629,0.0708854866202118,0.0708854866202118,0,0,0,-0.95,-0.95,0,0,0,0.95,0.95,0.126095149186264,-0.126095149186264,0.208586415984449,-0.208586415984449,-0.334681565170712,0.334681565170712,-0.95,0.158504156680177,0.879035877952747
hpt_v2_topology2_paper,topology2,fault,deep_lvrt,lvrt_300ms_0.500pu,0.28,fault,rule_action,0,NaN,0.5,0.5,0.5,1,1,228.199103988929,684.230949234022,0.958513386771854,0.881985329780541,0.128191264142655,0.855288686542527,0.144711313457473,0.0414866132281462,0.0215374404430593,0.440825801882801,0.311457279235001,-0.218629307459554,0,0,1,0,0,1,1,0,1,0,0.787579068816798,0.982738524550363,-5,-0.00625098467321727,0.309630618216994,0.309630618216994,0.309630618216994,0.314125249174337,0.314125249174337,-0.21931425002676,-0.21931425002676,-0.21931425002676,0.212826661472191,0.212826661472191,0,0,0,0.95,0.95,0,0,0,0.95,0.95,-0.230731223238119,0.230731223238119,0.376229027929127,-0.376229027929127,-0.145497804691008,0.145497804691008,-0.64004142041035,-0.669365205029245,0.95
hpt_v2_topology2_paper,topology2,fault,deep_lvrt,lvrt_300ms_0.500pu,0.282,fault,rule_action,0,NaN,0.5,0.5,0.5,1,1,217.675596458917,722.685899913966,1.00433980183956,0.927609620939852,0.187128253429897,0.903357374892457,0.096642625107543,-0.00433980183955751,0.180555596698875,0.387859837856037,0.0675931347392177,-0.222255452834243,0,0,0,0,0,1,1,0,1,0,0.787579068816798,0.982738524550363,-3.07225677924605,2.86048131590666,0.0651858282634369,0.0651858282634369,0.0651858282634369,0.174500680068331,0.174500680068331,-0.221348518686324,-0.221348518686324,-0.221348518686324,0.15097639413733,0.15097639413733,0,0,0,0.95,0.95,0,0,0,0.95,0.95,-0.213126353650935,0.213126353650935,0.0299724643803035,-0.0299724643803035,0.183153889270631,-0.183153889270631,0.140471244135637,-0.95,0.95
hpt_v2_topology2_paper,topology2,fault,deep_lvrt,lvrt_300ms_0.500pu,0.284,fault,rule_action,0,NaN,0.5,0.5,0.5,1,1,185.787904325071,844.971380171032,0.991988741242355,0.921841463835838,0.0680816393339663,1.05621422521379,-0.0562142252137905,0.00801125875764497,0.205824341352621,0.28648409762216,-0.0550565880377383,-0.0388851581400981,0,0,0,0,0,1,1,0,1,0,0.787579068816798,0.982738524550363,-1.14199347147037,1.19796196553334,-0.0547957186477613,-0.0547957186477613,-0.0547957186477613,-0.0541183984936647,-0.0541183984936647,-0.0368482809451258,-0.0368482809451258,-0.0368482809451258,0.0378360348770383,0.0378360348770383,0,0,0,0.95,0.95,0,0,0,0.95,0.95,0.0428948439331276,-0.0428948439331276,-0.0649249933800654,0.0649249933800654,0.0220301494469378,-0.0220301494469378,0.734285874494371,-0.95,0.378491081321668
hpt_v2_topology2_paper,topology2,fault,deep_lvrt,lvrt_300ms_0.500pu,0.286,fault,rule_action,0,NaN,0.5,0.5,0.5,1,1,174.304509410724,842.77138286567,0.942551771047432,0.889613976231962,0.202497499039084,1.05346422858209,-0.0534642285820874,0.0574482289525675,0.0531134278052845,0.266777617477527,0.0995116622921685,0.057707814092398,0,0,1,0,0,1,1,0,1,0,0.787579068816798,0.982738524550363,-5,-0.389442068003731,0.101846180617128,0.101846180617128,0.101846180617128,0.101079276340916,0.101079276340916,0.0576263932932864,0.0576263932932864,0.0576263932932864,-0.0589612211939831,-0.0589612211939831,0,0,0,0.95,0.95,0,0,0,0.95,0.95,-0.115134199424881,0.115134199424881,0.0756826006663352,-0.0756826006663352,0.0394515987585463,-0.0394515987585463,0.95,-0.812527999020278,-0.2630235841708
hpt_v2_topology2_paper,topology2,fault,deep_lvrt,lvrt_300ms_0.500pu,0.288,fault,rule_action,0,NaN,0.5,0.5,0.5,1,1,197.426875316251,780.62828422633,0.921641502132284,0.942229138007972,0.156134556216596,0.975785355282913,0.0242146447170875,0.0783584978677158,-0.0635113985183397,0.341338961694382,0.30881075157267,-0.0861680328587784,0,0,0,0,0,1,1,0,1,0,0.787579068816798,0.982738524550363,-0.16862493369374,1.34020822169889,0.310103949160694,0.310103949160694,0.310103949160694,0.311055703590542,0.311055703590542,-0.0885040628209172,-0.0885040628209172,-0.0885040628209172,0.0850986350340598,0.0850986350340598,0,0,0,0.472332377986034,0.472332377986034,0,0,0,0.95,0.95,-0.104728114731037,0.104728114731037,-0.211780009015524,0.211780009015524,0.316508123746561,-0.316508123746561,0.95,-0.197161982923967,-0.846816150013739
hpt_v2_topology2_paper,topology2,fault,deep_lvrt,lvrt_300ms_0.500pu,0.29,fault,rule_action,0,NaN,0.5,0.5,0.5,1,1,222.663562080387,674.745244569093,0.959425302473839,0.889171123304428,0.137105927724265,0.843431555711367,0.156568444288633,0.0405746975261612,0.0231658690478727,0.446421466332593,0.286506263870508,-0.219883159411843,0,0,1,0,0,1,1,0,1,0,0.787579068816798,0.982738524550363,-0.224377623495031,0.0514898848185119,0.284937700506099,0.284937700506099,0.284937700506099,0.28755393524856,0.28755393524856,-0.220122961738587,-0.220122961738587,-0.220122961738587,0.216694129540552,0.216694129540552,0,0,0,0.95,0.95,0,0,0,0.95,0.95,0.231112611626564,-0.231112611626564,-0.354664919524844,0.354664919524844,0.12355230789828,-0.12355230789828,0.629328242442046,0.670160717247218,-0.95
hpt_v2_topology2_paper,topology2,fault,deep_lvrt,lvrt_300ms_0.500pu,0.292,fault,rule_action,0,NaN,0.5,0.5,0.5,1,1,216.952409248628,724.624864688627,0.999226520633069,0.918061792632002,0.206631577178308,0.905781080860784,0.0942189191392161,0.000773479366931062,0.1817092928836,0.3792654672605,0.0784230757876925,-0.199643375761733,0,0,1,0,0,1,1,0,1,0,0.787579068816798,0.982738524550363,-3.59914583570853,-0.897324353242746,0.0763006833443747,0.0763006833443747,0.0763006833443747,0.0787064297473655,0.0787064297473655,-0.198709452333248,-0.198709452333248,-0.198709452333248,0.197768902110066,0.197768902110066,0,0,0,0.95,0.95,0,0,0,0.95,0.95,0.202503101832496,-0.202503101832496,-0.0444642208574084,0.0444642208574084,-0.158038880975088,0.158038880975088,-0.170921498577775,0.95,-0.95
hpt_v2_topology2_paper,topology2,fault,deep_lvrt,lvrt_300ms_0.500pu,0.294,fault,rule_action,0,NaN,0.5,0.5,0.5,1,1,189.500853195917,845.092044375305,0.991212178110606,0.903629923889053,0.0852381898374719,1.05636505546913,-0.0563650554691313,0.00878782188939375,0.170143067486999,0.279801398285123,-0.0360519587794695,-0.0176028731040206,0,0,1,0,0,1,1,0,1,0,0.787579068816798,0.982738524550363,-5,0.737873400405764,-0.0359777995410447,-0.0359777995410447,-0.0359777995410447,-0.0358333684950651,-0.0358333684950651,-0.0155787086472149,-0.0155787086472149,-0.0155787086472149,0.0159081087885165,0.0159081087885165,0,0,0,0.95,0.95,0,0,0,0.95,0.95,-0.0304617511905532,0.0304617511905532,0.0366057429165356,-0.0366057429165356,-0.00614399172598241,0.00614399172598241,-0.737050074271485,0.95,-0.392318640558478
hpt_v2_topology2_paper,topology2,fault,deep_lvrt,lvrt_300ms_0.500pu,0.296,fault,rule_action,0,NaN,0.5,0.5,0.5,1,1,175.452588690939,838.38932623786,0.949812110917364,0.921459040487866,0.160681519529528,1.04798665779733,-0.0479866577973254,0.0501878890826363,0.0172078558761244,0.290358966601846,0.0817093377738171,0.100526502908397,0,0,0,0,0,1,1,0,1,0,0.787579068816798,0.982738524550363,0.419797814778966,0.684232974176968,0.0836757685174661,0.0836757685174661,0.0836757685174661,0.0832647927915049,0.0832647927915049,0.100462384241592,0.100462384241592,0.100462384241592,-0.100803269619004,-0.100803269619004,0,0,0,0.95,0.95,0,0,0,0.95,0.95,0.111872324748913,-0.111872324748913,-0.114538046984303,0.114538046984303,0.00266572223538997,-0.00266572223538997,-0.95,0.775754262000488,0.252999528070043
hpt_v2_topology2_paper,topology2,fault,deep_lvrt,lvrt_300ms_0.500pu,0.298,fault,rule_action,0,NaN,0.5,0.5,0.5,1,1,192.225919594836,776.302331598728,0.921899816964323,0.905795156046972,0.140211900864227,0.97037791449841,0.0296220855015895,0.0781001830356775,-0.0521447805930652,0.366564599832136,0.28652158871063,-0.0443599618203303,0,0,1,0,0,1,1,0,1,0,0.787579068816798,0.982738524550363,-5,-1.8508177473634,0.288092036776494,0.288092036776494,0.288092036776494,0.288169549738115,0.288169549738115,-0.046512334831673,-0.046512334831673,-0.046512334831673,0.0460296594518663,0.0460296594518663,0,0,0,-0.95,-0.95,0,0,0,0.95,0.95,0.128216792574143,-0.128216792574143,0.162917273595524,-0.162917273595524,-0.291134066169667,0.291134066169667,-0.95,0.16385621444739,0.876092836755186
hpt_v2_topology2_paper,topology2,fault,deep_lvrt,lvrt_300ms_0.500pu,0.3,fault,rule_action,0,NaN,0.5,0.5,0.5,1,1,226.9170872082,680.938575255977,0.956090045363181,0.887805769845646,0.0572353635295976,0.851173219069971,0.148826780930029,0.0439099546368195,0.0122384479968332,0.446780418776269,0.297168480427825,-0.20778433661185,0,0,1,0,0,1,1,0,1,0,0.787579068816798,0.982738524550363,-0.337734088574404,-0.0207934709572921,0.295738364083743,0.295738364083743,0.295738364083743,0.296304184726254,0.296304184726254,-0.208572539743857,-0.208572539743857,-0.208572539743857,0.20776793409918,0.20776793409918,0,0,0,0.95,0.95,0,0,0,0.95,0.95,-0.21764800774233,0.21764800774233,0.359213244432624,-0.359213244432624,-0.141565236690294,0.141565236690294,-0.646915247555437,-0.673748409092348,0.95
hpt_v2_topology2_paper,topology2,fault,deep_lvrt,lvrt_300ms_0.500pu,0.302,fault,rule_action,0,NaN,0.5,0.5,0.5,1,1,216.447443513518,718.021481134731,0.999216353829034,0.90799858610902,0.16703086317637,0.897526851418413,0.102473148581587,0.00078364617096649,0.176711365965774,0.396571792636362,0.0840990330210912,-0.239926993035039,0,0,1,0,0,1,1,0,1,0,0.787579068816798,0.982738524550363,-0.605151304983398,2.87935285111651,0.0819035140017692,0.0819035140017692,0.0819035140017692,0.0826809581076281,0.0826809581076281,-0.23949625388103,-0.23949625388103,-0.23949625388103,0.239228970643795,0.239228970643795,0,0,0,0.95,0.95,0,0,0,0.95,0.95,-0.238440242075712,0.238440242075712,0.0456696680085185,-0.0456696680085185,0.192770574067193,-0.192770574067193,0.133290104550885,-0.95,0.95
hpt_v2_topology2_paper,topology2,fault,deep_lvrt,lvrt_300ms_0.500pu,0.304,fault,rule_action,0,NaN,0.5,0.5,0.5,1,1,184.200587723624,842.333112776085,0.987609357555558,0.929954831031136,0.0909624657147982,1.05291639097011,-0.0529163909701069,0.0123906424444423,0.208355137510145,0.284209989870946,-0.0284348490456907,-0.109787887231817,0,0,0,0,0,1,1,0,1,0,0.787579068816798,0.982738524550363,1.09552489682996,1.24504935837177,-0.0281592488648817,-0.0281592488648817,-0.0281592488648817,-0.0280498909895684,-0.0280498909895684,-0.10861321564657,-0.10861321564657,-0.10861321564657,0.108641509218144,0.108641509218144,0,0,0,0.95,0.95,0,0,0,0.95,0.95,-0.00276769711871236,0.00276769711871236,-0.0957582397535186,0.0957582397535186,0.098525936872231,-0.098525936872231,0.72977304583321,-0.95,0.384230809723168
hpt_v2_topology2_paper,topology2,fault,deep_lvrt,lvrt_300ms_0.500pu,0.306,fault,rule_action,0,NaN,0.5,0.5,0.5,1,1,174.422747012791,846.195433809742,0.937444786132036,0.855897127151995,0.158191683470188,1.05774429226218,-0.0577442922621778,0.0625552138679645,0.054316133977973,0.24953523423776,0.127418717488218,-0.0564357769729555,0,0,1,0,0,1,1,0,1,0,0.787579068816798,0.982738524550363,-5,-0.357732162939994,0.129811718861611,0.129811718861611,0.129811718861611,0.129677258231524,0.129677258231524,-0.0570223384001628,-0.0570223384001628,-0.0570223384001628,0.0573274639939991,0.0573274639939991,0,0,0,0.95,0.95,0,0,0,0.95,0.95,-0.103857537261398,0.103857537261398,-0.0316605909691893,0.0316605909691893,0.135518128230587,-0.135518128230587,0.95,-0.807853926940155,-0.262382907555532
hpt_v2_topology2_paper,topology2,fault,deep_lvrt,lvrt_300ms_0.500pu,0.308,fault,rule_action,0,NaN,0.5,0.5,0.5,1,1,197.714949844399,791.376915491227,0.919036652091693,0.905155321470601,0.177660939871621,0.989221144364034,0.0107788556359664,0.0809633479083065,-0.0541603178542333,0.322516143940532,0.334061108548748,-0.189021053739199,0,0,1,0,0,1,1,0,1,0,0.787579068816798,0.982738524550363,-5,0.313150058523059,0.335239005952077,0.335239005952077,0.335239005952077,0.3348145527048,0.3348145527048,-0.190100773022677,-0.190100773022677,-0.190100773022677,0.190847348193892,0.190847348193892,0,0,0,-0.124110804144902,-0.124110804144902,0,0,0,0.95,0.95,-0.0319614917503213,0.0319614917503213,-0.31662482916153,0.31662482916153,0.348586320911851,-0.348586320911851,0.95,-0.181897909081066,-0.875118266465949
hpt_v2_topology2_paper,topology2,fault,deep_lvrt,lvrt_300ms_0.500pu,0.31,fault,rule_action,0,NaN,0.5,0.5,0.5,1,1,226.713098898287,686.789589322241,0.962313620388413,0.928284722644317,0.138656542428671,0.858486986652802,0.141513013347198,0.0376863796115873,0.0248730450754863,0.42682980943331,0.29117794811304,-0.248844769815542,0,0,0,0,0,1,1,0,1,0,0.787579068816798,0.982738524550363,1.17773008373334,0.0145165714707796,0.289309092603881,0.289309092603881,0.289309092603881,0.289436396692858,0.289436396692858,-0.249126839551335,-0.249126839551335,-0.249126839551335,0.248978925850306,0.248978925850306,0,0,0,0.95,0.95,0,0,0,0.95,0.95,0.264509323793022,-0.264509323793022,-0.370685077649214,0.370685077649214,0.106175753856192,-0.106175753856192,0.610792568766858,0.664903913134767,-0.95
hpt_v2_topology2_paper,topology2,fault,deep_lvrt,lvrt_300ms_0.500pu,0.312,fault,rule_action,0,NaN,0.5,0.5,0.5,1,1,218.515409110635,738.766771703209,1.00421977996459,0.891106506310182,0.222725009085024,0.923458464629011,0.076541535370989,-0.00421977996459333,0.170996071934442,0.3600609537719,0.0569943478343023,-0.204546066819659,0,0,1,0,0,1,1,0,1,0,0.787579068816798,0.982738524550363,-0.58245502052956,-0.920483872155264,0.0547435949657413,0.0547435949657413,0.0547435949657413,0.153273958823417,0.153273958823417,-0.203455926058456,-0.203455926058456,-0.203455926058456,0.144562334598866,0.144562334598866,0,0,0,0.95,0.95,0,0,0,0.95,0.95,0.191209288329039,-0.191209288329039,-0.0189715095484508,0.0189715095484508,-0.172237778780588,0.172237778780588,-0.181165011458987,0.95,-0.95
hpt_v2_topology2_paper,topology2,fault,deep_lvrt,lvrt_300ms_0.500pu,0.314,fault,rule_action,0,NaN,0.5,0.5,0.5,1,1,189.682739733924,848.980847205336,0.994816811316761,0.896826134800551,0.112546463636201,1.06122605900667,-0.0612260590066702,0.00518318868323886,0.153253826059519,0.276272001420459,-0.0614503329125299,0.0214083993999551,0,0,1,0,0,1,1,0,1,0,0.787579068816798,0.982738524550363,-5,0.701591947961155,-0.0613355210502013,-0.0613355210502013,-0.0613355210502013,-0.0613243808004809,-0.0613243808004809,0.023797458295121,0.023797458295121,0.023797458295121,-0.0238261512470083,-0.0238261512470083,0,0,0,0.95,0.95,0,0,0,0.95,0.95,-0.0653730799590458,0.0653730799590458,0.026279966374472,-0.026279966374472,0.0390931135845737,-0.0390931135845737,-0.74235621446815,0.95,-0.374764640350221
hpt_v2_topology2_paper,topology2,fault,deep_lvrt,lvrt_300ms_0.500pu,0.316,fault,rule_action,0,NaN,0.5,0.5,0.5,1,1,173.923667984507,833.880545286418,0.951601160567527,0.917183268251601,0.193798764120083,1.04235068160802,-0.0423506816080228,0.0483988394324726,0.00788883255557999,0.295230769596685,0.0620424693741883,0.140536649618904,0,0,1,0,0,1,1,0,1,0,0.787579068816798,0.982738524550363,-2.38185075790376,0.583861375173633,0.0641249354307566,0.0641249354307566,0.0641249354307566,0.0649008158374534,0.0649008158374534,0.140426565066337,0.140426565066337,0.140426565066337,-0.140069667037378,-0.140069667037378,0,0,0,0.95,0.95,0,0,0,0.95,0.95,0.107439134687219,-0.107439134687219,-0.14972136364708,0.14972136364708,0.0422822289598609,-0.0422822289598609,-0.95,0.773882316687924,0.264016400957646
hpt_v2_topology2_paper,topology2,fault,deep_lvrt,lvrt_300ms_0.500pu,0.318,fault,rule_action,0,NaN,0.5,0.5,0.5,1,1,188.083933325309,771.16603928752,0.921399376520215,0.912404991410279,0.113205414754744,0.963957549109401,0.0360424508905994,0.078600623479785,-0.0547590560756281,0.36352636425793,0.276596477343492,-0.0218123943870904,0,0,1,0,0,1,1,0,1,0,0.787579068816798,0.982738524550363,-1.65415437055305,-1.87124803037098,0.278344520421878,0.278344520421878,0.278344520421878,0.27814124098236,0.27814124098236,-0.0243426071435253,-0.0243426071435253,-0.0243426071435253,0.0265647254121311,0.0265647254121311,0,0,0,-0.95,-0.95,0,0,0,0.95,0.95,0.1399194405311,-0.1399194405311,0.13948738176661,-0.13948738176661,-0.27940682229771,0.27940682229771,-0.95,0.157133543183335,0.881877547523427
hpt_v2_topology2_paper,topology2,fault,deep_lvrt,lvrt_300ms_0.500pu,0.32,fault,rule_action,0,NaN,0.5,0.5,0.5,1,1,225.848875225197,672.446137578667,0.952707001119118,0.872441811788611,0.0916393604779706,0.840557671973333,0.159442328026667,0.0472929988808818,0.00860563805253255,0.44783319983287,0.306757133260757,-0.198973640313374,0,0,1,0,0,1,1,0,1,0,0.787579068816798,0.982738524550363,-1.69210395856634,-0.0304284330430171,0.305466513082844,0.305466513082844,0.305466513082844,0.304156170617848,0.304156170617848,-0.199348542041196,-0.199348542041196,-0.199348542041196,0.20134213593788,0.20134213593788,0,0,0,0.575027227925987,0.575027227925987,0,0,0,0.95,0.95,-0.208962904196191,0.208962904196191,0.363398624904625,-0.363398624904625,-0.154435720708434,0.154435720708434,-0.647389734647382,-0.684346328393084,0.95
hpt_v2_topology2_paper,topology2,fault,deep_lvrt,lvrt_300ms_0.500pu,0.322,fault,rule_action,0,NaN,0.5,0.5,0.5,1,1,217.363360773034,704.205584220385,0.996176444004033,0.905251076756516,0.141882324398501,0.880256980275481,0.119743019724519,0.00382355599596673,0.178202096089639,0.399495658642485,0.10076123687575,-0.214077968517715,0,0,1,0,0,1,1,0,1,0,0.787579068816798,0.982738524550363,-1.53383303253829,2.90714879284737,0.0985822357258383,0.0985822357258383,0.0985822357258383,0.0973794849706956,0.0973794849706956,-0.213849795363364,-0.213849795363364,-0.213849795363364,0.214400158779091,0.214400158779091,0,0,0,0.95,0.95,0,0,0,0.95,0.95,-0.228834809405171,0.228834809405171,0.0663173357149282,-0.0663173357149282,0.162517473690243,-0.162517473690243,0.144072975258696,-0.95,0.95
hpt_v2_topology2_paper,topology2,fault,deep_lvrt,lvrt_300ms_0.500pu,0.324,fault,rule_action,0,NaN,0.5,0.5,0.5,1,1,183.842066066793,829.197630168363,0.987511671644165,0.935671451144676,0.0510664770287816,1.03649703771045,-0.0364970377104534,0.0124883283558349,0.214778403483162,0.277905168534849,-0.0207361243256413,-0.110257239465215,0,0,0,0,0,1,1,0,1,0,0.787579068816798,0.982738524550363,-1.074814619757,1.32638167503907,-0.0205705296382957,-0.0205705296382957,-0.0205705296382957,-0.0213683862121811,-0.0213683862121811,-0.108946557825944,-0.108946557825944,-0.108946557825944,0.108792882223098,0.108792882223098,0,0,0,0.95,0.95,0,0,0,0.95,0.95,-0.0104824698311327,0.0104824698311327,-0.0903462262572823,0.0903462262572823,0.100828696088415,-0.100828696088415,0.739167895938777,-0.95,0.4036279093256
hpt_v2_topology2_paper,topology2,fault,deep_lvrt,lvrt_300ms_0.500pu,0.326,fault,rule_action,0,NaN,0.5,0.5,0.5,1,1,173.778837522652,844.285891101411,0.938815067893745,0.870983839475933,0.150260074399584,1.05535736387676,-0.0553573638767639,0.0611849321062551,0.0508710654433093,0.242764091901828,0.125346472425839,-0.0686599215529568,0,0,1,0,0,1,1,0,1,0,0.787579068816798,0.982738524550363,-5,-0.349692945155855,0.127636979031062,0.127636979031062,0.127636979031062,0.126935232366566,0.126935232366566,-0.0693210596113977,-0.0693210596113977,-0.0693210596113977,0.0705978364106766,0.0705978364106766,0,0,0,0.95,0.95,0,0,0,0.95,0.95,-0.0981214178113707,0.0981214178113707,-0.0436840824110344,0.0436840824110344,0.141805500222405,-0.141805500222405,0.95,-0.810883289025943,-0.255522296037028
hpt_v2_topology2_paper,topology2,fault,deep_lvrt,lvrt_300ms_0.500pu,0.328,fault,rule_action,0,NaN,0.5,0.5,0.5,1,1,197.281564046269,790.914390836993,0.917523411821234,0.899364217113365,0.144587080442984,0.988642988546241,0.011357011453759,0.0824765881787662,-0.0616934606354836,0.324470042882439,0.336128708166709,-0.20017485506923,0,0,1,0,0,1,1,0,1,0,0.787579068816798,0.982738524550363,-5,0.303347120411801,0.337390055022581,0.337390055022581,0.337390055022581,0.335522430375864,0.335522430375864,-0.20110585700164,-0.20110585700164,-0.20110585700164,0.204206546572774,0.204206546572774,0,0,0,-0.642936878538747,-0.642936878538747,0,0,0,0.95,0.95,-0.0254410978318254,0.0254410978318254,-0.326722044341345,0.326722044341345,0.352163142173171,-0.352163142173171,0.95,-0.182370570688977,-0.866813955032022
hpt_v2_topology2_paper,topology2,fault,deep_lvrt,lvrt_300ms_0.500pu,0.33,fault,rule_action,0,NaN,0.5,0.5,0.5,1,1,227.07907872659,683.37827971366,0.960627490993955,0.931106240882472,0.1180619947857,0.854222849642075,0.145777150357925,0.0393725090060448,0.020283514475524,0.43340211119805,0.299065327888606,-0.251758628855008,0,0,0,0,0,1,1,0,1,0,0.787579068816798,0.982738524550363,-0.132445858312846,-0.0168838796484883,0.297216799468405,0.297216799468405,0.297216799468405,0.295747487996805,0.295747487996805,-0.252001847136942,-0.252001847136942,-0.252001847136942,0.253724614868665,0.253724614868665,0,0,0,0.95,0.95,0,0,0,0.95,0.95,0.266773176504101,-0.266773176504101,-0.379366509909161,0.379366509909161,0.11259333340506,-0.11259333340506,0.612551321073365,0.667447037389375,-0.95
hpt_v2_topology2_paper,topology2,fault,deep_lvrt,lvrt_300ms_0.500pu,0.332,fault,rule_action,0,NaN,0.5,0.5,0.5,1,1,218.662637076406,731.397036886121,1.00375710787733,0.906512962592037,0.193253020273445,0.914246296107652,0.0857537038923485,-0.00375710787733241,0.173875945409708,0.365115273010874,0.0634331153126455,-0.220880566467486,0,0,1,0,0,1,1,0,1,0,0.787579068816798,0.982738524550363,-3.29751152763691,-0.917711204983629,0.0611197026963553,0.0611197026963553,0.0611197026963553,0.166195600578066,0.166195600578066,-0.219407036315729,-0.219407036315729,-0.219407036315729,0.155737240219026,0.155737240219026,0,0,0,0.95,0.95,0,0,0,0.95,0.95,0.207851195476872,-0.207851195476872,-0.0232738176214829,0.0232738176214829,-0.184577377855389,0.184577377855389,-0.177776582417677,0.95,-0.95
hpt_v2_topology2_paper,topology2,fault,deep_lvrt,lvrt_300ms_0.500pu,0.334,fault,rule_action,0,NaN,0.5,0.5,0.5,1,1,189.633897782409,845.746731857219,0.995823694028711,0.917838275860023,0.125481063209213,1.05718341482152,-0.0571834148215236,0.00417630597128915,0.15961104918654,0.279866967669693,-0.063443522938124,-0.00459634728191944,0,0,1,0,0,1,1,0,1,0,0.787579068816798,0.982738524550363,-5,0.718732620420104,-0.0634018433512722,-0.0634018433512722,-0.0634018433512722,-0.0634145029618234,-0.0634145029618234,-0.00250798160684872,-0.00250798160684872,-0.00250798160684872,0.00216437662721666,0.00216437662721666,0,0,0,0.95,0.95,0,0,0,0.95,0.95,-0.0606109579408532,0.0606109579408532,0.0465626809799592,-0.0465626809799592,0.014048276960894,-0.014048276960894,-0.747634766834476,0.95,-0.371595280490235
hpt_v2_topology2_paper,topology2,fault,deep_lvrt,lvrt_300ms_0.500pu,0.336,fault,rule_action,0,NaN,0.5,0.5,0.5,1,1,172.963529487659,837.33048830548,0.949806156038055,0.899511017490932,0.184190537213116,1.04666311038185,-0.0466631103818504,0.0501938439619455,0.0167692428312444,0.294465120747595,0.0644114572784149,0.134494876221742,0,0,1,0,0,1,1,0,1,0,0.787579068816798,0.982738524550363,-2.12750015885832,0.669200671684633,0.0665969462134917,0.0665969462134917,0.0665969462134917,0.0678942178527784,0.0678942178527784,0.134865443737254,0.134865443737254,0.134865443737254,-0.134217049369924,-0.134217049369924,0,0,0,0.95,0.95,0,0,0,0.95,0.95,0.107701701424393,-0.107701701424393,-0.14478015568191,0.14478015568191,0.0370784542575172,-0.0370784542575172,-0.95,0.777137641190929,0.261434510582964
hpt_v2_topology2_paper,topology2,fault,deep_lvrt,lvrt_300ms_0.500pu,0.338,fault,rule_action,0,NaN,0.5,0.5,0.5,1,1,191.195330991546,768.515272875676,0.922857149345221,0.938052173185266,0.130354757412905,0.960644091094594,0.0393559089054055,0.0771428506547794,-0.0533464216803849,0.369024820554338,0.279435387801197,0.010649566167561,0,0,0,0,0,1,1,0,1,0,0.787579068816798,0.982738524550363,-5,-1.87316586379216,0.281008178785362,0.281008178785362,0.281008178785362,0.281089301619512,0.281089301619512,0.0086214316765722,0.0086214316765722,0.0086214316765722,-0.0053600506970464,-0.0053600506970464,0,0,0,-0.95,-0.95,0,0,0,0.95,0.95,0.169056792782865,-0.169056792782865,0.110008990328431,-0.110008990328431,-0.279065783111295,0.279065783111295,-0.95,0.164447544344926,0.878798934937269
hpt_v2_topology2_paper,topology2,fault,deep_lvrt,lvrt_300ms_0.500pu,0.34,fault,rule_action,0,NaN,0.5,0.5,0.5,1,1,225.046162081283,673.652137405123,0.95503542343566,0.8919324374782,0.10887292477804,0.842065171756404,0.157934828243596,0.0449645765643397,0.0131378886809611,0.451254298867631,0.29483472457496,-0.180476493298959,0,0,1,0,0,1,1,0,1,0,0.787579068816798,0.982738524550363,0.577432773778863,-0.0115153334736551,0.293511837555808,0.293511837555808,0.293511837555808,0.291669869166348,0.291669869166348,-0.181173398642793,-0.181173398642793,-0.181173398642793,0.184124106465322,0.184124106465322,0,0,0,0.95,0.95,0,0,0,0.95,0.95,-0.188653859423689,0.188653859423689,0.344400999467759,-0.344400999467759,-0.15574714004407,0.15574714004407,-0.656159437427244,-0.671898306963045,0.95
hpt_v2_topology2_paper,topology2,fault,deep_lvrt,lvrt_300ms_0.500pu,0.342,fault,rule_action,0,NaN,0.5,0.5,0.5,1,1,218.23820277491,706.843068487854,0.995579594935228,0.895957702779809,0.155490458096357,0.883553835609818,0.116446164390182,0.00442040506477226,0.177457425476918,0.402575217445039,0.0971526695167285,-0.20618394047076,0,0,1,0,0,1,1,0,1,0,0.787579068816798,0.982738524550363,-1.15284885513356,2.93298211180093,0.0950751769658525,0.0950751769658525,0.0950751769658525,0.0932481890389198,0.0932481890389198,-0.20578476738515,-0.20578476738515,-0.20578476738515,0.206619057697518,0.206619057697518,0,0,0,0.95,0.95,0,0,0,0.95,0.95,-0.220731980638991,0.220731980638991,0.0656665567153968,-0.0656665567153968,0.155065423923595,-0.155065423923595,0.133468446102593,-0.95,0.95
hpt_v2_topology2_paper,topology2,fault,deep_lvrt,lvrt_300ms_0.500pu,0.344,fault,rule_action,0,NaN,0.5,0.5,0.5,1,1,184.296313351031,831.300356935767,0.98574699934629,0.937597348908208,0.0605089130612691,1.03912544616971,-0.0391254461697088,0.0142530006537096,0.217103476615855,0.284948613706273,-0.0157818892170048,-0.0913202230187932,0,0,0,0,0,1,1,0,1,0,0.787579068816798,0.982738524550363,3.02934408400424,1.35790000158198,-0.0155312851778362,-0.0155312851778362,-0.0155312851778362,-0.0164487099883,-0.0164487099883,-0.0899276209965477,-0.0899276209965477,-0.0899276209965477,0.0897643458010741,0.0897643458010741,0,0,0,0.95,0.95,0,0,0,0.95,0.95,-0.0108056288965964,0.0108056288965964,-0.073073788218626,0.073073788218626,0.0838794171152224,-0.0838794171152224,0.730984658497584,-0.95,0.41543594816388
hpt_v2_topology2_paper,topology2,fault,deep_lvrt,lvrt_300ms_0.500pu,0.346,fault,rule_action,0,NaN,0.5,0.5,0.5,1,1,173.511902872437,845.065003120494,0.93856375858253,0.883320082471581,0.153861136501616,1.05633125390062,-0.056331253900618,0.0614362414174701,0.0606112132602304,0.243910449763508,0.13185615780637,-0.0463211863894862,0,0,1,0,0,1,1,0,1,0,0.787579068816798,0.982738524550363,-5,-0.331928005596005,0.13408438898054,0.13408438898054,0.13408438898054,0.133478077005435,0.133478077005435,-0.0472179167649539,-0.0472179167649539,-0.0472179167649539,0.0489056028573221,0.0489056028573221,0,0,0,0.95,0.95,0,0,0,0.95,0.95,-0.112244583510837,0.112244583510837,-0.0194222737558695,0.0194222737558695,0.131666857266706,-0.131666857266706,0.95,-0.826509522227546,-0.23891886540956
hpt_v2_topology2_paper,topology2,fault,deep_lvrt,lvrt_300ms_0.500pu,0.348,fault,rule_action,0,NaN,0.5,0.5,0.5,1,1,199.544063702779,786.318929138136,0.920979958156253,0.893038418298015,0.118338728973174,0.98289866142267,0.01710133857733,0.0790200418437472,-0.0518925465871871,0.328232817569002,0.327930723557045,-0.186464843322265,0,0,1,0,0,1,1,0,1,0,0.787579068816798,0.982738524550363,-5,0.335777844995722,0.32901580571393,0.32901580571393,0.32901580571393,0.326789348334931,0.326789348334931,-0.187578645411301,-0.187578645411301,-0.187578645411301,0.191431111470306,0.191431111470306,0,0,0,-0.95,-0.95,0,0,0,0.95,0.95,-0.0364006435072489,0.0364006435072489,-0.308271891967754,0.308271891967754,0.344672535475003,-0.344672535475003,0.95,-0.188115188480487,-0.872944100472404
hpt_v2_topology2_paper,topology2,fault,deep_lvrt,lvrt_300ms_0.500pu,0.35,fault,rule_action,0,NaN,0.5,0.5,0.5,1,1,226.471013853039,685.881451249194,0.962136697859477,0.883268805309723,0.0966112797513491,0.857351814061493,0.142648185938507,0.0378633021405235,0.0276144792966817,0.433351931540253,0.285401257147024,-0.248176976243667,0,0,1,0,0,1,1,0,1,0,0.787579068816798,0.982738524550363,0.475861684679613,0.103585371426074,0.283612169446562,0.283612169446562,0.283612169446562,0.28160484216541,0.28160484216541,-0.248467949893751,-0.248467949893751,-0.248467949893751,0.250740698036006,0.250740698036006,0,0,0,0.95,0.95,0,0,0,0.95,0.95,0.259082290615871,-0.259082290615871,-0.366788724018166,0.366788724018166,0.107706433402295,-0.107706433402295,0.627201862902797,0.660937066727313,-0.95
hpt_v2_topology2_paper,topology2,fault,deep_lvrt,lvrt_300ms_0.500pu,0.352,fault,rule_action,0,NaN,0.5,0.5,0.5,1,1,215.850985820085,740.863231660604,1.00222031456075,0.896483743901334,0.177178676784288,0.926079039575756,0.0739209604242445,-0.00222031456074667,0.181649271939875,0.368567011720666,0.0596226749557561,-0.241341235523304,0,0,1,0,0,1,1,0,1,0,0.787579068816798,0.982738524550363,-3.37020562904855,-0.833463771125142,0.0574920440446123,0.0574920440446123,0.0574920440446123,0.173610665637625,0.173610665637625,-0.240295296834598,-0.240295296834598,-0.240295296834598,0.175802450455379,0.175802450455379,0,0,0,0.95,0.95,0,0,0,0.95,0.95,0.223023996139234,-0.223023996139234,-0.0194218440546169,0.0194218440546169,-0.203602152084618,0.203602152084618,-0.164510931806149,0.95,-0.95
hpt_v2_topology2_paper,topology2,fault,deep_lvrt,lvrt_300ms_0.500pu,0.354,fault,rule_action,0,NaN,0.5,0.5,0.5,1,1,186.066664079924,851.339074524686,0.991893424894534,0.909744941453691,0.0866812090896045,1.06417384315586,-0.0641738431558578,0.00810657510546642,0.163345153874502,0.277487377841885,-0.0494415501035545,-0.0767581048917942,0,0,1,0,0,1,1,0,1,0,0.787579068816798,0.982738524550363,-5,-1.08945941305127,-0.0492544019227168,-0.0492544019227168,-0.0492544019227168,-0.0497448277397137,-0.0497448277397137,-0.0750514242003419,-0.0750514242003419,-0.0750514242003419,0.0747272674223433,0.0747272674223433,0,0,0,0.95,0.95,0,0,0,0.95,0.95,-0.0273516599825982,0.0273516599825982,0.0877227698983297,-0.0877227698983297,-0.0603711099157315,0.0603711099157315,-0.730496550582665,0.95,-0.383556236468934
hpt_v2_topology2_paper,topology2,fault,deep_lvrt,lvrt_300ms_0.500pu,0.356,fault,rule_action,0,NaN,0.5,0.5,0.5,1,1,170.436244260806,841.134315768826,0.945487743916923,0.903996508315536,0.143251314154046,1.05141789471103,-0.0514178947110322,0.0545122560830773,0.0167855716758507,0.291588734455467,0.08553088588345,0.023524080720236,0,0,1,0,0,1,1,0,1,0,0.787579068816798,0.982738524550363,-2.4633809576019,0.672431804816576,0.0877994411224235,0.0877994411224235,0.0877994411224235,0.0880144648142171,0.0880144648142171,0.0233888403545867,0.0233888403545867,0.0233888403545867,-0.0225662069920757,-0.0225662069920757,0,0,0,0.95,0.95,0,0,0,0.95,0.95,0.0906001580838549,-0.0906001580838549,-0.0393382586578435,0.0393382586578435,-0.0512618994260113,0.0512618994260113,-0.95,0.76705907207604,0.260670390370667
hpt_v2_topology2_paper,topology2,fault,deep_lvrt,lvrt_300ms_0.500pu,0.358,fault,rule_action,0,NaN,0.5,0.5,0.5,1,1,193.241501451238,786.18044901789,0.917256840149337,0.90914488228531,0.120397856764734,0.982725561272363,0.0172744387276375,0.0827431598506629,-0.0509919615253731,0.352244568382621,0.312777244384506,-0.127740054005102,0,0,1,0,0,1,1,0,1,0,0.787579068816798,0.982738524550363,-5,-1.81003873623142,0.314377391666944,0.314377391666944,0.314377391666944,0.313171178564294,0.313171178564294,-0.129636853285034,-0.129636853285034,-0.129636853285034,0.132524228115494,0.132524228115494,0,0,0,-0.95,-0.95,0,0,0,0.95,0.95,0.072502824839331,-0.072502824839331,0.251475278875138,-0.251475278875138,-0.323978103714469,0.323978103714469,-0.95,0.152436606559989,0.869486436950795
hpt_v2_topology2_paper,topology2,fault,deep_lvrt,lvrt_300ms_0.500pu,0.36,fault,rule_action,0,NaN,0.5,0.5,0.5,1,1,229.52412987686,684.833293213178,0.958959045454822,0.913655747463367,0.0925375679084804,0.856041616516472,0.143958383483528,0.0410409545451781,0.00885098434162023,0.4427840303254,0.303205736420966,-0.232524065143687,0,0,1,0,0,1,1,0,1,0,0.787579068816798,0.982738524550363,-2.24088494467523,-0.0418572646645465,0.301446704624143,0.301446704624143,0.301446704624143,0.300066871696687,0.300066871696687,-0.233023744275104,-0.233023744275104,-0.233023744275104,0.234797899553867,0.234797899553867,0,0,0,0.95,0.95,0,0,0,0.95,0.95,-0.245921726713435,0.245921726713435,0.374991643404057,-0.374991643404057,-0.129069916690622,0.129069916690622,-0.628711460303453,-0.676270155868533,0.95
hpt_v2_topology2_paper,topology2,fault,deep_lvrt,lvrt_300ms_0.500pu,0.362,fault,rule_action,0,NaN,0.5,0.5,0.5,1,1,218.220055843869,718.890104407076,1.00456547101171,0.921842789640486,0.191537161648707,0.898612630508845,0.101387369491155,-0.00456547101171245,0.174495630857255,0.397606727310098,0.0626156097517982,-0.248497677422928,0,0,0,0,0,1,1,0,1,0,0.787579068816798,0.982738524550363,0.678599394478674,2.83078755709831,0.0602506702321999,0.0602506702321999,0.0602506702321999,0.180317794122473,0.180317794122473,-0.248060978502882,-0.248060978502882,-0.248060978502882,0.180692792999727,0.180692792999727,0,0,0,0.95,0.95,0,0,0,0.95,0.95,-0.230445554887005,0.230445554887005,0.0201205749766665,-0.0201205749766665,0.210324979910338,-0.210324979910338,0.155028953404859,-0.95,0.95
hpt_v2_topology2_paper,topology2,fault,deep_lvrt,lvrt_300ms_0.500pu,0.364,fault,rule_action,0,NaN,0.5,0.5,0.5,1,1,179.067961847122,849.576285748225,0.987445174340588,0.936856618768766,0.0840697432364535,1.06197035718528,-0.0619703571852817,0.012554825659412,0.207683229720136,0.285660737837678,-0.0468573994453354,-0.122742168328534,0,0,0,0,0,1,1,0,1,0,0.787579068816798,0.982738524550363,-1.65199134974092,-0.60149213423899,-0.0463310017986682,-0.0463310017986682,-0.0463310017986682,-0.0469209130561143,-0.0469209130561143,-0.121276915878423,-0.121276915878423,-0.121276915878423,0.121049906941851,0.121049906941851,0,0,0,0.95,0.95,0,0,0,0.95,0.95,0.0124989179867937,-0.0124989179867937,-0.118159341605958,0.118159341605958,0.105660423619165,-0.105660423619165,0.735776634743703,-0.95,0.369774637577281
hpt_v2_topology2_paper,topology2,fault,deep_lvrt,lvrt_300ms_0.500pu,0.366,fault,rule_action,0,NaN,0.5,0.5,0.5,1,1,173.299063126485,846.137950456251,0.934728252658946,0.903766166758779,0.183213596903633,1.05767243807031,-0.057672438070314,0.0652717473410542,0.0464324526635219,0.253032976112758,0.132834678276605,-0.0731716580951172,0,0,1,0,0,1,1,0,1,0,0.787579068816798,0.982738524550363,-5,-0.37983367539085,0.13537409207543,0.13537409207543,0.13537409207543,0.134852575980496,0.134852575980496,-0.0737790161746474,-0.0737790161746474,-0.0737790161746474,0.0747279785914915,0.0747279785914915,0,0,0,0.95,0.95,0,0,0,0.95,0.95,-0.102597720660403,0.102597720660403,-0.0483625505125963,0.0483625505125963,0.150960271172999,-0.150960271172999,0.95,-0.795296047513469,-0.272491578645365
hpt_v2_topology2_paper,topology2,fault,deep_lvrt,lvrt_300ms_0.500pu,0.368,fault,rule_action,0,NaN,0.5,0.5,0.5,1,1,201.2252335986,787.966413270709,0.917694512379117,0.928281102235594,0.162911231863364,0.984958016588386,0.0150419834116142,0.0823054876208834,-0.0671689900591879,0.316511179104713,0.346768085161283,-0.202380632555205,0,0,0,0,0,1,1,0,1,0,0.787579068816798,0.982738524550363,-0.821956020626624,1.12824660174904,0.347880270113607,0.347880270113607,0.347880270113607,0.346732017291324,0.346732017291324,-0.203282224121136,-0.203282224121136,-0.203282224121136,0.205234629541509,0.205234629541509,0,0,0,0.819563024789314,0.819563024789314,0,0,0,0.95,0.95,-0.0245766884321517,0.0245766884321517,-0.336000685933806,0.336000685933806,0.360577374365958,-0.360577374365958,0.95,-0.190275196637801,-0.843725374864963
hpt_v2_topology2_paper,topology2,fault,deep_lvrt,lvrt_300ms_0.500pu,0.37,fault,rule_action,0,NaN,0.5,0.5,0.5,1,1,228.228716267038,675.00050017559,0.965636909386978,0.943797372623449,0.128572559750739,0.843750625219488,0.156249374780512,0.0343630906130221,0.0168950353954656,0.425633954279778,0.283546582762805,-0.248914241498337,0,0,0,0,0,1,1,0,1,0,0.787579068816798,0.982738524550363,-0.177286338799432,-0.0892493189935673,0.281493022287258,0.281493022287258,0.281493022287258,0.281001935350254,0.281001935350254,-0.248782916206,-0.248782916206,-0.248782916206,0.249337468748257,0.249337468748257,0,0,0,0.95,0.95,0,0,0,0.95,0.95,0.265729646410904,-0.265729646410904,-0.362841478559934,0.362841478559934,0.0971118321490307,-0.0971118321490307,0.606795567869805,0.684154336278861,-0.95
hpt_v2_topology2_paper,topology2,fault,deep_lvrt,lvrt_300ms_0.500pu,0.372,fault,rule_action,0,NaN,0.5,0.5,0.5,1,1,217.771859295926,729.313023842007,1.00557131177174,0.893474161119974,0.223146927005349,0.911641279802508,0.0883587201974916,-0.00557131177174219,0.171680263181225,0.359026428977542,0.0437484679404523,-0.238308091834857,0,0,1,0,0,1,1,0,1,0,0.787579068816798,0.982738524550363,1.77388538936596,-0.927180422041651,0.0415527382752101,0.0415527382752101,0.0415527382752101,0.159719941030785,0.159719941030785,-0.237818718534262,-0.237818718534262,-0.237818718534262,0.181035668807473,0.181035668807473,0,0,0,0.95,0.95,0,0,0,0.95,0.95,0.208529692813765,-0.208529692813765,0.00109076625249335,-0.00109076625249335,-0.209620459066258,0.209620459066258,-0.198488697915799,0.95,-0.95
hpt_v2_topology2_paper,topology2,fault,deep_lvrt,lvrt_300ms_0.500pu,0.374,fault,rule_action,0,NaN,0.5,0.5,0.5,1,1,181.885580989234,851.183071973309,0.989535685820437,0.908291859256914,0.11234311184582,1.06397883996664,-0.0639788399666366,0.0104643141795631,0.158720909537865,0.271786467860307,-0.0558492047753177,-0.0907464311169608,0,0,1,0,0,1,1,0,1,0,0.787579068816798,0.986747990852879,-5,-0.656548360778997,-0.0553759826413246,-0.0553759826413246,-0.0553759826413246,-0.0554966336179717,-0.0554966336179717,-0.0889943858040796,-0.0889943858040796,-0.0889943858040796,0.0889191982375587,0.0889191982375587,0,0,0,0.95,0.95,0,0,0,0.95,0.95,-0.0314110880809739,0.0314110880809739,0.102307407633485,-0.102307407633485,-0.070896319552511,0.070896319552511,-0.747205410145475,0.95,-0.370283370389839
hpt_v2_topology2_paper,topology2,fault,deep_lvrt,lvrt_300ms_0.500pu,0.376,fault,rule_action,0,NaN,0.5,0.5,0.5,1,1,169.035184110502,841.197196947736,0.94058287350383,0.940046360771984,0.155792274171305,1.05149649618467,-0.0514964961846698,0.0594171264961696,0.0116350639053583,0.279956215230087,0.105567030209137,-0.00554281498445399,0,0,0,0,0,1,1,0,1,0,0.787579068816798,0.986747990852879,-1.09690484733083,0.559968813241829,0.107982120612688,0.107982120612688,0.107982120612688,0.107953208869242,0.107953208869242,-0.00618844147992837,-0.00618844147992837,-0.00618844147992837,0.00667382010525713,0.00667382010525713,0,0,0,0.43984024136843,0.43984024136843,0,0,0,0.95,0.95,0.0991412529829478,-0.0991412529829478,-0.0121261962955023,0.0121261962955023,-0.0870150566874455,0.0870150566874455,-0.95,0.748628237125874,0.278475011790166
hpt_v2_topology2_paper,topology2,fault,deep_lvrt,lvrt_300ms_0.500pu,0.378,fault,rule_action,0,NaN,0.5,0.5,0.5,1,1,195.878482991052,778.17618798202,0.915757167165921,0.901110157347114,0.0971653457210935,0.972720234977525,0.0272797650224748,0.0842428328340786,-0.0563861104364599,0.350929406974809,0.333335458719647,-0.16280542526011,0,0,1,0,0,1,1,0,1,0,0.787579068816798,0.986747990852879,-5,-1.90322479647254,0.334790448758692,0.334790448758692,0.334790448758692,0.334080475427818,0.334080475427818,-0.164234686256642,-0.164234686256642,-0.164234686256642,0.165674115925775,0.165674115925775,0,0,0,-0.95,-0.95,0,0,0,0.95,0.95,0.0485237084084196,-0.0485237084084196,0.295937060306941,-0.295937060306941,-0.34446076871536,0.34446076871536,-0.95,0.125524814769442,0.891750248995062
hpt_v2_topology2_paper,topology2,fault,deep_lvrt,lvrt_300ms_0.500pu,0.38,recovery,rule_action,0,NaN,0.5,0.5,0.5,1,1,228.869180047471,677.33455381604,0.958656167988615,0.914485935616531,0.0725667446839935,0.846668192270051,0.153331807729949,0.0413438320113848,0.0133122919983004,0.439848045957773,0.311597766395101,-0.24111297744509,0,0,1,0,0,1,1,0,1,0,0.787579068816798,0.986747990852879,-5,-0.050959694920194,0.309755713954913,0.309755713954913,0.309755713954913,0.309469577498909,0.309469577498909,-0.241231547359325,-0.241231547359325,-0.241231547359325,0.241598514837609,0.241598514837609,0,0,0,0.95,0.95,0,0,0,0.95,0.95,-0.260284012120955,0.260284012120955,0.384690864047472,-0.384690864047472,-0.124406851926517,0.124406851926517,-0.61495450826068,-0.708600244805571,0.95
hpt_v2_topology2_paper,topology2,fault,deep_lvrt,lvrt_300ms_0.500pu,0.382,recovery,rule_action,0,NaN,0.5,0.5,0.5,1,1,221.084246368426,709.247554810355,1.00623306918116,0.950815439136525,0.197977771544931,0.886559443512943,0.113440556487057,-0.00623306918116207,0.181793495197094,0.406673076961429,0.0629274255532858,-0.24081776989241,0,0,0,0,0,1,1,0,1,0,0.787579068816798,0.986747990852879,-0.562072287217164,2.85555128941917,0.0604224145695131,0.0604224145695131,0.0604224145695131,0.177377159763564,0.177377159763564,-0.240475892807383,-0.240475892807383,-0.240475892807383,0.173253763012897,0.173253763012897,0,0,0,0.95,0.95,0,0,0,0.95,0.95,-0.222260763181026,0.222260763181026,0.015947624404248,-0.015947624404248,0.206313138776778,-0.206313138776778,0.178721124023031,-0.95,0.95
hpt_v2_topology2_paper,topology2,fault,deep_lvrt,lvrt_300ms_0.500pu,0.384,recovery,rule_action,0,NaN,0.5,0.5,0.5,1,1,202.852756892789,853.744945546224,1.00864604352596,1.02441423821202,0.100236848456729,1.06718118193278,-0.0671811819327794,-0.00864604352595832,0.284082890180807,0.322059536122494,-0.0936450033443199,-0.179800707885845,0,0,0,0,0,1,1,0,1,0,0.787579068816798,1.03022358085387,0.481552469795643,-0.145505467572526,-0.0941868044054456,-0.0941868044054456,-0.0941868044054456,0.013837636507353,0.013837636507353,-0.179344401421595,-0.179344401421595,-0.179344401421595,0.202099204009492,0.202099204009492,0,0,0,0.95,0.95,0,0,0,0.95,0.95,0.0505174799887046,-0.0505174799887046,-0.195148894199145,0.195148894199145,0.14463141421044,-0.14463141421044,0.779225319272275,-0.95,0.32748008311507
hpt_v2_topology2_paper,topology2,fault,deep_lvrt,lvrt_300ms_0.500pu,0.386,recovery,rule_action,0,NaN,0.5,0.5,0.5,1,1,199.241143317731,891.874550154793,0.995427163994625,1.09852135801682,0.0194728866281369,1.11484318769349,-0.114843187693491,0.00457283600537461,0.221021471430816,0.216522666874675,-0.0883606256979056,-0.139981608320504,0,0,0,1,0,1,1,0,1,0,0.787579068816798,1.13458098756903,-5,-1.99214221262767,-0.0880371040783114,-0.0880371040783114,-0.0880371040783114,-0.0877268914254253,-0.0877268914254253,-0.13971518687623,-0.13971518687623,-0.13971518687623,0.139910177110841,0.139910177110841,0,0,0,0.95,0.95,0,0,0,0.95,0.95,0.135316574714098,-0.135316574714098,-0.149635218926238,0.149635218926238,0.0143186442121407,-0.0143186442121407,0.95,-0.759580796838463,-0.300989380314047
hpt_v2_topology2_paper,topology2,fault,deep_lvrt,lvrt_300ms_0.500pu,0.388,recovery,rule_action,0,NaN,0.5,0.5,0.5,1,1,197.570149342424,868.70270720582,0.981764774048888,1.12794444953692,0.0400003775155588,1.08587838400727,-0.085878384007275,0.0182352259511123,0.142980898507716,0.192548579178209,-0.0616073604214113,-0.123017128083145,0,0,0,1,0,1,0,1,0,0.0136666666666803,0.787579068816798,1.13458098756903,-5,-1.33912453115004,-0.0613471881699715,-0.0613471881699715,-0.0613471881699715,-0.0611292462257621,-0.0611292462257621,-0.122973625322583,-0.122973625322583,-0.122973625322583,0.123082107867923,0.123082107867923,0,0,0,0.95,0.95,0,0,0,0.95,0.95,0.136934844113505,-0.136934844113505,-0.0785237069927114,0.0785237069927114,-0.0584111371207936,0.0584111371207936,0.95,-0.16105332787341,-0.850574742482678
hpt_v2_topology2_paper,topology2,fault,deep_lvrt,lvrt_300ms_0.500pu,0.39,recovery,rule_action,0,NaN,0.5,0.5,0.5,1,1,199.167751008899,849.90793041159,0.973175139221055,1.08596303350812,0.014191979455583,1.06238491301449,-0.0623849130144869,0.0268248607789453,0.0799894249238002,0.220025390543334,-0.0372295720277481,-0.120436821654845,0,0,0,1,0,1,0,1,0,0.0303333333333637,0.787579068816798,1.13458098756903,1.6244738546789,0.1390043128493,-0.0370194716836736,-0.0370194716836736,-0.0370194716836736,-0.0368614299881689,-0.0368614299881689,-0.120430997366114,-0.120430997366114,-0.120430997366114,0.120479464596928,0.120479464596928,0,0,0,0.95,0.95,0,0,0,0.95,0.95,0.117152566044444,-0.117152566044444,-0.0184264759286259,0.0184264759286259,-0.0987260901158184,0.0987260901158184,0.559508814656237,0.497666997821035,-0.95
hpt_v2_topology2_paper,topology2,fault,deep_lvrt,lvrt_300ms_0.500pu,0.392,recovery,rule_action,0,NaN,0.5,0.5,0.5,1,1,205.413207277763,845.399041749344,0.973473341284915,1.08356457469824,0.0342544759716486,1.05674880218668,-0.0567488021866802,0.0265266587150853,0.0463396025542665,0.267496690742794,-0.0241196447371545,-0.120521461439398,0,0,0,1,0,1,0,1,0,0.047000000000047,0.787579068816798,1.13458098756903,-0.940014544648315,-1.2608882192624,-0.0240937697041807,-0.0240937697041807,-0.0240937697041807,-0.0240275117144287,-0.0240275117144287,-0.120525540815424,-0.120525540815424,-0.120525540815424,0.120538767242002,0.120538767242002,0,0,0,0.636083422309764,0.636083422309764,0,0,0,0.95,0.95,0.0763783015073318,-0.0763783015073318,0.0452072106159869,-0.0452072106159869,-0.121585512123319,0.121585512123319,-0.121783320276617,0.95,-0.84196967328533
hpt_v2_topology2_paper,topology2,fault,deep_lvrt,lvrt_300ms_0.500pu,0.394,recovery,rule_action,0,NaN,0.5,0.5,0.5,1,1,203.008863480238,849.688642610963,0.97580097957417,1.05255064260311,0.0528287151051356,1.0621108032637,-0.0621108032637034,0.0241990204258297,0.0391768096989806,0.303113293370652,-0.0257379350733183,-0.124110665738733,0,0,0,0,0,1,0,1,0,0.0636666666667303,0.787579068816798,1.13458098756903,-0.734660224484207,-0.811474606726925,-0.0257648623038257,-0.0257648623038257,-0.0257648623038257,-0.0257753659087693,-0.0257753659087693,-0.124230458194312,-0.124230458194312,-0.124230458194312,0.124228279328714,0.124228279328714,0,0,0,0.95,0.95,0,0,0,0.95,0.95,0.0047842261698754,-0.0047842261698754,0.107405926694898,-0.107405926694898,-0.112190152864774,0.112190152864774,-0.719166490467267,0.95,-0.329609793930818
hpt_v2_topology2_paper,topology2,fault,deep_lvrt,lvrt_300ms_0.500pu,0.396,recovery,rule_action,0,NaN,0.5,0.5,0.5,1,1,201.679916436586,850.215913680739,0.97929381337698,1.06545265927592,0.0108283840114368,1.06276989210092,-0.0627698921009234,0.0207061866230196,0.0539487297554891,0.323179389061759,-0.0323505558002216,-0.125086555364504,0,0,0,0,0,1,0,1,0,0.0803333333334137,0.787579068816798,1.13458098756903,0.82843689613199,-0.444697379336167,-0.0324009938845523,-0.0324009938845523,-0.0324009938845523,-0.0324780232435732,-0.0324780232435732,-0.125018734626311,-0.125018734626311,-0.125018734626311,0.124998745667549,0.124998745667549,0,0,0,0.95,0.95,0,0,0,0.95,0.95,-0.076909139307324,0.076909139307324,0.128306500781813,-0.128306500781813,-0.051397361474489,0.051397361474489,-0.95,0.679834884578351,0.345702181208132
hpt_v2_topology2_paper,topology2,fault,deep_lvrt,lvrt_300ms_0.500pu,0.398,recovery,rule_action,0,NaN,0.5,0.5,0.5,1,1,202.038316196588,846.704127935481,0.977892517171581,1.07252992402388,0.0546808622405398,1.05838015991935,-0.058380159919351,0.022107482828419,0.0913219496202978,0.334623506380706,-0.0332386926512806,-0.129121130293479,0,0,0,0,0,1,0,1,0,0.097000000000097,0.787579068816798,1.13458098756903,-1.69345371189111,-0.700281794654423,-0.0332323567629358,-0.0332323567629358,-0.0332323567629358,-0.0333522473858976,-0.0333522473858976,-0.129212458496487,-0.129212458496487,-0.129212458496487,0.129181564323379,0.129181564323379,0,0,0,0.95,0.95,0,0,0,0.95,0.95,-0.127192131550096,0.127192131550096,0.0984788405908697,-0.0984788405908697,0.0287132909592264,-0.0287132909592264,-0.945707160677222,0.0570926469286366,0.888614513748585
hpt_v2_topology2_paper,topology2,fault,deep_lvrt,lvrt_300ms_0.500pu,0.4,recovery,rule_action,0,NaN,0.5,0.5,0.5,1,1,204.511715075878,849.556892518924,0.978940632135705,1.08526042665699,0.0137456912892499,1.06194611564865,-0.0619461156486549,0.0210593678642953,0.0915619458066898,0.314236192400053,-0.0332761473944104,-0.130715990982514,0,0,0,1,0,1,0,1,0,0.11366666666678,0.787579068816798,1.13458098756903,-0.647201308480172,-1.09688811358999,-0.0333027595159734,-0.0333027595159734,-0.0333027595159734,-0.0334561100472142,-0.0334561100472142,-0.130573111102747,-0.130573111102747,-0.130573111102747,0.130533903009669,0.130533903009669,0,0,0,0.95,0.95,0,0,0,0.95,0.95,-0.127921754775225,0.127921754775225,0.0272753646851558,-0.0272753646851558,0.100646390090069,-0.100646390090069,-0.512082446268563,-0.578880710488036,0.95
hpt_v2_topology2_paper,topology2,fault,deep_lvrt,lvrt_300ms_0.500pu,0.402,recovery,rule_action,0,NaN,0.5,0.5,0.5,1,1,204.924854237925,852.808841042352,0.981152601800752,1.09667928460976,0.0267420633498379,1.06601105130294,-0.0660110513029395,0.0188473981992475,0.0908937411489635,0.294972843746408,-0.0366998915853749,-0.129996755969443,0,0,0,1,0,1,0,1,0,0.130333333333464,0.787579068816798,1.13458098756903,2.02010962960331,-0.0780741256913853,-0.0367515516858059,-0.0367515516858059,-0.0367515516858059,-0.0369183038292576,-0.0369183038292576,-0.13010439443978,-0.13010439443978,-0.13010439443978,0.13005717529697,0.13005717529697,0,0,0,0.95,0.95,0,0,0,0.95,0.95,-0.0759047763935003,0.0759047763935003,-0.0589352848756367,0.0589352848756367,0.134840061269137,-0.134840061269137,0.131585611326001,-0.95,0.845413658983736
hpt_v2_topology2_paper,topology2,fault,deep_lvrt,lvrt_300ms_0.500pu,0.404,recovery,rule_action,0,NaN,0.5,0.5,0.5,1,1,202.668052834896,849.451048151669,0.979591304079792,1.07114491120085,0.0238338390807402,1.06181381018959,-0.061813810189586,0.0204086959202076,0.105117520736349,0.27657578241487,-0.0385612079375556,-0.130921686965257,0,0,0,0,0,1,0,1,0,0.147000000000147,0.787579068816798,1.13458098756903,-5,0.234062556855763,-0.0385380080706181,-0.0385380080706181,-0.0385380080706181,-0.0387103973235912,-0.0387103973235912,-0.130983575631338,-0.130983575631338,-0.130983575631338,0.130932731928541,0.130932731928541,0,0,0,0.95,0.95,0,0,0,0.95,0.95,0.00606004539535819,-0.00606004539535819,-0.121156494120349,0.121156494120349,0.11509644872499,-0.11509644872499,0.746656748019557,-0.95,0.299637754905178
hpt_v2_topology2_paper,topology2,fault,deep_lvrt,lvrt_300ms_0.500pu,0.406,recovery,rule_action,0,NaN,0.5,0.5,0.5,1,1,203.70486374651,846.311695810073,0.979257413546281,1.04026529447256,0.0218692935917614,1.05788961976259,-0.0578896197625911,0.0207425864537194,0.0711369525339919,0.260117351765192,-0.0370434424908367,-0.129457373968067,0,0,0,0,0,1,0,1,0,0.16366666666683,0.787579068816798,1.13458098756903,-5,-0.378783248375036,-0.0370297089896276,-0.0370297089896276,-0.0370297089896276,-0.0372112137237708,-0.0372112137237708,-0.129467465319217,-0.129467465319217,-0.129467465319217,0.129415414449914,0.129415414449914,0,0,0,0.95,0.95,0,0,0,0.95,0.95,0.0832017094002329,-0.0832017094002329,-0.133295318042724,0.133295318042724,0.0500936086424909,-0.0500936086424909,0.95,-0.713386784742393,-0.36547186391608
hpt_v2_topology2_paper,topology2,fault,deep_lvrt,lvrt_300ms_0.500pu,0.408,recovery,rule_action,0,NaN,0.5,0.5,0.5,1,1,205.44056601666,850.894006559042,0.982141966473504,1.10126572505224,0.0270033872012886,1.0636175081988,-0.0636175081988029,0.0178580335264961,0.0436758004885859,0.289001909208341,-0.0385940308484778,-0.12718455696009,0,0,0,1,0,1,0,1,0,0.180333333333514,0.787579068816798,1.13458098756903,2.02425457586575,0.413395887993717,-0.0386518457368661,-0.0386518457368661,-0.0386518457368661,-0.0388637758616412,-0.0388637758616412,-0.127178314733225,-0.127178314733225,-0.127178314733225,0.12711371225413,0.12711371225413,0,0,0,0.95,0.95,0,0,0,0.95,0.95,0.128439884490182,-0.128439884490182,-0.0938613616113895,0.0938613616113895,-0.0345785228787924,0.0345785228787924,0.940179771524579,-0.0827043422119503,-0.857475429312629
hpt_v2_topology2_paper,topology2,fault,deep_lvrt,lvrt_300ms_0.500pu,0.41,recovery,rule_action,0,NaN,0.5,0.5,0.5,1,1,200.899425900418,848.949510382477,0.98158477634924,1.09897558749331,0.0256112147496949,1.0611868879781,-0.0611868879780959,0.0184152236507602,0.0616578981748792,0.301635834887227,-0.0424149134685299,-0.129193756446045,0,0,0,1,0,1,0,1,0,0.197000000000197,0.787579068816798,1.13458098756903,1.70064685557758,-0.0752444878433511,-0.0424038799601596,-0.0424038799601596,-0.0424038799601596,-0.0426537755450719,-0.0426537755450719,-0.129252698206622,-0.129252698206622,-0.129252698206622,0.129170447321043,0.129170447321043,0,0,0,0.95,0.95,0,0,0,0.95,0.95,0.125848414242436,-0.125848414242436,-0.0182040299466598,0.0182040299466598,-0.107644384295776,0.107644384295776,0.476318668341764,0.571184812117718,-0.95
hpt_v2_topology2_paper,topology2,fault,deep_lvrt,lvrt_300ms_0.500pu,0.412,recovery,rule_action,0,NaN,0.5,0.5,0.5,1,1,204.013783048386,846.265326846964,0.97911970012185,1.07292751872908,0.0450168255646442,1.0578316585587,-0.0578316585587049,0.0208802998781495,0.0601981509085228,0.274086084092654,-0.037845325481728,-0.132810858355109,0,0,0,0,0,1,0,1,0,0.21366666666688,0.787579068816798,1.13458098756903,-5,-0.755097939755256,-0.0378162518939542,-0.0378162518939542,-0.0378162518939542,-0.0380696968931851,-0.0380696968931851,-0.132824312038125,-0.132824312038125,-0.132824312038125,0.132751892469257,0.132751892469257,0,0,0,0.95,0.95,0,0,0,0.95,0.95,0.0769829556070422,-0.0769829556070422,0.0608035044024505,-0.0608035044024505,-0.137786460009493,0.137786460009493,-0.161603274008073,0.95,-0.846268896380013
hpt_v2_topology2_paper,topology2,fault,deep_lvrt,lvrt_300ms_0.500pu,0.414,recovery,rule_action,0,NaN,0.5,0.5,0.5,1,1,206.652972145205,849.809716836119,0.980535472296868,1.07995070327726,0.0501053690990551,1.06226214604515,-0.0622621460451489,0.0194645277031325,0.0428654315313107,0.290382275031367,-0.036881888599893,-0.132090024134926,0,0,0,0,0,1,0,1,0,0.230333333333564,0.787579068816798,1.13458098756903,-5,-1.2765369352854,-0.036910878623924,-0.036910878623924,-0.036910878623924,-0.0371594011524226,-0.0371594011524226,-0.13214553611902,-0.13214553611902,-0.13214553611902,0.132075866769697,0.132075866769697,0,0,0,0.95,0.95,0,0,0,0.95,0.95,-0.00457276811299191,0.00457276811299191,0.121042264338563,-0.121042264338563,-0.116469496225571,0.116469496225571,-0.766035124734635,0.95,-0.276421059469128
hpt_v2_topology2_paper,topology2,fault,deep_lvrt,lvrt_300ms_0.500pu,0.416,recovery,rule_action,0,NaN,0.5,0.5,0.5,1,1,201.772388159651,849.394648299398,0.980644688817794,1.09785421225693,0.0409565092201694,1.06174331037425,-0.0617433103742475,0.0193553111822063,0.0570115409363705,0.305112828080109,-0.0403262401907149,-0.131942671191483,0,0,0,1,0,1,0,1,0,0.247000000000247,0.787579068816798,1.13458098756903,3.2550842439798,-0.894079127717884,-0.0403127229075498,-0.0403127229075498,-0.0403127229075498,-0.0405857102308279,-0.0405857102308279,-0.132051649249091,-0.132051649249091,-0.132051649249091,0.131968003026056,0.131968003026056,0,0,0,0.95,0.95,0,0,0,0.95,0.95,-0.0873836755567759,0.0873836755567759,0.136266862530534,-0.136266862530534,-0.0488831869737585,0.0488831869737585,-0.95,0.650969970655865,0.398235567098817
hpt_v2_topology2_paper,topology2,fault,deep_lvrt,lvrt_300ms_0.500pu,0.418,recovery,rule_action,0,NaN,0.5,0.5,0.5,1,1,201.779507126306,846.423965876786,0.97890480629789,1.08679341610927,0.0141798211253459,1.05802995734598,-0.0580299573459826,0.02109519370211,0.0701719842577901,0.287094252954899,-0.0373025561707214,-0.13201304507371,0,0,0,1,0,1,0,1,0,0.26366666666693,0.787579068816798,1.13458098756903,-0.829729584354455,-1.13274863230317,-0.0372735925005563,-0.0372735925005563,-0.0372735925005563,-0.0375330355034791,-0.0375330355034791,-0.131852871139394,-0.131852871139394,-0.131852871139394,0.131779253190681,0.131779253190681,0,0,0,0.95,0.95,0,0,0,0.95,0.95,-0.131821909400398,0.131821909400398,0.0982855341681129,-0.0982855341681129,0.0335363752322853,-0.0335363752322853,-0.935233053629187,0.0225295377421802,0.912703515887007
hpt_v2_topology2_paper,topology2,fault,deep_lvrt,lvrt_300ms_0.500pu,0.42,recovery,rule_action,0,NaN,0.5,0.5,0.5,1,1,205.612230511371,849.592153409009,0.981489026918354,1.08754385052197,0.0176142525918444,1.06199019176126,-0.0619901917612609,0.0185109730816456,0.0464465984764325,0.274796838398524,-0.0376798572643079,-0.132899781104514,0,0,0,1,0,1,0,1,0,0.280333333333614,0.787579068816798,1.13458098756903,0.810551029675421,0.575059445461212,-0.0377284731651523,-0.0377284731651523,-0.0377284731651523,-0.037977023025065,-0.037977023025065,-0.13272778402312,-0.13272778402312,-0.13272778402312,0.132656880941832,0.132656880941832,0,0,0,0.95,0.95,0,0,0,0.95,0.95,-0.129385630794039,0.129385630794039,0.0231645640213871,-0.0231645640213871,0.106221066772652,-0.106221066772652,-0.468599929281957,-0.607195965449543,0.95
hpt_v2_topology2_paper,topology2,fault,deep_lvrt,lvrt_300ms_0.500pu,0.422,recovery,rule_action,0,NaN,0.5,0.5,0.5,1,1,206.145306767993,850.085614370579,0.984350529664082,1.10231364641719,0.0275942450474876,1.06260701796322,-0.0626070179632239,0.0156494703359177,0.0281568799345642,0.276162307728149,-0.0429488995217279,-0.131889914814053,0,0,0,1,0,1,0,1,0,0.297000000000297,0.787579068816798,1.13458098756903,2.74533478373407,-0.255585137165948,-0.0430187565542339,-0.0430187565542339,-0.0430187565542339,-0.0432527271320817,-0.0432527271320817,-0.131954255467652,-0.131954255467652,-0.131954255467652,0.131877748491292,0.131877748491292,0,0,0,0.95,0.95,0,0,0,0.95,0.95,-0.0723004615439347,0.0723004615439347,-0.0664479498114215,0.0664479498114215,0.138748411355356,-0.138748411355356,0.187444343229664,-0.95,0.791712486179425
hpt_v2_topology2_paper,topology2,fault,deep_lvrt,lvrt_300ms_0.500pu,0.424,recovery,rule_action,0,NaN,0.5,0.5,0.5,1,1,203.73397034131,848.340192081613,0.981843975876,1.08097574227691,0.0100613098757837,1.06042524010202,-0.0604252401020162,0.018156024124,0.0456871995235656,0.282130136214549,-0.0444952757968094,-0.131805629194497,0,0,0,1,0,1,0,1,0,0.31366666666698,0.787579068816798,1.13458098756903,-5,-0.331682168706271,-0.0444642346582136,-0.0444642346582136,-0.0444642346582136,-0.0446874434557845,-0.0446874434557845,-0.131648220805237,-0.131648220805237,-0.131648220805237,0.131572621020907,0.131572621020907,0,0,0,0.95,0.95,0,0,0,0.95,0.95,0.0127870608798516,-0.0127870608798516,-0.126220947833589,0.126220947833589,0.113433886953737,-0.113433886953737,0.781932084209624,-0.95,0.225919817400856
hpt_v2_topology2_paper,topology2,fault,deep_lvrt,lvrt_300ms_0.500pu,0.426,recovery,rule_action,0,NaN,0.5,0.5,0.5,1,1,204.280323385855,847.426216939955,0.980803331642827,1.05145338220486,0.0403206594087895,1.05928277117494,-0.0592827711749431,0.0191966683571735,0.0279161650100953,0.281302904216482,-0.0414590781592195,-0.131234539700929,0,0,0,0,0,1,0,1,0,0.330333333333664,0.787579068816798,1.13458098756903,-5,-0.940233768520038,-0.041435140154276,-0.041435140154276,-0.041435140154276,-0.0416627779869559,-0.0416627779869559,-0.131353822854766,-0.131353822854766,-0.131353822854766,0.131281798237895,0.131281798237895,0,0,0,0.95,0.95,0,0,0,0.95,0.95,0.0888059344456805,-0.0888059344456805,-0.135579459363339,0.135579459363339,0.0467735249176584,-0.0467735249176584,0.95,-0.644269693738328,-0.435437787086044
hpt_v2_topology2_paper,topology2,fault,deep_lvrt,lvrt_300ms_0.500pu,0.428,recovery,rule_action,0,NaN,0.5,0.5,0.5,1,1,203.781817633466,850.45285592722,0.981910495196771,1.09839683863791,0.0175394771706828,1.06306606990903,-0.0630660699090251,0.0180895048032294,0.0224895099204528,0.269122682732156,-0.0414315585897778,-0.131169928189192,0,0,0,1,0,1,0,1,0,0.347000000000347,0.787579068816798,1.13458098756903,2.19937402760251,0.129465610404722,-0.0414433386910289,-0.0414433386910289,-0.0414433386910289,-0.0416464623523185,-0.0416464623523185,-0.131020995813337,-0.131020995813337,-0.131020995813337,0.130956572341042,0.130956572341042,0,0,0,0.95,0.95,0,0,0,0.95,0.95,0.133510092732665,-0.133510092732665,-0.0949389088273171,0.0949389088273171,-0.0385711839053476,0.0385711839053476,0.915606827243923,-0.0205803033844282,-0.895026523859495
hpt_v2_topology2_paper,topology2,fault,deep_lvrt,lvrt_300ms_0.500pu,0.43,recovery,rule_action,0,NaN,0.5,0.5,0.5,1,1,201.882975374414,848.895528957496,0.981320649172827,1.08773698450914,0.0219445998643395,1.06111941119687,-0.0611194111968696,0.018679350827173,0.0282006345630817,0.268812725166155,-0.0419771529148885,-0.130406934633127,0,0,0,1,0,1,0,1,0,0.36366666666703,0.787579068816798,1.13458098756903,2.41454643927685,0.0586225832770459,-0.0419627074669863,-0.0419627074669863,-0.0419627074669863,-0.0421375395990994,-0.0421375395990994,-0.130464654073962,-0.130464654073962,-0.130464654073962,0.130408291673239,0.130408291673239,0,0,0,0.95,0.95,0,0,0,0.95,0.95,0.126436891843994,-0.126436891843994,-0.0174286504313928,0.0174286504313928,-0.109008241412601,0.109008241412601,0.418792619489018,0.620295672768155,-0.95
hpt_v2_topology2_paper,topology2,fault,deep_lvrt,lvrt_300ms_0.500pu,0.432,recovery,rule_action,0,NaN,0.5,0.5,0.5,1,1,203.829669951919,846.027026009311,0.981681251016787,1.06483287221011,0.0336598680201904,1.05753378251164,-0.0575337825116393,0.0183187489832133,0.00868287595315872,0.267813264934964,-0.0408128296856681,-0.129578567029411,0,0,0,0,0,1,0,1,0,0.380333333333714,0.787579068816798,1.13458098756903,-5,-0.396873894267014,-0.0408253683575698,-0.0408253683575698,-0.0408253683575698,-0.0409869278822797,-0.0409869278822797,-0.129571865683391,-0.129571865683391,-0.129571865683391,0.129520850912039,0.129520850912039,0,0,0,0.864721871581966,0.864721871581966,0,0,0,0.95,0.95,0.0711442578799396,-0.0711442578799396,0.0646553884227232,-0.0646553884227232,-0.135799646302663,0.135799646302663,-0.238028001621799,0.95,-0.784061522781106
hpt_v2_topology2_paper,topology2,fault,deep_lvrt,lvrt_300ms_0.500pu,0.434,recovery,rule_action,0,NaN,0.5,0.5,0.5,1,1,207.429565441755,849.562181943535,0.982178497349141,1.07362135382219,0.0288538573283985,1.06195272742942,-0.0619527274294187,0.0178215026508595,-0.0022722280703002,0.275710718530818,-0.0409445040146933,-0.128612386831385,0,0,0,0,0,1,0,1,0,0.397000000000397,0.787579068816798,1.13458098756903,-5,0.426997094538528,-0.04097112058437,-0.04097112058437,-0.04097112058437,-0.0411172270650492,-0.0411172270650492,-0.128709808399871,-0.128709808399871,-0.128709808399871,0.128663208178374,0.128663208178374,0,0,0,0.746034516182064,0.746034516182064,0,0,0,0.95,0.95,-0.010984101179164,0.010984101179164,0.122081706074823,-0.122081706074823,-0.11109760489566,0.11109760489566,-0.804495036870229,0.95,-0.204191883615894
hpt_v2_topology2_paper,topology2,fault,deep_lvrt,lvrt_300ms_0.500pu,0.436,recovery,rule_action,0,NaN,0.5,0.5,0.5,1,1,204.137451102571,849.074111792853,0.984087847334881,1.10149032520496,0.0377931870649628,1.06134263974107,-0.0613426397410657,0.0159121526651186,-0.00266698043908129,0.276830150062164,-0.0457987476988451,-0.129242729063898,0,0,0,1,0,1,0,1,0,0.41366666666708,0.787579068816798,1.13458098756903,2.69424572600263,0.296424455379585,-0.0458216724781147,-0.0458216724781147,-0.0458216724781147,-0.0459664132627202,-0.0459664132627202,-0.12929909539592,-0.12929909539592,-0.12929909539592,0.12924771019502,0.12924771019502,0,0,0,0.63048940210161,0.63048940210161,0,0,0,0.95,0.95,-0.0927827210817873,0.0927827210817873,0.133895282199672,-0.133895282199672,-0.0411125611178849,0.0411125611178849,-0.95,0.582821245305101,0.452270657955565
hpt_v2_topology2_paper,topology2,fault,deep_lvrt,lvrt_300ms_0.500pu,0.438,recovery,rule_action,0,NaN,0.5,0.5,0.5,1,1,201.984827944051,845.609238270068,0.981895564370466,1.06838871714814,0.021424723763608,1.05701154783758,-0.0570115478375848,0.0181044356295337,0.0137527424587054,0.267530130752058,-0.0453271687838252,-0.132277227752641,0,0,0,0,0,1,0,1,0,0.430333333333764,0.787579068816798,1.13458098756903,-2.1302609439342,-1.0840416352258,-0.0452861582560312,-0.0452861582560312,-0.0452861582560312,-0.0454111035532148,-0.0454111035532148,-0.13229224406608,-0.13229224406608,-0.13229224406608,0.132249406969214,0.132249406969214,0,0,0,-0.251200032219093,-0.251200032219093,0,0,0,0.95,0.95,-0.13679717405677,0.13679717405677,0.093477569359882,-0.093477569359882,0.0433196046968881,-0.0433196046968881,-0.882372542219901,-0.0624988828244515,0.944871425044352
hpt_v2_topology2_paper,topology2,fault,deep_lvrt,lvrt_300ms_0.500pu,0.44,recovery,rule_action,0,NaN,0.5,0.5,0.5,1,1,203.90922026198,850.305746915446,0.9832834788637,1.08566343680419,0.0189998069172918,1.06288218364431,-0.0628821836443074,0.0167165211363003,-0.00908773695058149,0.267409142338195,-0.0439089520822704,-0.13167969848189,0,0,0,1,0,1,0,1,0,0.447000000000447,0.787579068816798,1.13458098756903,-1.95736184629136,0.482345846081866,-0.0439311899872596,-0.0439311899872596,-0.0439311899872596,-0.0440282977197827,-0.0440282977197827,-0.131523969168798,-0.131523969168798,-0.131523969168798,0.13149149371541,0.13149149371541,0,0,0,0.272217451155927,0.272217451155927,0,0,0,0.95,0.95,-0.126936981062168,0.126936981062168,0.0151297889677832,-0.0151297889677832,0.111807192094385,-0.111807192094385,-0.389198165377199,-0.65954206642092,0.95
hpt_v2_topology2_paper,topology2,fault,deep_lvrt,lvrt_300ms_0.500pu,0.442,recovery,rule_action,0,NaN,0.5,0.5,0.5,1,1,203.175697225712,847.416909320698,0.985242809705783,1.1052763727163,0.0508075412108427,1.05927113665087,-0.0592711366508727,0.0147571902942165,-0.0141638150890595,0.280634876094754,-0.047330694660287,-0.130355038970048,0,0,0,1,0,1,0,1,0,0.46366666666713,0.787579068816798,1.13458098756903,0.500272561692938,0.719293985650404,-0.0473699418403641,-0.0473699418403641,-0.0473699418403641,-0.0474660312193134,-0.0474660312193134,-0.130415097239197,-0.130415097239197,-0.130415097239197,0.13038015515467,0.13038015515467,0,0,0,0.263462633583034,0.263462633583034,0,0,0,0.95,0.95,-0.0667096779547154,0.0667096779547154,-0.0720082042768361,0.0720082042768361,0.138717882231551,-0.138717882231551,0.278433343019968,-0.95,0.714497508084929
hpt_v2_topology2_paper,topology2,fault,deep_lvrt,lvrt_300ms_0.500pu,0.444,recovery,rule_action,0,NaN,0.5,0.5,0.5,1,1,203.420147156187,847.485332448681,0.982682865159291,1.07526283550709,0.0488626993767166,1.05935666556085,-0.0593566655608511,0.017317134840709,0.00595811590647875,0.253663112850973,-0.0465911807415707,-0.131649627096844,0,0,0,0,0,1,0,1,0,0.480333333333814,0.787579068816798,1.13458098756903,-2.40771892160607,-0.642409499359342,-0.0465583020053719,-0.0465583020053719,-0.0465583020053719,-0.0466186233460831,-0.0466186233460831,-0.131657558029135,-0.131657558029135,-0.131657558029135,0.131636210934281,0.131636210934281,0,0,0,-0.0851659289933487,-0.0851659289933487,0,0,0,0.95,0.95,0.0168361520247957,-0.0168361520247957,-0.1284741006118,0.1284741006118,0.111637948587004,-0.111637948587004,0.819849132305227,-0.95,0.142613540527472
hpt_v2_topology2_paper,topology2,fault,deep_lvrt,lvrt_300ms_0.500pu,0.446,recovery,rule_action,0,NaN,0.5,0.5,0.5,1,1,206.319811954548,847.548161700341,0.982727401173815,1.10743741314437,0.0411558359594328,1.05943520212543,-0.0594352021254267,0.0172725988261847,-0.0260244433446619,0.233638643236825,-0.0438654207768995,-0.133091437289201,0,0,0,1,0,1,0,1,0,0.497000000000497,0.787579068816798,1.13458098756903,-2.06163127963688,-0.482283837575537,-0.0438702358824039,-0.0438702358824039,-0.0438702358824039,-0.0438789175713077,-0.0438789175713077,-0.133076116164117,-0.133076116164117,-0.133076116164117,0.13307325382087,0.13307325382087,0,0,0,-0.583920542305592,-0.583920542305592,0,0,0,0.95,0.95,0.0935513644709112,-0.0935513644709112,-0.137116671667166,0.137116671667166,0.043565307196255,-0.043565307196255,0.95,-0.56177628499048,-0.494594594891896
hpt_v2_topology2_paper,topology2,fault,deep_lvrt,lvrt_300ms_0.500pu,0.448,recovery,rule_action,0,NaN,0.5,0.5,0.5,1,1,204.687812293265,847.667146701368,0.985277662565411,1.11214444329374,0.0370724024045966,1.05958393337671,-0.0595839333767101,0.0147223374345891,-0.041074307498638,0.25378917297923,-0.0468968367767336,-0.131376968819743,0,0,0,1,0,1,0,1,0,0.51366666666718,0.787579068816798,1.13458098756903,3.01288489170925,0.869613258878132,-0.0469427740038062,-0.0469427740038062,-0.0469427740038062,-0.0469298971876422,-0.0469298971876422,-0.131461700760391,-0.131461700760391,-0.131461700760391,0.131466298144978,0.131466298144978,0,0,0,0.0202343142690339,0.0202343142690339,0,0,0,0.95,0.95,0.137205443965201,-0.137205443965201,-0.090859220094933,0.090859220094933,-0.046346223870268,0.046346223870268,0.84067037958559,0.0804787482353473,-0.921149127820937
hpt_v2_topology2_paper,topology2,fault,deep_lvrt,lvrt_300ms_0.500pu,0.45,recovery,rule_action,0,NaN,0.5,0.5,0.5,1,1,201.28474159267,848.555358532154,0.982875880920789,1.09631196680425,0.010935668331618,1.06069419816519,-0.0606941981651921,0.0171241190792114,-0.0243979772115209,0.246259854342822,-0.0476884377337336,-0.13080911971973,0,0,0,1,0,1,0,1,0,0.530333333333864,0.787579068816798,1.13458098756903,-5,-0.447569414487869,-0.0476468983399166,-0.0476468983399166,-0.0476468983399166,-0.0476128678946824,-0.0476128678946824,-0.130664998123467,-0.130664998123467,-0.130664998123467,0.130677402280821,0.130677402280821,0,0,0,-0.535051731851185,-0.535051731851185,0,0,0,0.95,0.95,0.125131776606181,-0.125131776606181,-0.00999017761316705,0.00999017761316705,-0.115141598993014,0.115141598993014,0.32346874917979,0.680224340281823,-0.95
hpt_v2_topology2_paper,topology2,fault,deep_lvrt,lvrt_300ms_0.500pu,0.452,recovery,rule_action,0,NaN,0.5,0.5,0.5,1,1,203.271216067057,846.898328330934,0.982922716931062,1.07794472262379,0.0298833364960825,1.05862291041367,-0.0586229104136675,0.0170772830689379,-0.0440019321382885,0.213923686564868,-0.0445007302524891,-0.132498110718181,0,0,0,0,0,1,0,1,0,0.547000000000547,0.787579068816798,1.13458098756903,-5,-0.42095943446685,-0.0445031183499167,-0.0445031183499167,-0.0445031183499167,-0.044414752521851,-0.044414752521851,-0.132525482471796,-0.132525482471796,-0.132525482471796,0.132555123649264,0.132555123649264,0,0,0,-0.95,-0.95,0,0,0,0.95,0.95,0.0685979459860853,-0.0685979459860853,0.0711922097679084,-0.0711922097679084,-0.139790155753994,0.139790155753994,-0.314475934677071,0.95,-0.701995394463439
hpt_v2_topology2_paper,topology2,fault,deep_lvrt,lvrt_300ms_0.500pu,0.454,recovery,rule_action,0,NaN,0.5,0.5,0.5,1,1,208.137292171843,843.702959097482,0.98620689401624,1.09182550113913,0.012671522478566,1.05462869887185,-0.0546286988718523,0.0137931059837604,-0.0810792844764606,0.230133642167653,-0.0468342137932059,-0.13106999451475,0,0,0,1,0,1,0,1,0,0.56366666666723,0.787579068816798,1.13458098756903,-5,0.20946965344093,-0.046910514413238,-0.046910514413238,-0.046910514413238,-0.0467758764380474,-0.0467758764380474,-0.130922394587886,-0.130922394587886,-0.130922394587886,0.130970558335045,0.130970558335045,0,0,0,-0.95,-0.95,0,0,0,0.95,0.95,-0.019239100952288,0.019239100952288,0.128902177338845,-0.128902177338845,-0.109663076386557,0.109663076386557,-0.839990816024577,0.932596017241876,-0.0926052012172987
hpt_v2_topology2_paper,topology2,fault,deep_lvrt,lvrt_300ms_0.500pu,0.456,recovery,rule_action,0,NaN,0.5,0.5,0.5,1,1,204.155289740951,843.058933797945,0.985940100536055,1.11220799958869,0.0159982468570916,1.05382366724743,-0.0538236672474308,0.0140598994639454,-0.070696628040548,0.247006609302134,-0.0520595664074576,-0.130608957391912,0,0,0,1,0,1,0,1,0,0.580333333333914,0.787579068816798,1.13458098756903,2.98635378933976,-0.417219790571632,-0.0520576028203177,-0.0520576028203177,-0.0520576028203177,-0.05190580044103,-0.05190580044103,-0.130467504626686,-0.130467504626686,-0.130467504626686,0.130527972693551,0.130527972693551,0,0,0,-0.95,-0.95,0,0,0,0.95,0.95,-0.101206938213277,0.101206938213277,0.13496394311138,-0.13496394311138,-0.0337570048981034,0.0337570048981034,-0.95,0.469450061500505,0.533477555271409
hpt_v2_topology2_paper,topology2,fault,deep_lvrt,lvrt_300ms_0.500pu,0.458,recovery,rule_action,0,NaN,0.5,0.5,0.5,1,1,204.818540053799,845.811163579203,0.98271124755111,1.06843393584252,0.0373694715837927,1.057263954474,-0.0572639544740037,0.0172887524488897,-0.0667120858867637,0.218404230799791,-0.0478631521747802,-0.13150040584403,0,0,0,0,0,1,0,1,0,0.597000000000597,0.787579068816798,1.13458098756903,-5,-0.395792785385485,-0.0478137502921282,-0.0478137502921282,-0.0478137502921282,-0.0476186207247223,-0.0476186207247223,-0.13153212761523,-0.13153212761523,-0.13153212761523,0.131602896139341,0.131602896139341,0,0,0,-0.95,-0.95,0,0,0,0.95,0.95,-0.138035319031679,0.138035319031679,0.0890133967830006,-0.0890133967830006,0.0490219222486786,-0.0490219222486786,-0.810097094278526,-0.150539830009971,0.95
hpt_v2_topology2_paper,topology2,fault,deep_lvrt,lvrt_300ms_0.500pu,0.46,recovery,rule_action,0,NaN,0.5,0.5,0.5,1,1,205.16962096069,841.730973432149,0.984437249510102,1.09354985093349,0.0481520468101502,1.05216371679019,-0.0521637167901861,0.015562750489898,-0.0939581250808513,0.215842399430199,-0.0462004936635357,-0.130247614908062,0,0,0,1,0,1,0,1,0,0.61366666666728,0.787579068816798,1.13458098756903,-0.499550917605562,0.264610694075795,-0.0462284218209174,-0.0462284218209174,-0.0462284218209174,-0.0459793501531549,-0.0459793501531549,-0.13026867081517,-0.13026867081517,-0.13026867081517,0.130356790922058,0.130356790922058,0,0,0,-0.95,-0.95,0,0,0,0.95,0.95,-0.12392382314917,0.12392382314917,0.00892975409374386,-0.00892975409374386,0.114994069055426,-0.114994069055426,-0.263026554738259,-0.724604602202994,0.95
hpt_v2_topology2_paper,topology2,fault,deep_lvrt,lvrt_300ms_0.500pu,0.462,recovery,rule_action,0,NaN,0.5,0.5,0.5,1,1,201.742141615114,832.98260514524,0.985754514462874,1.09382976444696,0.0135790190690442,1.04122825643155,-0.0412282564315505,0.0142454855371261,-0.0919493555172828,0.232133800859875,-0.050578324973097,-0.129640498408787,0,0,0,1,0,1,0,1,0,0.630333333333964,0.787579068816798,1.13458098756903,2.78514762664406,-0.171674419912948,-0.0505899751493138,-0.0505899751493138,-0.0505899751493138,-0.0503248012819784,-0.0503248012819784,-0.129511958430003,-0.129511958430003,-0.129511958430003,0.129615228032483,0.129615228032483,0,0,0,-0.95,-0.95,0,0,0,0.95,0.95,-0.0604838459359847,0.0604838459359847,-0.0781822348893845,0.0781822348893845,0.138666080825369,-0.138666080825369,0.388943485341935,-0.95,0.597779755467325
hpt_v2_topology2_paper,topology2,fault,deep_lvrt,lvrt_300ms_0.500pu,0.464,recovery,rule_action,0,NaN,0.5,0.5,0.5,1,1,204.161024771854,840.884323215002,0.982560448714004,1.08829038420284,0.0579408831969036,1.05110540401875,-0.0511054040187526,0.0174395512859961,-0.0764020625436259,0.199771441390174,-0.0471266015093612,-0.131120332764507,0,0,0,1,0,1,0,1,0,0.647000000000647,0.787579068816798,1.13458098756903,0.442360319118151,-1.26375564042225,-0.0470819965848661,-0.0470819965848661,-0.0470819965848661,-0.046767181504418,-0.046767181504418,-0.131091951584685,-0.131091951584685,-0.131091951584685,0.131204591790195,0.131204591790195,0,0,0,-0.95,-0.95,0,0,0,0.95,0.95,0.0214300298739864,-0.0214300298739864,-0.129907825098614,0.129907825098614,0.108477795224627,-0.108477795224627,0.851790151457922,-0.855107226040151,0.00331707458222843
hpt_v2_topology2_paper,topology2,fault,deep_lvrt,lvrt_300ms_0.500pu,0.466,recovery,rule_action,0,NaN,0.5,0.5,0.5,1,1,207.996709157955,840.181800013441,0.982998698279194,1.09171437232327,0.0283539844382541,1.0502272500168,-0.0502272500168013,0.0170013017208064,-0.107567907062425,0.174093736589632,-0.0441713119631499,-0.130430596170095,0,0,0,1,0,1,0,1,0,0.66366666666733,0.787579068816798,1.13458098756903,-0.607475161375381,0.248864942989258,-0.0441800605995063,-0.0441800605995063,-0.0441800605995063,-0.0438060935399462,-0.0438060935399462,-0.130502443116406,-0.130502443116406,-0.130502443116406,0.130628448596377,0.130628448596377,0,0,0,-0.95,-0.95,0,0,0,0.95,0.95,0.0958142665351225,-0.0958142665351225,-0.133649735319853,0.133649735319853,0.0378354687847301,-0.0378354687847301,0.95,-0.412025886436761,-0.583266181481415
hpt_v2_topology2_paper,topology2,fault,deep_lvrt,lvrt_300ms_0.500pu,0.468,recovery,rule_action,0,NaN,0.5,0.5,0.5,1,1,204.857615853764,820.381710833394,0.986414034571234,1.10907437423265,0.0139633842562692,1.02547713854174,-0.0254771385417423,0.0135859654287657,-0.117530483998491,0.182311608626283,-0.0429108657601374,-0.129426276194502,0,0,0,1,0,1,0,1,0,0.00816666666667483,1.10714681514757,1.11365232771532,1.48059004201828,-0.142349933646368,-0.0430456268848899,-0.0430456268848899,-0.0430456268848899,-0.0426333994530552,-0.0426333994530552,-0.129300592511908,-0.129300592511908,-0.129300592511908,0.129437098503172,0.129437098503172,0,0,0,-0.95,-0.95,0,0,0,0.95,0.95,0.134200489903674,-0.134200489903674,-0.0876270151700982,0.0876270151700982,-0.0465734747335752,0.0465734747335752,0.714626054768013,0.222481132352659,-0.937107187120672
hpt_v2_topology2_paper,topology2,fault,deep_lvrt,lvrt_300ms_0.500pu,0.47,recovery,rule_action,0,NaN,0.5,0.5,0.5,1,1,200.978159798075,810.614679337173,0.98317297798458,1.10507193948921,0.00860142834209203,1.01326834917147,-0.0132683491714665,0.0168270220154202,-0.10110162637486,0.16350572541935,-0.0476378974124855,-0.128933481733716,0,0,0,1,0,1,0,1,0,0.0248333333333582,1.10714681514757,1.11365232771532,0.182018130514994,-1.12384329864557,-0.0476058555824849,-0.0476058555824849,-0.0476058555824849,-0.0471533776900917,-0.0471533776900917,-0.128814368643933,-0.128814368643933,-0.128814368643933,0.128980688582792,0.128980688582792,0,0,0,-0.95,-0.95,0,0,0,0.95,0.95,0.121167988795707,-0.121167988795707,-0.00460781053757848,0.00460781053757848,-0.116560178258128,0.116560178258128,0.174087331443941,0.762665380104805,-0.936752711548746
hpt_v2_topology2_paper,topology2,fault,deep_lvrt,lvrt_300ms_0.500pu,0.472,recovery,rule_action,0,NaN,0.5,0.5,0.5,1,1,202.450727693853,794.499364851981,0.982471179299531,1.05030601824578,0.0233474218325904,0.993124206064976,0.0068757939350238,0.0175288207004691,-0.129315469775982,0.137616599633663,-0.0450821503049435,-0.12853104339073,0,0,0,0,0,1,0,1,0,0.0415000000000415,1.10714681514757,1.11365232771532,-5,-0.449246760812816,-0.0450616553030859,-0.0450616553030859,-0.0450616553030859,-0.0445630672480269,-0.0445630672480269,-0.12854806606022,-0.12854806606022,-0.12854806606022,0.128721758471226,0.128721758471226,0,0,0,-0.95,-0.95,0,0,0,0.95,0.95,0.0610778638791664,-0.0610778638791664,0.0749053161625587,-0.0749053161625587,-0.135983180041725,0.135983180041725,-0.456787074210635,0.95,-0.561893307304264
hpt_v2_topology2_paper,topology2,fault,deep_lvrt,lvrt_300ms_0.500pu,0.474,recovery,rule_action,0,NaN,0.5,0.5,0.5,1,1,207.159389886458,754.334322417958,0.984124926427491,1.09966756615449,0.022623046314448,0.942917903022447,0.0570820969775526,0.0158750735725088,-0.159447573601761,0.14648660765066,-0.0442636150368027,-0.126704037792348,0,0,0,1,0,1,0,1,0,0.0581666666667248,1.10714681514757,1.11365232771532,1.73506775171539,-0.258586626735502,-0.0443068801509615,-0.0443068801509615,-0.0443068801509615,-0.0437822352814422,-0.0437822352814422,-0.126710512752767,-0.126710512752767,-0.126710512752767,0.126892748195243,0.126892748195243,0,0,0,-0.95,-0.95,0,0,0,0.95,0.95,-0.0222248326237725,0.0222248326237725,0.125757664203893,-0.125757664203893,-0.10353283158012,0.10353283158012,-0.90730505735424,0.858026904096341,0.0492781532578985
hpt_v2_topology2_paper,topology2,fault,deep_lvrt,lvrt_300ms_0.500pu,0.476,recovery,rule_action,0,NaN,0.5,0.5,0.5,1,1,201.782267749036,723.53421493952,0.981211761476108,1.08759031549293,0.0216129921988347,0.9044177686744,0.0955822313256001,0.0187882385238919,-0.131647343859009,0.146086273679239,-0.0451480192658285,-0.126993439093461,0,0,0,1,0,1,0,1,0,0.0748333333334082,1.10714681514757,1.11365232771532,-5,-1.1274287787254,-0.0450862023437488,-0.0450862023437488,-0.0450862023437488,-0.0445504297378636,-0.0445504297378636,-0.127035727563269,-0.127035727563269,-0.127035727563269,0.127224608191506,0.127224608191506,0,0,0,-0.95,-0.95,0,0,0,0.95,0.95,-0.0968890006951274,0.0968890006951274,0.129608054038291,-0.129608054038291,-0.0327190533431637,0.0327190533431637,-0.95,0.372519124313859,0.690239435715488
hpt_v2_topology2_paper,topology2,fault,deep_lvrt,lvrt_300ms_0.500pu,0.478,recovery,rule_action,0,NaN,0.5,0.5,0.5,1,1,203.381633740234,691.756482614633,0.978900001513732,1.05856993267042,0.0314244122617541,0.864695603268291,0.135304396731709,0.0210999984862678,-0.126982792775139,0.138035488283892,-0.0379600226104755,-0.126131267867035,0,0,0,0,0,1,0,1,0,0.0915000000000915,1.10714681514757,1.11365232771532,-5,-0.425530580510092,-0.0379199823398578,-0.0379199823398578,-0.0379199823398578,-0.0373907416972671,-0.0373907416972671,-0.126274508542462,-0.126274508542462,-0.126274508542462,0.126432230873396,0.126432230873396,0,0,0,-0.95,-0.95,0,0,0,0.95,0.95,-0.129533334682085,0.129533334682085,0.0860556041586897,-0.0860556041586897,0.0434777305233953,-0.0434777305233953,-0.82095661577133,-0.310279034506127,0.95
hpt_v2_topology2_paper,topology2,fault,deep_lvrt,lvrt_300ms_0.500pu,0.48,recovery,rule_action,0,NaN,0.5,0.5,0.5,1,1,200.275443461802,669.917046931542,0.975936162158418,1.08349137543358,0.029844565268879,0.837396308664427,0.162603691335573,0.0240638378415817,-0.107235598427471,0.128544646904701,-0.0328457159271058,-0.125304986546502,0,0,0,1,0,1,0,1,0,0.108166666666775,1.10714681514757,1.11365232771532,1.1490702644712,0.321011973942964,-0.0327789294694684,-0.0327789294694684,-0.0327789294694684,-0.0322614550569722,-0.0322614550569722,-0.125411300483182,-0.125411300483182,-0.125411300483182,0.125545414188071,0.125545414188071,0,0,0,-0.95,-0.95,0,0,0,0.95,0.95,-0.11904224755415,0.11904224755415,0.0150965038858713,-0.0150965038858713,0.103945743668278,-0.103945743668278,-0.202755529333809,-0.916471817247629,0.95
hpt_v2_topology2_paper,topology2,fault,deep_lvrt,lvrt_300ms_0.500pu,0.482,recovery,rule_action,0,NaN,0.5,0.5,0.5,1,1,199.364332066484,643.829836188696,0.975642882159664,1.07024837757759,0.0208133486567094,0.80478729523587,0.19521270476413,0.0243571178403362,-0.0899187483477301,0.126741292960469,-0.02930566857414,-0.116699452211045,0,0,0,0,0,1,0,1,0,0.124833333333458,1.10714681514757,1.11365232771532,2.41329176407001,-0.490624455868005,-0.0292765967395262,-0.0292765967395262,-0.0292765967395262,-0.0288271665192694,-0.0288271665192694,-0.116382824276692,-0.116382824276692,-0.116382824276692,0.116494958576491,0.116494958576491,0,0,0,-0.95,-0.95,0,0,0,0.95,0.95,-0.0620945471157171,0.0620945471157171,-0.0578895640929236,0.0578895640929236,0.119984111208641,-0.119984111208641,0.569036923869689,-0.95,0.672045270483591
hpt_v2_topology2_paper,topology2,fault,deep_lvrt,lvrt_300ms_0.500pu,0.484,recovery,rule_action,0,NaN,0.5,0.5,0.5,1,1,201.405231719344,632.524497093849,0.971619958067235,1.03902666166266,0.0209526954287515,0.790655621367312,0.209344378632688,0.0283800419327652,-0.0760443081843745,0.0844535746234383,-0.0227971190836261,-0.0748769725671717,0,0,0,0,0,1,0,1,0,0.141500000000142,1.10714681514757,1.11365232771532,-0.566967764113357,-0.929207695854806,-0.0227259821918441,-0.0227259821918441,-0.0227259821918441,-0.0224711333063718,-0.0224711333063718,-0.0743957467026145,-0.0743957467026145,-0.0743957467026145,0.0744731197275289,0.0744731197275289,0,0,0,-0.95,-0.95,0,0,0,0.95,0.95,0.0104357034480061,-0.0104357034480061,-0.071976522439324,0.071976522439324,0.0615408189913178,-0.0615408189913178,0.95,-0.95,-0.0590704605563028
hpt_v2_topology2_paper,topology2,fault,deep_lvrt,lvrt_300ms_0.500pu,0.486,recovery,rule_action,0,NaN,0.5,0.5,0.5,1,1,205.461839803395,597.421460396653,0.973627462015408,1.03380921721803,0.0302942951042518,0.746776825495817,0.253223174504183,0.0263725379845919,-0.0895994507918846,0.0928264583707993,-0.00790101036528492,-0.022370542048214,0,0,0,0,0,1,0,1,0,0.158166666666825,1.10714681514757,1.11365232771532,-5,-0.204439608884721,-0.00779566356041445,-0.00779566356041445,-0.00779566356041445,-0.00773817066739117,-0.00773817066739117,-0.0220722681542378,-0.0220722681542378,-0.0220722681542378,0.0220924898221563,0.0220924898221563,0,0,0,-0.95,-0.95,0,0,0,0.95,0.95,0.0168491213324808,-0.0168491213324808,-0.0224975268286143,0.0224975268286143,0.00564840549613351,-0.00564840549613351,0.95,-0.519520153726193,-0.845054746459519
hpt_v2_topology2_paper,topology2,fault,deep_lvrt,lvrt_300ms_0.500pu,0.488,recovery,rule_action,0,NaN,0.5,0.5,0.5,1,1,202.637866274266,557.729612016351,0.97638688453731,1.0495458760923,0.0287501053236009,0.697162015020438,0.302837984979562,0.0236131154626895,-0.0723500312259327,0.0874700274023419,-0.00206408826843802,-0.00584416059029595,0,0,0,0,0,1,0,1,0,0.174833333333508,1.10714681514757,1.11365232771532,1.89627499386491,-0.211847797885856,-0.00203656709152552,-0.00203656709152552,-0.00203656709152552,-0.00202993228178755,-0.00202993228178755,-0.005766238449092,-0.005766238449092,-0.005766238449092,0.00576857749375255,0.00576857749375255,0,0,0,-0.95,-0.95,0,0,0,0.95,0.95,0.00605072222464977,-0.00605072222464977,-0.00379308759203671,0.00379308759203671,-0.00225763463261306,0.00225763463261306,0.95,0.324638574207905,-0.95
hpt_v2_topology2_paper,topology2,fault,deep_lvrt,lvrt_300ms_0.500pu,0.49,recovery,rule_action,0,NaN,0.5,0.5,0.5,1,1,199.26335976073,533.571035344228,0.97336075475484,1.01503758591718,0.0119358488091326,0.666963794180285,0.333036205819715,0.0266392452451596,-0.0376947121363823,0.0713677473771898,-0.000539229817824678,-0.00152674946058784,0,0,0,0,0,1,0,1,0,0.191500000000192,1.10714681514757,1.11365232771532,-5,-0.433124444771948,-0.000532040086920349,-0.000532040086920349,-0.000532040086920349,-0.000532744171869165,-0.000532744171869165,-0.00150639280111334,-0.00150639280111334,-0.00150639280111334,0.00150614394155265,0.00150614394155265,0,0,0,-0.95,-0.95,0,0,0,0.95,0.95,0.001420363509582,-0.001420363509582,-7.68255599936708e-05,7.68255599936708e-05,-0.00134353794958833,0.00134353794958833,0.309452732212565,0.95,-0.95
hpt_v2_topology2_paper,topology2,fault,deep_lvrt,lvrt_300ms_0.500pu,0.492,recovery,rule_action,0,NaN,0.5,0.5,0.5,1,1,198.750460762878,526.784567502673,0.967625924684758,1.00884031765259,0.0370198312006337,0.658480709378341,0.341519290621659,0.0323740753152422,-0.0179429103548438,0.0386643332390999,-0.000140870330439537,-0.00039885350160907,0,0,0,0,0,1,0,1,0,0.208166666666875,1.10714681514757,1.11365232771532,0.840470820407724,-0.291909557893599,-0.00013899205936701,-0.00013899205936701,-0.00013899205936701,-0.000139731509832969,-0.000139731509832969,-0.000393535454920949,-0.000393535454920949,-0.000393535454920949,0.000393273507888238,0.000393273507888238,0,0,0,-0.792143902705212,-0.792143902705212,0,0,0,0.95,0.95,0.000190077567151376,-0.000190077567151376,0.000226744682414333,-0.000226744682414333,-0.000416822249565709,0.000416822249565709,-0.646912111934289,0.95,-0.940959312896101
hpt_v2_topology2_paper,topology2,fault,deep_lvrt,lvrt_300ms_0.500pu,0.494,recovery,rule_action,0,NaN,0.5,0.5,0.5,1,1,197.924525766347,517.094794202182,0.964743138924984,1.00476765867135,0.0119784681453346,0.646368492752728,0.353631507247272,0.0352568610750162,-0.0200425448350592,0.0297705723336262,-3.68014700637277e-05,-0.000104197918422427,0,0,0,0,0,1,0,1,0,0.224833333333558,1.10714681514757,1.11365232771532,0.584284533807988,0.0468990379612899,-3.63107837962114e-05,-3.63107837962114e-05,-3.63107837962114e-05,-3.66515261214311e-05,-3.66515261214311e-05,-0.000102808612843461,-0.000102808612843461,-0.000102808612843461,0.000102687630840632,0.000102687630840632,0,0,0,-0.600565079584119,-0.600565079584119,0,0,0,0.95,0.95,-1.62160316099473e-05,1.62160316099473e-05,0.000101482761642046,-0.000101482761642046,-8.52667300320987e-05,8.52667300320987e-05,-0.95,0.95,-0.0640012160472842
hpt_v2_topology2_paper,topology2,fault,deep_lvrt,lvrt_300ms_0.500pu,0.496,recovery,rule_action,0,NaN,0.5,0.5,0.5,1,1,196.699628469912,510.308458820425,0.960134071155676,1.00330188078041,0.00297116872978282,0.637885573525531,0.362114426474469,0.0398659288443241,-0.0165148578124491,0.0175335885164801,-9.61414795170621e-06,-2.72210376987195e-05,0,0,0,0,0,1,0,1,0,0.241500000000242,1.10714681514757,1.11365232771532,0.312820129815039,-0.134842320941075,-9.48595931235012e-06,-9.48595931235012e-06,-9.48595931235012e-06,-9.61250946182838e-06,-9.61250946182838e-06,-2.68580905294032e-05,-2.68580905294032e-05,-2.68580905294032e-05,2.68130586246225e-05,2.68130586246225e-05,0,0,0,-0.604397309309066,-0.604397309309066,0,0,0,0.775660568301445,0.775660568301445,-1.98579863739666e-05,1.98579863739666e-05,2.76137499311233e-05,-2.76137499311233e-05,-7.75576355715666e-06,7.75576355715666e-06,-0.95,0.725396341409077,0.904487047511169
hpt_v2_topology2_paper,topology2,fault,deep_lvrt,lvrt_300ms_0.500pu,0.498,recovery,rule_action,0,NaN,0.5,0.5,0.5,1,1,195.506380536416,501.069806507795,0.956149944923503,0.995804071412786,0.0174572249848419,0.626337258134744,0.373662741865256,0.0438500550764974,-0.0141376583437397,-0.00242258711818539,-2.51163447213483e-06,-7.11132146029148e-06,0,0,0,0,0,1,0,1,0,0.258166666666925,1.10714681514757,1.11365232771532,-0.577994736805976,-0.0948286278149579,-2.47814601250637e-06,-2.47814601250637e-06,-2.47814601250637e-06,-2.51948535480541e-06,-2.51948535480541e-06,-7.01650384082093e-06,-7.01650384082093e-06,-7.01650384082093e-06,7.00176601683298e-06,7.00176601683298e-06,0,0,0,-0.578425535736013,-0.578425535736013,0,0,0,-0.0912565208137203,-0.0912565208137203,-7.32622412658813e-06,7.32622412658813e-06,4.79193020228528e-06,-4.79193020228528e-06,2.53429392430284e-06,-2.53429392430284e-06,-0.95,-0.272457636107584,0.95
hpt_v2_topology2_paper,topology2,fault,deep_lvrt,lvrt_300ms_0.500pu,0.5,tail,rule_action,0,NaN,0.5,0.5,0.5,1,1,196.880526929641,487.174087437503,0.953253674616043,0.998845741713822,0.00853932428743859,0.608967609296879,0.391032390703121,0.0467463253839574,-0.0322902727716773,-0.00160375271664148,-6.56148392276042e-07,-1.8577871083137e-06,0,0,0,0,0,1,0,1,0,0.274833333333608,1.10714681514757,1.11365232771532,-0.542130131639396,-0.180973302934873,-6.47399747045695e-07,-6.47399747045695e-07,-6.47399747045695e-07,-6.60181618634468e-07,-6.60181618634468e-07,-1.83301661353618e-06,-1.83301661353618e-06,-1.83301661353618e-06,1.82845195955257e-06,1.82845195955257e-06,0,0,0,-0.95,-0.95,0,0,0,0.210038160042983,0.210038160042983,-1.75263881769711e-06,1.75263881769711e-06,1.47965007127231e-07,-1.47965007127231e-07,1.60467381056987e-06,-1.60467381056987e-06,-0.479189612581813,-0.95,0.95
hpt_v2_topology2_paper,topology2,fault,deep_lvrt,lvrt_300ms_0.500pu,0.502,tail,rule_action,0,NaN,0.5,0.5,0.5,1,1,193.954853267293,473.881255363721,0.948930243249169,0.998343521776578,0.00542735729858229,0.592351569204652,0.407648430795348,0.0510697567508315,-0.0141019852687073,0.00611206321709108,-1.71414557915545e-07,-4.8533496328193e-07,0,0,0,0,0,1,0,1,0,0.291500000000292,1.10714681514757,1.11365232771532,0.147094906281398,-0.104556969762304,-1.69129030476671e-07,-1.69129030476671e-07,-1.69129030476671e-07,-1.72959700775643e-07,-1.72959700775643e-07,-4.78863830438171e-07,-4.78863830438171e-07,-4.78863830438171e-07,4.7749360096183e-07,4.7749360096183e-07,0,0,0,-0.538949164616032,-0.538949164616032,0,0,0,0.321308740581297,0.321308740581297,-2.43495078596047e-07,2.43495078596047e-07,-2.64217495146226e-07,2.64217495146226e-07,5.07712573742272e-07,-5.07712573742272e-07,0.608540468433934,-0.95,0.95
hpt_v2_topology2_paper,topology2,fault,deep_lvrt,lvrt_300ms_0.500pu,0.504,tail,rule_action,0,NaN,0.5,0.5,0.5,1,1,193.488414048801,466.72384371264,0.94486943449615,0.993001038261386,0.00983977292273383,0.5834048046408,0.4165951953592,0.0551305655038504,-0.00503003066358623,0.000301164660991115,-4.4780953533176e-08,-1.26790645456507e-07,0,0,0,0,0,1,0,1,0,0.308166666666975,1.10714681514757,1.11365232771532,-5,-0.0418638829151607,-4.41838741527336e-08,-4.41838741527336e-08,-4.41838741527336e-08,-4.52883969943442e-08,-4.52883969943442e-08,-1.25100103517087e-07,-1.25100103517087e-07,-1.25100103517087e-07,1.24704497644685e-07,1.24704497644685e-07,0,0,0,-0.204277964147518,-0.204277964147518,0,0,0,0.0242973471766953,0.0242973471766953,1.6425835735491e-08,-1.6425835735491e-08,-1.2222753060068e-07,1.2222753060068e-07,1.05801694865189e-07,-1.05801694865189e-07,0.95,-0.95,0.117418596229474
