model,topology,scenario_type,condition_class,case_name,t,window_zone,action_source,actor_select_mode,grid_V,fault_pu,grid_pu,fault_a_pu,fault_b_pu,fault_c_pu,lv_rms_inst,vdc_inst,obs_01,obs_02,obs_03,obs_04,obs_05,obs_06,obs_07,obs_08,obs_09,obs_10,obs_11,obs_12,obs_13,obs_14,obs_15,obs_16,obs_17,obs_18,obs_19,obs_20,obs_21,obs_22,obs_23,obs_24,action_01,actor_action_01,cmd_action_01,meas_action_01,teacher_action_01,action_02,actor_action_02,cmd_action_02,meas_action_02,teacher_action_02,action_03,actor_action_03,cmd_action_03,meas_action_03,teacher_action_03,action_04,actor_action_04,cmd_action_04,meas_action_04,teacher_action_04,mref_01,mref_02,mref_03,mref_04,mref_05,mref_06,menergy_01,menergy_02,menergy_03
hpt_v2_topology2_paper,topology2,fault,deep_lvrt,lvrt_120ms_0.500pu,0,prefault,rule_action,0,NaN,0.5,0.5,0.5,1,1,1.59571870491636,799.999999999999,0.00770878601408869,1,1,0.999999999999999,9.99200722162641e-16,0.992291213985911,-3.74154734478252e-09,-9.16296000993556e-07,0,0,0,0,0,0,0,1,0,0,0,0,1,1,0,-9.99200722162641e-13,0.00791548465140535,0.00791548465140535,0.00791548465140535,0.00791511895402981,0.00791511895402981,-0.00115978564112783,-0.00115978564112783,-0.00115978564112783,0.00116227877187791,0.00116227877187791,0,0,0,3.74079394561572e-05,3.74079394561572e-05,0,0,0,8.26086669215458e-20,8.26086669215458e-20,-0.00626875697245669,0.00626875697245669,-0.00116992337530585,0.00116992337530585,0.00743868034776254,-0.00743868034776254,1.77635683940025e-17,0.016246300864286,-0.0162463008642861
hpt_v2_topology2_paper,topology2,fault,deep_lvrt,lvrt_120ms_0.500pu,0.002,prefault,rule_action,0,NaN,0.5,0.5,0.5,1,1,125.124988312347,803.136924889596,0.137612622435518,2.1471418192046,2.1471418192046,1.00392115611199,-0.00392115611199473,0.862387377564482,-0.0717414735080924,-0.237449200345437,0.42554783817692,0.112084495646375,0,0,0,1,0,1,0,0,0,0,1,1,-5,-0.0005852920614835,0.427169239042628,0.427169239042628,0.427169239042628,0.430485796487381,0.430485796487381,0.113872953123053,0.113872953123053,0.113872953123053,-0.100611069270973,-0.100611069270973,0,0,0,0.95,0.95,0,0,0,-0.95,-0.95,-0.342384963242,0.342384963242,-0.0710054929519689,0.0710054929519689,0.413390456193968,-0.413390456193968,-0.0159080116758815,-0.0528159616563993,0.0687239733322808
hpt_v2_topology2_paper,topology2,fault,deep_lvrt,lvrt_120ms_0.500pu,0.004,prefault,rule_action,0,NaN,0.5,0.5,0.5,1,1,168.90629493469,821.260021079123,0.33639159451339,2.12344143547731,2.12344143547731,1.0265750263489,-0.0265750263489037,0.66360840548661,-0.184669801591395,-0.440867205822374,0.533512465071112,0.157614192696169,0,0,0,1,0,1,0,0,0,0,1,1,-5,-0.0757308357948183,0.53421095682381,0.53421095682381,0.53421095682381,0.542613669918304,0.542613669918304,0.157236848810247,0.157236848810247,0.157236848810247,-0.12520055204422,-0.12520055204422,0,0,0,0.95,0.95,0,0,0,-0.95,-0.95,-0.251874392479427,0.251874392479427,-0.304176797453389,0.304176797453389,0.556051189932816,-0.556051189932816,0.0658412642778602,-0.221189636917423,0.155348372639563
hpt_v2_topology2_paper,topology2,fault,deep_lvrt,lvrt_120ms_0.500pu,0.006,prefault,rule_action,0,NaN,0.5,0.5,0.5,1,1,192.971896269114,848.075668574059,0.514216327315169,2.55240201748593,0.675977553153259,1.06009458571757,-0.0600945857175732,0.485783672684831,-0.253864342919063,-0.540529711430265,0.550385756566251,0.204694913351125,0,0,0,1,0,1,0,0,0,0,1,1,-5,-0.833050998430229,0.550422154598374,0.550422154598374,0.550422154598374,0.566058361341568,0.566058361341568,0.205065844911869,0.205065844911869,0.205065844911869,-0.156826275150033,-0.156826275150033,0,0,0,0.95,0.95,0,0,0,-0.95,-0.95,-0.0490094528181542,0.0490094528181542,-0.482408448520762,0.482408448520762,0.531417901338917,-0.531417901338917,0.263542264190457,-0.363742978330853,0.100200714140396
hpt_v2_topology2_paper,topology2,fault,deep_lvrt,lvrt_120ms_0.500pu,0.008,prefault,rule_action,0,NaN,0.5,0.5,0.5,1,1,207.055883566082,848.525338267357,0.667906689140709,2.289935865297,0.172703582999863,1.0606566728342,-0.0606566728341962,0.332093310859291,-0.262400245265613,-0.539438566500987,0.548953929882805,0.228097769048406,0,0,0,1,0,1,0,0,0,0,1,1,-5,-2.00210029200543,0.548929916192436,0.548929916192436,0.548929916192436,0.570977906716519,0.570977906716519,0.228339382879725,0.228339382879725,0.228339382879725,-0.165671834379143,-0.165671834379143,0,0,0,0.95,0.95,0,0,0,-0.95,-0.95,0.200208632289993,-0.200208632289993,-0.584907959557589,0.584907959557589,0.384699327267596,-0.384699327267596,0.465961935343237,-0.388317405613965,-0.0776445297292718
hpt_v2_topology2_paper,topology2,fault,deep_lvrt,lvrt_120ms_0.500pu,0.01,prefault,rule_action,0,NaN,0.5,0.5,0.5,1,1,215.730650576302,848.405768070809,0.787692932773457,1.91174004308966,0.0191440395634174,1.06050721008851,-0.0605072100885107,0.212307067226543,-0.205184234964237,-0.495568843841206,0.549815717109995,0.224235864626964,0,0,0,1,0,1,0,0,0,0,1,1,-4.85980186812163,-2.22344266028807,0.55032948628739,0.55032948628739,0.55032948628739,0.575018386866164,0.575018386866164,0.219677124017499,0.219677124017499,0.219677124017499,-0.143088913126688,-0.143088913126688,0,0,0,0.95,0.95,0,0,0,-0.95,-0.95,0.43618892157619,-0.43618892157619,-0.565434143578741,0.565434143578741,0.129245222002551,-0.129245222002551,0.570973048157792,-0.216866709546156,-0.354106338611635
hpt_v2_topology2_paper,topology2,fault,deep_lvrt,lvrt_120ms_0.500pu,0.012,prefault,rule_action,0,NaN,0.5,0.5,0.5,1,1,222.67978448028,849.32191896435,0.874818236297646,1.54544315723336,0.0482873137382779,1.06165239870544,-0.0616523987054372,0.125181763702354,-0.0868006297864586,-0.431602855741432,0.548537977832631,0.232963934695377,0,0,0,1,0,1,0,0,0,0,1,1,-3.11791910186887,-0.995838325919651,0.548464386117618,0.548464386117618,0.548464386117618,0.578320784981844,0.578320784981844,0.233260513812222,0.233260513812222,0.233260513812222,-0.144113565639397,-0.144113565639397,0,0,0,0.95,0.95,0,0,0,-0.95,-0.95,0.57140515757307,-0.57140515757307,-0.432467176124106,0.432467176124106,-0.138937981448964,0.138937981448964,0.466229207276377,0.113921984579347,-0.580151191855724
hpt_v2_topology2_paper,topology2,fault,deep_lvrt,lvrt_120ms_0.500pu,0.014,prefault,rule_action,0,NaN,0.5,0.5,0.5,1,1,224.62356464357,848.803765041978,0.940805229201482,1.4195203135118,0.13749003193922,1.06100470630247,-0.0610047063024728,0.0591947707985178,0.0748885541725063,-0.379123803342907,0.455669212365458,0.240658565230975,0,0,0,1,0,1,0,0,0,0,1,1,-5,0.62257496241358,0.453789771326975,0.453789771326975,0.453789771326975,0.489256175602717,0.489256175602717,0.241049784361229,0.241049784361229,0.241049784361229,-0.157030410227404,-0.157030410227404,0,0,0,0.95,0.95,0,0,0,-0.95,-0.95,0.510743955399479,-0.510743955399479,-0.206606463826113,0.206606463826113,-0.304137491573365,0.304137491573365,0.152319896003256,0.45992114273697,-0.612241038740227
hpt_v2_topology2_paper,topology2,fault,deep_lvrt,lvrt_120ms_0.500pu,0.016,prefault,rule_action,0,NaN,0.5,0.5,0.5,1,1,217.467164392616,847.27202954821,0.981643178731024,1.29726378396098,0.0330440091315249,1.05909003693526,-0.0590900369352623,0.0183568212689756,0.242789224761721,-0.327442344399025,0.247155009281256,0.238445367728354,0,0,0,1,0,1,0,0,0,0,1,1,-1.38021369894115,-0.000612462019988769,0.245200581136097,0.245200581136097,0.245200581136097,0.286988247513417,0.286988247513417,0.238866096158643,0.238866096158643,0.238866096158643,-0.186596041417624,-0.186596041417624,0,0,0,0.95,0.95,0,0,0,-0.95,-0.95,0.32572795768402,-0.32572795768402,-0.0716980540131007,0.0716980540131007,-0.254029903670919,0.254029903670919,-0.257242915683309,0.665029946125405,-0.407787030442096
hpt_v2_topology2_paper,topology2,fault,deep_lvrt,lvrt_120ms_0.500pu,0.018,prefault,rule_action,0,NaN,0.5,0.5,0.5,1,1,208.759344355007,851.299788442706,0.99694808500736,1.16386288909569,0.0420258773888894,1.06412473555338,-0.0641247355533821,0.00305191499263979,0.404616366406307,-0.277188680068836,0.0932018088687471,0.219421564476174,0,0,0,1,0,1,0,0,0,0,1,1,-0.819281723587473,-0.797632091661171,0.0921830594913856,0.0921830594913856,0.0921830594913856,0.136649351780668,0.136649351780668,0.220095943616492,0.220095943616492,0.220095943616492,-0.195619261606697,-0.195619261606697,0,0,0,0.95,0.95,0,0,0,-0.619735227821744,-0.619735227821744,0.220429688500619,-0.220429688500619,-0.0310756001241512,0.0310756001241512,-0.189354088376468,0.189354088376468,-0.6100810271685,0.592458718087875,0.0176223090806252
hpt_v2_topology2_paper,topology2,fault,deep_lvrt,lvrt_120ms_0.500pu,0.02,prefault,rule_action,0,NaN,0.5,0.5,0.5,1,1,193.273845831036,851.538104750485,0.984022575748929,1.10585046811061,0.0184954639390516,1.06442263093811,-0.0644226309381062,0.0159774242510707,0.521344540012303,-0.248012856507914,0.0601438810579789,0.173352838953226,0,0,0,1,0,1,0,0,0,0,1,1,-5,-1.18847030341773,0.0605344218083511,0.0605344218083511,0.0605344218083511,0.0973692065392213,0.0973692065392213,0.169441467767183,0.169441467767183,0.169441467767183,-0.151307847915074,-0.151307847915074,0,0,0,0.95,0.95,0,0,0,-0.00973349808431863,-0.00973349808431863,0.122258490765078,-0.122258490765078,0.0531982075496433,-0.0531982075496433,-0.175456698314722,0.175456698314722,-0.745234844200256,0.265178957327146,0.48005588687311
hpt_v2_topology2_paper,topology2,fault,deep_lvrt,lvrt_120ms_0.500pu,0.022,prefault,rule_action,0,NaN,0.5,0.5,0.5,1,1,192.359882566038,854.782634602377,0.962419007435705,1.10186626400975,0.0295153158774039,1.06847829325297,-0.0684782932529719,0.0375809925642954,0.581048028354703,-0.196663712499734,0.138685416202426,0.189535352875063,0,0,0,1,0,1,0,0,0,0,1,1,-1.00118486441203,-1.99313246395705,0.139642255557508,0.139642255557508,0.139642255557508,0.181106404365937,0.181106404365937,0.190608214836729,0.190608214836729,0.190608214836729,-0.151762714123314,-0.151762714123314,0,0,0,0.95,0.95,0,0,0,0.208125417407431,0.208125417407431,-0.00894325001386995,0.00894325001386995,0.208955370167074,-0.208955370167074,-0.200012120153204,0.200012120153204,-0.563229967503058,-0.216507508689094,0.779737476192153
hpt_v2_topology2_paper,topology2,fault,deep_lvrt,lvrt_120ms_0.500pu,0.024,prefault,rule_action,0,NaN,0.5,0.5,0.5,1,1,206.276888435307,852.934487538606,0.95857037339853,1.03889105405607,0.0421473100442552,1.06616810942326,-0.0661681094232569,0.0414296266014704,0.593497387567946,-0.119600035216697,0.21119772185199,0.229522938098814,0,0,0,0,0,1,0,0,0,0,1,1,2.1183062441088,-0.465286724982805,0.211475155168669,0.211475155168669,0.211475155168669,0.261764556854099,0.261764556854099,0.230062632257496,0.230062632257496,0.230062632257496,-0.170674757330537,-0.170674757330537,0,0,0,0.95,0.95,0,0,0,0.95,0.95,-0.191409706037454,0.191409706037454,0.309619930414261,-0.309619930414261,-0.118210224376807,0.118210224376807,-0.117506726809612,-0.669632161775931,0.787138888585542
hpt_v2_topology2_paper,topology2,fault,deep_lvrt,lvrt_120ms_0.500pu,0.026,prefault,rule_action,0,NaN,0.5,0.5,0.5,1,1,206.41270218239,855.947059058079,0.968660983767811,1.03998967949354,0.0681082976088385,1.0699338238226,-0.0699338238225988,0.031339016232189,0.602640280087663,-0.0513077994623725,0.198746059935128,0.230764454361244,0,0,0,0,0,1,0,0,0,0,1,1,-2.17700016667965,1.78387544805481,0.198436091130787,0.198436091130787,0.198436091130787,0.250345848326986,0.250345848326986,0.23128759496976,0.23128759496976,0.23128759496976,-0.173775113510548,-0.173775113510548,0,0,0,0.95,0.95,0,0,0,0.95,0.95,-0.277852553284803,0.277852553284803,0.24733104758196,-0.24733104758196,0.030521505702843,-0.030521505702843,0.405714394332674,-0.860069440570697,0.454355046238024
hpt_v2_topology2_paper,topology2,fault,deep_lvrt,lvrt_120ms_0.500pu,0.028,prefault,rule_action,0,NaN,0.5,0.5,0.5,1,1,202.728562454008,853.870213657901,0.976921608306415,1.02450440500206,0.0251333556636852,1.06733776707238,-0.0673377670723758,0.0230783916935853,0.607669995809386,0.0470574195149722,0.154544637482856,0.223490355169741,0,0,0,0,0,1,0,0,0,0,1,1,-3.68699494951641,-1.81481882100698,0.15420722873478,0.15420722873478,0.15420722873478,0.206212243584076,0.206212243584076,0.224110483767478,0.224110483767478,0.224110483767478,-0.177431363982175,-0.177431363982175,0,0,0,0.95,0.95,0,0,0,0.95,0.95,-0.272039258500337,0.272039258500337,0.136142602236042,-0.136142602236042,0.135896656264295,-0.135896656264295,0.841653005999758,-0.760436735343628,-0.08121627065613
hpt_v2_topology2_paper,topology2,fault,deep_lvrt,lvrt_120ms_0.500pu,0.03,prefault,rule_action,0,NaN,0.5,0.5,0.5,1,1,201.633630441215,852.545148754604,0.974273818299063,0.998881825026389,0.0226221930299801,1.06568143594325,-0.0656814359432545,0.0257261817009371,0.601097972157235,0.131926897033822,0.141812277300029,0.218773138358347,0,0,0,0,0,1,0,0,0,0,1,1,-5,-0.416853734528599,0.14184233514829,0.14184233514829,0.14184233514829,0.19305479131331,0.19305479131331,0.219203948477029,0.219203948477029,0.219203948477029,-0.175782441157285,-0.175782441157285,0,0,0,0.95,0.95,0,0,0,0.95,0.95,-0.22829458123393,0.22829458123393,0.0044276367914157,-0.0044276367914157,0.223866944442514,-0.223866944442514,0.935148190636013,-0.294420975297933,-0.640727215338081
hpt_v2_topology2_paper,topology2,fault,deep_lvrt,lvrt_120ms_0.500pu,0.032,prefault,rule_action,0,NaN,0.5,0.5,0.5,1,1,198.959181710886,856.093653107204,0.9718818047657,1.02152193491684,0.0552401446291561,1.070117066384,-0.0701170663840047,0.0281181952343001,0.579862042676076,0.210140614940237,0.14864159783395,0.193137479787187,0,0,0,0,0,1,0,0,0,0,1,1,-5,2.07536335493663,0.148759201770819,0.148759201770819,0.148759201770819,0.192775500859744,0.192775500859744,0.193325547283957,0.193325547283957,0.193325547283957,-0.149471313677266,-0.149471313677266,0,0,0,0.95,0.95,0,0,0,0.95,0.95,-0.103356012014403,0.103356012014403,-0.139675597547732,0.139675597547732,0.243031609562135,-0.243031609562135,0.617414231186125,0.312081402770899,-0.929495633957024
hpt_v2_topology2_paper,topology2,fault,deep_lvrt,lvrt_120ms_0.500pu,0.034,prefault,rule_action,0,NaN,0.5,0.5,0.5,1,1,197.705184529345,851.530955118227,0.96778838875902,1.03220578724279,0.0476266465690588,1.06441369389778,-0.0644136938977835,0.0322116112409803,0.575589204725767,0.28576601823362,0.164850840231465,0.131158533749339,0,0,0,0,0,1,0,0,0,0,1,1,-5,-1.34004399891996,0.165057962667329,0.165057962667329,0.165057962667329,0.192313211051378,0.192313211051378,0.130844845315667,0.130844845315667,0.130844845315667,-0.0859077030345835,-0.0859077030345835,0,0,0,0.95,0.95,0,0,0,0.95,0.95,0.0747418535555428,-0.0747418535555428,-0.207910130289717,0.207910130289717,0.133168276734175,-0.133168276734175,0.057677071632028,0.808180526049833,-0.865857597681861
hpt_v2_topology2_paper,topology2,fault,deep_lvrt,lvrt_120ms_0.500pu,0.036,prefault,rule_action,0,NaN,0.5,0.5,0.5,1,1,197.402926740341,855.898851511483,0.963144346866064,1.01184766892,0.0341906877407014,1.06987356438935,-0.0698735643893535,0.0368556531339357,0.572823486071145,0.345231096650088,0.188400958033114,0.0387259187799148,0,0,0,0,0,1,0,0,0,0,1,1,-5,-1.82323509270588,0.188640834026623,0.188640834026623,0.188640834026623,0.19217229932417,0.19217229932417,0.0376800817838418,0.0376800817838418,0.0376800817838418,0.00865795576095374,0.00865795576095374,0,0,0,0.95,0.95,0,0,0,0.95,0.95,0.189662869356354,-0.189662869356354,-0.12266777081925,0.12266777081925,-0.0669950985371039,0.0669950985371039,-0.5367863682576,0.95,-0.469987882715277
hpt_v2_topology2_paper,topology2,fault,deep_lvrt,lvrt_120ms_0.500pu,0.038,prefault,rule_action,0,NaN,0.5,0.5,0.5,1,1,201.971692191681,866.543218886071,0.958982768643401,1.05128648060896,0.011252319234669,1.08317902360759,-0.0831790236075891,0.0410172313565988,0.560870012489467,0.357262387787582,0.216076092719215,-0.0926255646693876,0,0,0,0,0,1,0,0,0,0,1,1,-2.31249174343939,3.05891770643019,0.216257698090911,0.216257698090911,0.216257698090911,0.189345254902868,0.189345254902868,-0.0925872781331462,-0.0925872781331462,-0.0925872781331462,0.139600037612646,0.139600037612646,0,0,0,0.95,0.95,0,0,0,0.95,0.95,0.123646733890396,-0.123646733890396,0.111492705420989,-0.111492705420989,-0.235139439311385,0.235139439311385,-0.925942129144818,0.778792341608309,0.147149787536509
hpt_v2_topology2_paper,topology2,fault,deep_lvrt,lvrt_120ms_0.500pu,0.04,prefault,rule_action,0,NaN,0.5,0.5,0.5,1,1,203.655491592591,869.357645185733,0.964432922242232,1.05144705620127,0.0217978408396998,1.08669705648217,-0.0866970564821665,0.0355670777577682,0.573141407913446,0.357202429030825,0.212810058196332,-0.199994032365149,0,0,0,0,0,1,0,0,0,0,1,1,-4.60771157314754,0.153514186959969,0.21262826589296,0.21262826589296,0.21262826589296,0.164615955146316,0.164615955146316,-0.200927445266947,-0.200927445266947,-0.200927445266947,0.241835078161575,0.241835078161575,0,0,0,0.95,0.95,0,0,0,0.95,0.95,-0.113918879028587,0.113918879028587,0.290312883969833,-0.290312883969833,-0.176394004941246,0.176394004941246,-0.95,0.270406634609379,0.699399279688906
hpt_v2_topology2_paper,topology2,fault,deep_lvrt,lvrt_120ms_0.500pu,0.042,prefault,rule_action,0,NaN,0.5,0.5,0.5,1,1,206.876178981293,892.053095478236,0.972965810489358,1.03461258311141,0.0391952878749193,1.11506636934779,-0.115066369347795,0.027034189510642,0.556218493894803,0.368363800039018,0.183318846191944,-0.229431860821203,0,0,0,0,0,1,0,0,0,0,1,1,-5,-2.37573580463257,0.182893147726179,0.182893147726179,0.182893147726179,0.133837206997395,0.133837206997395,-0.229972769343587,-0.229972769343587,-0.229972769343587,0.261581689244269,0.261581689244269,0,0,0,0.95,0.95,0,0,0,0.95,0.95,-0.268668641139308,0.268668641139308,0.237367832325926,-0.237367832325926,0.0313008088133811,-0.0313008088133811,-0.64023669742564,-0.377681142650852,0.95
hpt_v2_topology2_paper,topology2,fault,deep_lvrt,lvrt_120ms_0.500pu,0.044,prefault,rule_action,0,NaN,0.5,0.5,0.5,1,1,203.450011501413,907.98303444775,0.978301608913606,1.03589430873393,0.0271961331250737,1.13497879305969,-0.134978793059687,0.0216983910863937,0.551014906024075,0.389156282928887,0.144464025122204,-0.209776441303248,0,0,0,0,0,1,0,0,0,0,1,1,-5,-0.522782986883019,0.144157984655025,0.144157984655025,0.144157984655025,0.10396824448128,0.10396824448128,-0.210579422085871,-0.210579422085871,-0.210579422085871,0.233057550157249,0.233057550157249,0,0,0,0.95,0.95,0,0,0,0.95,0.95,-0.245852331031983,0.245852331031983,0.063669211038322,-0.063669211038322,0.182183119993661,-0.182183119993661,-0.0179310454452795,-0.878802957857186,0.896734003302466
hpt_v2_topology2_paper,topology2,fault,deep_lvrt,lvrt_120ms_0.500pu,0.046,prefault,rule_action,0,NaN,0.5,0.5,0.5,1,1,202.066243012559,934.408865527765,0.980223051499295,1.06586119142059,0.0218579047906184,1.16801108190971,-0.168011081909706,0.019776948500705,0.538863629413476,0.373261535481506,0.121179828945381,-0.235431696068833,0,0,0,0,0,1,0,0,0,0,1,1,-2.93394640562217,1.04222792001418,0.121040776714162,0.121040776714162,0.121040776714162,0.0815267098754442,0.0815267098754442,-0.235892606787915,-0.235892606787915,-0.235892606787915,0.252288698006174,0.252288698006174,0,0,0,0.95,0.95,0,0,0,0.95,0.95,-0.13895612285228,0.13895612285228,-0.126073825844146,0.126073825844146,0.265029948696426,-0.265029948696426,0.577432635177933,-0.95,0.397279960999304
hpt_v2_topology2_paper,topology2,fault,deep_lvrt,lvrt_120ms_0.500pu,0.048,prefault,rule_action,0,NaN,0.5,0.5,0.5,1,1,202.668760365666,952.00461310617,0.981283116509926,1.04315438709888,0.048583731329267,1.19000576638271,-0.190005766382713,0.0187168834900741,0.506454512381219,0.38266104703814,0.111723456077203,-0.221094430512979,0,0,0,0,0,1,0,0,0,0,1,1,-5,-2.24364755337736,0.111631337296766,0.111631337296766,0.111631337296766,0.0791309304717335,0.0791309304717335,-0.221746504772806,-0.221746504772806,-0.221746504772806,0.235311206040635,0.235311206040635,0,0,0,0.95,0.95,0,0,0,0.95,0.95,0.019883453184905,-0.019883453184905,-0.224250585721743,0.224250585721743,0.204367132536838,-0.204367132536838,0.95,-0.714611521592354,-0.266485897302482
hpt_v2_topology2_paper,topology2,fault,deep_lvrt,lvrt_120ms_0.500pu,0.05,prefault,rule_action,0,NaN,0.5,0.5,0.5,1,1,205.947314578053,963.786965190547,0.985121758035546,1.10222225652522,0.033259907108592,1.20473370648818,-0.204733706488184,0.0148782419644535,0.461419907844073,0.393917447283319,0.100502122261286,-0.224836470377643,0,0,0,1,0,1,0,0,0,0,1,1,-5,-0.717608980180362,0.100273002697815,0.100273002697815,0.100273002697815,0.0720411073438342,0.0720411073438342,-0.225438650772608,-0.225438650772608,-0.225438650772608,0.235981650102045,0.235981650102045,0,0,0,0.95,0.95,0,0,0,0.95,0.95,0.169076442876125,-0.169076442876125,-0.240158954624308,0.240158954624308,0.0710825117481831,-0.0710825117481831,0.91747629268533,-0.145872504438974,-0.771603788246356
hpt_v2_topology2_paper,topology2,fault,deep_lvrt,lvrt_120ms_0.500pu,0.052,prefault,rule_action,0,NaN,0.5,0.5,0.5,1,1,204.651575022499,967.286102400678,0.989490033323477,1.10752919834395,0.0563047530054306,1.20910762800085,-0.209107628000848,0.0105099666765232,0.428508093737877,0.394124992443723,0.0774802353498866,-0.2387748127675,0,0,0,1,0,1,0,0,0,0,1,1,-5,0.976979443651382,0.0772319097237351,0.0772319097237351,0.0772319097237351,0.0524080291271926,0.0524080291271926,-0.239191148597267,-0.239191148597267,-0.239191148597267,0.24582630438962,0.24582630438962,0,0,0,0.95,0.95,0,0,0,0.95,0.95,0.2505700887839,-0.2505700887839,-0.1424271866228,0.1424271866228,-0.108142902161099,0.108142902161099,0.488508096039585,0.480794878144462,-0.95
hpt_v2_topology2_paper,topology2,fault,deep_lvrt,lvrt_120ms_0.500pu,0.054,prefault,rule_action,0,NaN,0.5,0.5,0.5,1,1,203.458413880062,964.123394647351,0.989627639460306,1.0859799327649,0.0768417066357202,1.20515424330919,-0.205154243309189,0.0103723605396941,0.400197751368858,0.412840328276715,0.0655077953351582,-0.21234722654329,0,0,0,1,0,1,0,0,0,0,1,1,-5,-2.18457941258121,0.0654088276509866,0.0654088276509866,0.0654088276509866,0.0476401976844659,0.0476401976844659,-0.213115930189379,-0.213115930189379,-0.213115930189379,0.217777698582168,0.217777698582168,0,0,0,0.95,0.95,0,0,0,0.95,0.95,0.187748832889531,-0.187748832889531,0.0102184153825739,-0.0102184153825739,-0.197967248272105,0.197967248272105,-0.144952583299539,0.947700775670195,-0.802748192370656
hpt_v2_topology2_paper,topology2,fault,deep_lvrt,lvrt_120ms_0.500pu,0.056,prefault,rule_action,0,NaN,0.5,0.5,0.5,1,1,208.825338709643,956.545399907484,0.991891749276686,1.13892913448763,0.0412043705110691,1.19568174988436,-0.195681749884355,0.00810825072331389,0.351747658506862,0.428474532479496,0.0598254498184365,-0.208590739813897,0,0,0,1,0,1,0,0,0,0,1,1,-0.482396545210761,-0.815911164260052,0.0596331932081982,0.0596331932081982,0.0596331932081982,0.04628375304266,0.04628375304266,-0.209409529949712,-0.209409529949712,-0.209409529949712,0.212758744051218,0.212758744051218,0,0,0,0.95,0.95,0,0,0,0.95,0.95,0.074054215265495,-0.074054215265495,0.14029556893608,-0.14029556893608,-0.214349784201575,0.214349784201575,-0.718094362280122,0.95,-0.250082269535749
hpt_v2_topology2_paper,topology2,fault,deep_lvrt,lvrt_120ms_0.500pu,0.058,prefault,rule_action,0,NaN,0.5,0.5,0.5,1,1,207.534719012112,937.341735726703,0.993416200247642,1.09330309952756,0.012415944792888,1.17167716965838,-0.171677169658378,0.00658379975235768,0.3498167565024,0.452001067420337,0.0451865887896202,-0.235320860512615,0,0,0,1,0,1,0,0,0,0,1,1,0.884050044097639,1.08466388267714,0.0450756913206013,0.0450756913206013,0.0450756913206013,0.0346914456711772,0.0346914456711772,-0.231673846468482,-0.231673846468482,-0.231673846468482,0.233454690856225,0.233454690856225,0,0,0,0.95,0.95,0,0,0,0.95,0.95,-0.0860716090247203,0.0860716090247203,0.233357112841382,-0.233357112841382,-0.147285503816662,0.147285503816662,-0.95,0.588056318895307,0.431329914334115
hpt_v2_topology2_paper,topology2,fault,deep_lvrt,lvrt_120ms_0.500pu,0.06,prefault,rule_action,0,NaN,0.5,0.5,0.5,1,1,208.34295898899,941.738342321974,0.993582853751461,1.08774864778595,0.00160416816544675,1.17717292790247,-0.177172927902468,0.00641714624853917,0.353550479047016,0.42850985430355,0.0403133610081539,-0.219420701139709,0,0,0,1,0,1,0,0,0,0,1,1,-1.7348630189018,-1.94343442638512,0.0402549964479361,0.0402549964479361,0.0402549964479361,0.0345602909714836,0.0345602909714836,-0.215560726459955,-0.215560726459955,-0.215560726459955,0.216546710478209,0.216546710478209,0,0,0,0.95,0.95,0,0,0,0.95,0.95,-0.186856658667541,0.186856658667541,0.192819528551442,-0.192819528551442,-0.0059628698839014,0.0059628698839014,-0.874175714993252,-0.040575281162682,0.914750996155934
hpt_v2_topology2_paper,topology2,fault,deep_lvrt,lvrt_120ms_0.500pu,0.062,prefault,rule_action,0,NaN,0.5,0.5,0.5,1,1,209.750241027325,941.535161594693,0.997522261071176,1.07952389448577,0.0498801693625555,1.17691895199337,-0.176918951993366,0.00247773892882397,0.319491417432281,0.432447814053447,0.0280763048016695,-0.231827462748121,0,0,0,0,0,1,0,0,0,0,1,1,5,-0.789081301746819,0.0278869585776661,0.0278869585776661,0.0278869585776661,0.025761665407289,0.025761665407289,-0.232336429911479,-0.232336429911479,-0.232336429911479,0.232581675370539,0.232581675370539,0,0,0,0.95,0.95,0,0,0,0.95,0.95,-0.231282552618424,0.231282552618424,0.0848239113541633,-0.0848239113541633,0.14645864126426,-0.14645864126426,-0.384357900434142,-0.659428769722635,0.95
hpt_v2_topology2_paper,topology2,fault,deep_lvrt,lvrt_120ms_0.500pu,0.064,prefault,rule_action,0,NaN,0.5,0.5,0.5,1,1,205.763658352984,933.590484971177,0.996514847213357,1.08802950681476,0.0358430284808857,1.16698810621397,-0.166988106213972,0.00348515278664296,0.314380407781684,0.447195765621103,0.0200059062153694,-0.226709647156983,0,0,0,1,0,1,0,0,0,0,1,1,4.45302593693553,1.47813273934005,0.0199993855405672,0.0199993855405672,0.0199993855405672,0.0216256622055244,0.0216256622055244,-0.227286851861557,-0.227286851861557,-0.227286851861557,0.227137885843181,0.227137885843181,0,0,0,0.95,0.95,0,0,0,0.95,0.95,-0.155090472420342,0.155090472420342,-0.0673846618843191,0.0673846618843191,0.222475134304661,-0.222475134304661,0.288473342783095,-0.95,0.71892532901154
hpt_v2_topology2_paper,topology2,fault,deep_lvrt,lvrt_120ms_0.500pu,0.066,prefault,rule_action,0,NaN,0.5,0.5,0.5,1,1,208.291288497851,935.566617471712,0.993824156839545,1.0500213981083,0.0337343531359961,1.16945827183964,-0.16945827183964,0.00617584316045527,0.323335175811727,0.421179058591027,0.0284801966352558,-0.193814447404883,0,0,0,0,0,1,0,0,0,0,1,1,4.23414865807947,-1.23841865176066,0.0285615903027664,0.0285615903027664,0.0285615903027664,0.0329478612031894,0.0329478612031894,-0.194830254772818,-0.194830254772818,-0.194830254772818,0.19413662987082,0.19413662987082,0,0,0,0.95,0.95,0,0,0,0.95,0.95,-0.032355668202103,0.032355668202103,-0.152035653803441,0.152035653803441,0.184391322005544,-0.184391322005544,0.835769012721508,-0.95,0.12185929434258
hpt_v2_topology2_paper,topology2,fault,deep_lvrt,lvrt_120ms_0.500pu,0.068,prefault,rule_action,0,NaN,0.5,0.5,0.5,1,1,208.823271847584,933.250826276888,0.992629009915623,1.00070397186878,0.0842361654571336,1.16656353284611,-0.16656353284611,0.00737099008437714,0.300300719508407,0.419391956855643,0.0368373526013029,-0.214472307935296,0,0,0,0,0,1,0,0,0,0,1,1,3.05128524885145,-2.5884724373042,0.0368965551595857,0.0368965551595857,0.0368965551595857,0.0447719702657761,0.0447719702657761,-0.215212677162826,-0.215212677162826,-0.215212677162826,0.213713178987061,0.213713178987061,0,0,0,0.95,0.95,0,0,0,0.95,0.95,0.094956554828658,-0.094956554828658,-0.217759893177688,0.217759893177688,0.12280333834903,-0.12280333834903,0.95,-0.535097660899785,-0.550181826336934
hpt_v2_topology2_paper,topology2,fault,deep_lvrt,lvrt_120ms_0.500pu,0.07,prefault,rule_action,0,NaN,0.5,0.5,0.5,1,1,206.181884995956,920.190944717572,0.995757313746883,1.05356976091579,0.018803573382775,1.15023868089697,-0.150238680896966,0.00424268625311741,0.290787653902919,0.426587362336222,0.0320353583985222,-0.230763259705139,0,0,0,0,0,1,0,0,0,0,1,1,1.12201364087605,1.83398697231318,0.0319250083188516,0.0319250083188516,0.0319250083188516,0.0432484327606975,0.0432484327606975,-0.227348879356198,-0.227348879356198,-0.227348879356198,0.225469049238296,0.225469049238296,0,0,0,0.95,0.95,0,0,0,0.95,0.95,0.20673947555353,-0.20673947555353,-0.189822795914675,0.189822795914675,-0.0169166796388555,0.0169166796388555,0.848727981215428,0.130581233678349,-0.95
hpt_v2_topology2_paper,topology2,fault,deep_lvrt,lvrt_120ms_0.500pu,0.072,prefault,rule_action,0,NaN,0.5,0.5,0.5,1,1,204.490727556892,913.21488333982,0.996683043135151,1.0215741121519,0.0577554879511014,1.14151860417478,-0.141518604174775,0.0033169568648489,0.309758422915961,0.407621237336864,0.0203049181843469,-0.224944696593021,0,0,0,0,0,1,1,0,0.0148333333333379,0,0.996093289703328,1.05991269268568,-5,-0.448665708931983,0.0202818820424187,0.0202818820424187,0.0202818820424187,0.0343062558383223,0.0343062558383223,-0.225545433971781,-0.225545433971781,-0.225545433971781,0.223841860104532,0.223841860104532,0,0,0,0.95,0.95,0,0,0,0.95,0.95,0.219845921284424,-0.219845921284424,-0.0628867903636046,0.0628867903636046,-0.156959130920819,0.156959130920819,0.276861182537606,0.757349421382985,-0.95
hpt_v2_topology2_paper,topology2,fault,deep_lvrt,lvrt_120ms_0.500pu,0.074,prefault,rule_action,0,NaN,0.5,0.5,0.5,1,1,209.092275914687,915.243467751644,0.998765293110978,0.970019187481326,0.0475366779425399,1.14405433468956,-0.144054334689555,0.00123470688902239,0.277690183357596,0.394076801469147,0.0158780793599201,-0.184693364459959,0,0,0,0,0,1,1,0,0.0315000000000096,0,0.976020825842168,1.10522233430018,-5,-2.3439217194432,0.0157586218806257,0.0157586218806257,0.0157586218806257,0.0293283509618716,0.0293283509618716,-0.18473308888654,-0.18473308888654,-0.18473308888654,0.183069648284461,0.183069648284461,0,0,0,0.95,0.95,0,0,0,0.95,0.95,0.11678736315043,-0.11678736315043,0.0663120523592411,-0.0663120523592411,-0.183099415509671,0.183099415509671,-0.394386466675411,0.95,-0.686587137068074
hpt_v2_topology2_paper,topology2,fault,deep_lvrt,lvrt_120ms_0.500pu,0.076,prefault,rule_action,0,NaN,0.5,0.5,0.5,1,1,206.008673849719,895.735186850162,0.999358029059736,1.06788287182328,0.0385502907192723,1.1196689835627,-0.119668983562703,0.000641970940264192,0.257806565127226,0.42435320670472,0.00768810142593147,-0.122895485227916,0,0,0,0,0,1,1,0,0.0481666666666814,0,0.976020825842168,1.10522233430018,-3.40240088874033,2.0560290158127,0.00762640541636995,0.00762640541636995,0.00762640541636995,0.0177811592584003,0.0177811592584003,-0.122543387830856,-0.122543387830856,-0.122543387830856,0.121486107584636,0.121486107584636,0,0,0,0.95,0.95,0,0,0,0.95,0.95,0.00266980422895803,-0.00266980422895803,0.104970963572759,-0.104970963572759,-0.107640767801717,0.107640767801717,-0.906699886272384,0.95,-0.0557385660679421
hpt_v2_topology2_paper,topology2,fault,deep_lvrt,lvrt_120ms_0.500pu,0.078,prefault,rule_action,0,NaN,0.5,0.5,0.5,1,1,204.50513038568,876.474229231836,0.998704515661199,1.06274576462405,0.0523127648033806,1.0955927865398,-0.0955927865397954,0.00129548433880122,0.272384976891294,0.419098972096926,0.00493511561132831,-0.0501975842118506,0,0,0,0,0,1,1,0,0.0648333333333532,0,0.976020825842168,1.10522233430018,-0.201969210934516,0.0668123722351588,0.00495160915584434,0.00495160915584434,0.00495160915584434,0.00949767441796523,0.00949767441796523,-0.0503619618554291,-0.0503619618554291,-0.0503619618554291,0.0497055310384093,0.0497055310384093,0,0,0,0.95,0.95,0,0,0,0.95,0.95,-0.0274917074345359,0.0274917074345359,0.0505397219988222,-0.0505397219988222,-0.0230480145642864,0.0230480145642864,-0.95,0.479439187450886,0.625645718380709
hpt_v2_topology2_paper,topology2,fault,deep_lvrt,lvrt_120ms_0.500pu,0.08,fault,rule_action,0,NaN,0.5,0.5,0.5,1,1,209.039311059403,877.191741090412,0.995086337594096,1.00105156795132,0.0235216156750955,1.09648967636302,-0.0964896763630152,0.00491366240590363,0.251193758140452,0.395073824909056,0.0187721725804934,-0.0463477911045285,0,0,0,0,0,1,1,0,0.081500000000025,0,0.976020825842168,1.10522233430018,-2.49545162145881,-2.76859778980176,0.018888878455109,0.018888878455109,0.018888878455109,0.0233603744151158,0.0233603744151158,-0.0470432140139076,-0.0470432140139076,-0.0470432140139076,0.0449905170145421,0.0449905170145421,0,0,0,0.95,0.95,0,0,0,0.95,0.95,-0.0403533514185267,0.0403533514185267,0.0467491343367091,-0.0467491343367091,-0.00639578291818247,0.00639578291818247,-0.834919997214464,-0.213870470812837,0.95
hpt_v2_topology2_paper,topology2,fault,deep_lvrt,lvrt_120ms_0.500pu,0.082,fault,rule_action,0,NaN,0.5,0.5,0.5,1,1,204.741264299471,854.638112211152,0.995984905892157,1.00712371327497,0.0687957364537379,1.06829764026394,-0.0682976402639397,0.0040150941078434,0.250469310189916,0.395359243201259,0.0195165945367271,-0.0219801621307178,0,0,0,0,0,1,1,0,0.0981666666666967,0,0.976020825842168,1.10522233430018,-5,-0.792234097899191,0.0195563196724298,0.0195563196724298,0.0195563196724298,0.0216010179236422,0.0216010179236422,-0.021142447612762,-0.021142447612762,-0.021142447612762,0.0190485893139397,0.0190485893139397,0,0,0,0.95,0.95,0,0,0,0.95,0.95,-0.0266432795191024,0.0266432795191024,0.0227921883176717,-0.0227921883176717,0.00385109120143069,-0.00385109120143069,-0.279316215379506,-0.842108088606173,0.95
hpt_v2_topology2_paper,topology2,fault,deep_lvrt,lvrt_120ms_0.500pu,0.084,fault,rule_action,0,NaN,0.5,0.5,0.5,1,1,190.681484270964,852.090580347211,0.983127567456982,0.931937874111233,0.13100415224643,1.06511322543401,-0.0651132254340134,0.0168724325430176,0.195001783415008,0.381607485088567,0.0491646629362742,0.127472939111399,0,0,0,0,0,1,1,0,0.114833333333368,0,0.870281969269701,1.10522233430018,1.54694714498371,0.7404316970121,0.0499203512359604,0.0499203512359604,0.0499203512359604,0.0364690324848461,0.0364690324848461,0.12890220882146,0.12890220882146,0.12890220882146,-0.13333353132724,-0.13333353132724,0,0,0,0.95,0.95,0,0,0,0.95,0.95,0.0325750917469388,-0.0325750917469388,0.100052529888018,-0.100052529888018,-0.132627621634957,0.132627621634957,0.402683469238307,-0.95,0.709719614764337
hpt_v2_topology2_paper,topology2,fault,deep_lvrt,lvrt_120ms_0.500pu,0.086,fault,rule_action,0,NaN,0.5,0.5,0.5,1,1,175.475348763942,840.545182353256,0.945546594685538,0.805280925798853,0.174610977784448,1.05068147794157,-0.0506814779415705,0.0544534053144615,0.0905102923852873,0.393168266073071,0.19010415739362,0.193691985692404,0,0,1,0,0,1,1,0,0.13150000000004,0,0.805280925798853,1.10522233430018,-1.67436236982299,-1.0364346923708,0.192123745117085,0.192123745117085,0.192123745117085,0.17171835263685,0.17171835263685,0.193262511075443,0.193262511075443,0.193262511075443,-0.21160042295016,-0.21160042295016,0,0,0,0.95,0.95,0,0,0,0.95,0.95,-0.189804615674014,0.189804615674014,0.264245464239561,-0.264245464239561,-0.0744408485655472,0.0744408485655472,0.928147706601974,-0.95,0.075398438957803
hpt_v2_topology2_paper,topology2,fault,deep_lvrt,lvrt_120ms_0.500pu,0.088,fault,rule_action,0,NaN,0.5,0.5,0.5,1,1,189.362903902029,767.953991589163,0.921662781838895,0.809461864509342,0.15161077024159,0.959942489486453,0.0400575105135468,0.0783372181611052,-0.0022760736172988,0.509400244832782,0.384820044851568,0.0514031732879167,0,0,1,0,0,1,1,0,0.148166666666712,0,0.760629126034179,1.10522233430018,-5,-0.106326890546016,0.386241397606199,0.386241397606199,0.386241397606199,0.379369599204312,0.379369599204312,0.0487288372227886,0.0487288372227886,0.0487288372227886,-0.0873820576630859,-0.0873820576630859,0,0,0,0.95,0.95,0,0,0,0.95,0.95,-0.345751776185058,0.345751776185058,0.0179259944169777,-0.0179259944169777,0.32782578176808,-0.32782578176808,0.95,-0.551757420338202,-0.648219209118113
hpt_v2_topology2_paper,topology2,fault,deep_lvrt,lvrt_120ms_0.500pu,0.09,fault,rule_action,0,NaN,0.5,0.5,0.5,1,1,221.817601824017,684.368009650835,0.949374247385965,0.833503770790071,0.11854929291674,0.855460012063544,0.144539987936456,0.0506257526140346,0.106410800644196,0.618244414883368,0.373829997536859,-0.176224909819614,0,0,1,0,0,1,1,0,0.164833333333384,0,0.760629126034179,1.10522233430018,1.2349100319653,2.76938943852567,0.372017819076409,0.372017819076409,0.372017819076409,0.388491033796729,0.388491033796729,-0.177475244355352,-0.177475244355352,-0.177475244355352,0.137729578264469,0.137729578264469,0,0,0,0.95,0.95,0,0,0,0.95,0.95,0.0490787178029491,-0.0490787178029491,-0.378960717803748,0.378960717803748,0.329882000000798,-0.329882000000798,0.95,0.27591373427714,-0.95
hpt_v2_topology2_paper,topology2,fault,deep_lvrt,lvrt_120ms_0.500pu,0.092,fault,rule_action,0,NaN,0.5,0.5,0.5,1,1,221.652563662163,771.190845556317,0.993622025313175,0.788395938337693,0.222509518947142,0.963988556945396,0.0360114430546044,0.00637797468682466,0.328847748977512,0.557764866675274,0.140926255475498,-0.244926810524698,0,0,1,0,0,1,1,0,0.181500000000056,0,0.760629126034179,1.10522233430018,-5,1.27128984796254,0.138519413229321,0.138519413229321,0.138519413229321,0.164173892961102,0.164173892961102,-0.245261119717702,-0.245261119717702,-0.245261119717702,0.228883327388809,0.228883327388809,0,0,0,0.95,0.95,0,0,0,0.95,0.95,0.27636494028503,-0.27636494028503,-0.18532372968096,0.18532372968096,-0.0910412106040701,0.0910412106040701,0.257402431256502,0.95,-0.95
hpt_v2_topology2_paper,topology2,fault,deep_lvrt,lvrt_120ms_0.500pu,0.094,fault,rule_action,0,NaN,0.5,0.5,0.5,1,1,187.596891163914,902.755159597271,0.992877146240083,0.859709144489808,0.0912809220533718,1.12844394949659,-0.128443949496589,0.00712285375991717,0.359085357904119,0.401408655563742,-0.0158006411672012,-0.244703090340299,0,0,1,0,0,1,1,0,0.198166666666727,0,0.760629126034179,1.10522233430018,-5,-2.20202096302602,-0.0160554889440701,-0.0160554889440701,-0.0160554889440701,0.010758741615251,0.010758741615251,-0.244045532775536,-0.244045532775536,-0.244045532775536,0.244336346603989,0.244336346603989,0,0,0,0.95,0.95,0,0,0,0.95,0.95,0.128179430648629,-0.128179430648629,0.116297439882594,-0.116297439882594,-0.244476870531223,0.244476870531223,-0.420251537383794,0.95,-0.723457229288633
hpt_v2_topology2_paper,topology2,fault,deep_lvrt,lvrt_120ms_0.500pu,0.096,fault,rule_action,0,NaN,0.5,0.5,0.5,1,1,164.627428363878,917.301351261662,0.937972986190279,0.895408999341637,0.0943038351416984,1.14662668907708,-0.146626689077077,0.0620270138097212,0.220602530231318,0.321563760530208,0.116477630302688,-0.230690620406191,0,0,1,0,0,1,1,0,0.214833333333399,0,0.760629126034179,1.10522233430018,0.289248087304794,1.30869326103533,0.119050832715207,0.119050832715207,0.119050832715207,0.143889928722303,0.143889928722303,-0.231214745467442,-0.231214745467442,-0.231214745467442,0.216631132813474,0.216631132813474,0,0,0,0.95,0.95,0,0,0,0.95,0.95,0.115227645693655,-0.115227645693655,0.144294477427683,-0.144294477427683,-0.259522123121338,0.259522123121338,-0.86734446520599,0.95,-0.104665939941832
hpt_v2_topology2_paper,topology2,fault,deep_lvrt,lvrt_120ms_0.500pu,0.098,fault,rule_action,0,NaN,0.5,0.5,0.5,1,1,198.760563044461,837.997187068218,0.913695956423679,0.870554507695035,0.159190779341312,1.04749648383527,-0.0474964838352727,0.0863040435763213,0.100523863571309,0.380367332177553,0.353461540111613,-0.257275526058608,0,0,1,0,0,1,1,0,0.231500000000071,0,0.760629126034179,1.10522233430018,1.82459585977202,0.413154038293007,0.354905911667357,0.354905911667357,0.354905911667357,0.382049198226958,0.382049198226958,-0.25744518571116,-0.25744518571116,-0.25744518571116,0.215115410690239,0.215115410690239,0,0,0,0.95,0.95,0,0,0,0.95,0.95,0.117320041297601,-0.117320041297601,0.307200852182889,-0.307200852182889,-0.42452089348049,0.42452089348049,-0.95,0.487521277338176,0.625027925551643
hpt_v2_topology2_paper,topology2,fault,deep_lvrt,lvrt_120ms_0.500pu,0.1,fault,rule_action,0,NaN,0.5,0.5,0.5,1,1,236.243238020518,800.56414965978,0.964476529549628,0.86577084314665,0.123310049692514,1.00070518707472,-0.000705187074724778,0.0355234704503719,0.108455384800525,0.452911314998005,0.314063641693302,-0.266675812817577,0,0,1,0,0,1,1,0,0.248166666666743,0,0.760629126034179,1.10522233430018,-5,-0.59394969088844,0.311787322572146,0.311787322572146,0.311787322572146,0.341430261705515,0.341430261705515,-0.266720135313342,-0.266720135313342,-0.266720135313342,0.227544152836278,0.227544152836278,0,0,0,0.95,0.95,0,0,0,0.95,0.95,-0.187410255949055,0.187410255949055,0.409808387681761,-0.409808387681761,-0.222398131732706,0.222398131732706,-0.853408979898952,-0.274128369360311,0.95
hpt_v2_topology2_paper,topology2,fault,deep_lvrt,lvrt_120ms_0.500pu,0.102,fault,rule_action,0,NaN,0.5,0.5,0.5,1,1,223.26490731864,854.279353155967,1.01844025544512,0.937796529014355,0.166229935729115,1.06784919144496,-0.0678491914449584,-0.0184402554451184,0.22554180195545,0.457776093862981,0.0165357949832368,-0.25765824707373,0,0,0,0,0,1,1,0,0.264833333333414,0,0.760629126034179,1.10522233430018,1.95187126343976,2.8344021884148,0.0137137438243462,0.0137137438243462,0.0137137438243462,0.170657731855396,0.170657731855396,-0.256784681752825,-0.256784681752825,-0.256784681752825,0.192360022121415,0.192360022121415,0,0,0,0.95,0.95,0,0,0,0.95,0.95,-0.240388851199675,0.240388851199675,0.0411075756903248,-0.0411075756903248,0.19928127550935,-0.19928127550935,-0.187405746583921,-0.856874610394771,0.95
hpt_v2_topology2_paper,topology2,fault,deep_lvrt,lvrt_120ms_0.500pu,0.104,fault,rule_action,0,NaN,0.5,0.5,0.5,1,1,178.452924838792,873.668741307796,1.00045613339423,0.874388413426656,0.0790344905985033,1.09208592663474,-0.0920859266347447,-0.000456133394233005,0.255810174264213,0.384002394947979,-0.121419994130751,-0.0531008485806551,0,0,1,0,0,1,1,0,0.281500000000086,0,0.760629126034179,1.10522233430018,2.13974492964919,0.532566152104286,-0.120898835704797,-0.120898835704797,-0.120898835704797,-0.113868583180027,-0.113868583180027,-0.0507057225613207,-0.0507057225613207,-0.0507057225613207,0.0649734141000345,0.0649734141000345,0,0,0,0.95,0.95,0,0,0,0.95,0.95,0.0791590834620701,-0.0791590834620701,-0.130084120126355,0.130084120126355,0.0509250366642851,-0.0509250366642851,0.490566987736046,-0.95,0.624762556085691
hpt_v2_topology2_paper,topology2,fault,deep_lvrt,lvrt_120ms_0.500pu,0.106,fault,rule_action,0,NaN,0.5,0.5,0.5,1,1,163.344209262647,847.877661515441,0.932511258312462,0.858586792019571,0.179604730087155,1.0598470768943,-0.0598470768943011,0.0674887416875385,0.144975927114541,0.327161218037867,0.0966660827489638,0.112021531736449,0,0,1,0,0,1,1,0,0.298166666666758,0,0.760629126034179,1.10522233430018,-3.34043218412017,-1.08634010527586,0.0999617422080296,0.0999617422080296,0.0999617422080296,0.0860492472518815,0.0860492472518815,0.11274689215561,0.11274689215561,0.11274689215561,-0.123692112292571,-0.123692112292571,0,0,0,0.95,0.95,0,0,0,0.95,0.95,-0.109422566451294,0.109422566451294,0.144422961174614,-0.144422961174614,-0.0350003947233198,0.0350003947233198,0.95,-0.95,-0.00981196701460663
hpt_v2_topology2_paper,topology2,fault,deep_lvrt,lvrt_120ms_0.500pu,0.108,fault,rule_action,0,NaN,0.5,0.5,0.5,1,1,194.860621908434,795.989798298614,0.907794330145266,0.880176571458782,0.183399750945077,0.994987247873267,0.00501275212673302,0.0922056698547339,0.00385845781599819,0.427901364770815,0.376655811903709,0.0581687176437294,0,0,1,0,0,1,1,0,0.31483333333343,0,0.760629126034179,1.10522233430018,-1.40290306258328,0.745780198951329,0.378286073240182,0.378286073240182,0.378286073240182,0.369319232967235,0.369319232967235,0.0563753884961228,0.0563753884961228,0.0563753884961228,-0.0994074534230646,-0.0994074534230646,0,0,0,0.95,0.95,0,0,0,0.95,0.95,-0.323062214541703,0.323062214541703,-0.0157596352348754,0.0157596352348754,0.338821849776578,-0.338821849776578,0.95,-0.446522008036352,-0.703079009840426
hpt_v2_topology2_paper,topology2,fault,deep_lvrt,lvrt_120ms_0.500pu,0.11,fault,rule_action,0,NaN,0.5,0.5,0.5,1,1,229.678211865155,695.100016978377,0.950633953676634,0.868640899222525,0.0917834802161354,0.868875021222972,0.131124978777028,0.0493660463233665,0.0640635569498778,0.542864350402385,0.365988010932683,-0.147333846401226,0,0,1,0,0,1,1,0,0.331500000000101,0,0.760629126034179,1.10522233430018,1.69685363964012,1.65385554526842,0.364178673729667,0.364178673729667,0.364178673729667,0.378838776456196,0.378838776456196,-0.148969395115876,-0.148969395115876,-0.148969395115876,0.106297547167664,0.106297547167664,0,0,0,0.95,0.95,0,0,0,0.95,0.95,0.0679021944749411,-0.0679021944749411,-0.369592958899022,0.369592958899022,0.301690764424081,-0.301690764424081,0.882674198458093,0.380145493912042,-0.95
hpt_v2_topology2_paper,topology2,fault,deep_lvrt,lvrt_120ms_0.500pu,0.112,fault,rule_action,0,NaN,0.5,0.5,0.5,1,1,221.022732629947,751.454681705845,0.999145333149015,0.850707585581778,0.215370678402487,0.939318352132306,0.0606816478676936,0.000854666850984787,0.268726234769406,0.497124382500314,0.116117066042961,-0.237526745126051,0,0,1,0,0,1,1,0,0.348166666666773,0,0.760629126034179,1.10522233430018,-5,0.356522594990749,0.113582700230215,0.113582700230215,0.113582700230215,0.139916621586492,0.139916621586492,-0.237523787152447,-0.237523787152447,-0.237523787152447,0.223028962824675,0.223028962824675,0,0,0,0.95,0.95,0,0,0,0.95,0.95,0.263240439054431,-0.263240439054431,-0.135778088686243,0.135778088686243,-0.127462350368188,0.127462350368188,0.142818992940258,0.95,-0.95
hpt_v2_topology2_paper,topology2,fault,deep_lvrt,lvrt_120ms_0.500pu,0.114,fault,rule_action,0,NaN,0.5,0.5,0.5,1,1,187.963882489332,873.103757961754,0.994183824500124,0.868775643228508,0.0841357393437695,1.09137969745219,-0.091379697452193,0.00581617549987601,0.293298144313721,0.368581488828189,-0.0340708354970486,-0.141396312490355,0,0,1,0,0,1,1,0,0.364833333333445,0,0.760629126034179,1.10522233430018,-0.305668441361595,-2.2779051564068,-0.0341877988014865,-0.0341877988014865,-0.0341877988014865,-0.018381076984813,-0.018381076984813,-0.140052152018909,-0.140052152018909,-0.140052152018909,0.142987925647227,0.142987925647227,0,0,0,0.95,0.95,0,0,0,0.95,0.95,0.0390547271479039,-0.0390547271479039,0.100654183967948,-0.100654183967948,-0.139708911115852,0.139708911115852,-0.528112267293797,0.95,-0.639155838093426
hpt_v2_topology2_paper,topology2,fault,deep_lvrt,lvrt_120ms_0.500pu,0.116,fault,rule_action,0,NaN,0.5,0.5,0.5,1,1,169.664662571352,859.984625315851,0.940574830560891,0.874074531838916,0.142530685485491,1.07498078164481,-0.0749807816448134,0.0594251694391091,0.150443678699718,0.298754338423357,0.104899696309037,-0.0593604752891606,0,0,1,0,0,1,1,0,0.381500000000117,0,0.760629126034179,1.10522233430018,1.68143941193621,0.58448036652381,0.107413229688737,0.107413229688737,0.107413229688737,0.113184004199987,0.113184004199987,-0.0594992668830537,-0.0594992668830537,-0.0594992668830537,0.0476145551805697,0.0476145551805697,0,0,0,0.95,0.95,0,0,0,0.95,0.95,0.100329872643528,-0.100329872643528,0.0111437987438024,-0.0111437987438024,-0.11147367138733,0.11147367138733,-0.95,0.95,-0.012603884523794
hpt_v2_topology2_paper,topology2,fault,deep_lvrt,lvrt_120ms_0.500pu,0.118,fault,rule_action,0,NaN,0.5,0.5,0.5,1,1,191.988067029463,819.544074316223,0.912479828720243,0.885780179219404,0.166095977725634,1.02443009289528,-0.0244300928952788,0.0875201712797572,0.0437559379314635,0.38297454346263,0.343641369411281,-0.174285447935371,0,0,1,0,0,1,1,0,0.398166666666789,0,0.760629126034179,1.10522233430018,-0.593595048899997,-0.387012075702797,0.345321900886911,0.345321900886911,0.345321900886911,0.361987426939028,0.361987426939028,-0.175561641962899,-0.175561641962899,-0.175561641962899,0.137964517535925,0.137964517535925,0,0,0,0.95,0.95,0,0,0,0.95,0.95,0.133129744756324,-0.133129744756324,0.248489380595006,-0.248489380595006,-0.38161912535133,0.38161912535133,-0.95,0.408726438533318,0.692884552297292
hpt_v2_topology2_paper,topology2,fault,deep_lvrt,lvrt_120ms_0.500pu,0.12,fault,rule_action,0,NaN,0.5,0.5,0.5,1,1,233.075284884987,750.914857510592,0.957530104600016,0.877183763685354,0.133779206456519,0.93864357188824,0.0613564281117602,0.042469895399984,0.0760535139986493,0.47084975247732,0.336124681503553,-0.244995187336616,0,0,1,0,0,1,1,0,0.41483333333346,0,0.760629126034179,1.10522233430018,-5,-0.736283225472367,0.334138689076379,0.334138689076379,0.334138689076379,0.35848977016006,0.35848977016006,-0.245328584838795,-0.245328584838795,-0.245328584838795,0.208134242178634,0.208134242178634,0,0,0,0.95,0.95,0,0,0,0.95,0.95,-0.187954285108956,0.187954285108956,0.413947412406852,-0.413947412406852,-0.225993127297897,0.225993127297897,-0.817178757220805,-0.383396259816479,0.95
hpt_v2_topology2_paper,topology2,fault,deep_lvrt,lvrt_120ms_0.500pu,0.122,fault,rule_action,0,NaN,0.5,0.5,0.5,1,1,226.625227298703,803.61046507794,1.01268880134516,0.925267210273697,0.217699155978602,1.00451308134742,-0.00451308134742456,-0.01268880134516,0.210275889623931,0.440425914388326,0.0576740890071894,-0.258976084006955,0,0,0,0,0,1,1,0,0.431500000000132,0,0.760629126034179,1.10522233430018,3.97581390969925,3.83630676737545,0.0547881417090726,0.0547881417090726,0.0547881417090726,0.201413342183831,0.201413342183831,-0.258755524445475,-0.258755524445475,-0.258755524445475,0.171431699207951,0.171431699207951,0,0,0,0.95,0.95,0,0,0,0.95,0.95,-0.254393890466953,0.254393890466953,0.0645077691577319,-0.0645077691577319,0.189886121309221,-0.189886121309221,-0.106440521169124,-0.95,0.95
hpt_v2_topology2_paper,topology2,fault,deep_lvrt,lvrt_120ms_0.500pu,0.124,fault,rule_action,0,NaN,0.5,0.5,0.5,1,1,179.370967568229,869.101098357583,0.996259630448942,0.874629183142344,0.0956193762571484,1.08637637294698,-0.0863763729469789,0.0037403695510585,0.254812411791173,0.362239437776797,-0.089887727745952,-0.106301102135703,0,0,1,0,0,1,1,0,0.448166666666804,0,0.760629126034179,1.10522233430018,-0.261956579541089,0.294406454491858,-0.0894323776847724,-0.0894323776847724,-0.0894323776847724,-0.0781421339542949,-0.0781421339542949,-0.104417383144998,-0.104417383144998,-0.104417383144998,0.113114751391099,0.113114751391099,0,0,0,0.95,0.95,0,0,0,0.95,0.95,0.0343282366120371,-0.0343282366120371,-0.132455202910301,0.132455202910301,0.098126966298264,-0.098126966298264,0.566437907340618,-0.95,0.562156932191912
hpt_v2_topology2_paper,topology2,fault,deep_lvrt,lvrt_120ms_0.500pu,0.126,fault,rule_action,0,NaN,0.5,0.5,0.5,1,1,162.174051415243,846.218278111736,0.93152383478664,0.892718896382931,0.182688892706677,1.05777284763967,-0.0577728476396697,0.0684761652133602,0.139359407275468,0.314471857951915,0.115440222272164,0.00522062805973494,0,0,1,0,0,1,1,0,0.46483333333347,0,0.760629126034179,1.10522233430018,-5,-1.27529097561419,0.118571840964828,0.118571840964828,0.118571840964828,0.117452055965729,0.117452055965729,0.00555222174590332,0.00555222174590332,0.00555222174590332,-0.0171791497323722,-0.0171791497323722,0,0,0,0.95,0.95,0,0,0,0.95,0.95,-0.117926671163648,0.117926671163648,0.0472348809404951,-0.0472348809404951,0.0706917902231527,-0.0706917902231527,0.95,-0.933178401395339,-0.0894231793387777
hpt_v2_topology2_paper,topology2,fault,deep_lvrt,lvrt_120ms_0.500pu,0.128,fault,rule_action,0,NaN,0.5,0.5,0.5,1,1,198.550480487973,801.433678904043,0.910791116726084,0.8985774118175,0.144116657178874,1.00179209863005,-0.0017920986300537,0.0892088832739155,0.0113349376677747,0.397758412177212,0.37663462230531,-0.104215513661763,0,0,1,0,0,1,1,0,0.48150000000013,0,0.760629126034179,1.10522233430018,-5,0.660502614785452,0.378018254386885,0.378018254386885,0.378018254386885,0.386445217262323,0.386445217262323,-0.106425973479606,-0.106425973479606,-0.106425973479606,0.0698883576560906,0.0698883576560906,0,0,0,0.95,0.95,0,0,0,0.95,0.95,-0.188538985799978,0.188538985799978,-0.204072600150471,0.204072600150471,0.392611585950449,-0.392611585950449,0.95,-0.354862029206306,-0.763989496758418
hpt_v2_topology2_paper,topology2,fault,deep_lvrt,lvrt_120ms_0.500pu,0.13,fault,rule_action,0,NaN,0.5,0.5,0.5,1,1,230.707717797589,710.227997407101,0.960961152153304,0.878697429823244,0.138650485717389,0.887784996758877,0.112215003241123,0.0390388478466959,0.074140858252204,0.498608144353538,0.330035586537944,-0.221995642330165,0,0,1,0,0,1,1,0,0.49816666666679,0,0.760629126034179,1.10522233430018,-3.37606735665419,1.24721759755175,0.32784562002477,0.32784562002477,0.32784562002477,0.347537558330605,0.347537558330605,-0.22263570043243,-0.22263570043243,-0.22263570043243,0.190439101095511,0.190439101095511,0,0,0,0.95,0.95,0,0,0,0.95,0.95,0.180921238926453,-0.180921238926453,-0.395809081447787,0.395809081447787,0.214887842521334,-0.214887842521334,0.786038554931788,0.462779253805638,-0.95
hpt_v2_topology2_paper,topology2,fault,deep_lvrt,lvrt_120ms_0.500pu,0.132,fault,rule_action,0,NaN,0.5,0.5,0.5,1,1,219.234621767472,784.72654615279,1.00795149200825,0.913237106916556,0.20299779683343,0.980908182690987,0.0190918173090128,-0.00795149200825462,0.24468374921279,0.434006604968452,0.0611089481646197,-0.249963334753328,0,0,1,0,0,1,1,0,0.51483333333345,0,0.760629126034179,1.10522233430018,-5,-0.0409449897182945,0.0585751350333839,0.0585751350333839,0.0585751350333839,0.196360771565265,0.196360771565265,-0.249013756908557,-0.249013756908557,-0.249013756908557,0.163955313924823,0.163955313924823,0,0,0,0.95,0.95,0,0,0,0.95,0.95,0.244976898663746,-0.244976898663746,-0.0587004212918118,0.0587004212918118,-0.186276477371934,0.186276477371934,0.0412965075630232,0.95,-0.95
hpt_v2_topology2_paper,topology2,fault,deep_lvrt,lvrt_120ms_0.500pu,0.134,fault,rule_action,0,NaN,0.5,0.5,0.5,1,1,187.186317182402,865.208978682804,0.996490006714988,0.917414544037794,0.041723099658499,1.08151122335351,-0.0815112233535051,0.00350999328501234,0.242891581274666,0.326883535851807,-0.0693343517422395,-0.0845611210804608,0,0,1,0,0,1,1,0,0.531500000000111,0,0.760629126034179,1.10522233430018,-1.75529861006818,-1.37040617628026,-0.0691705016490667,-0.0691705016490667,-0.0691705016490667,-0.0614643479533677,-0.0614643479533677,-0.0826433042878716,-0.0826433042878716,-0.0826433042878716,0.0885246178905541,0.0885246178905541,0,0,0,0.95,0.95,0,0,0,0.95,0.95,-0.0292801584802276,0.0292801584802276,0.104461344934995,-0.104461344934995,-0.0751811864547678,0.0751811864547678,-0.595293784352801,0.95,-0.555753253992161
hpt_v2_topology2_paper,topology2,fault,deep_lvrt,lvrt_120ms_0.500pu,0.136,fault,rule_action,0,NaN,0.5,0.5,0.5,1,1,168.734984446045,846.472413574291,0.941916353026149,0.917388348579746,0.166173535962268,1.05809051696786,-0.058090516967864,0.0580836469738508,0.102230399985019,0.320564482110026,0.0898693463194649,0.0400056919969836,0,0,1,0,0,1,1,0,0.548166666666771,0,0.760629126034179,1.10522233430018,-1.93958293111762,1.88505601901179,0.0924745765229439,0.0924745765229439,0.0924745765229439,0.088792447065245,0.088792447065245,0.0401474706253341,0.0401474706253341,0.0401474706253341,-0.0477416803733963,-0.0477416803733963,0,0,0,0.95,0.95,0,0,0,0.95,0.95,0.0984037829732793,-0.0984037829732793,-0.06817678668907,0.06817678668907,-0.0302269962842093,0.0302269962842093,-0.95,0.90889683081585,0.0922853271006697
hpt_v2_topology2_paper,topology2,fault,deep_lvrt,lvrt_120ms_0.500pu,0.138,fault,rule_action,0,NaN,0.5,0.5,0.5,1,1,193.646766448819,811.978985548394,0.913007318406058,0.907978059060541,0.140817936325539,1.01497373193549,-0.0149737319354928,0.0869926815939422,0.0210441818024644,0.385848029876376,0.337924544632554,-0.078214661347161,0,0,1,0,0,1,1,0,0.564833333333431,0,0.760629126034179,1.10522233430018,-5,-0.849801902343961,0.339640662426169,0.339640662426169,0.339640662426169,0.345000975182597,0.345000975182597,-0.080635879239969,-0.080635879239969,-0.080635879239969,0.0532189037574706,0.0532189037574706,0,0,0,0.95,0.95,0,0,0,0.95,0.95,0.172399358897099,-0.172399358897099,0.176673463406459,-0.176673463406459,-0.349072822303558,0.349072822303558,-0.95,0.321756412295952,0.757387932836719
hpt_v2_topology2_paper,topology2,fault,deep_lvrt,lvrt_120ms_0.500pu,0.14,fault,rule_action,0,NaN,0.5,0.5,0.5,1,1,230.629152384973,741.697360860548,0.956326283780421,0.890444256720618,0.127779404546992,0.927121701075685,0.0728782989243152,0.0436737162195793,0.0531205468556093,0.47398032444293,0.223174256123877,-0.0970386794330767,0,0,1,0,0,1,0,1,0,0.0084999999999967,0.760629126034179,1.10522233430018,-5,-0.824540866371959,0.220543526284961,0.220543526284961,0.220543526284961,0.227457833730789,0.227457833730789,-0.0957671627275042,-0.0957671627275042,-0.0957671627275042,0.0779341408984416,0.0779341408984416,0,0,0,0.95,0.95,0,0,0,0.95,0.95,-0.0738011462362074,0.0738011462362074,0.235075093283986,-0.235075093283986,-0.161273947047779,0.161273947047779,-0.758395866675618,-0.459416727672752,0.95
hpt_v2_topology2_paper,topology2,fault,deep_lvrt,lvrt_120ms_0.500pu,0.142,fault,rule_action,0,NaN,0.5,0.5,0.5,1,1,220.868017389608,788.490821944844,1.00132096116202,0.905580651662206,0.172882987672318,0.985613527431055,0.0143864725689454,-0.00132096116202485,0.192576677905743,0.465814459905948,0.0246701919042481,0.0296381426558772,0,0,1,0,0,1,0,1,0,0.0251666666666569,0.760629126034179,1.10522233430018,2.74488513130478,3.6746150187662,0.0232464302928911,0.0232464302928911,0.0232464302928911,0.0208234756767783,0.0208234756767783,0.0306430283896583,0.0306430283896583,0.0306430283896583,-0.0323384379800614,-0.0323384379800614,0,0,0,0.95,0.95,0,0,0,0.95,0.95,0.0144018691167862,-0.0144018691167862,0.0236856872566575,-0.0236856872566575,-0.0380875563734437,0.0380875563734437,-0.0373925051713796,-0.95,0.95
hpt_v2_topology2_paper,topology2,fault,deep_lvrt,lvrt_120ms_0.500pu,0.144,fault,rule_action,0,NaN,0.5,0.5,0.5,1,1,191.441427774375,850.955071471233,0.997699046602307,0.871734227862914,0.0545580654647263,1.06369383933904,-0.0636938393390416,0.00230095339769287,0.222515578714745,0.384332640186461,-0.0586122203586906,0.145939613942192,0,0,1,0,0,1,0,1,0,0.0418333333333171,0.760629126034179,1.10522233430018,2.10235079105914,-0.0979564840024594,-0.058809666227613,-0.058809666227613,-0.058809666227613,-0.0689860672235469,-0.0689860672235469,0.147095581969069,0.147095581969069,0.147095581969069,-0.14260648514584,-0.14260648514584,0,0,0,0.95,0.95,0,0,0,0.95,0.95,0.114183792267289,-0.114183792267289,0.0380044313194288,-0.0380044313194288,-0.152188223586718,0.152188223586718,0.60574590689623,-0.95,0.531252679802716
hpt_v2_topology2_paper,topology2,fault,deep_lvrt,lvrt_120ms_0.500pu,0.146,fault,rule_action,0,NaN,0.5,0.5,0.5,1,1,168.722667755711,844.391636824639,0.949200223097266,0.880597275359225,0.140304488017626,1.0554895460308,-0.0554895460307987,0.0507997769027341,0.111867674534086,0.356968403341562,-0.0214373662689505,0.197414266411561,0,0,1,0,0,1,0,1,0,0.0584999999999773,0.760629126034179,1.10522233430018,-5,-1.29836288151486,-0.0205784118725247,-0.0205784118725247,-0.0205784118725247,-0.0326332727635893,-0.0326332727635893,0.197378806949013,0.197378806949013,0.197378806949013,-0.19574711741568,-0.19574711741568,0,0,0,0.95,0.95,0,0,0,0.95,0.95,-0.0129691904204332,0.0129691904204332,0.177978759617456,-0.177978759617456,-0.165009569197023,0.165009569197023,0.95,-0.901506040261101,-0.118023210434846
hpt_v2_topology2_paper,topology2,fault,deep_lvrt,lvrt_120ms_0.500pu,0.148,fault,rule_action,0,NaN,0.5,0.5,0.5,1,1,174.785546747853,836.162673983496,0.898883647970649,0.849232165179503,0.166827019342922,1.04520334247937,-0.0452033424793701,0.101116352029351,0.00967738130894352,0.439146490223806,0.084723028221716,0.150590054111166,0,0,1,0,0,1,0,1,0,0.0751666666666375,0.760629126034179,1.10522233430018,-5,0.734420056227369,0.0857769718552056,0.0857769718552056,0.0857769718552056,0.0773918285523316,0.0773918285523316,0.150082907513371,0.150082907513371,0.150082907513371,-0.154573842876608,-0.154573842876608,0,0,0,0.95,0.95,0,0,0,0.95,0.95,-0.166615154155926,0.166615154155926,0.123200794865384,-0.123200794865384,0.0434143592905423,-0.0434143592905423,0.95,-0.357005029554489,-0.730372743874768
hpt_v2_topology2_paper,topology2,fault,deep_lvrt,lvrt_120ms_0.500pu,0.15,fault,rule_action,0,NaN,0.5,0.5,0.5,1,1,206.125163036559,794.603394876342,0.907461263068192,0.89841539425881,0.11088157409678,0.993254243595428,0.00674575640457187,0.0925387369318076,0.0503100452293948,0.554605991690981,0.143181611526762,0.0864183649729727,0,0,1,0,0,1,0,1,0,0.0918333333332977,0.760629126034179,1.10522233430018,0.980541607515706,1.2540241207194,0.143182052843763,0.143182052843763,0.143182052843763,0.138495529153208,0.138495529153208,0.0860945776318712,0.0860945776318712,0.0860945776318712,-0.0934471238655166,-0.0934471238655166,0,0,0,0.95,0.95,0,0,0,0.95,0.95,-0.107059694426296,0.107059694426296,-0.0575498484455738,0.0575498484455738,0.16460954287187,-0.16460954287187,0.712159047328981,0.39434112785456,-0.95
hpt_v2_topology2_paper,topology2,fault,deep_lvrt,lvrt_120ms_0.500pu,0.152,fault,rule_action,0,NaN,0.5,0.5,0.5,1,1,220.212989861585,828.784134719797,0.951169767397575,0.843651594351724,0.185766070950028,1.03598016839975,-0.0359801683997458,0.0488302326024255,0.1917218221675,0.540906942928706,0.0974333824120373,0.0887030332146699,0,0,1,0,0,1,0,1,0,0.108499999999958,0.760629126034179,1.10522233430018,0.658717242435602,-0.7050112111886,0.0966454266082891,0.0966454266082891,0.0966454266082891,0.0921932022930903,0.0921932022930903,0.0889646545445674,0.0889646545445674,0.0889646545445674,-0.0935706240947326,-0.0935706240947326,0,0,0,0.95,0.95,0,0,0,0.95,0.95,-0.0349826691659581,0.0349826691659581,-0.092160139759221,0.092160139759221,0.127142808925179,-0.127142808925179,0.0358642550568978,0.95,-0.95
hpt_v2_topology2_paper,topology2,fault,deep_lvrt,lvrt_120ms_0.500pu,0.154,fault,rule_action,0,NaN,0.5,0.5,0.5,1,1,201.693607386454,849.775393204997,0.975442862458716,0.843086685688926,0.150375254276932,1.06221924150625,-0.0622192415062459,0.024557137541284,0.213052034115982,0.450178595304614,0.0210133112887085,0.152635628507054,0,0,1,0,0,1,0,1,0,0.125166666666618,0.760629126034179,1.10522233430018,-1.4130206359112,-0.00658533153585772,0.0204676882655793,0.0204676882655793,0.0204676882655793,0.0139124221102889,0.0139124221102889,0.153324835535228,0.153324835535228,0.153324835535228,-0.154058027917622,-0.154058027917622,0,0,0,0.95,0.95,0,0,0,0.95,0.95,-0.0537634125090077,0.0537634125090077,-0.0987275895705705,0.0987275895705705,0.152491002079578,-0.152491002079578,-0.592731511827188,0.95,-0.573362025065381
hpt_v2_topology2_paper,topology2,fault,deep_lvrt,lvrt_120ms_0.500pu,0.156,fault,rule_action,0,NaN,0.5,0.5,0.5,1,1,170.369425780096,849.91169159391,0.944698383773045,0.888398449888855,0.142661141177972,1.06238961449239,-0.0623896144923877,0.0553016162269551,0.126759410941199,0.413021021437091,0.0179816474012244,0.18854482227235,0,0,1,0,0,1,0,1,0,0.141833333333278,0.760629126034179,1.10522233430018,-0.245164949938537,2.63338622324127,0.0184604241233151,0.0184604241233151,0.0184604241233151,0.011868304544154,0.011868304544154,0.188379074753002,0.188379074753002,0.188379074753002,-0.188908989756594,-0.188908989756594,0,0,0,0.95,0.95,0,0,0,0.95,0.95,0.0389564551331186,-0.0389564551331186,-0.179891422941202,0.179891422941202,0.140934967808084,-0.140934967808084,-0.95,0.940073322149324,0.046846271039655
hpt_v2_topology2_paper,topology2,fault,deep_lvrt,lvrt_120ms_0.500pu,0.158,fault,rule_action,0,NaN,0.5,0.5,0.5,1,1,172.227442061324,841.606444836593,0.897599739155786,0.862463495005123,0.0996219612649132,1.05200805604574,-0.0520080560457412,0.102400260844214,0.0711148062456947,0.485871779649409,0.0980305592851557,0.136309416590328,0,0,1,0,0,1,0,1,0,0.158499999999939,0.760629126034179,1.10522233430018,-5,-0.247308552254299,0.0989495125465496,0.0989495125465496,0.0989495125465496,0.0948248411716731,0.0948248411716731,0.135599583042218,0.135599583042218,0.135599583042218,-0.138515350958622,-0.138515350958622,0,0,0,0.95,0.95,0,0,0,0.95,0.95,0.164009666063821,-0.164009666063821,-0.112977591934581,0.112977591934581,-0.0510320741292401,0.0510320741292401,-0.95,0.375249053580689,0.698132823074619
hpt_v2_topology2_paper,topology2,fault,deep_lvrt,lvrt_120ms_0.500pu,0.16,fault,rule_action,0,NaN,0.5,0.5,0.5,1,1,208.444044891486,840.867190349966,0.90331336792929,0.802599335527422,0.129470665045974,1.05108398793746,-0.0510839879374572,0.09668663207071,0.0980204651756248,0.557317580153721,0.154032301518245,0.0651011639108921,0,0,1,0,0,1,0,1,0,0.175166666666599,0.760629126034179,1.10522233430018,-5,-0.814846710710082,0.154022173696172,0.154022173696172,0.154022173696172,0.15208974723994,0.15208974723994,0.0646318663708614,0.0646318663708614,0.0646318663708614,-0.0690566211537005,-0.0690566211537005,0,0,0,0.95,0.95,0,0,0,0.95,0.95,0.0947977492303629,-0.0947977492303629,0.0717024316797072,-0.0717024316797072,-0.16650018091007,0.16650018091007,-0.744900475879253,-0.347745586229198,0.95
hpt_v2_topology2_paper,topology2,fault,deep_lvrt,lvrt_120ms_0.500pu,0.162,fault,rule_action,0,NaN,0.5,0.5,0.5,1,1,221.769612650349,858.174880714887,0.952694401619435,0.894380485856765,0.139788172304145,1.07271860089361,-0.0727186008936092,0.0473055983805651,0.202399963143318,0.540709513290187,0.101445417416887,0.0698898800256736,0,0,1,0,0,1,0,1,0,0.191833333333259,0.760629126034179,1.10522233430018,2.24356386340363,3.08359142416847,0.10055655891237,0.10055655891237,0.10055655891237,0.0985859918455927,0.0985859918455927,0.07042302610614,0.07042302610614,0.07042302610614,-0.0731561778530272,-0.0731561778530272,0,0,0,0.95,0.95,0,0,0,0.95,0.95,0.0223549147909592,-0.0223549147909592,0.0933618244472755,-0.0933618244472755,-0.115716739238235,0.115716739238235,-0.12492429037043,-0.888967208378389,0.95
hpt_v2_topology2_paper,topology2,fault,deep_lvrt,lvrt_120ms_0.500pu,0.164,fault,rule_action,0,NaN,0.5,0.5,0.5,1,1,196.576495322618,852.753151247538,0.973186908319979,0.871701491141784,0.0915222846925528,1.06594143905942,-0.0659414390594226,0.0268130916800213,0.24826394483712,0.458236119674467,0.0217746783853424,0.121893129513707,0,0,1,0,0,1,0,1,0,0.208499999999919,0.760629126034179,1.10522233430018,2.24529755853997,0.516152468630127,0.0212924711806372,0.0212924711806372,0.0212924711806372,0.0184030194619872,0.0184030194619872,0.122562351670169,0.122562351670169,0.122562351670169,-0.123029379623658,-0.123029379623658,0,0,0,0.95,0.95,0,0,0,0.95,0.95,0.0433291121113223,-0.0433291121113223,0.0793211635519087,-0.0793211635519087,-0.122650275663231,0.122650275663231,0.536973492883292,-0.95,0.606666612970171
hpt_v2_topology2_paper,topology2,fault,deep_lvrt,lvrt_120ms_0.500pu,0.166,fault,rule_action,0,NaN,0.5,0.5,0.5,1,1,169.780389123093,849.877648270712,0.936340423516842,0.847052491925114,0.116703761698877,1.06234706033839,-0.0623470603383898,0.0636595764831583,0.170505535254953,0.373858911120785,0.0294910552053116,0.15631266146627,0,0,1,0,0,1,0,1,0,0.225166666666579,0.760629126034179,1.10522233430018,-2.88456427188355,-2.44897449602699,0.0300852283248909,0.0300852283248909,0.0300852283248909,0.0272297680915813,0.0272297680915813,0.15625725430166,0.15625725430166,0.15625725430166,-0.156780069571783,-0.156780069571783,0,0,0,0.95,0.95,0,0,0,0.95,0.95,-0.0420349017753289,0.0420349017753289,0.1539305357909,-0.1539305357909,-0.111895634015571,0.111895634015571,0.95,-0.95,-0.0262302816586031
hpt_v2_topology2_paper,topology2,fault,deep_lvrt,lvrt_120ms_0.500pu,0.168,fault,rule_action,0,NaN,0.5,0.5,0.5,1,1,175.769093907199,839.999478641035,0.896111342871672,0.872846330571487,0.13964015305907,1.04999934830129,-0.0499993483012939,0.103888657128328,0.0504585011133599,0.449363910850757,0.110314741131253,0.118784366464154,0,0,1,0,0,1,0,1,0,0.24183333333324,0.760629126034179,1.10522233430018,-0.435876418997894,0.860183191573105,0.111118959356932,0.111118959356932,0.111118959356932,0.109247748051382,0.109247748051382,0.118234303701593,0.118234303701593,0.118234303701593,-0.119965425211058,-0.119965425211058,0,0,0,0.95,0.95,0,0,0,0.95,0.95,-0.161156367459822,0.161156367459822,0.0969045181513954,-0.0969045181513954,0.0642518493084266,-0.0642518493084266,0.95,-0.436964640375917,-0.668425564436453
hpt_v2_topology2_paper,topology2,fault,deep_lvrt,lvrt_120ms_0.500pu,0.17,fault,rule_action,0,NaN,0.5,0.5,0.5,1,1,206.817192521511,820.874301942867,0.904689453050036,0.882585424070643,0.142628949049047,1.02609287742858,-0.0260928774285838,0.095310546949964,0.0782407592794433,0.556900263259132,0.1550923621668,0.0534098985522285,0,0,1,0,0,1,0,1,0,0.2584999999999,0.760629126034179,1.10522233430018,2.37360983715396,1.88325118595145,0.155025486983593,0.155025486983593,0.155025486983593,0.154141951116217,0.154141951116217,0.0530229858583467,0.0530229858583467,0.0530229858583467,-0.0555391533057579,-0.0555391533057579,0,0,0,0.95,0.95,0,0,0,0.95,0.95,-0.0868190476656445,0.0868190476656445,-0.0769237371746768,0.0769237371746768,0.163742784840321,-0.163742784840321,0.758775774911099,0.30718566808914,-0.95
hpt_v2_topology2_paper,topology2,fault,deep_lvrt,lvrt_120ms_0.500pu,0.172,fault,rule_action,0,NaN,0.5,0.5,0.5,1,1,217.747289207568,853.217976324251,0.947446424613837,0.887401013293654,0.17516382097685,1.06652247040531,-0.0665224704053136,0.0525535753861632,0.217683252439758,0.532445732723282,0.106242880088986,0.0527352842262827,0,0,1,0,0,1,0,1,0,0.27516666666656,0.760629126034179,1.10522233430018,-5,-1.92256407927305,0.105459419755509,0.105459419755509,0.105459419755509,0.10455805941039,0.10455805941039,0.0533315564143033,0.0533315564143033,0.0533315564143033,-0.0550777299557091,-0.0550777299557091,0,0,0,0.95,0.95,0,0,0,0.95,0.95,-0.00699084843803823,0.00699084843803823,-0.0986701478791333,0.0986701478791333,0.105660996317172,-0.105660996317172,0.119759870415058,0.899243879412186,-0.95
hpt_v2_topology2_paper,topology2,fault,deep_lvrt,lvrt_120ms_0.500pu,0.174,fault,rule_action,0,NaN,0.5,0.5,0.5,1,1,199.987951089723,850.944014619473,0.96840237742772,0.871432097767923,0.129254127459453,1.06368001827434,-0.0636800182743418,0.0315976225722799,0.226498287579053,0.442530189718118,0.0344480519144399,0.108478536675615,0,0,1,0,0,1,0,1,0,0.29183333333322,0.760629126034179,1.10522233430018,-0.219215228052572,-2.42763801002632,0.033951427634757,0.033951427634757,0.033951427634757,0.0323631161981018,0.0323631161981018,0.109111803516869,0.109111803516869,0.109111803516869,-0.109593402242517,-0.109593402242517,0,0,0,0.95,0.95,0,0,0,0.95,0.95,-0.0272274833684505,0.0272274833684505,-0.0824984944822593,0.0824984944822593,0.10972597785071,-0.10972597785071,-0.532418402099475,0.95,-0.637604643792485
hpt_v2_topology2_paper,topology2,fault,deep_lvrt,lvrt_120ms_0.500pu,0.176,fault,rule_action,0,NaN,0.5,0.5,0.5,1,1,172.000630669188,852.209319731881,0.93694729198634,0.885154958310549,0.143523899394938,1.06526164966485,-0.0652616496648508,0.0630527080136604,0.13406696589512,0.38310111374178,0.0349538989137338,0.143317183426489,0,0,1,0,0,1,0,1,0,0.30849999999988,0.760629126034179,1.10522233430018,3.71416602018937,1.3264531412871,0.0354572778890205,0.0354572778890205,0.0354572778890205,0.0338720818937321,0.0338720818937321,0.143210912459062,0.143210912459062,0.143210912459062,-0.143594101796838,-0.143594101796838,0,0,0,0.95,0.95,0,0,0,0.95,0.95,0.0450356401068375,-0.0450356401068375,-0.144188610887201,0.144188610887201,0.0991529707803631,-0.0991529707803631,-0.95,0.95,-0.0157947905305622
hpt_v2_topology2_paper,topology2,fault,deep_lvrt,lvrt_120ms_0.500pu,0.178,fault,rule_action,0,NaN,0.5,0.5,0.5,1,1,172.473490521376,838.159421053149,0.895621740594548,0.880451419172287,0.132216112524083,1.04769927631644,-0.0476992763164357,0.104378259405452,0.0596158087175127,0.464727872737877,0.110280609220625,0.110782025546657,0,0,1,0,0,1,0,1,0,0.325166666666541,0.760629126034179,1.10522233430018,1.03812595600994,-0.170882859538146,0.111102409330659,0.111102409330659,0.111102409330659,0.110000099263049,0.110000099263049,0.110158268175963,0.110158268175963,0.110158268175963,-0.111259011179877,-0.111259011179877,0,0,0,0.95,0.95,0,0,0,0.95,0.95,0.155851361907216,-0.155851361907216,-0.0898297474312041,0.0898297474312041,-0.0660216144760115,0.0660216144760115,-0.95,0.41820546843263,0.662577730567687
hpt_v2_topology2_paper,topology2,fault,deep_lvrt,lvrt_120ms_0.500pu,0.18,fault,rule_action,0,NaN,0.5,0.5,0.5,1,1,207.149090410728,830.198597951142,0.904296511863179,0.834135348485234,0.0924725183780591,1.03774824743893,-0.0377482474389275,0.0957034881368209,0.0857664867583837,0.555737839386409,0.156768167212766,0.0413476576363549,0,0,1,0,0,1,0,1,0,0.341833333333201,0.760629126034179,1.10522233430018,-5,-0.805041719246668,0.156692985483016,0.156692985483016,0.156692985483016,0.156190178194679,0.156190178194679,0.0408441423462508,0.0408441423462508,0.0408441423462508,-0.0427266181565527,-0.0427266181565527,0,0,0,0.95,0.95,0,0,0,0.95,0.95,0.0757351695578615,-0.0757351695578615,0.0860833725256321,-0.0860833725256321,-0.161818542083494,0.161818542083494,-0.774313897410516,-0.321401350717923,0.95
hpt_v2_topology2_paper,topology2,fault,deep_lvrt,lvrt_120ms_0.500pu,0.182,fault,rule_action,0,NaN,0.5,0.5,0.5,1,1,217.153984611303,858.164620000036,0.95031915081405,0.885310814931057,0.161835554768542,1.07270577500005,-0.072705775000045,0.0496808491859501,0.207972928619978,0.547285422526295,0.103211633056678,0.050070867490743,0,0,1,0,0,1,0,1,0,0.358499999999861,0.760629126034179,1.10522233430018,0.162863575695282,2.76845702975281,0.102378118638286,0.102378118638286,0.102378118638286,0.10169062763834,0.10169062763834,0.0506293387684709,0.0506293387684709,0.0506293387684709,-0.0519963976691459,-0.0519963976691459,0,0,0,0.95,0.95,0,0,0,0.95,0.95,0.00591270738599148,-0.00591270738599148,0.0958223725518862,-0.0958223725518862,-0.101735079937878,0.101735079937878,-0.137603098978895,-0.882778895377857,0.95
hpt_v2_topology2_paper,topology2,fault,deep_lvrt,lvrt_120ms_0.500pu,0.184,fault,rule_action,0,NaN,0.5,0.5,0.5,1,1,196.000046920122,853.525944652486,0.969550606728924,0.853420364518637,0.10851950028386,1.06690743081561,-0.0669074308156072,0.0304493932710764,0.25610559277853,0.464039194541675,0.0288451044519007,0.109007408415294,0,0,1,0,0,1,0,1,0,0.375166666666521,0.760629126034179,1.10522233430018,-0.998190077136085,0.65458865276069,0.0283878871048876,0.0283878871048876,0.0283878871048876,0.0270621028813386,0.0270621028813386,0.109681028947932,0.109681028947932,0.109681028947932,-0.110015648127877,-0.110015648127877,0,0,0,0.95,0.95,0,0,0,0.95,0.95,0.0324115570426896,-0.0324115570426896,0.0778100095760226,-0.0778100095760226,-0.110221566618712,0.110221566618712,0.534286070586792,-0.95,0.613098964590425
hpt_v2_topology2_paper,topology2,fault,deep_lvrt,lvrt_120ms_0.500pu,0.186,fault,rule_action,0,NaN,0.5,0.5,0.5,1,1,170.410925650595,851.698689430196,0.933917380788364,0.859330709074557,0.110089477883232,1.06462336178774,-0.0646233617877447,0.0660826192116357,0.179047361408521,0.363181348847904,0.0364679648745825,0.13768909093627,0,0,1,0,0,1,0,1,0,0.391833333333181,0.760629126034179,1.10522233430018,-2.41357711263368,-2.29842256997848,0.0370495627091958,0.0370495627091958,0.0370495627091958,0.0357397219700349,0.0357397219700349,0.137587031144471,0.137587031144471,0.137587031144471,-0.137933076198557,-0.137933076198557,0,0,0,0.95,0.95,0,0,0,0.95,0.95,-0.0463688193437649,0.0463688193437649,0.139866007927855,-0.139866007927855,-0.0934971885840901,0.0934971885840901,0.95,-0.95,-0.00759322394370912
hpt_v2_topology2_paper,topology2,fault,deep_lvrt,lvrt_120ms_0.500pu,0.188,fault,rule_action,0,NaN,0.5,0.5,0.5,1,1,176.064253472447,843.150827425032,0.896121006037868,0.867813112861246,0.148771124406159,1.05393853428129,-0.0539385342812901,0.103878993962132,0.0531253041110379,0.434911234080817,0.113833825532798,0.109945295872511,0,0,1,0,0,1,0,1,0,0.408499999999842,0.760629126034179,1.10522233430018,-2.16315720785054,0.841429324689669,0.114593731048121,0.114593731048121,0.114593731048121,0.11358352017337,0.11358352017337,0.109386208785468,0.109386208785468,0.109386208785468,-0.110434821560108,-0.110434821560108,0,0,0,0.95,0.95,0,0,0,0.95,0.95,-0.15807225756514,0.15807225756514,0.0881284575373659,-0.0881284575373659,0.0699438000277744,-0.0699438000277744,0.95,-0.43956862198448,-0.664122706435607
hpt_v2_topology2_paper,topology2,fault,deep_lvrt,lvrt_120ms_0.500pu,0.19,fault,rule_action,0,NaN,0.5,0.5,0.5,1,1,206.628057906021,818.527788794515,0.906715099534876,0.872682739673313,0.0942076079037581,1.02315973599314,-0.0231597359931444,0.0932849004651237,0.0758510834581059,0.551658212423336,0.153410662277237,0.0481748780111192,0,0,1,0,0,1,0,1,0,0.425166666666502,0.760629126034179,1.10522233430018,-0.724649390485888,1.85580199409285,0.153304301318835,0.153304301318835,0.153304301318835,0.152739635517407,0.152739635517407,0.0478135752175579,0.0478135752175579,0.0478135752175579,-0.0495878061619053,-0.0495878061619053,0,0,0,0.95,0.95,0,0,0,0.95,0.95,-0.0814749392091771,0.0814749392091771,-0.0791067450830695,0.0791067450830695,0.160581684292247,-0.160581684292247,0.7606252444716,0.31386056894723,-0.95
hpt_v2_topology2_paper,topology2,fault,deep_lvrt,lvrt_120ms_0.500pu,0.192,fault,rule_action,0,NaN,0.5,0.5,0.5,1,1,215.952572277558,851.920803800707,0.949559624404179,0.887261716110015,0.177890717762955,1.06490100475088,-0.0649010047508838,0.0504403755958212,0.216128819433169,0.528697422290734,0.101797456741822,0.0518914711778497,0,0,1,0,0,1,0,1,0,0.441833333333162,0.760629126034179,1.10522233430018,-5,-1.9247665544333,0.101008548675236,0.101008548675236,0.101008548675236,0.100296053484012,0.100296053484012,0.0525265481286248,0.0525265481286248,0.0525265481286248,-0.0538745470451352,-0.0538745470451352,0,0,0,0.95,0.95,0,0,0,0.95,0.95,-0.00790630484093469,0.00790630484093469,-0.0944055870522476,0.0944055870522476,0.102311891893182,-0.102311891893182,0.117571199622313,0.900788654726077,-0.95
hpt_v2_topology2_paper,topology2,fault,deep_lvrt,lvrt_120ms_0.500pu,0.194,fault,rule_action,0,NaN,0.5,0.5,0.5,1,1,199.731780491045,849.894165948121,0.970049869173846,0.856376455348943,0.104543776058101,1.06236770743515,-0.0623677074351514,0.0299501308261545,0.223011459953533,0.440955861996353,0.0304733995347412,0.109099313344144,0,0,1,0,0,1,0,1,0,0.458499999999822,0.760629126034179,1.10522233430018,-0.35777154996508,-2.42933692704095,0.0299799459952178,0.0299799459952178,0.0299799459952178,0.0286051935341266,0.0286051935341266,0.109778670073518,0.109778670073518,0.109778670073518,-0.110144888523533,-0.110144888523533,0,0,0,0.95,0.95,0,0,0,0.95,0.95,-0.0306911680903134,0.0306911680903134,-0.0795551763557955,0.0795551763557955,0.110246344446109,-0.110246344446109,-0.536799439757715,0.95,-0.629852482822045
hpt_v2_topology2_paper,topology2,fault,deep_lvrt,lvrt_120ms_0.500pu,0.196,fault,rule_action,0,NaN,0.5,0.5,0.5,1,1,172.566276707146,852.722499199607,0.937983161566838,0.874780299470695,0.130951754628184,1.06590312399951,-0.0659031239995085,0.0620168384331621,0.130831165796945,0.385137129676095,0.0320783415155635,0.1446532253338,0,0,1,0,0,1,0,1,0,0.475166666666482,0.760629126034179,1.10522233430018,1.22832316837607,1.29625672952605,0.0325898036110387,0.0325898036110387,0.0325898036110387,0.0311347431107741,0.0311347431107741,0.144601926206483,0.144601926206483,0.144601926206483,-0.144922186477632,-0.144922186477632,0,0,0,0.95,0.95,0,0,0,0.95,0.95,0.0428316324700897,-0.0428316324700897,-0.144309867012468,0.144309867012468,0.101478234542378,-0.101478234542378,-0.95,0.95,-0.00671645518782044
hpt_v2_topology2_paper,topology2,fault,deep_lvrt,lvrt_120ms_0.500pu,0.198,fault,rule_action,0,NaN,0.5,0.5,0.5,1,1,172.136144398258,839.221243517733,0.895572800297436,0.880914478799791,0.15823207793229,1.04902655439717,-0.0490265543971666,0.104427199702564,0.0598019196970014,0.468837244160466,0.108610708427288,0.112033685138632,0,0,1,0,0,1,0,1,0,0.491833333333143,0.760629126034179,1.10522233430018,-0.176846607585102,-0.197987894578588,0.109459227171526,0.109459227171526,0.109459227171526,0.108361349893692,0.108361349893692,0.111476106972896,0.111476106972896,0.111476106972896,-0.112543603496765,-0.112543603496765,0,0,0,0.95,0.95,0,0,0,0.95,0.95,0.155510152194719,-0.155510152194719,-0.0907407625403886,0.0907407625403886,-0.06476938965433,0.06476938965433,-0.95,0.410702825788909,0.671167108049162
hpt_v2_topology2_paper,topology2,fault,deep_lvrt,lvrt_120ms_0.500pu,0.2,recovery,rule_action,0,NaN,0.5,0.5,0.5,1,1,207.504321805,833.574269135365,0.904433263656228,0.841699457066457,0.0926334868662548,1.04196783641921,-0.0419678364192058,0.0955667363437723,0.0862270659884063,0.556089589008948,0.156654162207389,0.0457739283340958,0,0,1,0,0,1,0,1,0,0.508499999999803,0.760629126034179,1.10522233430018,-5,-0.811121040033003,0.156579012061458,0.156579012061458,0.156579012061458,0.155999614890173,0.155999614890173,0.0453492157568193,0.0453492157568193,0.0453492157568193,-0.0473038956325832,-0.0473038956325832,0,0,0,0.95,0.95,0,0,0,0.95,0.95,0.0792440283628322,-0.0792440283628322,0.0837491403383844,-0.0837491403383844,-0.162993168701217,0.162993168701217,-0.762558889125724,-0.330283765176234,0.95
hpt_v2_topology2_paper,topology2,fault,deep_lvrt,lvrt_120ms_0.500pu,0.202,recovery,rule_action,0,NaN,0.5,0.5,0.5,1,1,216.963232961499,857.577526816139,0.950147281163588,0.912277166609783,0.160488009445955,1.07197190852017,-0.0719719085201731,0.0498527188364121,0.202508513214512,0.56374720553431,0.103333230666222,0.035797685190481,0,0,1,0,0,1,0,1,0,0.525166666666463,0.760629126034179,1.10522233430018,0.2510960879053,2.78463555818709,0.102506482102296,0.102506482102296,0.102506482102296,0.101957334663453,0.101957334663453,0.0359502786536159,0.0359502786536159,0.0359502786536159,-0.0374793718808861,-0.0374793718808861,0,0,0,0.95,0.95,0,0,0,0.95,0.95,-0.00877837542073452,0.00877837542073452,0.0981559523443529,-0.0981559523443529,-0.0893775769236183,0.0893775769236183,-0.129503382170292,-0.88476245170687,0.95
hpt_v2_topology2_paper,topology2,fault,deep_lvrt,lvrt_120ms_0.500pu,0.204,recovery,rule_action,0,NaN,0.5,0.5,0.5,1,1,213.629241449753,855.194891044274,0.980967759893815,0.948943757098803,0.105872171721243,1.06899361380534,-0.0689936138053426,0.019032240106185,0.30638167582784,0.526071069380657,0.0214197683786946,0.0559910930216529,0,0,0,0,0,1,0,1,0,0.541833333333123,0.760629126034179,1.10522233430018,-0.180878762705228,0.984835773661041,0.0206990805990531,0.0206990805990531,0.0206990805990531,0.0197629445485246,0.0197629445485246,0.0562932919997204,0.0562932919997204,0.0562932919997204,-0.05662872667281,-0.05662872667281,0,0,0,0.95,0.95,0,0,0,0.95,0.95,0.00968935246267849,-0.00968935246267849,0.0464157113305921,-0.0464157113305921,-0.0561050637932706,0.0561050637932706,0.57555569117804,-0.95,0.578758054547439
hpt_v2_topology2_paper,topology2,fault,deep_lvrt,lvrt_120ms_0.500pu,0.206,recovery,rule_action,0,NaN,0.5,0.5,0.5,1,1,210.903357805164,889.06935407007,0.992808957098969,1.01062454231388,0.0330222980799431,1.11133669258759,-0.111336692587588,0.0071910429010309,0.336020734515731,0.420016805744563,-0.0323495222228925,0.0801580225092127,0,0,0,0,0,1,0,1,0,0.558499999999784,0.760629126034179,1.10522233430018,-3.87812855327474,-1.72249493542354,-0.0327321526970424,-0.0327321526970424,-0.0327321526970424,-0.0341404029609761,-0.0341404029609761,0.0803238291961555,0.0803238291961555,0.0803238291961555,-0.0797354641459987,-0.0797354641459987,0,0,0,0.95,0.95,0,0,0,0.95,0.95,0.0229245073826944,-0.0229245073826944,0.0609831308312872,-0.0609831308312872,-0.0839076382139815,0.0839076382139815,0.95,-0.928638628006477,-0.0923527439265782
hpt_v2_topology2_paper,topology2,fault,deep_lvrt,lvrt_120ms_0.500pu,0.208,recovery,rule_action,0,NaN,0.5,0.5,0.5,1,1,203.21834540585,904.288259453008,0.993724642641091,1.02985775404016,0.0319845597275108,1.13036032431626,-0.130360324316259,0.00627535735890905,0.298030015223194,0.376530412082301,-0.0564006816918447,0.0939042110221391,0,0,0,0,0,1,0,1,0,0.575166666666444,0.760629126034179,1.10522233430018,-1.42439361484747,-0.82888463265296,-0.0564919083092723,-0.0564919083092723,-0.0564919083092723,-0.0581633131777388,-0.0581633131777388,0.093923703076542,0.093923703076542,0.093923703076542,-0.092897937028881,-0.092897937028881,0,0,0,0.95,0.95,0,0,0,0.95,0.95,-0.0226005901105657,0.0226005901105657,0.104180100573037,-0.104180100573037,-0.0815795104624716,0.0815795104624716,0.95,-0.404664970818381,-0.704922260392169
hpt_v2_topology2_paper,topology2,fault,deep_lvrt,lvrt_120ms_0.500pu,0.21,recovery,rule_action,0,NaN,0.5,0.5,0.5,1,1,199.373110617977,888.435135748052,0.983589118454843,1.01695531633316,0.0312317335147275,1.11054391968507,-0.110543919685065,0.0164108815451571,0.25236802845669,0.371325731361126,-0.0507266510858145,0.0978255051002868,0,0,0,0,0,1,0,1,0,0.591833333333104,0.760629126034179,1.10522233430018,1.61211133639916,1.0826303402216,-0.0505691469707868,-0.0505691469707868,-0.0505691469707868,-0.0523108980903339,-0.0523108980903339,0.0978023415180182,0.0978023415180182,0.0978023415180182,-0.0968819207733971,-0.0968819207733971,0,0,0,0.95,0.95,0,0,0,0.95,0.95,-0.0862740264316025,0.0862740264316025,0.102378018830826,-0.102378018830826,-0.0161039923992239,0.0161039923992239,0.785724834533428,0.273189559084527,-0.95
hpt_v2_topology2_paper,topology2,fault,deep_lvrt,lvrt_120ms_0.500pu,0.212,recovery,rule_action,0,NaN,0.5,0.5,0.5,1,1,195.737885103121,867.514723840894,0.97172635055751,1.00258858010209,0.00984128551638135,1.08439340480112,-0.0843934048011179,0.0282736494424904,0.24448571388053,0.344363598435085,-0.0302048410119168,0.0935122754779522,0,0,0,0,0,1,0,1,0,0.608499999999764,0.760629126034179,1.10522233430018,-5,-1.13114944160952,-0.0299412608648325,-0.0299412608648325,-0.0299412608648325,-0.0316291477013747,-0.0316291477013747,0.0936394130041185,0.0936394130041185,0.0936394130041185,-0.0930828436695852,-0.0930828436695852,0,0,0,0.95,0.95,0,0,0,0.95,0.95,-0.0975089548443206,0.0975089548443206,0.0379093461954275,-0.0379093461954275,0.059599608648893,-0.059599608648893,0.182674677346199,0.869357567700011,-0.95
hpt_v2_topology2_paper,topology2,fault,deep_lvrt,lvrt_120ms_0.500pu,0.214,recovery,rule_action,0,NaN,0.5,0.5,0.5,1,1,201.989882180929,848.790772815309,0.970868558602984,1.00660948980613,0.0255232740967828,1.06098846601914,-0.0609884660191369,0.029131441397016,0.190487219547494,0.357769839848053,-0.0131065670055515,0.0940128553944031,0,0,0,0,0,1,0,1,0,0.625166666666424,0.760629126034179,1.10522233430018,0.955099728759956,-0.972763741643234,-0.0130433898795702,-0.0130433898795702,-0.0130433898795702,-0.014763877385574,-0.014763877385574,0.0938795865031451,0.0938795865031451,0.0938795865031451,-0.0936244343432617,-0.0936244343432617,0,0,0,0.95,0.95,0,0,0,0.95,0.95,-0.0566157682643502,0.0566157682643502,-0.0375223609990868,0.0375223609990868,0.094138129263437,-0.094138129263437,-0.516670753700578,0.95,-0.628814711801787
hpt_v2_topology2_paper,topology2,fault,deep_lvrt,lvrt_120ms_0.500pu,0.216,recovery,rule_action,0,NaN,0.5,0.5,0.5,1,1,205.552048800339,852.822273819725,0.973742735559678,1.00408920833983,0.00752327326482763,1.06602784227466,-0.0660278422746556,0.0262572644403218,0.163351618646427,0.387226503473169,-0.011203872719921,0.0933519954543296,0,0,0,0,0,1,0,1,0,0.641833333333085,0.760629126034179,1.10522233430018,0.619706507104745,1.43042511017533,-0.0112579184146102,-0.0112579184146102,-0.0112579184146102,-0.0129867073427012,-0.0129867073427012,0.0935296745505216,0.0935296745505216,0.0935296745505216,-0.093305338437581,-0.093305338437581,0,0,0,0.95,0.95,0,0,0,0.95,0.95,0.000867354719580266,-0.000867354719580266,-0.082013952753173,0.082013952753173,0.0811465980335928,-0.0811465980335928,-0.95,0.923726561378809,0.05704020122827
hpt_v2_topology2_paper,topology2,fault,deep_lvrt,lvrt_120ms_0.500pu,0.218,recovery,rule_action,0,NaN,0.5,0.5,0.5,1,1,198.302376318767,849.889482344673,0.972404448033935,1.00912167252981,0.0206321607297655,1.06236185293084,-0.0623618529308412,0.0275955519660652,0.199856803371337,0.424309032959443,-0.0150840922250589,0.0955097181242694,0,0,0,0,0,1,0,1,0,0.658499999999745,0.760629126034179,1.10522233430018,-0.903301971070913,-0.473315797335116,-0.0150434691396633,-0.0150434691396633,-0.0150434691396633,-0.0168002601028059,-0.0168002601028059,0.0954222376805922,0.0954222376805922,0.0954222376805922,-0.0951286532449898,-0.0951286532449898,0,0,0,0.95,0.95,0,0,0,0.95,0.95,0.0547580036906987,-0.0547580036906987,-0.0962989033952838,0.0962989033952838,0.0415408997045852,-0.0415408997045852,-0.95,0.368559340114953,0.732895588375259
hpt_v2_topology2_paper,topology2,fault,deep_lvrt,lvrt_120ms_0.500pu,0.22,recovery,rule_action,0,NaN,0.5,0.5,0.5,1,1,205.091368808184,848.998280404459,0.974908115373486,0.968888873618485,0.031924181334926,1.06124785050557,-0.0612478505055742,0.0250918846265142,0.194499717625043,0.419926837411707,0.027798213759854,0.0846828430865277,0,0,0,0,0,1,1,0,1,0,0.987127584207356,0.987127584207356,-5,-2.26021134621845,0.0284825503795178,0.0284825503795178,0.0284825503795178,0.0269237909573566,0.0269237909573566,0.0842621763742411,0.0842621763742411,0.0842621763742411,-0.0847731061359088,-0.0847731061359088,0,0,0,0.95,0.95,0,0,0,0.95,0.95,0.0880100113571275,-0.0880100113571275,-0.0328602329903106,0.0328602329903106,-0.0551497783668168,0.0551497783668168,-0.787964194377089,-0.327856853749975,0.95
hpt_v2_topology2_paper,topology2,fault,deep_lvrt,lvrt_120ms_0.500pu,0.222,recovery,rule_action,0,NaN,0.5,0.5,0.5,1,1,209.73431407938,855.902218322398,0.983476147831253,1.02805915302527,0.0168185047260541,1.069877772903,-0.0698777729029973,0.016523852168747,0.205729832862411,0.405077739458186,0.0333648424749631,0.0703526323759567,0,0,0,0,0,1,1,0,1,0,0.984705257961586,0.99168710759682,1.85576807265631,1.88323706810745,0.0331105843948572,0.0331105843948572,0.0331105843948572,0.0317926408131343,0.0317926408131343,0.0706381083108972,0.0706381083108972,0.0706381083108972,-0.0712410073962885,-0.0712410073962885,0,0,0,0.95,0.95,0,0,0,0.95,0.95,0.0491161793669933,-0.0491161793669933,0.0279322956439636,-0.0279322956439636,-0.0770484750109569,0.0770484750109569,-0.163183316672574,-0.873821736378754,0.95
hpt_v2_topology2_paper,topology2,fault,deep_lvrt,lvrt_120ms_0.500pu,0.224,recovery,rule_action,0,NaN,0.5,0.5,0.5,1,1,204.414864744382,850.786710564598,0.987463689481333,1.01449475007199,0.0184270523315022,1.06348338820575,-0.0634833882057477,0.0125363105186668,0.223265852907395,0.418196191382289,0.00450309049714161,0.0757397076919291,0,0,0,0,0,1,1,0,1,0,0.984705257961586,0.99168710759682,-0.238118193991665,0.131232191272534,0.00433604464693509,0.00433604464693509,0.00433604464693509,0.00292713559323998,0.00292713559323998,0.0760427941382856,0.0760427941382856,0.0760427941382856,-0.0761100499326908,-0.0761100499326908,0,0,0,0.95,0.95,0,0,0,0.95,0.95,0.0318356402415538,-0.0318356402415538,0.044005880327887,-0.044005880327887,-0.0758415205694408,0.0758415205694408,0.54877924838218,-0.95,0.581614456573668
hpt_v2_topology2_paper,topology2,fault,deep_lvrt,lvrt_120ms_0.500pu,0.226,recovery,rule_action,0,NaN,0.5,0.5,0.5,1,1,206.637236064473,855.494926720802,0.989104023761168,1.01643263662863,0.0186422092309945,1.069368658401,-0.0693686584010025,0.0108959762388317,0.231506942507976,0.392687167055882,-0.00887131341211724,0.0798803654222061,0,0,0,0,0,1,1,0,1,0,0.984705257961586,0.99168710759682,-1.47341749425278,-2.37608693457414,-0.00898240161698395,-0.00898240161698395,-0.00898240161698395,-0.010463661525703,-0.010463661525703,0.0801426439087449,0.0801426439087449,0.0801426439087449,-0.079962733188456,-0.079962733188456,0,0,0,0.95,0.95,0,0,0,0.95,0.95,-0.0025806624856905,0.0025806624856905,0.0710947030219159,-0.0710947030219159,-0.0685140405362254,0.0685140405362254,0.95,-0.916944401357542,-0.110103986552479
hpt_v2_topology2_paper,topology2,fault,deep_lvrt,lvrt_120ms_0.500pu,0.228,recovery,rule_action,0,NaN,0.5,0.5,0.5,1,1,203.176020774345,852.854142578029,0.986800487259991,0.991854271873052,0.035841232954523,1.06606767822254,-0.0660676782225362,0.0131995127400094,0.223687508497321,0.389155835160547,-0.0139963084109678,0.0938824722074612,0,0,0,0,0,1,1,0,1,0,0.984705257961586,0.99168710759682,-5,-0.358225269471157,-0.0138669600301622,-0.0138669600301622,-0.0138669600301622,-0.0155677732935689,-0.0155677732935689,0.0938999768229857,0.0938999768229857,0.0938999768229857,-0.0936330212185605,-0.0936330212185605,0,0,0,0.95,0.95,0,0,0,0.95,0.95,-0.0556664801677385,0.0556664801677385,0.0944144379566742,-0.0944144379566742,-0.0387479577889356,0.0387479577889356,0.95,-0.384282385696392,-0.756959859184501
hpt_v2_topology2_paper,topology2,fault,deep_lvrt,lvrt_120ms_0.500pu,0.23,recovery,rule_action,0,NaN,0.5,0.5,0.5,1,1,204.720966194537,854.465295409599,0.987877175261863,1.02509846290817,0.0125272744345449,1.068081619262,-0.0680816192619984,0.0121228247381365,0.201320832541246,0.392107414315445,-0.00828912322399017,0.0959977839496671,0,0,0,0,0,1,1,0,1,0,0.984705257961586,0.99168710759682,1.17339828375407,0.641516869679615,-0.00831614190698466,-0.00831614190698466,-0.00831614190698466,-0.0100158489037252,-0.0100158489037252,0.0961409745678952,0.0961409745678952,0.0961409745678952,-0.0959787892079262,-0.0959787892079262,0,0,0,0.95,0.95,0,0,0,0.95,0.95,-0.0933968189070299,0.0933968189070299,0.067721243916235,-0.067721243916235,0.0256755749907949,-0.0256755749907949,0.766985021824667,0.312762224845614,-0.95
hpt_v2_topology2_paper,topology2,fault,deep_lvrt,lvrt_120ms_0.500pu,0.232,recovery,rule_action,0,NaN,0.5,0.5,0.5,1,1,203.891162000532,850.594933965056,0.983843803179891,1.00642750120112,0.0107486484726893,1.06324366745632,-0.0632436674563202,0.0161561968201093,0.221472166332796,0.365615736426589,0.00131928134177547,0.0888113794052572,0,0,0,0,0,1,1,0,1,0,0.984705257961586,0.99168710759682,-0.655012720646608,-1.47398875585636,0.00146544291939584,0.00146544291939584,0.00146544291939584,-7.80704897890214e-05,-7.80704897890214e-05,0.0889069903894101,0.0889069903894101,0.0889069903894101,-0.0889190326535961,-0.0889190326535961,0,0,0,0.95,0.95,0,0,0,0.95,0.95,-0.0789111557172218,0.0789111557172218,0.00396300856842311,-0.00396300856842311,0.0749481471487986,-0.0749481471487986,0.141687158016271,0.900611046742997,-0.95
hpt_v2_topology2_paper,topology2,fault,deep_lvrt,lvrt_120ms_0.500pu,0.234,recovery,rule_action,0,NaN,0.5,0.5,0.5,1,1,203.934411591531,847.771073291819,0.985904152622993,1.00953414487121,0.0283968940705185,1.05971384161477,-0.059713841614774,0.0140958473770069,0.187335834749979,0.385108150152836,-0.0126795361822945,0.0952799509827612,0,0,0,0,0,1,0,1,0,0.00516666666666466,0.984705257961586,0.99168710759682,-0.688947585180788,-1.05097412514343,-0.0131018683743941,-0.0131018683743941,-0.0131018683743941,-0.0147197488880728,-0.0147197488880728,0.0953659024909973,0.0953659024909973,0.0953659024909973,-0.0951296131890298,-0.0951296131890298,0,0,0,0.95,0.95,0,0,0,0.95,0.95,-0.0554904606374449,0.0554904606374449,-0.040374827801481,0.040374827801481,0.0958652884389259,-0.0958652884389259,-0.554345706049692,0.95,-0.592007129708526
hpt_v2_topology2_paper,topology2,fault,deep_lvrt,lvrt_120ms_0.500pu,0.236,recovery,rule_action,0,NaN,0.5,0.5,0.5,1,1,206.056490087601,853.353539224421,0.983951894827307,1.00290749931897,0.0134997836326564,1.06669192403053,-0.0666919240305264,0.0160481051726927,0.1750389815191,0.411413106264115,-0.0331726480575778,0.104180092811598,0,0,0,0,0,1,0,1,0,0.0218333333333249,0.984705257961586,0.99168710759682,3.02435719764049,1.54287461513514,-0.0332592012699322,-0.0332592012699322,-0.0332592012699322,-0.0349514562289222,-0.0349514562289222,0.10427114495197,0.10427114495197,0.10427114495197,-0.103716160005017,-0.103716160005017,0,0,0,0.95,0.95,0,0,0,0.95,0.95,-0.017257565930858,0.017257565930858,-0.0849693843117029,0.0849693843117029,0.102226950242561,-0.102226950242561,-0.95,0.90471902311682,0.0950565625300849
hpt_v2_topology2_paper,topology2,fault,deep_lvrt,lvrt_120ms_0.500pu,0.238,recovery,rule_action,0,NaN,0.5,0.5,0.5,1,1,197.000498440236,850.116637862993,0.978272607164238,1.00577966787119,0.0223184967521876,1.06264579732874,-0.0626457973287409,0.0217273928357615,0.222614857468684,0.416567549171014,-0.0342634624399314,0.103323532537454,0,0,0,0,0,1,0,1,0,0.0384999999999851,0.984705257961586,0.99168710759682,-0.900753545769017,-0.790739079925995,-0.0341536606015393,-0.0341536606015393,-0.0341536606015393,-0.0357643558728749,-0.0357643558728749,0.103215150591843,0.103215150591843,0.103215150591843,-0.10266815812695,-0.10266815812695,0,0,0,0.95,0.95,0,0,0,0.95,0.95,0.04826193235247,-0.04826193235247,-0.108499024689755,0.108499024689755,0.060237092337285,-0.060237092337285,-0.95,0.350149927694651,0.756997291273458
hpt_v2_topology2_paper,topology2,fault,deep_lvrt,lvrt_120ms_0.500pu,0.24,recovery,rule_action,0,NaN,0.5,0.5,0.5,1,1,203.294075872109,851.835531046592,0.976702932362213,0.988729398918513,0.00793853904797238,1.06479441380824,-0.0647944138082399,0.0232970676377874,0.206387880258198,0.388815017560477,-0.0241338002444514,0.0964495729976928,0,0,0,0,0,1,0,1,0,0.0551666666666453,0.984705257961586,0.99168710759682,-5,-2.21222420959433,-0.0241087306509597,-0.0241087306509597,-0.0241087306509597,-0.0255756959202353,-0.0255756959202353,0.0965921213399601,0.0965921213399601,0.0965921213399601,-0.0962140975987914,-0.0962140975987914,0,0,0,0.95,0.95,0,0,0,0.95,0.95,0.0914881490057959,-0.0914881490057959,-0.0797424647961978,0.0797424647961978,-0.011745684209598,0.011745684209598,-0.78157801558654,-0.338697143368934,0.95
hpt_v2_topology2_paper,topology2,fault,deep_lvrt,lvrt_120ms_0.500pu,0.242,recovery,rule_action,0,NaN,0.5,0.5,0.5,1,1,204.808836220338,855.520434861615,0.976633887474555,1.00939592280277,0.0133973261694039,1.06940054357702,-0.0694005435770193,0.0233661125254452,0.198955989448032,0.377530056533258,-0.0224137036266045,0.0997738693272847,0,0,0,0,0,1,0,1,0,0.0718333333333055,0.984705257961586,0.99168710759682,2.12029697975002,1.65543187306461,-0.0224092609688665,-0.0224092609688665,-0.0224092609688665,-0.0238772762962651,-0.0238772762962651,0.0998844114007965,0.0998844114007965,0.0998844114007965,-0.09954369038129,-0.09954369038129,0,0,0,0.95,0.95,0,0,0,0.95,0.95,0.0992196608536795,-0.0992196608536795,-0.0277947636471722,0.0277947636471722,-0.0714248972065073,0.0714248972065073,-0.15097463721911,-0.881137391376644,0.95
hpt_v2_topology2_paper,topology2,fault,deep_lvrt,lvrt_120ms_0.500pu,0.244,recovery,rule_action,0,NaN,0.5,0.5,0.5,1,1,200.293395108408,851.973301453629,0.979085964573377,1.00605179741564,0.0138119699025095,1.06496662681704,-0.0649666268170366,0.0209140354266225,0.205981312620633,0.409266865433129,-0.0265360479426333,0.10389668219016,0,0,0,0,0,1,0,1,0,0.0884999999999657,0.984705257961586,0.99168710759682,-1.76584285808889,-0.0912703708209062,-0.0265550180217564,-0.0265550180217564,-0.0265550180217564,-0.0280206644021802,-0.0280206644021802,0.104018076857822,0.104018076857822,0.104018076857822,-0.103632869601281,-0.103632869601281,0,0,0,0.95,0.95,0,0,0,0.95,0.95,0.0709582266884414,-0.0709582266884414,0.0342876016452752,-0.0342876016452752,-0.105245828333717,0.105245828333717,0.555921408295439,-0.95,0.560736084865831
hpt_v2_topology2_paper,topology2,fault,deep_lvrt,lvrt_120ms_0.500pu,0.246,recovery,rule_action,0,NaN,0.5,0.5,0.5,1,1,203.94740864687,852.040146187507,0.97554114667127,1.01942484317541,0.0167560474548091,1.06505018273438,-0.0650501827343841,0.0244588533287297,0.213122740923737,0.399439579558116,-0.0222638024755125,0.101507164464877,0,0,0,0,0,1,0,1,0,0.105166666666626,0.984705257961586,0.99168710759682,-2.46507410225227,-2.59619654833387,-0.0222262029950251,-0.0222262029950251,-0.0222262029950251,-0.0235925009070112,-0.0235925009070112,0.101617695568718,0.101617695568718,0.101617695568718,-0.101309200239788,-0.101309200239788,0,0,0,0.95,0.95,0,0,0,0.95,0.95,0.00607407575769731,-0.00607407575769731,0.0868932090738415,-0.0868932090738415,-0.0929672848315388,0.0929672848315388,0.95,-0.903618763093591,-0.1261245566668
hpt_v2_topology2_paper,topology2,fault,deep_lvrt,lvrt_120ms_0.500pu,0.248,recovery,rule_action,0,NaN,0.5,0.5,0.5,1,1,205.032366152452,853.766050888278,0.975981928911201,0.998319487762843,0.0312294542317676,1.06720756361035,-0.0672075636103477,0.0240180710887992,0.21340306465682,0.401073214514403,-0.0207199336755452,0.103312204367457,0,0,0,0,0,1,0,1,0,0.121833333333286,0.984705257961586,0.99168710759682,-5,-0.360629450939065,-0.0207169227799806,-0.0207169227799806,-0.0207169227799806,-0.0220325184974705,-0.0220325184974705,0.103240683253594,0.103240683253594,0.103240683253594,-0.102967944996485,-0.102967944996485,0,0,0,0.95,0.95,0,0,0,0.95,0.95,-0.0583687425357769,0.0583687425357769,0.105083578096416,-0.105083578096416,-0.0467148355606388,0.0467148355606388,0.95,-0.36375004968283,-0.765209700995077
hpt_v2_topology2_paper,topology2,fault,deep_lvrt,lvrt_120ms_0.500pu,0.25,recovery,rule_action,0,NaN,0.5,0.5,0.5,1,1,204.9179979771,854.332564215131,0.97940288603303,1.0106052761545,0.0120987347114712,1.06791570526891,-0.0679157052689139,0.0205971139669702,0.20363850987361,0.391079297811485,-0.0240602199068191,0.103002685191075,0,0,0,0,0,1,0,1,0,0.138499999999947,0.984705257961586,0.99168710759682,2.10593045023511,0.622413912644282,-0.0241220480367894,-0.0241220480367894,-0.0241220480367894,-0.0253727319706858,-0.0253727319706858,0.103098873288796,0.103098873288796,0.103098873288796,-0.102798226381841,-0.102798226381841,0,0,0,0.95,0.95,0,0,0,0.95,0.95,-0.0981021232940565,0.0981021232940565,0.0835534993881445,-0.0835534993881445,0.014548623905912,-0.014548623905912,0.761453121691172,0.326402568258117,-0.95
hpt_v2_topology2_paper,topology2,fault,deep_lvrt,lvrt_120ms_0.500pu,0.252,recovery,rule_action,0,NaN,0.5,0.5,0.5,1,1,199.603737454281,851.314415918412,0.975898649893188,1.00908839760725,0.0154003942717513,1.06414301989801,-0.0641430198980144,0.0241013501068122,0.22949840021435,0.367559715435311,-0.0245930556109743,0.102937804863452,0,0,0,0,0,1,0,1,0,0.15516666666663,0.984705257961586,0.99168710759682,-2.08426823839081,-1.46161185590499,-0.0245355522231493,-0.0245355522231493,-0.0245355522231493,-0.0257278687948788,-0.0257278687948788,0.103011954005485,0.103011954005485,0.103011954005485,-0.102720654000043,-0.102720654000043,0,0,0,0.95,0.95,0,0,0,0.95,0.95,-0.102862831253929,0.102862831253929,0.0296479252498082,-0.0296479252498082,0.0732149060041207,-0.0732149060041207,0.125784319368212,0.912696556544261,-0.95
hpt_v2_topology2_paper,topology2,fault,deep_lvrt,lvrt_120ms_0.500pu,0.254,recovery,rule_action,0,NaN,0.5,0.5,0.5,1,1,203.536493368438,850.050338143105,0.978196068559721,1.00793540063882,0.0278653798407768,1.06256292267888,-0.0625629226788815,0.0218039314402791,0.192627561753279,0.372651501223624,-0.0233947820717057,0.101783517379637,0,0,0,0,0,1,0,1,0,0.171833333333313,0.984705257961586,0.99168710759682,1.26046777121536,-1.42504507301933,-0.0234266753361958,-0.0234266753361958,-0.0234266753361958,-0.0245494752340243,-0.0245494752340243,0.101784192942119,0.101784192942119,0.101784192942119,-0.101519231261472,-0.101519231261472,0,0,0,0.95,0.95,0,0,0,0.95,0.95,-0.0667919296258464,0.0667919296258464,-0.0361436058665222,0.0361436058665222,0.102935535492369,-0.102935535492369,-0.559218367805473,0.95,-0.583159222303388
hpt_v2_topology2_paper,topology2,fault,deep_lvrt,lvrt_120ms_0.500pu,0.256,recovery,rule_action,0,NaN,0.5,0.5,0.5,1,1,206.518270723817,852.571586569492,0.978609277618341,1.01301605163911,0.0194268225485243,1.06571448321186,-0.0657144832118643,0.0213907223816586,0.174852437576653,0.402073669325583,-0.0240639180492643,0.105416645966641,0,0,0,0,0,1,0,1,0,0.188499999999997,0.984705257961586,0.99168710759682,1.62406293169992,1.49055149726629,-0.024100017807228,-0.024100017807228,-0.024100017807228,-0.0251893283284951,-0.0251893283284951,0.105522364307845,0.105522364307845,0.105522364307845,-0.105267649189034,-0.105267649189034,0,0,0,0.95,0.95,0,0,0,0.95,0.95,-0.0069066908840329,0.0069066908840329,-0.0900937463692418,0.0900937463692418,0.0970004372532747,-0.0970004372532747,-0.95,0.900456287644296,0.101434512024408
hpt_v2_topology2_paper,topology2,fault,deep_lvrt,lvrt_120ms_0.500pu,0.258,recovery,rule_action,0,NaN,0.5,0.5,0.5,1,1,199.123783636177,850.1097400789,0.975425346527118,0.995655915955838,0.00889866272665392,1.06263717509863,-0.0626371750986252,0.0245746534728825,0.219120396748128,0.404422639885665,-0.0249682911317319,0.104451953809837,0,0,0,0,0,1,0,1,0,0.20516666666668,0.984705257961586,0.99168710759682,-5,-0.370749177481366,-0.0248903559747183,-0.0248903559747183,-0.0248903559747183,-0.0259006299424851,-0.0259006299424851,0.104540774005927,0.104540774005927,0.104540774005927,-0.104295065170357,-0.104295065170357,0,0,0,0.95,0.95,0,0,0,0.95,0.95,0.0566745706214934,-0.0566745706214934,-0.107408280127948,0.107408280127948,0.0507337095064549,-0.0507337095064549,-0.95,0.344846665418877,0.760836599246465
hpt_v2_topology2_paper,topology2,fault,deep_lvrt,lvrt_120ms_0.500pu,0.26,recovery,rule_action,0,NaN,0.5,0.5,0.5,1,1,205.081500385093,850.300359466174,0.976749964596961,0.975673706401867,0.0152220747632649,1.06287544933272,-0.0628754493327179,0.0232500354030392,0.196411605364929,0.375832118380309,-0.020157609142188,0.100057911130817,0,0,0,0,0,1,0,1,0,0.221833333333363,0.984705257961586,0.99168710759682,-5,-2.20855874820236,-0.0201860990986693,-0.0201860990986693,-0.0201860990986693,-0.0211160987558768,-0.0211160987558768,0.100177516451095,0.100177516451095,0.100177516451095,-0.0999856178280791,-0.0999856178280791,0,0,0,0.95,0.95,0,0,0,0.95,0.95,0.0959942739691206,-0.0959942739691206,-0.0783465121544717,0.0783465121544717,-0.0176477618146489,0.0176477618146489,-0.778230347836584,-0.342775600136073,0.95
hpt_v2_topology2_paper,topology2,fault,deep_lvrt,lvrt_120ms_0.500pu,0.262,recovery,rule_action,0,NaN,0.5,0.5,0.5,1,1,204.514928953711,855.382821156062,0.978294097668006,1.01134172471843,0.0071926071708262,1.06922852644508,-0.0692285264450774,0.0217059023319937,0.187553402809359,0.373733967116102,-0.0233937285634378,0.10271163070734,0,0,0,0,0,1,0,1,0,0.238500000000047,0.984705257961586,0.99168710759682,1.0814957978178,1.53072365314433,-0.0234283883950198,-0.0234283883950198,-0.0234283883950198,-0.0243287230975199,-0.0243287230975199,0.102802149527626,0.102802149527626,0.102802149527626,-0.10259280950794,-0.10259280950794,0,0,0,0.95,0.95,0,0,0,0.95,0.95,0.102058175497519,-0.102058175497519,-0.0280949405375694,0.0280949405375694,-0.0739632349599492,0.0739632349599492,-0.14313006205976,-0.882957759182301,0.95
hpt_v2_topology2_paper,topology2,fault,deep_lvrt,lvrt_120ms_0.500pu,0.264,recovery,rule_action,0,NaN,0.5,0.5,0.5,1,1,200.322189626502,850.406236037268,0.980540846984973,1.00916335931929,0.017425390681125,1.06300779504658,-0.0630077950465848,0.0194591530150271,0.196090282065113,0.401856364907153,-0.0296070519331655,0.105803845579062,0,0,0,0,0,1,0,1,0,0.25516666666673,0.984705257961586,0.99168710759682,-0.173561975381542,-0.206670620858995,-0.0296306813196439,-0.0296306813196439,-0.0296306813196439,-0.030496909329918,-0.030496909329918,0.105896204581979,0.105896204581979,0.105896204581979,-0.105649997357583,-0.105649997357583,0,0,0,0.95,0.95,0,0,0,0.95,0.95,0.073905515137056,-0.073905515137056,0.0335629760623131,-0.0335629760623131,-0.107468491199369,0.107468491199369,0.559842923784153,-0.95,0.553105153144554
hpt_v2_topology2_paper,topology2,fault,deep_lvrt,lvrt_120ms_0.500pu,0.266,recovery,rule_action,0,NaN,0.5,0.5,0.5,1,1,204.187405981981,854.589085366088,0.976285190797245,0.989057106208852,0.0239427845282975,1.06823635670761,-0.0682363567076101,0.0237148092027548,0.202323497359282,0.394607735256483,-0.0253444634388683,0.105086421665462,0,0,0,0,0,1,0,1,0,0.271833333333413,0.984705257961586,0.99168710759682,-2.75237770045589,-2.68045632905078,-0.0252886534602078,-0.0252886534602078,-0.0252886534602078,-0.0260862401533854,-0.0260862401533854,0.104995108712817,0.104995108712817,0.104995108712817,-0.104799794475498,-0.104799794475498,0,0,0,0.95,0.95,0,0,0,0.95,0.95,0.00777592351567225,-0.00777592351567225,0.0893979851778831,-0.0893979851778831,-0.0971739086935553,0.0971739086935553,0.95,-0.894015567151836,-0.134632986402379
hpt_v2_topology2_paper,topology2,fault,deep_lvrt,lvrt_120ms_0.500pu,0.268,recovery,rule_action,0,NaN,0.5,0.5,0.5,1,1,203.970337335106,852.481947309808,0.976180556463835,0.989768274567121,0.0328972945093736,1.06560243413726,-0.0656024341372605,0.0238194435361655,0.209084372390714,0.391611991481217,-0.0226079237772089,0.104475655524077,0,0,0,0,0,1,0,1,0,0.288500000000097,0.984705257961586,0.99168710759682,-5,-0.383327365452546,-0.0225851542664636,-0.0225851542664636,-0.0225851542664636,-0.0233237422134053,-0.0233237422134053,0.104391504323266,0.104391504323266,0.104391504323266,-0.104228971103418,-0.104228971103418,0,0,0,0.95,0.95,0,0,0,0.95,0.95,-0.0585328777332627,0.0585328777332627,0.106636867289143,-0.106636867289143,-0.0481039895558806,0.0481039895558806,0.95,-0.359442671742635,-0.76981158171371
hpt_v2_topology2_paper,topology2,fault,deep_lvrt,lvrt_120ms_0.500pu,0.27,recovery,rule_action,0,NaN,0.5,0.5,0.5,1,1,204.749809382379,853.012570200375,0.979878464082115,1.0128319994474,0.015148525642127,1.06626571275047,-0.0662657127504684,0.0201215359178849,0.194617951622415,0.382503165661635,-0.0250085263768672,0.103413437845645,0,0,0,0,0,1,0,1,0,0.30516666666678,0.984705257961586,0.99168710759682,1.56353596511094,0.505047882581877,-0.0250719884704886,-0.0250719884704886,-0.0250719884704886,-0.0257641873564089,-0.0257641873564089,0.103518996275979,0.103518996275979,0.103518996275979,-0.103348893780797,-0.103348893780797,0,0,0,0.95,0.95,0,0,0,0.95,0.95,-0.0986820113199952,0.0986820113199952,0.084053912168502,-0.084053912168502,0.0146280991514932,-0.0146280991514932,0.754218131163866,0.331483920933878,-0.95
hpt_v2_topology2_paper,topology2,fault,deep_lvrt,lvrt_120ms_0.500pu,0.272,recovery,rule_action,0,NaN,0.5,0.5,0.5,1,1,199.707560542559,850.160419808498,0.976635103590505,0.997327236865976,0.0264133864691396,1.06270052476062,-0.0627005247606218,0.0233648964094947,0.219292831942166,0.367979807804251,-0.0259007319131222,0.105975820578568,0,0,0,0,0,1,0,1,0,0.321833333333463,0.984705257961586,0.99168710759682,-2.86480858417781,-1.57380045643651,-0.0258484214163364,-0.0258484214163364,-0.0258484214163364,-0.0265103901673106,-0.0265103901673106,0.105905666056085,0.105905666056085,0.105905666056085,-0.105741903735825,-0.105741903735825,0,0,0,0.95,0.95,0,0,0,0.95,0.95,-0.105853144021979,0.105853144021979,0.0303556356132422,-0.0303556356132422,0.075497508408737,-0.075497508408737,0.115183712916709,0.915269396396193,-0.95
hpt_v2_topology2_paper,topology2,fault,deep_lvrt,lvrt_120ms_0.500pu,0.274,recovery,rule_action,0,NaN,0.5,0.5,0.5,1,1,203.471083437037,849.809309148249,0.978909465783982,1.00929325446094,0.0258469140137661,1.06226163643531,-0.0622616364353117,0.0210905342160179,0.186524540465534,0.380295288942136,-0.02496825198163,0.105171936207653,0,0,0,0,0,1,0,1,0,0.338500000000147,0.984705257961586,0.99168710759682,0.0699497359026857,-0.0881246008468395,-0.0250010594539745,-0.0250010594539745,-0.0250010594539745,-0.0256123337948045,-0.0256123337948045,0.105122468539858,0.105122468539858,0.105122468539858,-0.104975210041791,-0.104975210041791,0,0,0,0.95,0.95,0,0,0,0.95,0.95,-0.0691676093883446,0.0691676093883446,-0.0373100137669926,0.0373100137669926,0.106477623155337,-0.106477623155337,-0.567520933246394,0.95,-0.571384493674757
hpt_v2_topology2_paper,topology2,fault,deep_lvrt,lvrt_120ms_0.500pu,0.276,recovery,rule_action,0,NaN,0.5,0.5,0.5,1,1,207.081662743238,852.52450069553,0.980321567068508,1.02368210041049,0.0256398358659141,1.06565562586941,-0.0656556258694128,0.019678432931492,0.174790537739114,0.413193710099512,-0.0268320162638,0.107832571249012,0,0,0,0,0,1,0,1,0,0.35516666666683,0.984705257961586,0.99168710759682,1.44271321608103,1.50000409192153,-0.0268850717132318,-0.0268850717132318,-0.0268850717132318,-0.0274451447654348,-0.0274451447654348,0.10785830975636,0.10785830975636,0.10785830975636,-0.107717157840935,-0.107717157840935,0,0,0,0.95,0.95,0,0,0,0.95,0.95,-0.00866430387915441,0.00866430387915441,-0.0916410939527582,0.0916410939527582,0.100305397831913,-0.100305397831913,-0.95,0.889510487566694,0.114637822220508
hpt_v2_topology2_paper,topology2,fault,deep_lvrt,lvrt_120ms_0.500pu,0.278,recovery,rule_action,0,NaN,0.5,0.5,0.5,1,1,199.188328159341,850.129695690607,0.976499773311955,0.997735453469805,0.0146498332719019,1.06266211961326,-0.0626621196132593,0.0235002266880445,0.227759358433298,0.407021595608544,-0.0280043612438612,0.105305851264607,0,0,0,0,0,1,0,1,0,0.371833333333513,0.984705257961586,0.99168710759682,-5,-0.783764979577217,-0.0279194030295473,-0.0279194030295473,-0.0279194030295473,-0.0284115432321929,-0.0284115432321929,0.105396706490411,0.105396706490411,0.105396706490411,-0.105265108253957,-0.105265108253957,0,0,0,0.95,0.95,0,0,0,0.95,0.95,0.0556194746703599,-0.0556194746703599,-0.109024419699017,0.109024419699017,0.0534049450286575,-0.0534049450286575,-0.95,0.340045922250514,0.768329809824833
hpt_v2_topology2_paper,topology2,fault,deep_lvrt,lvrt_120ms_0.500pu,0.28,recovery,rule_action,0,NaN,0.5,0.5,0.5,1,1,203.778569707019,850.682019474449,0.976516883799339,0.995116474594866,0.0285110250421681,1.06335252434306,-0.063352524343061,0.0234831162006606,0.206543913708561,0.374245392939644,-0.0212634854014906,0.10193119487648,0,0,0,0,0,1,0,1,0,0.388500000000197,0.984705257961586,0.99168710759682,-5,-2.19600479615223,-0.0212688494567996,-0.0212688494567996,-0.0212688494567996,-0.0217226736957754,-0.0217226736957754,0.101912682671591,0.101912682671591,0.101912682671591,-0.101816915559465,-0.101816915559465,0,0,0,0.95,0.95,0,0,0,0.95,0.95,0.0977133703704051,-0.0977133703704051,-0.0799692561661478,0.0799692561661478,-0.0177441142042573,0.0177441142042573,-0.778059438332752,-0.346824922444396,0.95
hpt_v2_topology2_paper,topology2,fault,deep_lvrt,lvrt_120ms_0.500pu,0.282,recovery,rule_action,0,NaN,0.5,0.5,0.5,1,1,204.748867705251,855.404392256192,0.977917278321481,1.0213069453514,0.00624911819949631,1.06925549032024,-0.06925549032024,0.0220827216785192,0.19398667147022,0.368038080755768,-0.0227763404935724,0.103560538045914,0,0,0,0,0,1,0,1,0,0.40516666666688,0.984705257961586,0.99168710759682,1.89206117802954,1.54455617684146,-0.0228062496715731,-0.0228062496715731,-0.0228062496715731,-0.023229961418659,-0.023229961418659,0.103649320802342,0.103649320802342,0.103649320802342,-0.103555181518631,-0.103555181518631,0,0,0,0.95,0.95,0,0,0,0.95,0.95,0.102409633347715,-0.102409633347715,-0.027086767554126,0.027086767554126,-0.0753228657935886,0.0753228657935886,-0.139979333093457,-0.885696604318805,0.95
hpt_v2_topology2_paper,topology2,fault,deep_lvrt,lvrt_120ms_0.500pu,0.284,recovery,rule_action,0,NaN,0.5,0.5,0.5,1,1,200.677488551586,851.269284160863,0.980148207047669,1.00264854254523,0.0228126625025427,1.06408660520108,-0.0640866052010787,0.0198517929523311,0.198477455463723,0.395055676334399,-0.0286335725418476,0.10709774528769,0,0,0,0,0,1,0,1,0,0.421833333333563,0.984705257961586,0.99168710759682,-1.34876235460402,-0.196499539033335,-0.0286566910701091,-0.0286566910701091,-0.0286566910701091,-0.0290513386487124,-0.0290513386487124,0.107129123708444,0.107129123708444,0.107129123708444,-0.107022777072662,-0.107022777072662,0,0,0,0.95,0.95,0,0,0,0.95,0.95,0.0732748164497776,-0.0732748164497776,0.0354492914700527,-0.0354492914700527,-0.10872410791983,0.10872410791983,0.561844088280228,-0.95,0.551726507985704
hpt_v2_topology2_paper,topology2,fault,deep_lvrt,lvrt_120ms_0.500pu,0.286,recovery,rule_action,0,NaN,0.5,0.5,0.5,1,1,204.394985193974,853.696183700219,0.976929950590582,1.01324660419123,0.0250477122710864,1.06712022962527,-0.0671202296252742,0.0230700494094185,0.201103481346114,0.388002594170877,-0.0250278550586782,0.105950057653263,0,0,0,0,0,1,0,1,0,0.438500000000247,0.984705257961586,0.99168710759682,-3.53965842165849,-2.66262300961517,-0.0249959723017304,-0.0249959723017304,-0.0249959723017304,-0.0253458166482311,-0.0253458166482311,0.105845372157111,0.105845372157111,0.105845372157111,-0.105762143590324,-0.105762143590324,0,0,0,0.95,0.95,0,0,0,0.95,0.95,0.0069597385340017,-0.0069597385340017,0.0905132294607427,-0.0905132294607427,-0.0974729679947444,0.0974729679947444,0.95,-0.892735861223191,-0.132937247078811
hpt_v2_topology2_paper,topology2,fault,deep_lvrt,lvrt_120ms_0.500pu,0.288,recovery,rule_action,0,NaN,0.5,0.5,0.5,1,1,204.875632538708,852.210528561275,0.977189148578246,0.996645487239871,0.0306707997286138,1.06526316070159,-0.0652631607015943,0.0228108514217541,0.20434232449707,0.387781551499526,-0.0238940072858179,0.105634144078759,0,0,0,0,0,1,0,1,0,0.45516666666693,0.984705257961586,0.99168710759682,-5,-0.850870864516295,-0.0238854416261198,-0.0238854416261198,-0.0238854416261198,-0.0241978801278485,-0.0241978801278485,0.105567311330317,0.105567311330317,0.105567311330317,-0.105496133296464,-0.105496133296464,0,0,0,0.95,0.95,0,0,0,0.95,0.95,-0.0587484586754886,0.0587484586754886,0.108099654772168,-0.108099654772168,-0.0493511960966794,0.0493511960966794,0.95,-0.356254890540941,-0.768880571850732
hpt_v2_topology2_paper,topology2,fault,deep_lvrt,lvrt_120ms_0.500pu,0.29,recovery,rule_action,0,NaN,0.5,0.5,0.5,1,1,205.201963120793,852.351318738167,0.980590901767697,1.00801622791009,0.0146422561161945,1.06543914842271,-0.0654391484227093,0.0194090982323034,0.189577235264142,0.382690951763051,-0.0267582511465097,0.105166553296068,0,0,0,0,0,1,0,1,0,0.471833333333613,0.984705257961586,0.99168710759682,1.83366060593548,0.451263486610731,-0.0268202618439975,-0.0268202618439975,-0.0268202618439975,-0.0271099082422493,-0.0271099082422493,0.105263112086788,0.105263112086788,0.105263112086788,-0.105188887657742,-0.105188887657742,0,0,0,0.95,0.95,0,0,0,0.95,0.95,-0.100267714239722,0.100267714239722,0.0863212308783733,-0.0863212308783733,0.0139464833613488,-0.0139464833613488,0.75157870191739,0.334144273617344,-0.95
hpt_v2_topology2_paper,topology2,fault,deep_lvrt,lvrt_120ms_0.500pu,0.292,recovery,rule_action,0,NaN,0.5,0.5,0.5,1,1,199.650737832682,849.560171469519,0.977202852112514,1.01024069605346,0.0161283815489354,1.0619502143369,-0.0619502143368988,0.0227971478874862,0.216145275567664,0.370804541368609,-0.0274746850622371,0.105714359061186,0,0,0,0,0,1,0,1,0,0.488500000000297,0.984705257961586,0.99168710759682,-2.49905925346594,-1.62050270370662,-0.0274186395857063,-0.0274186395857063,-0.0274186395857063,-0.0276828379880683,-0.0276828379880683,0.105781257525451,0.105781257525451,0.105781257525451,-0.105712424630802,-0.105712424630802,0,0,0,0.95,0.95,0,0,0,0.95,0.95,-0.106406864743106,0.106406864743106,0.0316563552622505,-0.0316563552622505,0.0747505094808553,-0.0747505094808553,0.111871073842247,0.916801219891802,-0.95
hpt_v2_topology2_paper,topology2,fault,deep_lvrt,lvrt_120ms_0.500pu,0.294,recovery,rule_action,0,NaN,0.5,0.5,0.5,1,1,203.56041799793,849.313183614922,0.979296755081954,1.00914462636029,0.0255582071693152,1.06164147951865,-0.0616414795186528,0.0207032449180458,0.186299045080254,0.384576997997988,-0.0261432746049479,0.105301217968353,0,0,0,0,0,1,0,1,0,0.50516666666698,0.984705257961586,0.99168710759682,1.02522377572312,-0.0915155070364548,-0.0261718934941841,-0.0261718934941841,-0.0261718934941841,-0.0264075792528866,-0.0264075792528866,0.105255389529116,0.105255389529116,0.105255389529116,-0.10519650560736,-0.10519650560736,0,0,0,0.95,0.95,0,0,0,0.95,0.95,-0.0700950725059361,0.0700950725059361,-0.0366306290645697,0.0366306290645697,0.106725701570506,-0.106725701570506,-0.571939278333045,0.95,-0.567267289319657
hpt_v2_topology2_paper,topology2,fault,deep_lvrt,lvrt_120ms_0.500pu,0.296,recovery,rule_action,0,NaN,0.5,0.5,0.5,1,1,207.241900901353,853.311363753895,0.980588898830715,1.02159943925197,0.0283159236551838,1.06663920469237,-0.0666392046923683,0.0194111011692855,0.17623248668948,0.410280029157917,-0.0276298446925936,0.107901942163836,0,0,0,0,0,1,0,1,0,0.521833333333663,0.984705257961586,0.99168710759682,1.42855635497274,1.49581356048545,-0.0276799035077615,-0.0276799035077615,-0.0276799035077615,-0.0278760568451749,-0.0278760568451749,0.107912510105218,0.107912510105218,0.107912510105218,-0.107862006054831,-0.107862006054831,0,0,0,0.95,0.95,0,0,0,0.95,0.95,-0.00921342170023272,0.00921342170023272,-0.091543171193421,0.091543171193421,0.100756592893654,-0.100756592893654,-0.95,0.88926929674167,0.115042455441267
hpt_v2_topology2_paper,topology2,fault,deep_lvrt,lvrt_120ms_0.500pu,0.298,recovery,rule_action,0,NaN,0.5,0.5,0.5,1,1,199.307813327759,849.973498521774,0.977007316837188,1.00015342778506,0.0141211674135277,1.06246687315222,-0.0624668731522178,0.0229926831628118,0.228089616109637,0.404368038860967,-0.0289267101012165,0.105273755066436,0,0,0,0,0,1,0,1,0,0.538500000000347,0.984705257961586,0.99168710759682,-5,-0.319760280277359,-0.0288447834771241,-0.0288447834771241,-0.0288447834771241,-0.0290050351278968,-0.0290050351278968,0.105368836266383,0.105368836266383,0.105368836266383,-0.105324836231553,-0.105324836231553,0,0,0,0.95,0.95,0,0,0,0.95,0.95,0.0551474795454627,-0.0551474795454627,-0.109243970073115,0.109243970073115,0.0540964905276519,-0.0540964905276519,-0.95,0.339301135576683,0.769031380467108
hpt_v2_topology2_paper,topology2,fault,deep_lvrt,lvrt_120ms_0.500pu,0.3,recovery,rule_action,0,NaN,0.5,0.5,0.5,1,1,203.960473444858,850.941169228157,0.977015937654208,0.993762967053071,0.0289993264903101,1.0636764615352,-0.0636764615351968,0.0229840623457918,0.205467191308153,0.372547725881486,-0.0223396533988515,0.102817531246295,0,0,0,0,0,1,0,1,0,0.55516666666703,0.984705257961586,0.99168710759682,-5,-2.19670685669726,-0.0223457285560824,-0.0223457285560824,-0.0223457285560824,-0.022498507063592,-0.022498507063592,0.102803232061307,0.102803232061307,0.102803232061307,-0.102769904577471,-0.102769904577471,0,0,0,0.95,0.95,0,0,0,0.95,0.95,0.0985057393636659,-0.0985057393636659,-0.0812425799732366,0.0812425799732366,-0.0172631593904293,0.0172631593904293,-0.776204109546122,-0.348097309303344,0.95
hpt_v2_topology2_paper,topology2,fault,deep_lvrt,lvrt_120ms_0.500pu,0.302,recovery,rule_action,0,NaN,0.5,0.5,0.5,1,1,204.771723994914,856.052827226755,0.978307808405686,1.02135358981334,0.00887237175867157,1.07006603403344,-0.0700660340334442,0.0216921915943143,0.192673893156796,0.367652947209241,-0.0238006874798816,0.104629457073197,0,0,0,0,0,1,0,1,0,0.571833333333713,0.984705257961586,0.99168710759682,1.74948286855714,1.52784697000619,-0.0238285278693419,-0.0238285278693419,-0.0238285278693419,-0.0239642117486891,-0.0239642117486891,0.104709780465781,0.104709780465781,0.104709780465781,-0.10467881075402,-0.10467881075402,0,0,0,0.95,0.95,0,0,0,0.95,0.95,0.103778525667238,-0.103778525667238,-0.0279839107768122,0.0279839107768122,-0.0757946148904255,0.0757946148904255,-0.138082685511064,-0.885738429101719,0.95
hpt_v2_topology2_paper,topology2,fault,deep_lvrt,lvrt_120ms_0.500pu,0.304,recovery,rule_action,0,NaN,0.5,0.5,0.5,1,1,200.600798512021,851.017903381637,0.980399270943394,1.00366452008575,0.0216415709923595,1.06377237922705,-0.0637723792270459,0.0196007290566059,0.198019727281842,0.395563566027633,-0.0294194916922309,0.10796287984153,0,0,0,0,0,1,0,1,0,0.588500000000397,0.984705257961586,0.99168710759682,-1.26032544968235,-0.205892742815683,-0.0294392589588898,-0.0294392589588898,-0.0294392589588898,-0.0295540957375361,-0.0295540957375361,0.107992268159695,0.107992268159695,0.107992268159695,-0.107960897437269,-0.107960897437269,0,0,0,0.95,0.95,0,0,0,0.95,0.95,0.0742406679861906,-0.0742406679861906,0.0354261502460888,-0.0354261502460888,-0.109666818232279,0.109666818232279,0.563589411669349,-0.95,0.550079322043637
hpt_v2_topology2_paper,topology2,fault,deep_lvrt,lvrt_120ms_0.500pu,0.306,recovery,rule_action,0,NaN,0.5,0.5,0.5,1,1,204.41495748203,854.400935786811,0.977079274806505,1.01248369406631,0.0257478430805296,1.06800116973351,-0.0680011697335143,0.0229207251934946,0.201048465917709,0.389030157592487,-0.0254965262546381,0.106535771996039,0,0,0,0,0,1,0,1,0,0.60516666666708,0.984705257961586,0.99168710759682,-3.46148766864696,-2.67550782385073,-0.0254622673241885,-0.0254622673241885,-0.0254622673241885,-0.0255529094083057,-0.0255529094083057,0.106431555310236,0.106431555310236,0.106431555310236,-0.106409829639066,-0.106409829639066,0,0,0,0.95,0.95,0,0,0,0.95,0.95,0.00718683735362746,-0.00718683735362746,0.0909754149520436,-0.0909754149520436,-0.0981622523056711,0.0981622523056711,0.95,-0.890588910941093,-0.134990223516186
hpt_v2_topology2_paper,topology2,fault,deep_lvrt,lvrt_120ms_0.500pu,0.308,recovery,rule_action,0,NaN,0.5,0.5,0.5,1,1,204.855228181151,852.80713274672,0.977293925677239,0.995848088520746,0.0299478759833908,1.0660089159334,-0.0660089159334005,0.0227060743227611,0.205110560225517,0.38888351226535,-0.0241899934350243,0.105965230967548,0,0,0,0,0,1,0,1,0,0.621833333333763,0.984705257961586,0.99168710759682,-5,-0.396259364659812,-0.0241799291088485,-0.0241799291088485,-0.0241799291088485,-0.0242506124480457,-0.0242506124480457,0.105905224892296,0.105905224892296,0.105905224892296,-0.105889061885973,-0.105889061885973,0,0,0,0.95,0.95,0,0,0,0.95,0.95,-0.0588808599651003,0.0588808599651003,0.108498778502648,-0.108498778502648,-0.0496179185375477,0.0496179185375477,0.95,-0.354201727325694,-0.770077494958635
hpt_v2_topology2_paper,topology2,fault,deep_lvrt,lvrt_120ms_0.500pu,0.31,recovery,rule_action,0,NaN,0.5,0.5,0.5,1,1,205.151573238014,853.288335606638,0.980665212859586,1.00818012286464,0.0148547017673493,1.0666104195083,-0.066610419508297,0.0193347871404136,0.191008602052769,0.383348424742633,-0.0269492249465548,0.105389160126401,0,0,0,0,0,1,0,1,0,0.638500000000447,0.984705257961586,0.99168710759682,1.78669399295384,0.460379094113783,-0.0270101626292986,-0.0270101626292986,-0.0270101626292986,-0.027075070909337,-0.027075070909337,0.105485655636338,0.105485655636338,0.105485655636338,-0.105469014243728,-0.105469014243728,0,0,0,0.95,0.95,0,0,0,0.95,0.95,-0.100498145203903,0.100498145203903,0.086548816824858,-0.086548816824858,0.0139493283790448,-0.0139493283790448,0.750019622152173,0.335364311113704,-0.95
hpt_v2_topology2_paper,topology2,fault,deep_lvrt,lvrt_120ms_0.500pu,0.312,recovery,rule_action,0,NaN,0.5,0.5,0.5,1,1,200.219849073557,850.125528171086,0.977693425031279,1.00818683471819,0.0165499754707115,1.06265691021386,-0.0626569102138572,0.0223065749687215,0.21157478562054,0.367035442710438,-0.0278134749038353,0.105615665803636,0,0,0,0,0,1,0,1,0,0.65516666666713,0.984705257961586,0.99168710759682,-2.71676045758551,-1.64637024019432,-0.0277677065350737,-0.0277677065350737,-0.0277677065350737,-0.0278239889969838,-0.0278239889969838,0.105683733750655,0.105683733750655,0.105683733750655,-0.105668929880041,-0.105668929880041,0,0,0,0.95,0.95,0,0,0,0.95,0.95,-0.10646067223913,0.10646067223913,0.0319074193615928,-0.0319074193615928,0.0745532528775374,-0.0745532528775374,0.111980258162853,0.914508341888722,-0.95
hpt_v2_topology2_paper,topology2,fault,deep_lvrt,lvrt_120ms_0.500pu,0.314,recovery,rule_action,0,NaN,0.5,0.5,0.5,1,1,203.777271029225,849.48813817955,0.980261963624375,1.00200699096608,0.0238930817235254,1.06186017272444,-0.061860172724437,0.0197380363756253,0.181387372386461,0.384226072690872,-0.00574522894130303,0.105547864564985,0,0,0,0,0,1,0,0,0,0,1,1,-0.589576603605035,-0.107977481051735,-0.00523361853337407,-0.00523361853337407,-0.00523361853337407,-0.00527941700596361,-0.00527941700596361,0.105428422672876,0.105428422672876,0.105428422672876,-0.10542613919859,-0.10542613919859,0,0,0,0.95,0.95,0,0,0,0.95,0.95,-0.0513208869621948,0.0513208869621948,-0.054224049530643,0.054224049530643,0.105544936492838,-0.105544936492838,-0.572303739921571,0.95,-0.566387514100343
hpt_v2_topology2_paper,topology2,fault,deep_lvrt,lvrt_120ms_0.500pu,0.316,recovery,rule_action,0,NaN,0.5,0.5,0.5,1,1,208.179544822337,853.172215882731,0.98478488373509,1.01276569342269,0.0284339139275961,1.06646526985341,-0.0664652698534136,0.0152151162649102,0.17171018616122,0.411960679200229,0.0140165409732257,0.101763712323658,0,0,0,0,0,1,0,0,0,0,1,1,0.553915612109268,1.45856918598786,0.0139271195081172,0.0139271195081172,0.0139271195081172,0.0139045519024824,0.0139045519024824,0.101831003933058,0.101831003933058,0.101831003933058,-0.101834087889071,-0.101834087889071,0,0,0,0.95,0.95,0,0,0,0.95,0.95,0.0309059323236292,-0.0309059323236292,-0.100342635882348,0.100342635882348,0.0694367035587193,-0.0694367035587193,-0.95,0.88608608736718,0.119862447095156
hpt_v2_topology2_paper,topology2,fault,deep_lvrt,lvrt_120ms_0.500pu,0.318,recovery,rule_action,0,NaN,0.5,0.5,0.5,1,1,204.409902126697,850.667824140028,0.985901662423561,0.997499646699236,0.00817804912387516,1.06333478017504,-0.0633347801750355,0.0140983375764385,0.218999968796026,0.393949876132556,0.00265564808187726,0.0925877858884144,0,0,0,0,0,1,1,0,1,0,1.0027555143436,1.01025381345719,-5,0.975724461594218,0.00263445041884681,0.00263445041884681,0.00263445041884681,0.0026231119561488,0.0026231119561488,0.0925479880297853,0.0925479880297853,0.0925479880297853,-0.0925483100928167,-0.0925483100928167,0,0,0,0.95,0.95,0,0,0,0.95,0.95,0.0680927538910251,-0.0680927538910251,-0.0883748728172022,0.0883748728172022,0.0202821189261771,-0.0202821189261771,-0.95,0.337974454413283,0.764993561657918
hpt_v2_topology2_paper,topology2,fault,deep_lvrt,lvrt_120ms_0.500pu,0.32,tail,rule_action,0,NaN,0.5,0.5,0.5,1,1,206.709503099974,849.752053623538,0.989703913106013,0.987480857842059,0.0274951878889485,1.06219006702942,-0.0621900670294226,0.0102960868939874,0.196636019040428,0.369652548741306,-0.00797892342213737,0.0845174973268223,0,0,0,0,0,1,1,0,1,0,1.0027555143436,1.01025381345719,-5,-2.20375650711113,-0.00814211101469947,-0.00814211101469947,-0.00814211101469947,-0.00817078775380164,-0.00817078775380164,0.084492660149936,0.084492660149936,0.084492660149936,-0.0844898918123973,-0.0844898918123973,0,0,0,0.95,0.95,0,0,0,0.95,0.95,0.0824801595125335,-0.0824801595125335,-0.0586108931606952,0.0586108931606952,-0.0238692663518383,0.0238692663518383,-0.770792393076973,-0.349852394162146,0.95
hpt_v2_topology2_paper,topology2,fault,deep_lvrt,lvrt_120ms_0.500pu,0.322,tail,rule_action,0,NaN,0.5,0.5,0.5,1,1,206.873893496708,855.853334322049,0.988953108817695,1.00485588341567,0.0222518404770565,1.06981666790256,-0.0698166679025607,0.011046891182305,0.184491415421725,0.368976094943028,-0.0151523676290744,0.0932610189859449,0,0,0,0,0,1,1,0,1,0,1.0027555143436,1.01025381345719,1.47407519890108,1.46626716300524,-0.0151637483693588,-0.0151637483693588,-0.0151637483693588,-0.0151871041414442,-0.0151871041414442,0.0931078558893127,0.0931078558893127,0.0931078558893127,-0.093104049110182,-0.093104049110182,0,0,0,0.95,0.95,0,0,0,0.95,0.95,0.0894181634151056,-0.0894181634151056,-0.0186792313759087,0.0186792313759087,-0.0707389320391969,0.0707389320391969,-0.136085120710872,-0.883091487218256,0.95
hpt_v2_topology2_paper,topology2,fault,deep_lvrt,lvrt_120ms_0.500pu,0.324,tail,rule_action,0,NaN,0.5,0.5,0.5,1,1,200.906645637133,850.663815070548,0.988043514707386,1.01486101204391,0.0036644306858738,1.06332976883819,-0.0633297688381851,0.0119564852926141,0.196780303527251,0.394397838780147,-0.0199287221378884,0.0974977775763062,0,0,0,0,0,1,1,0,1,0,1.0027555143436,1.01025381345719,-0.434482533219205,-0.222880483636167,-0.0198084051967426,-0.0198084051967426,-0.0198084051967426,-0.0198209173106725,-0.0198209173106725,0.09756964642192,0.09756964642192,0.09756964642192,-0.0975671054008487,-0.0975671054008487,0,0,0,0.95,0.95,0,0,0,0.95,0.95,0.0608395862913378,-0.0608395862913378,0.0378302264105684,-0.0378302264105684,-0.0986698127019062,0.0986698127019062,0.565213749753314,-0.95,0.549383904409575
