model,topology,scenario_type,condition_class,case_name,t,window_zone,action_source,actor_select_mode,grid_V,fault_pu,grid_pu,fault_a_pu,fault_b_pu,fault_c_pu,lv_rms_inst,vdc_inst,obs_01,obs_02,obs_03,obs_04,obs_05,obs_06,obs_07,obs_08,obs_09,obs_10,obs_11,obs_12,obs_13,obs_14,obs_15,obs_16,obs_17,obs_18,obs_19,obs_20,obs_21,obs_22,obs_23,obs_24,action_01,actor_action_01,cmd_action_01,meas_action_01,teacher_action_01,action_02,actor_action_02,cmd_action_02,meas_action_02,teacher_action_02,action_03,actor_action_03,cmd_action_03,meas_action_03,teacher_action_03,action_04,actor_action_04,cmd_action_04,meas_action_04,teacher_action_04,mref_01,mref_02,mref_03,mref_04,mref_05,mref_06,menergy_01,menergy_02,menergy_03
hpt_v2_topology2_paper,topology2,fault,deep_lvrt,lvrt_200ms_0.650pu,0,prefault,rule_action,0,NaN,0.65,0.65,0.65,1,1,1.59571870491636,799.999999999999,0.00770878601408869,1,1,0.999999999999999,9.99200722162641e-16,0.992291213985911,-3.74154734478252e-09,-9.16296000993556e-07,0,0,0,0,0,0,0,1,0,0,0,0,1,1,0,-9.99200722162641e-13,0.00791548465140535,0.00791548465140535,0.00791548465140535,0.00791511895402981,0.00791511895402981,-0.00115978564112783,-0.00115978564112783,-0.00115978564112783,0.00116227877187791,0.00116227877187791,0,0,0,3.74079394561572e-05,3.74079394561572e-05,0,0,0,8.26086669215458e-20,8.26086669215458e-20,-0.00626875697245669,0.00626875697245669,-0.00116992337530585,0.00116992337530585,0.00743868034776254,-0.00743868034776254,1.77635683940025e-17,0.016246300864286,-0.0162463008642861
hpt_v2_topology2_paper,topology2,fault,deep_lvrt,lvrt_200ms_0.650pu,0.002,prefault,rule_action,0,NaN,0.65,0.65,0.65,1,1,125.124988312347,803.136924889596,0.137612622435518,2.1471418192046,2.1471418192046,1.00392115611199,-0.00392115611199473,0.862387377564482,-0.0717414735080924,-0.237449200345437,0.42554783817692,0.112084495646375,0,0,0,1,0,1,0,0,0,0,1,1,-5,-0.0005852920614835,0.427169239042628,0.427169239042628,0.427169239042628,0.430485796487381,0.430485796487381,0.113872953123053,0.113872953123053,0.113872953123053,-0.100611069270973,-0.100611069270973,0,0,0,0.95,0.95,0,0,0,-0.95,-0.95,-0.342384963242,0.342384963242,-0.0710054929519689,0.0710054929519689,0.413390456193968,-0.413390456193968,-0.0159080116758815,-0.0528159616563993,0.0687239733322808
hpt_v2_topology2_paper,topology2,fault,deep_lvrt,lvrt_200ms_0.650pu,0.004,prefault,rule_action,0,NaN,0.65,0.65,0.65,1,1,168.90629493469,821.260021079123,0.33639159451339,2.12344143547731,2.12344143547731,1.0265750263489,-0.0265750263489037,0.66360840548661,-0.184669801591395,-0.440867205822374,0.533512465071112,0.157614192696169,0,0,0,1,0,1,0,0,0,0,1,1,-5,-0.0757308357948183,0.53421095682381,0.53421095682381,0.53421095682381,0.542613669918304,0.542613669918304,0.157236848810247,0.157236848810247,0.157236848810247,-0.12520055204422,-0.12520055204422,0,0,0,0.95,0.95,0,0,0,-0.95,-0.95,-0.251874392479427,0.251874392479427,-0.304176797453389,0.304176797453389,0.556051189932816,-0.556051189932816,0.0658412642778602,-0.221189636917423,0.155348372639563
hpt_v2_topology2_paper,topology2,fault,deep_lvrt,lvrt_200ms_0.650pu,0.006,prefault,rule_action,0,NaN,0.65,0.65,0.65,1,1,192.971896269114,848.075668574059,0.514216327315169,2.55240201748593,0.675977553153259,1.06009458571757,-0.0600945857175732,0.485783672684831,-0.253864342919063,-0.540529711430265,0.550385756566251,0.204694913351125,0,0,0,1,0,1,0,0,0,0,1,1,-5,-0.833050998430229,0.550422154598374,0.550422154598374,0.550422154598374,0.566058361341568,0.566058361341568,0.205065844911869,0.205065844911869,0.205065844911869,-0.156826275150033,-0.156826275150033,0,0,0,0.95,0.95,0,0,0,-0.95,-0.95,-0.0490094528181542,0.0490094528181542,-0.482408448520762,0.482408448520762,0.531417901338917,-0.531417901338917,0.263542264190457,-0.363742978330853,0.100200714140396
hpt_v2_topology2_paper,topology2,fault,deep_lvrt,lvrt_200ms_0.650pu,0.008,prefault,rule_action,0,NaN,0.65,0.65,0.65,1,1,207.055883566082,848.525338267357,0.667906689140709,2.289935865297,0.172703582999863,1.0606566728342,-0.0606566728341962,0.332093310859291,-0.262400245265613,-0.539438566500987,0.548953929882805,0.228097769048406,0,0,0,1,0,1,0,0,0,0,1,1,-5,-2.00210029200543,0.548929916192436,0.548929916192436,0.548929916192436,0.570977906716519,0.570977906716519,0.228339382879725,0.228339382879725,0.228339382879725,-0.165671834379143,-0.165671834379143,0,0,0,0.95,0.95,0,0,0,-0.95,-0.95,0.200208632289993,-0.200208632289993,-0.584907959557589,0.584907959557589,0.384699327267596,-0.384699327267596,0.465961935343237,-0.388317405613965,-0.0776445297292718
hpt_v2_topology2_paper,topology2,fault,deep_lvrt,lvrt_200ms_0.650pu,0.01,prefault,rule_action,0,NaN,0.65,0.65,0.65,1,1,215.730650576302,848.405768070809,0.787692932773457,1.91174004308966,0.0191440395634174,1.06050721008851,-0.0605072100885107,0.212307067226543,-0.205184234964237,-0.495568843841206,0.549815717109995,0.224235864626964,0,0,0,1,0,1,0,0,0,0,1,1,-4.85980186812163,-2.22344266028807,0.55032948628739,0.55032948628739,0.55032948628739,0.575018386866164,0.575018386866164,0.219677124017499,0.219677124017499,0.219677124017499,-0.143088913126688,-0.143088913126688,0,0,0,0.95,0.95,0,0,0,-0.95,-0.95,0.43618892157619,-0.43618892157619,-0.565434143578741,0.565434143578741,0.129245222002551,-0.129245222002551,0.570973048157792,-0.216866709546156,-0.354106338611635
hpt_v2_topology2_paper,topology2,fault,deep_lvrt,lvrt_200ms_0.650pu,0.012,prefault,rule_action,0,NaN,0.65,0.65,0.65,1,1,222.67978448028,849.32191896435,0.874818236297646,1.54544315723336,0.0482873137382779,1.06165239870544,-0.0616523987054372,0.125181763702354,-0.0868006297864586,-0.431602855741432,0.548537977832631,0.232963934695377,0,0,0,1,0,1,0,0,0,0,1,1,-3.11791910186887,-0.995838325919651,0.548464386117618,0.548464386117618,0.548464386117618,0.578320784981844,0.578320784981844,0.233260513812222,0.233260513812222,0.233260513812222,-0.144113565639397,-0.144113565639397,0,0,0,0.95,0.95,0,0,0,-0.95,-0.95,0.57140515757307,-0.57140515757307,-0.432467176124106,0.432467176124106,-0.138937981448964,0.138937981448964,0.466229207276377,0.113921984579347,-0.580151191855724
hpt_v2_topology2_paper,topology2,fault,deep_lvrt,lvrt_200ms_0.650pu,0.014,prefault,rule_action,0,NaN,0.65,0.65,0.65,1,1,224.62356464357,848.803765041978,0.940805229201482,1.4195203135118,0.13749003193922,1.06100470630247,-0.0610047063024728,0.0591947707985178,0.0748885541725063,-0.379123803342907,0.455669212365458,0.240658565230975,0,0,0,1,0,1,0,0,0,0,1,1,-5,0.62257496241358,0.453789771326975,0.453789771326975,0.453789771326975,0.489256175602717,0.489256175602717,0.241049784361229,0.241049784361229,0.241049784361229,-0.157030410227404,-0.157030410227404,0,0,0,0.95,0.95,0,0,0,-0.95,-0.95,0.510743955399479,-0.510743955399479,-0.206606463826113,0.206606463826113,-0.304137491573365,0.304137491573365,0.152319896003256,0.45992114273697,-0.612241038740227
hpt_v2_topology2_paper,topology2,fault,deep_lvrt,lvrt_200ms_0.650pu,0.016,prefault,rule_action,0,NaN,0.65,0.65,0.65,1,1,217.467164392616,847.27202954821,0.981643178731024,1.29726378396098,0.0330440091315249,1.05909003693526,-0.0590900369352623,0.0183568212689756,0.242789224761721,-0.327442344399025,0.247155009281256,0.238445367728354,0,0,0,1,0,1,0,0,0,0,1,1,-1.38021369894115,-0.000612462019988769,0.245200581136097,0.245200581136097,0.245200581136097,0.286988247513417,0.286988247513417,0.238866096158643,0.238866096158643,0.238866096158643,-0.186596041417624,-0.186596041417624,0,0,0,0.95,0.95,0,0,0,-0.95,-0.95,0.32572795768402,-0.32572795768402,-0.0716980540131007,0.0716980540131007,-0.254029903670919,0.254029903670919,-0.257242915683309,0.665029946125405,-0.407787030442096
hpt_v2_topology2_paper,topology2,fault,deep_lvrt,lvrt_200ms_0.650pu,0.018,prefault,rule_action,0,NaN,0.65,0.65,0.65,1,1,208.759344355007,851.299788442706,0.99694808500736,1.16386288909569,0.0420258773888894,1.06412473555338,-0.0641247355533821,0.00305191499263979,0.404616366406307,-0.277188680068836,0.0932018088687471,0.219421564476174,0,0,0,1,0,1,0,0,0,0,1,1,-0.819281723587473,-0.797632091661171,0.0921830594913856,0.0921830594913856,0.0921830594913856,0.136649351780668,0.136649351780668,0.220095943616492,0.220095943616492,0.220095943616492,-0.195619261606697,-0.195619261606697,0,0,0,0.95,0.95,0,0,0,-0.619735227821744,-0.619735227821744,0.220429688500619,-0.220429688500619,-0.0310756001241512,0.0310756001241512,-0.189354088376468,0.189354088376468,-0.6100810271685,0.592458718087875,0.0176223090806252
hpt_v2_topology2_paper,topology2,fault,deep_lvrt,lvrt_200ms_0.650pu,0.02,prefault,rule_action,0,NaN,0.65,0.65,0.65,1,1,193.273845831036,851.538104750485,0.984022575748929,1.10585046811061,0.0184954639390516,1.06442263093811,-0.0644226309381062,0.0159774242510707,0.521344540012303,-0.248012856507914,0.0601438810579789,0.173352838953226,0,0,0,1,0,1,0,0,0,0,1,1,-5,-1.18847030341773,0.0605344218083511,0.0605344218083511,0.0605344218083511,0.0973692065392213,0.0973692065392213,0.169441467767183,0.169441467767183,0.169441467767183,-0.151307847915074,-0.151307847915074,0,0,0,0.95,0.95,0,0,0,-0.00973349808431863,-0.00973349808431863,0.122258490765078,-0.122258490765078,0.0531982075496433,-0.0531982075496433,-0.175456698314722,0.175456698314722,-0.745234844200256,0.265178957327146,0.48005588687311
hpt_v2_topology2_paper,topology2,fault,deep_lvrt,lvrt_200ms_0.650pu,0.022,prefault,rule_action,0,NaN,0.65,0.65,0.65,1,1,192.359882566038,854.782634602377,0.962419007435705,1.10186626400975,0.0295153158774039,1.06847829325297,-0.0684782932529719,0.0375809925642954,0.581048028354703,-0.196663712499734,0.138685416202426,0.189535352875063,0,0,0,1,0,1,0,0,0,0,1,1,-1.00118486441203,-1.99313246395705,0.139642255557508,0.139642255557508,0.139642255557508,0.181106404365937,0.181106404365937,0.190608214836729,0.190608214836729,0.190608214836729,-0.151762714123314,-0.151762714123314,0,0,0,0.95,0.95,0,0,0,0.208125417407431,0.208125417407431,-0.00894325001386995,0.00894325001386995,0.208955370167074,-0.208955370167074,-0.200012120153204,0.200012120153204,-0.563229967503058,-0.216507508689094,0.779737476192153
hpt_v2_topology2_paper,topology2,fault,deep_lvrt,lvrt_200ms_0.650pu,0.024,prefault,rule_action,0,NaN,0.65,0.65,0.65,1,1,206.276888435307,852.934487538606,0.95857037339853,1.03889105405607,0.0421473100442552,1.06616810942326,-0.0661681094232569,0.0414296266014704,0.593497387567946,-0.119600035216697,0.21119772185199,0.229522938098814,0,0,0,0,0,1,0,0,0,0,1,1,2.1183062441088,-0.465286724982805,0.211475155168669,0.211475155168669,0.211475155168669,0.261764556854099,0.261764556854099,0.230062632257496,0.230062632257496,0.230062632257496,-0.170674757330537,-0.170674757330537,0,0,0,0.95,0.95,0,0,0,0.95,0.95,-0.191409706037454,0.191409706037454,0.309619930414261,-0.309619930414261,-0.118210224376807,0.118210224376807,-0.117506726809612,-0.669632161775931,0.787138888585542
hpt_v2_topology2_paper,topology2,fault,deep_lvrt,lvrt_200ms_0.650pu,0.026,prefault,rule_action,0,NaN,0.65,0.65,0.65,1,1,206.41270218239,855.947059058079,0.968660983767811,1.03998967949354,0.0681082976088385,1.0699338238226,-0.0699338238225988,0.031339016232189,0.602640280087663,-0.0513077994623725,0.198746059935128,0.230764454361244,0,0,0,0,0,1,0,0,0,0,1,1,-2.17700016667965,1.78387544805481,0.198436091130787,0.198436091130787,0.198436091130787,0.250345848326986,0.250345848326986,0.23128759496976,0.23128759496976,0.23128759496976,-0.173775113510548,-0.173775113510548,0,0,0,0.95,0.95,0,0,0,0.95,0.95,-0.277852553284803,0.277852553284803,0.24733104758196,-0.24733104758196,0.030521505702843,-0.030521505702843,0.405714394332674,-0.860069440570697,0.454355046238024
hpt_v2_topology2_paper,topology2,fault,deep_lvrt,lvrt_200ms_0.650pu,0.028,prefault,rule_action,0,NaN,0.65,0.65,0.65,1,1,202.728562454008,853.870213657901,0.976921608306415,1.02450440500206,0.0251333556636852,1.06733776707238,-0.0673377670723758,0.0230783916935853,0.607669995809386,0.0470574195149722,0.154544637482856,0.223490355169741,0,0,0,0,0,1,0,0,0,0,1,1,-3.68699494951641,-1.81481882100698,0.15420722873478,0.15420722873478,0.15420722873478,0.206212243584076,0.206212243584076,0.224110483767478,0.224110483767478,0.224110483767478,-0.177431363982175,-0.177431363982175,0,0,0,0.95,0.95,0,0,0,0.95,0.95,-0.272039258500337,0.272039258500337,0.136142602236042,-0.136142602236042,0.135896656264295,-0.135896656264295,0.841653005999758,-0.760436735343628,-0.08121627065613
hpt_v2_topology2_paper,topology2,fault,deep_lvrt,lvrt_200ms_0.650pu,0.03,prefault,rule_action,0,NaN,0.65,0.65,0.65,1,1,201.633630441215,852.545148754604,0.974273818299063,0.998881825026389,0.0226221930299801,1.06568143594325,-0.0656814359432545,0.0257261817009371,0.601097972157235,0.131926897033822,0.141812277300029,0.218773138358347,0,0,0,0,0,1,0,0,0,0,1,1,-5,-0.416853734528599,0.14184233514829,0.14184233514829,0.14184233514829,0.19305479131331,0.19305479131331,0.219203948477029,0.219203948477029,0.219203948477029,-0.175782441157285,-0.175782441157285,0,0,0,0.95,0.95,0,0,0,0.95,0.95,-0.22829458123393,0.22829458123393,0.0044276367914157,-0.0044276367914157,0.223866944442514,-0.223866944442514,0.935148190636013,-0.294420975297933,-0.640727215338081
hpt_v2_topology2_paper,topology2,fault,deep_lvrt,lvrt_200ms_0.650pu,0.032,prefault,rule_action,0,NaN,0.65,0.65,0.65,1,1,198.959181710886,856.093653107204,0.9718818047657,1.02152193491684,0.0552401446291561,1.070117066384,-0.0701170663840047,0.0281181952343001,0.579862042676076,0.210140614940237,0.14864159783395,0.193137479787187,0,0,0,0,0,1,0,0,0,0,1,1,-5,2.07536335493663,0.148759201770819,0.148759201770819,0.148759201770819,0.192775500859744,0.192775500859744,0.193325547283957,0.193325547283957,0.193325547283957,-0.149471313677266,-0.149471313677266,0,0,0,0.95,0.95,0,0,0,0.95,0.95,-0.103356012014403,0.103356012014403,-0.139675597547732,0.139675597547732,0.243031609562135,-0.243031609562135,0.617414231186125,0.312081402770899,-0.929495633957024
hpt_v2_topology2_paper,topology2,fault,deep_lvrt,lvrt_200ms_0.650pu,0.034,prefault,rule_action,0,NaN,0.65,0.65,0.65,1,1,197.705184529345,851.530955118227,0.96778838875902,1.03220578724279,0.0476266465690588,1.06441369389778,-0.0644136938977835,0.0322116112409803,0.575589204725767,0.28576601823362,0.164850840231465,0.131158533749339,0,0,0,0,0,1,0,0,0,0,1,1,-5,-1.34004399891996,0.165057962667329,0.165057962667329,0.165057962667329,0.192313211051378,0.192313211051378,0.130844845315667,0.130844845315667,0.130844845315667,-0.0859077030345835,-0.0859077030345835,0,0,0,0.95,0.95,0,0,0,0.95,0.95,0.0747418535555428,-0.0747418535555428,-0.207910130289717,0.207910130289717,0.133168276734175,-0.133168276734175,0.057677071632028,0.808180526049833,-0.865857597681861
hpt_v2_topology2_paper,topology2,fault,deep_lvrt,lvrt_200ms_0.650pu,0.036,prefault,rule_action,0,NaN,0.65,0.65,0.65,1,1,197.402926740341,855.898851511483,0.963144346866064,1.01184766892,0.0341906877407014,1.06987356438935,-0.0698735643893535,0.0368556531339357,0.572823486071145,0.345231096650088,0.188400958033114,0.0387259187799148,0,0,0,0,0,1,0,0,0,0,1,1,-5,-1.82323509270588,0.188640834026623,0.188640834026623,0.188640834026623,0.19217229932417,0.19217229932417,0.0376800817838418,0.0376800817838418,0.0376800817838418,0.00865795576095374,0.00865795576095374,0,0,0,0.95,0.95,0,0,0,0.95,0.95,0.189662869356354,-0.189662869356354,-0.12266777081925,0.12266777081925,-0.0669950985371039,0.0669950985371039,-0.5367863682576,0.95,-0.469987882715277
hpt_v2_topology2_paper,topology2,fault,deep_lvrt,lvrt_200ms_0.650pu,0.038,prefault,rule_action,0,NaN,0.65,0.65,0.65,1,1,201.971692191681,866.543218886071,0.958982768643401,1.05128648060896,0.011252319234669,1.08317902360759,-0.0831790236075891,0.0410172313565988,0.560870012489467,0.357262387787582,0.216076092719215,-0.0926255646693876,0,0,0,0,0,1,0,0,0,0,1,1,-2.31249174343939,3.05891770643019,0.216257698090911,0.216257698090911,0.216257698090911,0.189345254902868,0.189345254902868,-0.0925872781331462,-0.0925872781331462,-0.0925872781331462,0.139600037612646,0.139600037612646,0,0,0,0.95,0.95,0,0,0,0.95,0.95,0.123646733890396,-0.123646733890396,0.111492705420989,-0.111492705420989,-0.235139439311385,0.235139439311385,-0.925942129144818,0.778792341608309,0.147149787536509
hpt_v2_topology2_paper,topology2,fault,deep_lvrt,lvrt_200ms_0.650pu,0.04,prefault,rule_action,0,NaN,0.65,0.65,0.65,1,1,203.655491592591,869.357645185733,0.964432922242232,1.05144705620127,0.0217978408396998,1.08669705648217,-0.0866970564821665,0.0355670777577682,0.573141407913446,0.357202429030825,0.212810058196332,-0.199994032365149,0,0,0,0,0,1,0,0,0,0,1,1,-4.60771157314754,0.153514186959969,0.21262826589296,0.21262826589296,0.21262826589296,0.164615955146316,0.164615955146316,-0.200927445266947,-0.200927445266947,-0.200927445266947,0.241835078161575,0.241835078161575,0,0,0,0.95,0.95,0,0,0,0.95,0.95,-0.113918879028587,0.113918879028587,0.290312883969833,-0.290312883969833,-0.176394004941246,0.176394004941246,-0.95,0.270406634609379,0.699399279688906
hpt_v2_topology2_paper,topology2,fault,deep_lvrt,lvrt_200ms_0.650pu,0.042,prefault,rule_action,0,NaN,0.65,0.65,0.65,1,1,206.876178981293,892.053095478236,0.972965810489358,1.03461258311141,0.0391952878749193,1.11506636934779,-0.115066369347795,0.027034189510642,0.556218493894803,0.368363800039018,0.183318846191944,-0.229431860821203,0,0,0,0,0,1,0,0,0,0,1,1,-5,-2.37573580463257,0.182893147726179,0.182893147726179,0.182893147726179,0.133837206997395,0.133837206997395,-0.229972769343587,-0.229972769343587,-0.229972769343587,0.261581689244269,0.261581689244269,0,0,0,0.95,0.95,0,0,0,0.95,0.95,-0.268668641139308,0.268668641139308,0.237367832325926,-0.237367832325926,0.0313008088133811,-0.0313008088133811,-0.64023669742564,-0.377681142650852,0.95
hpt_v2_topology2_paper,topology2,fault,deep_lvrt,lvrt_200ms_0.650pu,0.044,prefault,rule_action,0,NaN,0.65,0.65,0.65,1,1,203.450011501413,907.98303444775,0.978301608913606,1.03589430873393,0.0271961331250737,1.13497879305969,-0.134978793059687,0.0216983910863937,0.551014906024075,0.389156282928887,0.144464025122204,-0.209776441303248,0,0,0,0,0,1,0,0,0,0,1,1,-5,-0.522782986883019,0.144157984655025,0.144157984655025,0.144157984655025,0.10396824448128,0.10396824448128,-0.210579422085871,-0.210579422085871,-0.210579422085871,0.233057550157249,0.233057550157249,0,0,0,0.95,0.95,0,0,0,0.95,0.95,-0.245852331031983,0.245852331031983,0.063669211038322,-0.063669211038322,0.182183119993661,-0.182183119993661,-0.0179310454452795,-0.878802957857186,0.896734003302466
hpt_v2_topology2_paper,topology2,fault,deep_lvrt,lvrt_200ms_0.650pu,0.046,prefault,rule_action,0,NaN,0.65,0.65,0.65,1,1,202.066243012559,934.408865527765,0.980223051499295,1.06586119142059,0.0218579047906184,1.16801108190971,-0.168011081909706,0.019776948500705,0.538863629413476,0.373261535481506,0.121179828945381,-0.235431696068833,0,0,0,0,0,1,0,0,0,0,1,1,-2.93394640562217,1.04222792001418,0.121040776714162,0.121040776714162,0.121040776714162,0.0815267098754442,0.0815267098754442,-0.235892606787915,-0.235892606787915,-0.235892606787915,0.252288698006174,0.252288698006174,0,0,0,0.95,0.95,0,0,0,0.95,0.95,-0.13895612285228,0.13895612285228,-0.126073825844146,0.126073825844146,0.265029948696426,-0.265029948696426,0.577432635177933,-0.95,0.397279960999304
hpt_v2_topology2_paper,topology2,fault,deep_lvrt,lvrt_200ms_0.650pu,0.048,prefault,rule_action,0,NaN,0.65,0.65,0.65,1,1,202.668760365666,952.00461310617,0.981283116509926,1.04315438709888,0.048583731329267,1.19000576638271,-0.190005766382713,0.0187168834900741,0.506454512381219,0.38266104703814,0.111723456077203,-0.221094430512979,0,0,0,0,0,1,0,0,0,0,1,1,-5,-2.24364755337736,0.111631337296766,0.111631337296766,0.111631337296766,0.0791309304717335,0.0791309304717335,-0.221746504772806,-0.221746504772806,-0.221746504772806,0.235311206040635,0.235311206040635,0,0,0,0.95,0.95,0,0,0,0.95,0.95,0.019883453184905,-0.019883453184905,-0.224250585721743,0.224250585721743,0.204367132536838,-0.204367132536838,0.95,-0.714611521592354,-0.266485897302482
hpt_v2_topology2_paper,topology2,fault,deep_lvrt,lvrt_200ms_0.650pu,0.05,prefault,rule_action,0,NaN,0.65,0.65,0.65,1,1,205.947314578053,963.786965190547,0.985121758035546,1.10222225652522,0.033259907108592,1.20473370648818,-0.204733706488184,0.0148782419644535,0.461419907844073,0.393917447283319,0.100502122261286,-0.224836470377643,0,0,0,1,0,1,0,0,0,0,1,1,-5,-0.717608980180362,0.100273002697815,0.100273002697815,0.100273002697815,0.0720411073438342,0.0720411073438342,-0.225438650772608,-0.225438650772608,-0.225438650772608,0.235981650102045,0.235981650102045,0,0,0,0.95,0.95,0,0,0,0.95,0.95,0.169076442876125,-0.169076442876125,-0.240158954624308,0.240158954624308,0.0710825117481831,-0.0710825117481831,0.91747629268533,-0.145872504438974,-0.771603788246356
hpt_v2_topology2_paper,topology2,fault,deep_lvrt,lvrt_200ms_0.650pu,0.052,prefault,rule_action,0,NaN,0.65,0.65,0.65,1,1,204.651575022499,967.286102400678,0.989490033323477,1.10752919834395,0.0563047530054306,1.20910762800085,-0.209107628000848,0.0105099666765232,0.428508093737877,0.394124992443723,0.0774802353498866,-0.2387748127675,0,0,0,1,0,1,0,0,0,0,1,1,-5,0.976979443651382,0.0772319097237351,0.0772319097237351,0.0772319097237351,0.0524080291271926,0.0524080291271926,-0.239191148597267,-0.239191148597267,-0.239191148597267,0.24582630438962,0.24582630438962,0,0,0,0.95,0.95,0,0,0,0.95,0.95,0.2505700887839,-0.2505700887839,-0.1424271866228,0.1424271866228,-0.108142902161099,0.108142902161099,0.488508096039585,0.480794878144462,-0.95
hpt_v2_topology2_paper,topology2,fault,deep_lvrt,lvrt_200ms_0.650pu,0.054,prefault,rule_action,0,NaN,0.65,0.65,0.65,1,1,203.458413880062,964.123394647351,0.989627639460306,1.0859799327649,0.0768417066357202,1.20515424330919,-0.205154243309189,0.0103723605396941,0.400197751368858,0.412840328276715,0.0655077953351582,-0.21234722654329,0,0,0,1,0,1,0,0,0,0,1,1,-5,-2.18457941258121,0.0654088276509866,0.0654088276509866,0.0654088276509866,0.0476401976844659,0.0476401976844659,-0.213115930189379,-0.213115930189379,-0.213115930189379,0.217777698582168,0.217777698582168,0,0,0,0.95,0.95,0,0,0,0.95,0.95,0.187748832889531,-0.187748832889531,0.0102184153825739,-0.0102184153825739,-0.197967248272105,0.197967248272105,-0.144952583299539,0.947700775670195,-0.802748192370656
hpt_v2_topology2_paper,topology2,fault,deep_lvrt,lvrt_200ms_0.650pu,0.056,prefault,rule_action,0,NaN,0.65,0.65,0.65,1,1,208.825338709643,956.545399907484,0.991891749276686,1.13892913448763,0.0412043705110691,1.19568174988436,-0.195681749884355,0.00810825072331389,0.351747658506862,0.428474532479496,0.0598254498184365,-0.208590739813897,0,0,0,1,0,1,0,0,0,0,1,1,-0.482396545210761,-0.815911164260052,0.0596331932081982,0.0596331932081982,0.0596331932081982,0.04628375304266,0.04628375304266,-0.209409529949712,-0.209409529949712,-0.209409529949712,0.212758744051218,0.212758744051218,0,0,0,0.95,0.95,0,0,0,0.95,0.95,0.074054215265495,-0.074054215265495,0.14029556893608,-0.14029556893608,-0.214349784201575,0.214349784201575,-0.718094362280122,0.95,-0.250082269535749
hpt_v2_topology2_paper,topology2,fault,deep_lvrt,lvrt_200ms_0.650pu,0.058,prefault,rule_action,0,NaN,0.65,0.65,0.65,1,1,207.534719012112,937.341735726703,0.993416200247642,1.09330309952756,0.012415944792888,1.17167716965838,-0.171677169658378,0.00658379975235768,0.3498167565024,0.452001067420337,0.0451865887896202,-0.235320860512615,0,0,0,1,0,1,0,0,0,0,1,1,0.884050044097639,1.08466388267714,0.0450756913206013,0.0450756913206013,0.0450756913206013,0.0346914456711772,0.0346914456711772,-0.231673846468482,-0.231673846468482,-0.231673846468482,0.233454690856225,0.233454690856225,0,0,0,0.95,0.95,0,0,0,0.95,0.95,-0.0860716090247203,0.0860716090247203,0.233357112841382,-0.233357112841382,-0.147285503816662,0.147285503816662,-0.95,0.588056318895307,0.431329914334115
hpt_v2_topology2_paper,topology2,fault,deep_lvrt,lvrt_200ms_0.650pu,0.06,prefault,rule_action,0,NaN,0.65,0.65,0.65,1,1,208.34295898899,941.738342321974,0.993582853751461,1.08774864778595,0.00160416816544675,1.17717292790247,-0.177172927902468,0.00641714624853917,0.353550479047016,0.42850985430355,0.0403133610081539,-0.219420701139709,0,0,0,1,0,1,0,0,0,0,1,1,-1.7348630189018,-1.94343442638512,0.0402549964479361,0.0402549964479361,0.0402549964479361,0.0345602909714836,0.0345602909714836,-0.215560726459955,-0.215560726459955,-0.215560726459955,0.216546710478209,0.216546710478209,0,0,0,0.95,0.95,0,0,0,0.95,0.95,-0.186856658667541,0.186856658667541,0.192819528551442,-0.192819528551442,-0.0059628698839014,0.0059628698839014,-0.874175714993252,-0.040575281162682,0.914750996155934
hpt_v2_topology2_paper,topology2,fault,deep_lvrt,lvrt_200ms_0.650pu,0.062,prefault,rule_action,0,NaN,0.65,0.65,0.65,1,1,209.750241027325,941.535161594693,0.997522261071176,1.07952389448577,0.0498801693625555,1.17691895199337,-0.176918951993366,0.00247773892882397,0.319491417432281,0.432447814053447,0.0280763048016695,-0.231827462748121,0,0,0,0,0,1,0,0,0,0,1,1,5,-0.789081301746819,0.0278869585776661,0.0278869585776661,0.0278869585776661,0.025761665407289,0.025761665407289,-0.232336429911479,-0.232336429911479,-0.232336429911479,0.232581675370539,0.232581675370539,0,0,0,0.95,0.95,0,0,0,0.95,0.95,-0.231282552618424,0.231282552618424,0.0848239113541633,-0.0848239113541633,0.14645864126426,-0.14645864126426,-0.384357900434142,-0.659428769722635,0.95
hpt_v2_topology2_paper,topology2,fault,deep_lvrt,lvrt_200ms_0.650pu,0.064,prefault,rule_action,0,NaN,0.65,0.65,0.65,1,1,205.763658352984,933.590484971177,0.996514847213357,1.08802950681476,0.0358430284808857,1.16698810621397,-0.166988106213972,0.00348515278664296,0.314380407781684,0.447195765621103,0.0200059062153694,-0.226709647156983,0,0,0,1,0,1,0,0,0,0,1,1,4.45302593693553,1.47813273934005,0.0199993855405672,0.0199993855405672,0.0199993855405672,0.0216256622055244,0.0216256622055244,-0.227286851861557,-0.227286851861557,-0.227286851861557,0.227137885843181,0.227137885843181,0,0,0,0.95,0.95,0,0,0,0.95,0.95,-0.155090472420342,0.155090472420342,-0.0673846618843191,0.0673846618843191,0.222475134304661,-0.222475134304661,0.288473342783095,-0.95,0.71892532901154
hpt_v2_topology2_paper,topology2,fault,deep_lvrt,lvrt_200ms_0.650pu,0.066,prefault,rule_action,0,NaN,0.65,0.65,0.65,1,1,208.291288497851,935.566617471712,0.993824156839545,1.0500213981083,0.0337343531359961,1.16945827183964,-0.16945827183964,0.00617584316045527,0.323335175811727,0.421179058591027,0.0284801966352558,-0.193814447404883,0,0,0,0,0,1,0,0,0,0,1,1,4.23414865807947,-1.23841865176066,0.0285615903027664,0.0285615903027664,0.0285615903027664,0.0329478612031894,0.0329478612031894,-0.194830254772818,-0.194830254772818,-0.194830254772818,0.19413662987082,0.19413662987082,0,0,0,0.95,0.95,0,0,0,0.95,0.95,-0.032355668202103,0.032355668202103,-0.152035653803441,0.152035653803441,0.184391322005544,-0.184391322005544,0.835769012721508,-0.95,0.12185929434258
hpt_v2_topology2_paper,topology2,fault,deep_lvrt,lvrt_200ms_0.650pu,0.068,prefault,rule_action,0,NaN,0.65,0.65,0.65,1,1,208.823271847584,933.250826276888,0.992629009915623,1.00070397186878,0.0842361654571336,1.16656353284611,-0.16656353284611,0.00737099008437714,0.300300719508407,0.419391956855643,0.0368373526013029,-0.214472307935296,0,0,0,0,0,1,0,0,0,0,1,1,3.05128524885145,-2.5884724373042,0.0368965551595857,0.0368965551595857,0.0368965551595857,0.0447719702657761,0.0447719702657761,-0.215212677162826,-0.215212677162826,-0.215212677162826,0.213713178987061,0.213713178987061,0,0,0,0.95,0.95,0,0,0,0.95,0.95,0.094956554828658,-0.094956554828658,-0.217759893177688,0.217759893177688,0.12280333834903,-0.12280333834903,0.95,-0.535097660899785,-0.550181826336934
hpt_v2_topology2_paper,topology2,fault,deep_lvrt,lvrt_200ms_0.650pu,0.07,prefault,rule_action,0,NaN,0.65,0.65,0.65,1,1,206.181884995956,920.190944717572,0.995757313746883,1.05356976091579,0.018803573382775,1.15023868089697,-0.150238680896966,0.00424268625311741,0.290787653902919,0.426587362336222,0.0320353583985222,-0.230763259705139,0,0,0,0,0,1,0,0,0,0,1,1,1.12201364087605,1.83398697231318,0.0319250083188516,0.0319250083188516,0.0319250083188516,0.0432484327606975,0.0432484327606975,-0.227348879356198,-0.227348879356198,-0.227348879356198,0.225469049238296,0.225469049238296,0,0,0,0.95,0.95,0,0,0,0.95,0.95,0.20673947555353,-0.20673947555353,-0.189822795914675,0.189822795914675,-0.0169166796388555,0.0169166796388555,0.848727981215428,0.130581233678349,-0.95
hpt_v2_topology2_paper,topology2,fault,deep_lvrt,lvrt_200ms_0.650pu,0.072,prefault,rule_action,0,NaN,0.65,0.65,0.65,1,1,204.490727556892,913.21488333982,0.996683043135151,1.0215741121519,0.0577554879511014,1.14151860417478,-0.141518604174775,0.0033169568648489,0.309758422915961,0.407621237336864,0.0203049181843469,-0.224944696593021,0,0,0,0,0,1,1,0,0.0148333333333379,0,0.996093289703328,1.05991269268568,-5,-0.448665708931983,0.0202818820424187,0.0202818820424187,0.0202818820424187,0.0343062558383223,0.0343062558383223,-0.225545433971781,-0.225545433971781,-0.225545433971781,0.223841860104532,0.223841860104532,0,0,0,0.95,0.95,0,0,0,0.95,0.95,0.219845921284424,-0.219845921284424,-0.0628867903636046,0.0628867903636046,-0.156959130920819,0.156959130920819,0.276861182537606,0.757349421382985,-0.95
hpt_v2_topology2_paper,topology2,fault,deep_lvrt,lvrt_200ms_0.650pu,0.074,prefault,rule_action,0,NaN,0.65,0.65,0.65,1,1,209.092275914687,915.243467751644,0.998765293110978,0.970019187481326,0.0475366779425399,1.14405433468956,-0.144054334689555,0.00123470688902239,0.277690183357596,0.394076801469147,0.0158780793599201,-0.184693364459959,0,0,0,0,0,1,1,0,0.0315000000000096,0,0.976020825842168,1.10522233430018,-5,-2.3439217194432,0.0157586218806257,0.0157586218806257,0.0157586218806257,0.0293283509618716,0.0293283509618716,-0.18473308888654,-0.18473308888654,-0.18473308888654,0.183069648284461,0.183069648284461,0,0,0,0.95,0.95,0,0,0,0.95,0.95,0.11678736315043,-0.11678736315043,0.0663120523592411,-0.0663120523592411,-0.183099415509671,0.183099415509671,-0.394386466675411,0.95,-0.686587137068074
hpt_v2_topology2_paper,topology2,fault,deep_lvrt,lvrt_200ms_0.650pu,0.076,prefault,rule_action,0,NaN,0.65,0.65,0.65,1,1,206.008673849719,895.735186850162,0.999358029059736,1.06788287182328,0.0385502907192723,1.1196689835627,-0.119668983562703,0.000641970940264192,0.257806565127226,0.42435320670472,0.00768810142593147,-0.122895485227916,0,0,0,0,0,1,1,0,0.0481666666666814,0,0.976020825842168,1.10522233430018,-3.40240088874033,2.0560290158127,0.00762640541636995,0.00762640541636995,0.00762640541636995,0.0177811592584003,0.0177811592584003,-0.122543387830856,-0.122543387830856,-0.122543387830856,0.121486107584636,0.121486107584636,0,0,0,0.95,0.95,0,0,0,0.95,0.95,0.00266980422895803,-0.00266980422895803,0.104970963572759,-0.104970963572759,-0.107640767801717,0.107640767801717,-0.906699886272384,0.95,-0.0557385660679421
hpt_v2_topology2_paper,topology2,fault,deep_lvrt,lvrt_200ms_0.650pu,0.078,prefault,rule_action,0,NaN,0.65,0.65,0.65,1,1,204.50513038568,876.474229231836,0.998704515661199,1.06274576462405,0.0523127648033806,1.0955927865398,-0.0955927865397954,0.00129548433880122,0.272384976891294,0.419098972096926,0.00493511561132831,-0.0501975842118506,0,0,0,0,0,1,1,0,0.0648333333333532,0,0.976020825842168,1.10522233430018,-0.201969210934516,0.0668123722351588,0.00495160915584434,0.00495160915584434,0.00495160915584434,0.00949767441796523,0.00949767441796523,-0.0503619618554291,-0.0503619618554291,-0.0503619618554291,0.0497055310384093,0.0497055310384093,0,0,0,0.95,0.95,0,0,0,0.95,0.95,-0.0274917074345359,0.0274917074345359,0.0505397219988222,-0.0505397219988222,-0.0230480145642864,0.0230480145642864,-0.95,0.479439187450886,0.625645718380709
hpt_v2_topology2_paper,topology2,fault,deep_lvrt,lvrt_200ms_0.650pu,0.08,fault,rule_action,0,NaN,0.65,0.65,0.65,1,1,209.039311059403,877.191741090412,0.995086337594096,1.00105156795132,0.0235216156750955,1.09648967636302,-0.0964896763630152,0.00491366240590363,0.251193758140452,0.395073824909056,0.0187721725804934,-0.0463477911045285,0,0,0,0,0,1,1,0,0.081500000000025,0,0.976020825842168,1.10522233430018,-2.49545162145881,-2.76859778980176,0.018888878455109,0.018888878455109,0.018888878455109,0.0233603744151158,0.0233603744151158,-0.0470432140139076,-0.0470432140139076,-0.0470432140139076,0.0449905170145421,0.0449905170145421,0,0,0,0.95,0.95,0,0,0,0.95,0.95,-0.0403533514185267,0.0403533514185267,0.0467491343367091,-0.0467491343367091,-0.00639578291818247,0.00639578291818247,-0.834919997214464,-0.213870470812837,0.95
hpt_v2_topology2_paper,topology2,fault,deep_lvrt,lvrt_200ms_0.650pu,0.082,fault,rule_action,0,NaN,0.65,0.65,0.65,1,1,204.236729737172,854.121071948348,0.995297137605554,1.01026433326403,0.0591531591792376,1.06765133993543,-0.0676513399354346,0.00470286239444573,0.250047302808455,0.401219562687399,0.0208067365110488,-0.0240646093355946,0,0,0,0,0,1,1,0,0.0981666666666967,0,0.976020825842168,1.10522233430018,-5,-0.783857448325209,0.0208806155987838,0.0208806155987838,0.0208806155987838,0.0231982690050332,0.0231982690050332,-0.0238615856149075,-0.0238615856149075,-0.0238615856149075,0.0216151727037248,0.0216151727037248,0,0,0,0.95,0.95,0,0,0,0.95,0.95,-0.0296674421058525,0.0296674421058525,0.0245246287015017,-0.0245246287015017,0.00514281340435073,-0.00514281340435073,-0.279204558850912,-0.843277326595351,0.95
hpt_v2_topology2_paper,topology2,fault,deep_lvrt,lvrt_200ms_0.650pu,0.084,fault,rule_action,0,NaN,0.65,0.65,0.65,1,1,190.671237071207,852.496382179042,0.981881570731591,0.947582787070396,0.0997185930097246,1.0656204777238,-0.0656204777238032,0.0181184292684088,0.216490186795802,0.397412174330836,0.0528135883704623,0.0559321926495573,0,0,0,0,0,1,1,0,0.114833333333368,0,0.896908841557538,1.10522233430018,0.885136619859894,0.481187168898334,0.0536248321949715,0.0536248321949715,0.0536248321949715,0.0474461862205079,0.0474461862205079,0.056940482563043,0.056940482563043,0.056940482563043,-0.0621827998370927,-0.0621827998370927,0,0,0,0.95,0.95,0,0,0,0.95,0.95,-0.012136632807521,0.012136632807521,0.0729854853136139,-0.0729854853136139,-0.0608488525060929,0.0608488525060929,0.414485892610682,-0.95,0.708675106015066
hpt_v2_topology2_paper,topology2,fault,deep_lvrt,lvrt_200ms_0.650pu,0.086,fault,rule_action,0,NaN,0.65,0.65,0.65,1,1,180.423332928791,844.504727421126,0.951243712481961,0.847466813272194,0.132612367967759,1.05563090927641,-0.055630909276408,0.0487562875180385,0.153049537847254,0.402963991395424,0.180957996108344,0.107486198331886,0,0,1,0,0,1,1,0,0.13150000000004,0,0.847466813272194,1.10522233430018,-4.33167912068633,-0.655656933385762,0.182623097326876,0.182623097326876,0.182623097326876,0.170559049402417,0.170559049402417,0.107073880287569,0.107073880287569,0.107073880287569,-0.125401842825543,-0.125401842825543,0,0,0,0.95,0.95,0,0,0,0.95,0.95,-0.18347654862421,0.18347654862421,0.183194688611675,-0.183194688611675,0.000281860012534815,-0.000281860012534815,0.95,-0.95,0.0495032470068877
hpt_v2_topology2_paper,topology2,fault,deep_lvrt,lvrt_200ms_0.650pu,0.088,fault,rule_action,0,NaN,0.65,0.65,0.65,1,1,198.784254591111,824.556398053657,0.939544922540062,0.857718930453861,0.12102647220357,1.03069549756707,-0.0306954975670712,0.0604550774599382,0.0830147767825006,0.470810174650336,0.320569842984791,-0.0181124203928391,0,0,1,0,0,1,1,0,0.148166666666712,0,0.820081931141804,1.10522233430018,-4.61016953946613,0.985136073523129,0.321352324124838,0.321352324124838,0.321352324124838,0.321714211217124,0.321714211217124,-0.0203515195542001,-0.0203515195542001,-0.0203515195542001,-0.0134709639426319,-0.0134709639426319,0,0,0,0.95,0.95,0,0,0,0.95,0.95,-0.247527225674213,0.247527225674213,-0.0545866880849002,0.0545866880849002,0.302113913759113,-0.302113913759113,0.95,-0.51442985236213,-0.635582903359648
hpt_v2_topology2_paper,topology2,fault,deep_lvrt,lvrt_200ms_0.650pu,0.09,fault,rule_action,0,NaN,0.65,0.65,0.65,1,1,227.340438036477,799.817094398388,0.972935737651918,0.886932972933992,0.120136163987657,0.999771367997985,0.000228632002015283,0.0270642623480816,0.126653545461297,0.533688246518785,0.287043978319495,-0.199598903358503,0,0,1,0,0,1,1,0,0.164833333333384,0,0.820081931141804,1.10522233430018,-1.79921748415324,2.57829640302376,0.285481549889935,0.285481549889935,0.285481549889935,0.30557251570219,0.30557251570219,-0.200537584647057,-0.200537584647057,-0.200537584647057,0.168346297348857,0.168346297348857,0,0,0,0.95,0.95,0,0,0,0.95,0.95,0.108098635319092,-0.108098635319092,-0.341316253486381,0.341316253486381,0.233217618167289,-0.233217618167289,0.864740202054529,0.221904833043327,-0.95
hpt_v2_topology2_paper,topology2,fault,deep_lvrt,lvrt_200ms_0.650pu,0.092,fault,rule_action,0,NaN,0.65,0.65,0.65,1,1,221.172498106672,851.504309729487,1.01217333812719,0.885593640729333,0.197663799486571,1.06438038716186,-0.0643803871618589,-0.0121733381271938,0.272985469169405,0.518470645720673,0.0794552635156678,-0.25160816516564,0,0,1,0,0,1,1,0,0.181500000000056,0,0.820081931141804,1.10522233430018,-5,-1.06023049284376,0.0773794198479347,0.0773794198479347,0.0773794198479347,0.215889453050141,0.215889453050141,-0.251853389630098,-0.251853389630098,-0.251853389630098,0.151027972726525,0.151027972726525,0,0,0,0.95,0.95,0,0,0,0.95,0.95,0.263162090431975,-0.263162090431975,-0.120510183337415,0.120510183337415,-0.14265190709456,0.14265190709456,0.213433182444184,0.857955951863301,-0.95
hpt_v2_topology2_paper,topology2,fault,deep_lvrt,lvrt_200ms_0.650pu,0.094,fault,rule_action,0,NaN,0.65,0.65,0.65,1,1,190.263534648493,898.018974062908,1.00488656309336,0.919394832920736,0.0715652968215905,1.12252371757864,-0.122523717578635,-0.00488656309336322,0.308814357714309,0.416588963448515,-0.0361638542641877,-0.265195251143645,0,0,1,0,0,1,1,0,0.198166666666727,0,0.820081931141804,1.10522233430018,-4.12732177050223,-2.32911415699677,-0.0360888633573236,-0.0360888633573236,-0.0360888633573236,0.135109175370288,0.135109175370288,-0.26525931446173,-0.26525931446173,-0.26525931446173,0.231106946450969,0.231106946450969,0,0,0,0.95,0.95,0,0,0,0.95,0.95,0.116921367153404,-0.116921367153404,0.150095610748312,-0.150095610748312,-0.267016977901716,0.267016977901716,-0.445303532826373,0.95,-0.680736575013891
hpt_v2_topology2_paper,topology2,fault,deep_lvrt,lvrt_200ms_0.650pu,0.096,fault,rule_action,0,NaN,0.65,0.65,0.65,1,1,177.359375904243,897.13851061798,0.957954516670135,0.954144414232901,0.097585495095312,1.12142313827248,-0.121423138272475,0.0420454833298647,0.220270425807114,0.368336048982836,0.099894970339847,-0.268744790186484,0,0,0,0,0,1,1,0,0.214833333333399,0,0.820081931141804,1.10522233430018,-0.435948317636381,1.48397110246323,0.102080789800901,0.102080789800901,0.102080789800901,0.13250517647858,0.13250517647858,-0.268761526317331,-0.268761526317331,-0.268761526317331,0.255138440618378,0.255138440618378,0,0,0,0.95,0.95,0,0,0,0.95,0.95,0.0880537504456929,-0.0880537504456929,0.192985438867442,-0.192985438867442,-0.281039189313135,0.281039189313135,-0.912364495769198,0.95,-0.0506328764000949
hpt_v2_topology2_paper,topology2,fault,deep_lvrt,lvrt_200ms_0.650pu,0.098,fault,rule_action,0,NaN,0.65,0.65,0.65,1,1,202.671860154713,848.604777214568,0.941756196152464,0.958568518171378,0.113458973311302,1.06075597151821,-0.0607559715182107,0.0582438038475356,0.153647582224013,0.376594745104448,0.284747480101298,-0.267552413663873,0,0,0,0,0,1,1,0,0.231500000000071,0,0.820081931141804,1.10522233430018,1.2013434193785,0.776189986286591,0.285823721202646,0.285823721202646,0.285823721202646,0.315739630041656,0.315739630041656,-0.267585048148354,-0.267585048148354,-0.267585048148354,0.231528494176943,0.231528494176943,0,0,0,0.95,0.95,0,0,0,0.95,0.95,0.0435154320441189,-0.0435154320441189,0.315217837359078,-0.315217837359078,-0.358733269403197,0.358733269403197,-0.95,0.450220083588835,0.653341625767747
hpt_v2_topology2_paper,topology2,fault,deep_lvrt,lvrt_200ms_0.650pu,0.1,fault,rule_action,0,NaN,0.65,0.65,0.65,1,1,233.977601283602,842.573302092409,0.982013394812263,0.910649428683859,0.102009574013394,1.05321662761551,-0.053216627615511,0.0179866051877365,0.153076347304238,0.422388155005092,0.245515249023451,-0.255939137050334,0,0,1,0,0,1,1,0,0.248166666666743,0,0.820081931141804,1.10522233430018,-5,-0.499033294757201,0.243748405656856,0.243748405656856,0.243748405656856,0.273537144283153,0.273537144283153,-0.256126615222996,-0.256126615222996,-0.256126615222996,0.224034727181447,0.224034727181447,0,0,0,0.95,0.95,0,0,0,0.95,0.95,-0.201653890486095,0.201653890486095,0.352347078737868,-0.352347078737868,-0.150693188251773,0.150693188251773,-0.810432173950225,-0.282175532007422,0.95
hpt_v2_topology2_paper,topology2,fault,deep_lvrt,lvrt_200ms_0.650pu,0.102,fault,rule_action,0,NaN,0.65,0.65,0.65,1,1,222.521210743755,857.845696615039,1.02518849157189,1.01378390122143,0.14442540240567,1.0723071207688,-0.0723071207687989,-0.0251884915718901,0.226669676249968,0.40422829388926,0.0146856523659088,-0.19477123631912,0,0,0,0,0,1,1,0,0.264833333333414,0,0.820081931141804,1.10522233430018,1.1372672293648,2.04784795495461,0.0126115706070576,0.0126115706070576,0.0126115706070576,0.130607333746383,0.130607333746383,-0.193053153860071,-0.193053153860071,-0.193053153860071,0.142724546943257,0.142724546943257,0,0,0,0.95,0.95,0,0,0,0.95,0.95,-0.179731029642408,0.179731029642408,0.0278655415620742,-0.0278655415620742,0.151865488080333,-0.151865488080333,-0.181785744099065,-0.850605928255213,0.95
hpt_v2_topology2_paper,topology2,fault,deep_lvrt,lvrt_200ms_0.650pu,0.104,fault,rule_action,0,NaN,0.65,0.65,0.65,1,1,189.648673655808,854.961555332036,1.01090679240201,0.926249208623265,0.036935944498144,1.06870194416504,-0.0687019441650447,-0.0109067924020054,0.238353712723557,0.375196541524058,-0.0934567443503785,0.03974318810167,0,0,0,0,0,1,1,0,0.281500000000086,0,0.820081931141804,1.10522233430018,3.57183770998404,0.317597828241922,-0.0931205022864064,-0.0931205022864064,-0.0931205022864064,-0.0991598004760903,-0.0991598004760903,0.0423177306701688,0.0423177306701688,0.0423177306701688,0.0250908797113119,0.0250908797113119,0,0,0,0.95,0.95,0,0,0,0.95,0.95,0.102014295909445,-0.102014295909445,-0.0574473559431549,0.0574473559431549,-0.0445669399662905,0.0445669399662905,0.517609739197124,-0.95,0.612806622982044
hpt_v2_topology2_paper,topology2,fault,deep_lvrt,lvrt_200ms_0.650pu,0.106,fault,rule_action,0,NaN,0.65,0.65,0.65,1,1,176.890494816045,847.489653778574,0.95887130386187,0.918003519919612,0.154539266151694,1.05936206722322,-0.0593620672232174,0.0411286961381299,0.155661217795078,0.344024574080038,0.0705011329812264,0.181674493739064,0,0,1,0,0,1,1,0,0.298166666666758,0,0.820081931141804,1.10522233430018,-3.67450043900297,-1.17510516841013,0.0730029672386821,0.0730029672386821,0.0730029672386821,0.0507040673055737,0.0507040673055737,0.182203860563341,0.182203860563341,0.182203860563341,-0.189622724346291,-0.189622724346291,0,0,0,0.95,0.95,0,0,0,0.95,0.95,-0.0926833287113852,0.0926833287113852,0.196185284362055,-0.196185284362055,-0.10350195565067,0.10350195565067,0.95,-0.95,-0.0324750814473454
hpt_v2_topology2_paper,topology2,fault,deep_lvrt,lvrt_200ms_0.650pu,0.108,fault,rule_action,0,NaN,0.65,0.65,0.65,1,1,198.036887319477,808.754163516323,0.939785308992493,0.931492570758604,0.185068666932271,1.0109427043954,-0.010942704395404,0.0602146910075066,0.0524503601671799,0.437940166720089,0.280958061370366,0.154279498184243,0,0,0,0,0,1,1,0,0.31483333333343,0,0.820081931141804,1.10522233430018,0.231172557079606,0.828502862613822,0.282250414282294,0.282250414282294,0.282250414282294,0.262711098045192,0.262711098045192,0.153293011326663,0.153293011326663,0.153293011326663,-0.184788859642599,-0.184788859642599,0,0,0,0.95,0.95,0,0,0,0.95,0.95,-0.312837927217162,0.312837927217162,0.0933923324599587,-0.0933923324599587,0.219445594757203,-0.219445594757203,0.95,-0.435526910794481,-0.713165619964256
hpt_v2_topology2_paper,topology2,fault,deep_lvrt,lvrt_200ms_0.650pu,0.11,fault,rule_action,0,NaN,0.65,0.65,0.65,1,1,224.704644114392,743.091004459205,0.971067750150868,0.893297098003238,0.0785479804517821,0.928863755574006,0.071136244425994,0.0289322498491316,0.0973402297367309,0.529040665594824,0.279948715132546,0.0201736453250472,0,0,1,0,0,1,1,0,0.331500000000101,0,0.820081931141804,1.10522233430018,1.65252568103913,1.93163139618058,0.278638926075027,0.278638926075027,0.278638926075027,0.274727675715206,0.274727675715206,0.0189999399887429,0.0189999399887429,0.0189999399887429,-0.0502528908615314,-0.0502528908615314,0,0,0,0.95,0.95,0,0,0,0.95,0.95,-0.0780334751238186,0.0780334751238186,-0.193219282906365,0.193219282906365,0.271252758030183,-0.271252758030183,0.846347828584035,0.34523447244725,-0.95
hpt_v2_topology2_paper,topology2,fault,deep_lvrt,lvrt_200ms_0.650pu,0.112,fault,rule_action,0,NaN,0.65,0.65,0.65,1,1,220.515682665197,796.145539313448,1.00671588619981,0.860134362490917,0.158561554895728,0.99518192414181,0.00481807585819016,-0.00671588619980734,0.247413260116117,0.500477082105295,0.0975725545909745,-0.00265939060515635,0,0,1,0,0,1,1,0,0.348166666666773,0,0.820081931141804,1.10522233430018,-5,0.234432008677121,0.0957133947426773,0.0957133947426773,0.0957133947426773,0.0770653682548451,0.0770653682548451,-0.00237373745488083,-0.00237373745488083,-0.00237373745488083,-0.056812125276365,-0.056812125276365,0,0,0,0.95,0.95,0,0,0,0.95,0.95,0.0407401900644312,-0.0407401900644312,-0.0954047144231322,0.0954047144231322,0.054664524358701,-0.054664524358701,0.145977734938138,0.95,-0.95
hpt_v2_topology2_paper,topology2,fault,deep_lvrt,lvrt_200ms_0.650pu,0.114,fault,rule_action,0,NaN,0.65,0.65,0.65,1,1,195.335155631987,857.580727126862,1.00748982316698,0.877076559870152,0.0833477300223614,1.07197590890858,-0.071975908908577,-0.00748982316697977,0.263673313398013,0.423102186975245,-0.0256992952847482,0.120301377891905,0,0,1,0,0,1,1,0,0.364833333333445,0,0.820081931141804,1.10522233430018,-5,-2.36354742165568,-0.0259796552558778,-0.0259796552558778,-0.0259796552558778,-0.0949053388474632,-0.0949053388474632,0.121923133245557,0.121923133245557,0.121923133245557,-0.0808280246317843,-0.0808280246317843,0,0,0,0.95,0.95,0,0,0,0.95,0.95,-0.0847761506758761,0.0847761506758761,-0.0367630326022352,0.0367630326022352,0.121539183278111,-0.121539183278111,-0.522828655891822,0.95,-0.652607405271195
hpt_v2_topology2_paper,topology2,fault,deep_lvrt,lvrt_200ms_0.650pu,0.116,fault,rule_action,0,NaN,0.65,0.65,0.65,1,1,177.952273785849,854.385435899057,0.968673816811637,0.918271909160421,0.07592582575945,1.06798179487382,-0.0679817948738219,0.0313261831883633,0.181840219980735,0.374543460995895,0.0619991443173269,0.155872716487666,0,0,1,0,0,1,1,0,0.381500000000117,0,0.820081931141804,1.10522233430018,-0.429710874945921,1.69335318684349,0.0637956257287432,0.0637956257287432,0.0637956257287432,0.0481204276916116,0.0481204276916116,0.155654875603406,0.155654875603406,0.155654875603406,-0.161191645565178,-0.161191645565178,0,0,0,0.95,0.95,0,0,0,0.95,0.95,0.0743736058598605,-0.0743736058598605,-0.167858784182519,0.167858784182519,0.0934851783226581,-0.0934851783226581,-0.95,0.95,-0.0269691524298395
hpt_v2_topology2_paper,topology2,fault,deep_lvrt,lvrt_200ms_0.650pu,0.118,fault,rule_action,0,NaN,0.65,0.65,0.65,1,1,192.891046558198,839.462151852846,0.940360604393959,0.897454912386812,0.0989151387317517,1.04932768981606,-0.0493276898160575,0.059639395606041,0.100671494987916,0.425332097941301,0.256801560201617,0.0320689594766164,0,0,1,0,0,1,1,0,0.398166666666789,0,0.820081931141804,1.10522233430018,-0.677188852107213,0.279375793831971,0.258368873501581,0.258368873501581,0.258368873501581,0.254398311797152,0.254398311797152,0.030040828179868,0.030040828179868,0.030040828179868,-0.054207242200349,-0.054207242200349,0,0,0,0.95,0.95,0,0,0,0.95,0.95,0.218414195620076,-0.218414195620076,0.0131208384019432,-0.0131208384019432,-0.231535034022019,0.231535034022019,-0.95,0.450200399469275,0.644083397225335
hpt_v2_topology2_paper,topology2,fault,deep_lvrt,lvrt_200ms_0.650pu,0.12,fault,rule_action,0,NaN,0.65,0.65,0.65,1,1,228.079871847524,819.738670472074,0.965696001313963,0.878576789091531,0.0733897788049494,1.02467333809009,-0.0246733380900925,0.034303998686037,0.109890342542846,0.474691067924862,0.297266651718382,-0.165862300683683,0,0,1,0,0,1,1,0,0.41483333333346,0,0.820081931141804,1.10522233430018,-5,-0.624789264762171,0.296176203287396,0.296176203287396,0.296176203287396,0.310405757074922,0.310405757074922,-0.167250803341234,-0.167250803341234,-0.167250803341234,0.139073507853831,0.139073507853831,0,0,0,0.95,0.95,0,0,0,0.95,0.95,-0.0928477188758408,0.0928477188758408,0.329804093017617,-0.329804093017617,-0.236956374141776,0.236956374141776,-0.825543830380221,-0.276280263972814,0.95
hpt_v2_topology2_paper,topology2,fault,deep_lvrt,lvrt_200ms_0.650pu,0.122,fault,rule_action,0,NaN,0.65,0.65,0.65,1,1,225.508596223024,858.255705222517,1.01222735774175,0.945858701321605,0.123207677318727,1.07281963152815,-0.072819631528146,-0.0122273577417473,0.208585014191575,0.456077615950529,0.0972523380190548,-0.242794694156412,0,0,0,0,0,1,1,0,0.431500000000132,0,0.820081931141804,1.10522233430018,-0.794190563386254,2.26405748143033,0.0949375677854348,0.0949375677854348,0.0949375677854348,0.221660517902898,0.221660517902898,-0.24315743156766,-0.24315743156766,-0.24315743156766,0.137859686299563,0.137859686299563,0,0,0,0.95,0.95,0,0,0,0.95,0.95,-0.260855191746522,0.260855191746522,0.122064855182541,-0.122064855182541,0.138790336563981,-0.138790336563981,-0.195860852983424,-0.843678456219158,0.95
hpt_v2_topology2_paper,topology2,fault,deep_lvrt,lvrt_200ms_0.650pu,0.124,fault,rule_action,0,NaN,0.65,0.65,0.65,1,1,188.950610328647,861.915454567733,1.00965989576587,0.951857029456804,0.0624081636306299,1.07739431820967,-0.0773943182096668,-0.009659895765874,0.251791630869944,0.387585493703185,-0.0520691801053976,-0.212784918753356,0,0,0,0,0,1,1,0,0.448166666666804,0,0.820081931141804,1.10522233430018,1.16182792194253,0.507380515021083,-0.0521784483829035,-0.0521784483829035,-0.0521784483829035,0.0849255949144536,0.0849255949144536,-0.212125540842529,-0.212125540842529,-0.212125540842529,0.201264698548476,0.201264698548476,0,0,0,0.95,0.95,0,0,0,0.95,0.95,-0.0606470406817068,0.0606470406817068,-0.151421710703734,0.151421710703734,0.212068751385441,-0.212068751385441,0.492102296784064,-0.95,0.62422678376833
hpt_v2_topology2_paper,topology2,fault,deep_lvrt,lvrt_200ms_0.650pu,0.126,fault,rule_action,0,NaN,0.65,0.65,0.65,1,1,173.080455977317,861.14854761496,0.954050762550885,0.908153975172994,0.0811110671420825,1.0764356845187,-0.0764356845186998,0.0459492374491151,0.193841461041346,0.316930799570282,0.095074920467962,-0.183814760689132,0,0,1,0,0,1,1,0,0.46483333333347,0,0.820081931141804,1.10522233430018,-2.37292482928542,-2.13117271266205,0.0976543020148986,0.0976543020148986,0.0976543020148986,0.113621064272836,0.113621064272836,-0.184264262478093,-0.184264262478093,-0.184264262478093,0.174871195118352,0.174871195118352,0,0,0,0.95,0.95,0,0,0,0.95,0.95,-0.0755354041338691,0.0755354041338691,-0.13057142852429,0.13057142852429,0.206106832658159,-0.206106832658159,0.95,-0.95,-0.0352543816595416
hpt_v2_topology2_paper,topology2,fault,deep_lvrt,lvrt_200ms_0.650pu,0.128,fault,rule_action,0,NaN,0.65,0.65,0.65,1,1,202.155303536259,838.432465349344,0.935846461748565,0.944704069812172,0.136847361960984,1.04804058168668,-0.0480405816866798,0.0641535382514348,0.0975334941756341,0.377559644791182,0.311587742527222,-0.240187281234216,0,0,0,0,0,1,1,0,0.48150000000013,0,0.820081931141804,1.10522233430018,-3.48784862179197,0.774035804835149,0.312803218457504,0.312803218457504,0.312803218457504,0.333023424849021,0.333023424849021,-0.240584784151093,-0.240584784151093,-0.240584784151093,0.211712754325831,0.211712754325831,0,0,0,0.95,0.95,0,0,0,0.95,0.95,-0.0570635899765534,0.0570635899765534,-0.309629377984082,0.309629377984082,0.366692967960636,-0.366692967960636,0.95,-0.399105632885385,-0.716919912633483
hpt_v2_topology2_paper,topology2,fault,deep_lvrt,lvrt_200ms_0.650pu,0.13,fault,rule_action,0,NaN,0.65,0.65,0.65,1,1,235.452667485428,805.364989258622,0.982980459715136,0.990231500373818,0.0889204148080132,1.00670623657328,-0.00670623657327818,0.0170195402848641,0.121858204230525,0.443418661226108,0.258193570773591,-0.25590184909331,0,0,0,0,0,1,1,0,0.49816666666679,0,0.820081931141804,1.10522233430018,3.04094824495027,1.70159565342409,0.256027226044371,0.256027226044371,0.256027226044371,0.278190779658882,0.278190779658882,-0.255793219468971,-0.255793219468971,-0.255793219468971,0.231495144042073,0.231495144042073,0,0,0,0.95,0.95,0,0,0,0.95,0.95,0.217278040753123,-0.217278040753123,-0.359293710052559,0.359293710052559,0.142015669299436,-0.142015669299436,0.742983450722168,0.361983926576804,-0.95
hpt_v2_topology2_paper,topology2,fault,deep_lvrt,lvrt_200ms_0.650pu,0.132,fault,rule_action,0,NaN,0.65,0.65,0.65,1,1,222.322538515592,855.815141656546,1.02356458422042,0.947352880726495,0.155592494781973,1.06976892707068,-0.0697689270706829,-0.0235645842204226,0.23543467752121,0.414557099789588,0.0181841586542244,-0.165951728836682,0,0,0,0,0,1,1,0,0.51483333333345,0,0.820081931141804,1.10522233430018,-5,-1.77861488304742,0.0159764554827257,0.0159764554827257,0.0159764554827257,0.110843561797637,0.110843561797637,-0.163937817848299,-0.163937817848299,-0.163937817848299,0.121838253675384,0.121838253675384,0,0,0,0.95,0.95,0,0,0,0.95,0.95,0.150975498898973,-0.150975498898973,-0.0184531942470052,0.0184531942470052,-0.132522304651968,0.132522304651968,0.0683506070149112,0.926806779721939,-0.95
hpt_v2_topology2_paper,topology2,fault,deep_lvrt,lvrt_200ms_0.650pu,0.134,fault,rule_action,0,NaN,0.65,0.65,0.65,1,1,193.29742120965,859.037063326364,1.01250517450793,0.957292720904152,0.0591311984459148,1.07379632915795,-0.0737963291579546,-0.0125051745079281,0.2343674610238,0.361486286269303,-0.0911915079269964,0.0703465704022844,0,0,0,0,0,1,1,0,0.531500000000111,0,0.820081931141804,1.10522233430018,-0.791759445941231,-1.37174611331359,-0.0910162161470508,-0.0910162161470508,-0.0910162161470508,-0.115917283274941,-0.115917283274941,0.0718716313059629,0.0718716313059629,0.0718716313059629,-0.00355899233828813,-0.00355899233828813,0,0,0,0.95,0.95,0,0,0,0.95,0.95,-0.112855578919588,0.112855578919588,0.0333014847123073,-0.0333014847123073,0.0795540942072809,-0.0795540942072809,-0.585898354229459,0.95,-0.572874378059751
hpt_v2_topology2_paper,topology2,fault,deep_lvrt,lvrt_200ms_0.650pu,0.136,fault,rule_action,0,NaN,0.65,0.65,0.65,1,1,180.396405859122,847.436903052916,0.967954760272128,0.953065577078335,0.143023435861009,1.05929612881614,-0.0592961288161444,0.0320452397278719,0.133384449859415,0.363282348340131,0.0414134391336919,0.174665436997384,0,0,0,0,0,1,1,0,0.548166666666771,0,0.820081931141804,1.10522233430018,2.89539179558573,2.33844862898991,0.0435463572070663,0.0435463572070663,0.0435463572070663,0.0291866452489125,0.0291866452489125,0.174765833719567,0.174765833719567,0.174765833719567,-0.177728786640811,-0.177728786640811,0,0,0,0.95,0.95,0,0,0,0.95,0.95,0.072744976579385,-0.072744976579385,-0.179063282257362,0.179063282257362,0.106318305677977,-0.106318305677977,-0.95,0.918598534787989,0.0847719496831508
hpt_v2_topology2_paper,topology2,fault,deep_lvrt,lvrt_200ms_0.650pu,0.138,fault,rule_action,0,NaN,0.65,0.65,0.65,1,1,194.109518093882,831.649772996695,0.940104848703396,0.900203228384458,0.0950619077188746,1.03956221624587,-0.0395622162458684,0.0598951512966042,0.0773361673130552,0.419620822405053,0.250120083291514,0.0850854817407317,0,0,1,0,0,1,1,0,0.564833333333431,0,0.820081931141804,1.10522233430018,-5,-0.318115822270482,0.251799701639173,0.251799701639173,0.251799701639173,0.244693202489248,0.244693202489248,0.083499576425069,0.083499576425069,0.083499576425069,-0.102471975019019,-0.102471975019019,0,0,0,0.95,0.95,0,0,0,0.95,0.95,0.236617031761498,-0.236617031761498,-0.0144300437758867,0.0144300437758867,-0.222186987985611,0.222186987985611,-0.95,0.33983642429871,0.740467418595013
hpt_v2_topology2_paper,topology2,fault,deep_lvrt,lvrt_200ms_0.650pu,0.14,fault,rule_action,0,NaN,0.65,0.65,0.65,1,1,222.862174716761,810.657482540205,0.967710511884336,0.914028777815689,0.0770864995542057,1.01332185317526,-0.0133218531752559,0.0322894881156643,0.0842063951970659,0.470250710901816,0.171774249899898,-0.0108087464340461,0,0,1,0,0,1,0,1,0,0.0126666666666618,0.820081931141804,1.10522233430018,-5,-0.73779736904811,0.170523190616647,0.170523190616647,0.170523190616647,0.170882050921945,0.170882050921945,-0.0111677360710741,-0.0111677360710741,-0.0111677360710741,-0.00148375865432717,-0.00148375865432717,0,0,0,0.95,0.95,0,0,0,0.95,0.95,0.0135298804377549,-0.0135298804377549,0.140764258253089,-0.140764258253089,-0.154294138690844,0.154294138690844,-0.746527728332347,-0.373358141713959,0.95
hpt_v2_topology2_paper,topology2,fault,deep_lvrt,lvrt_200ms_0.650pu,0.142,fault,rule_action,0,NaN,0.65,0.65,0.65,1,1,223.097751459587,847.305415666735,1.00321402157122,0.914730823490284,0.142633914956014,1.05913176958342,-0.059131769583419,-0.00321402157121975,0.173840686973517,0.481839489441989,0.0618984742518863,-0.000365536345086181,0,0,1,0,0,1,0,1,0,0.029333333333322,0.820081931141804,1.10522233430018,5,3.75391511049572,0.0609763672272679,0.0609763672272679,0.0609763672272679,0.0494837982397815,0.0494837982397815,0.000180079361962536,0.000180079361962536,0.000180079361962536,-0.0356300926265402,-0.0356300926265402,0,0,0,0.95,0.95,0,0,0,0.95,0.95,-0.0283622294363215,0.0283622294363215,0.0609283103309408,-0.0609283103309408,-0.0325660808946192,0.0325660808946192,-0.088966458468846,-0.905963512421728,0.95
hpt_v2_topology2_paper,topology2,fault,deep_lvrt,lvrt_200ms_0.650pu,0.144,fault,rule_action,0,NaN,0.65,0.65,0.65,1,1,194.357198389155,851.79846460037,1.00181611914001,0.911863649246795,0.053343384622624,1.06474808075046,-0.0647480807504623,-0.00181611914000612,0.223971881154544,0.42836715142745,0.00396415735885515,0.0384997800238956,0,0,1,0,0,1,0,1,0,0.0459999999999822,0.820081931141804,1.10522233430018,0.450885869280437,0.0444973863507059,0.00385921008931693,0.00385921008931693,0.00385921008931693,0.00127800145104472,0.00127800145104472,0.0389341773788436,0.0389341773788436,0.0389341773788436,-0.0391040967543284,-0.0391040967543284,0,0,0,0.95,0.95,0,0,0,0.95,0.95,0.0140621133863291,-0.0140621133863291,0.024588011578103,-0.024588011578103,-0.0386501249644321,0.0386501249644321,0.576755703360183,-0.95,0.555556445445985
hpt_v2_topology2_paper,topology2,fault,deep_lvrt,lvrt_200ms_0.650pu,0.146,fault,rule_action,0,NaN,0.65,0.65,0.65,1,1,176.601019086045,848.451987032719,0.961207240098514,0.923440453742329,0.118759699326089,1.0605649837909,-0.0605649837908984,0.038792759901486,0.175094637709328,0.382753713218488,0.0395470469166349,0.0552823823295867,0,0,0,0,0,1,0,1,0,0.0626666666666424,0.820081931141804,1.10522233430018,-2.73756923611179,-1.384910338176,0.0402672181279578,0.0402672181279578,0.0402672181279578,0.0368586270420019,0.0368586270420019,0.0550896065278078,0.0550896065278078,0.0550896065278078,-0.0574260848023947,-0.0574260848023947,0,0,0,0.95,0.95,0,0,0,0.95,0.95,-0.0479170464027959,0.0479170464027959,0.0660323000747563,-0.0660323000747563,-0.0181152536719604,0.0181152536719604,0.95,-0.921289191153589,-0.10805668284241
hpt_v2_topology2_paper,topology2,fault,deep_lvrt,lvrt_200ms_0.650pu,0.148,fault,rule_action,0,NaN,0.65,0.65,0.65,1,1,186.777360394566,850.066554851025,0.931049838282881,0.933092047275396,0.0849583057234945,1.06258319356378,-0.0625831935637815,0.0689501617171185,0.105789265662339,0.427776595477697,0.116442948396046,0.0250664598217807,0,0,0,0,0,1,0,1,0,0.0793333333333026,0.820081931141804,1.10522233430018,-5,-0.480813637113275,0.117103115645587,0.117103115645587,0.117103115645587,0.115519847577256,0.115519847577256,0.0244447720991213,0.0244447720991213,0.0244447720991213,-0.031078149761675,-0.031078149761675,0,0,0,0.95,0.95,0,0,0,0.95,0.95,-0.100791713127556,0.100791713127556,-0.00540546829747099,0.00540546829747099,0.106197181425027,-0.106197181425027,0.95,-0.364668786093973,-0.728513251005828
hpt_v2_topology2_paper,topology2,fault,deep_lvrt,lvrt_200ms_0.650pu,0.15,fault,rule_action,0,NaN,0.65,0.65,0.65,1,1,213.668074187729,841.906940782205,0.943803647196915,0.898402398746562,0.0678655054234768,1.05238367597776,-0.0523836759777558,0.0561963528030849,0.127342022317334,0.4890654203423,0.146445017523847,-0.0250888964831355,0,0,1,0,0,1,0,1,0,0.0959999999999628,0.820081931141804,1.10522233430018,-0.405340797845155,1.87811664862236,0.146297315655593,0.146297315655593,0.146297315655593,0.147481075075459,0.147481075075459,-0.0253797194884893,-0.0253797194884893,-0.0253797194884893,0.0172153194548787,0.0172153194548787,0,0,0,0.95,0.95,0,0,0,0.95,0.95,0.00237908015981749,-0.00237908015981749,-0.12976259725055,0.12976259725055,0.127383517090732,-0.127383517090732,0.710716123193909,0.366066626314972,-0.95
hpt_v2_topology2_paper,topology2,fault,deep_lvrt,lvrt_200ms_0.650pu,0.152,fault,rule_action,0,NaN,0.65,0.65,0.65,1,1,218.80921644051,850.897973355938,0.981383916653764,0.942055581849272,0.139123285291962,1.06362246669492,-0.0636224666949223,0.0186160833462359,0.225285752091356,0.462983495411038,0.0974592126427755,-0.0224994964929278,0,0,0,0,0,1,0,1,0,0.112666666666623,0.820081931141804,1.10522233430018,-3.99727534911742,-1.94004830645467,0.0967622412369166,0.0967622412369166,0.0967622412369166,0.0978044060368258,0.0978044060368258,-0.0219714578329985,-0.0219714578329985,-0.0219714578329985,0.0167324370096579,0.0167324370096579,0,0,0,0.95,0.95,0,0,0,0.95,0.95,0.064261406255974,-0.064261406255974,-0.0976067366507757,0.0976067366507757,0.0333453303948016,-0.0333453303948016,0.0705258355838686,0.930956513629344,-0.95
hpt_v2_topology2_paper,topology2,fault,deep_lvrt,lvrt_200ms_0.650pu,0.154,fault,rule_action,0,NaN,0.65,0.65,0.65,1,1,204.243641419586,851.047581984466,0.995338182429496,0.928933106475162,0.0472001796022982,1.06380947748058,-0.0638094774805829,0.00466181757050388,0.220493895141262,0.396891163180674,0.0392284734990273,0.0234558441321036,0,0,0,0,0,1,0,1,0,0.129333333333283,0.820081931141804,1.10522233430018,0.189312144260434,-1.36624200162005,0.0388614128171211,0.0388614128171211,0.0388614128171211,0.0376055946712592,0.0376055946712592,0.0240084583865703,0.0240084583865703,0.0240084583865703,-0.0259313464683836,-0.0259313464683836,0,0,0,0.95,0.95,0,0,0,0.95,0.95,0.0239208532712121,-0.0239208532712121,-0.0456621505420273,0.0456621505420273,0.0217412972708152,-0.0217412972708152,-0.579813338883393,0.95,-0.578882975263294
hpt_v2_topology2_paper,topology2,fault,deep_lvrt,lvrt_200ms_0.650pu,0.156,fault,rule_action,0,NaN,0.65,0.65,0.65,1,1,183.994787425574,851.093917389331,0.970665314843971,0.933916858528,0.0844734238122665,1.06386739673666,-0.0638673967366632,0.0293346851560292,0.14164121068935,0.373069117595745,0.041612396753135,0.0488427519680316,0,0,0,0,0,1,0,1,0,0.145999999999943,0.820081931141804,1.10522233430018,-1.46735990413971,2.49998804845575,0.0420031449432761,0.0420031449432761,0.0420031449432761,0.0397257079374816,0.0397257079374816,0.0488096269635871,0.0488096269635871,0.0488096269635871,-0.0506804893259359,-0.0506804893259359,0,0,0,0.95,0.95,0,0,0,0.95,0.95,0.0488374817837093,-0.0488374817837093,-0.0607664805995337,0.0607664805995337,0.0119289988158245,-0.0119289988158245,-0.95,0.919423557199468,0.0737075928745632
hpt_v2_topology2_paper,topology2,fault,deep_lvrt,lvrt_200ms_0.650pu,0.158,fault,rule_action,0,NaN,0.65,0.65,0.65,1,1,185.334467961716,846.956006612837,0.938524387370662,0.927821807855743,0.0740582247674559,1.05869500826605,-0.0586950082660456,0.0614756126293381,0.106437559321313,0.425842983593108,0.0998894435428947,0.026185410137149,0,0,0,0,0,1,0,1,0,0.162666666666604,0.820081931141804,1.10522233430018,-5,-0.027751151626676,0.100531870354971,0.100531870354971,0.100531870354971,0.099339993910108,0.099339993910108,0.0255837354359922,0.0255837354359922,0.0255837354359922,-0.0298789237735765,-0.0298789237735765,0,0,0,0.95,0.95,0,0,0,0.95,0.95,0.089560852447679,-0.089560852447679,0.000551997476856421,-0.000551997476856421,-0.0901128499245354,0.0901128499245354,-0.95,0.34356723900587,0.72475666699506
hpt_v2_topology2_paper,topology2,fault,deep_lvrt,lvrt_200ms_0.650pu,0.16,fault,rule_action,0,NaN,0.65,0.65,0.65,1,1,212.852618387847,843.392112844847,0.946796621830581,0.900143721248776,0.0596680366602356,1.05424014105606,-0.0542401410560593,0.053203378169419,0.110615530588741,0.469564495760426,0.135080611250686,-0.0251628383542608,0,0,1,0,0,1,0,1,0,0.179333333333264,0.820081931141804,1.10522233430018,-5,-0.693036876583397,0.13498937218194,0.13498937218194,0.13498937218194,0.135947204428435,0.135947204428435,-0.0254613276353604,-0.0254613276353604,-0.0254613276353604,0.0197171857810119,0.0197171857810119,0,0,0,0.95,0.95,0,0,0,0.95,0.95,-0.00488145421842512,0.00488145421842512,0.121331163683427,-0.121331163683427,-0.116449709465001,0.116449709465001,-0.727232827406894,-0.37001422807769,0.95
hpt_v2_topology2_paper,topology2,fault,deep_lvrt,lvrt_200ms_0.650pu,0.162,fault,rule_action,0,NaN,0.65,0.65,0.65,1,1,219.397703231953,855.02893154299,0.983310156461855,0.948306538387461,0.105393614670911,1.06878616442874,-0.0687861644287371,0.0166898435381453,0.182102219922386,0.475670964515767,0.0903246369240973,-0.0147971746875822,0,0,0,0,0,1,0,1,0,0.195999999999924,0.820081931141804,1.10522233430018,0.942784993252732,2.42803636487343,0.0896618561007069,0.0896618561007069,0.0896618561007069,0.0901771698510141,0.0901771698510141,-0.0143440566185943,-0.0143440566185943,-0.0143440566185943,0.0106338345559199,0.0106338345559199,0,0,0,0.95,0.95,0,0,0,0.95,0.95,-0.0545224666100679,0.0545224666100679,0.0901438682358438,-0.0901438682358438,-0.0356214016257759,0.0356214016257759,-0.084267776340824,-0.906031126391272,0.95
hpt_v2_topology2_paper,topology2,fault,deep_lvrt,lvrt_200ms_0.650pu,0.164,fault,rule_action,0,NaN,0.65,0.65,0.65,1,1,199.813976301886,851.664660023847,0.99368763413779,0.907777510592581,0.0577970284880124,1.06458082502981,-0.0645808250298081,0.00631236586221007,0.22342740204147,0.420536293550545,0.0359215770761684,0.0283442925259556,0,0,1,0,0,1,0,1,0,0.212666666666584,0.820081931141804,1.10522233430018,-0.0620384498625226,0.0281740599723523,0.0356521234502489,0.0356521234502489,0.0356521234502489,0.0345234701033226,0.0345234701033226,0.0288172666059718,0.0288172666059718,0.0288172666059718,-0.0301602183874128,-0.0301602183874128,0,0,0,0.95,0.95,0,0,0,0.95,0.95,-0.0190448317121972,0.0190448317121972,0.0456347732930502,-0.0456347732930502,-0.0265899415808529,0.0265899415808529,0.585654916838654,-0.95,0.545506368076438
hpt_v2_topology2_paper,topology2,fault,deep_lvrt,lvrt_200ms_0.650pu,0.166,fault,rule_action,0,NaN,0.65,0.65,0.65,1,1,182.88640094358,847.181312733324,0.965286023724629,0.890847570604914,0.0906616244001592,1.05897664091665,-0.0589766409166548,0.0347139762753708,0.16631931412237,0.371090970773025,0.0480584303361007,0.0470837388975114,0,0,1,0,0,1,0,1,0,0.229333333333244,0.820081931141804,1.10522233430018,-4.60122137212604,-1.40877111905957,0.048536081683253,0.048536081683253,0.048536081683253,0.0468833968980112,0.0468833968980112,0.0469747897644022,0.0469747897644022,0.0469747897644022,-0.0486243683133956,-0.0486243683133956,0,0,0,0.95,0.95,0,0,0,0.95,0.95,-0.055211056813646,0.055211056813646,0.0613040592066986,-0.0613040592066986,-0.00609300239305272,0.00609300239305272,0.95,-0.915872796450978,-0.117773244123444
hpt_v2_topology2_paper,topology2,fault,deep_lvrt,lvrt_200ms_0.650pu,0.168,fault,rule_action,0,NaN,0.65,0.65,0.65,1,1,188.005965770892,850.13789665378,0.938449494272438,0.924111360360518,0.0954909625308761,1.06267237081722,-0.0626723708172243,0.0615505057275619,0.097339207333765,0.412740692473153,0.106535714761547,0.0242576644925925,0,0,0,0,0,1,0,1,0,0.245999999999905,0.820081931141804,1.10522233430018,-5,-0.524632542893366,0.107092648139189,0.107092648139189,0.107092648139189,0.106262303559884,0.106262303559884,0.0237090141838432,0.0237090141838432,0.0237090141838432,-0.0271896208355496,-0.0271896208355496,0,0,0,0.95,0.95,0,0,0,0.95,0.95,-0.0925447766832676,0.0925447766832676,-0.00471597023910984,0.00471597023910984,0.0972607469223774,-0.0972607469223774,0.95,-0.356365740456177,-0.7350358130857
hpt_v2_topology2_paper,topology2,fault,deep_lvrt,lvrt_200ms_0.650pu,0.17,fault,rule_action,0,NaN,0.65,0.65,0.65,1,1,211.791050463318,845.519252668447,0.949493502068667,0.928679510298027,0.0808178288246196,1.05689906583556,-0.056899065835559,0.0505064979313333,0.117011778121372,0.466289564164368,0.132300128483341,-0.022455638882425,0,0,0,0,0,1,0,1,0,0.262666666666565,0.820081931141804,1.10522233430018,0.72389215054458,1.70355606700201,0.132160380123692,0.132160380123692,0.132160380123692,0.132832112449536,0.132832112449536,-0.0227111884029679,-0.0227111884029679,-0.0227111884029679,0.0183791745001646,0.0183791745001646,0,0,0,0.95,0.95,0,0,0,0.95,0.95,0.00346755971825621,-0.00346755971825621,-0.117826868098849,0.117826868098849,0.114359308380593,-0.114359308380593,0.698532145362881,0.367377541744067,-0.95
hpt_v2_topology2_paper,topology2,fault,deep_lvrt,lvrt_200ms_0.650pu,0.172,fault,rule_action,0,NaN,0.65,0.65,0.65,1,1,217.09172634602,849.340309138916,0.981111808444746,0.900446901174316,0.128457742715088,1.06167538642364,-0.0616753864236446,0.0188881915552545,0.207482368057801,0.455433945751438,0.0901138440426026,-0.0144066602438837,0,0,1,0,0,1,0,1,0,0.279333333333225,0.820081931141804,1.10522233430018,-3.34970891202369,-0.758358936812531,0.0895249376823049,0.0895249376823049,0.0895249376823049,0.0899260517568951,0.0899260517568951,-0.0138751782505645,-0.0138751782505645,-0.0138751782505645,0.0109790825628442,0.0109790825628442,0,0,0,0.95,0.95,0,0,0,0.95,0.95,0.0545871509093659,-0.0545871509093659,-0.0899083380556681,0.0899083380556681,0.0353211871463021,-0.0353211871463021,0.0480694152796571,0.945809779429073,-0.95
hpt_v2_topology2_paper,topology2,fault,deep_lvrt,lvrt_200ms_0.650pu,0.174,fault,rule_action,0,NaN,0.65,0.65,0.65,1,1,201.67981627562,849.202301830797,0.993046127079263,0.903455971851955,0.0602119603314506,1.0615028772885,-0.0615028772884958,0.00695387292073668,0.207900724149778,0.385094133261175,0.039613270053215,0.0290067865452146,0,0,1,0,0,1,0,1,0,0.295999999999885,0.820081931141804,1.10522233430018,-3.33654300782982,-0.0446223770673715,0.039315848304317,0.039315848304317,0.039315848304317,0.0384123857071458,0.0384123857071458,0.0294922830355501,0.0294922830355501,0.0294922830355501,-0.0306597343566855,-0.0306597343566855,0,0,0,0.95,0.95,0,0,0,0.95,0.95,0.022406742234058,-0.022406742234058,-0.0490861038820389,0.0490861038820389,0.0266793616479809,-0.0266793616479809,-0.598099745675993,0.95,-0.56232841294353
hpt_v2_topology2_paper,topology2,fault,deep_lvrt,lvrt_200ms_0.650pu,0.176,fault,rule_action,0,NaN,0.65,0.65,0.65,1,1,184.463355651496,847.961786601043,0.969043089504795,0.918886578200912,0.0902694034522089,1.0599522332513,-0.0599522332513034,0.0309569104952045,0.126798444590071,0.375435845865911,0.0454856562990216,0.0544542879466754,0,0,1,0,0,1,0,1,0,0.312666666666545,0.820081931141804,1.10522233430018,-0.0312788685601362,2.34264832469222,0.0458781050387948,0.0458781050387948,0.0458781050387948,0.0444034855256533,0.0444034855256533,0.0543857409939051,0.0543857409939051,0.0543857409939051,-0.0555962212617001,-0.0555962212617001,0,0,0,0.95,0.95,0,0,0,0.95,0.95,0.0541165974067238,-0.0541165974067238,-0.0670645784965899,0.0670645784965899,0.0129479810898661,-0.0129479810898661,-0.95,0.903093036836382,0.101817747250619
hpt_v2_topology2_paper,topology2,fault,deep_lvrt,lvrt_200ms_0.650pu,0.178,fault,rule_action,0,NaN,0.65,0.65,0.65,1,1,184.873340956745,845.848495194336,0.939051613557666,0.91408498374208,0.0633056189126199,1.05731061899292,-0.0573106189929202,0.0609483864423341,0.103694381598306,0.406595502403828,0.101324457040114,0.026730165411907,0,0,1,0,0,1,0,1,0,0.329333333333206,0.820081931141804,1.10522233430018,-5,-0.0647955401100741,0.101932313619616,0.101932313619616,0.101932313619616,0.101237608589529,0.101237608589529,0.0260801574377763,0.0260801574377763,0.0260801574377763,-0.0286586423073454,-0.0286586423073454,0,0,0,0.95,0.95,0,0,0,0.95,0.95,0.0901116419306356,-0.0901116419306356,0.00198349631601501,-0.00198349631601501,-0.0920951382466506,0.0920951382466506,-0.95,0.330616129134955,0.735110037871099
hpt_v2_topology2_paper,topology2,fault,deep_lvrt,lvrt_200ms_0.650pu,0.18,fault,rule_action,0,NaN,0.65,0.65,0.65,1,1,212.834506301568,844.460102807011,0.94884918137738,0.910995002104383,0.0835390437797393,1.05557512850876,-0.0555751285087633,0.0511508186226202,0.103398468706636,0.451017981433044,0.133086956646528,-0.0222654339731577,0,0,1,0,0,1,0,1,0,0.345999999999866,0.820081931141804,1.10522233430018,-5,-0.690542307004938,0.132958047162762,0.132958047162762,0.132958047162762,0.133499991343375,0.133499991343375,-0.0224904487281104,-0.0224904487281104,-0.0224904487281104,0.0190109153026806,0.0190109153026806,0,0,0,0.95,0.95,0,0,0,0.95,0.95,-0.0044568484794748,0.0044568484794748,0.118945386666878,-0.118945386666878,-0.114488538187403,0.114488538187403,-0.707028150089812,-0.385047353326728,0.95
hpt_v2_topology2_paper,topology2,fault,deep_lvrt,lvrt_200ms_0.650pu,0.182,fault,rule_action,0,NaN,0.65,0.65,0.65,1,1,221.328341388272,852.986034318456,0.984571258256936,0.931147501488609,0.100932200979036,1.06623254289807,-0.0662325428980699,0.0154287417430639,0.162631742860388,0.464794248986645,0.0879245001329908,-0.00808005934542521,0,0,0,0,0,1,0,1,0,0.362666666666526,0.820081931141804,1.10522233430018,-0.38162042425649,2.16630284646047,0.0872547904215043,0.0872547904215043,0.0872547904215043,0.0874219635034275,0.0874219635034275,-0.00755300050717244,-0.00755300050717244,-0.00755300050717244,0.00527698449565438,0.00527698449565438,0,0,0,0.95,0.95,0,0,0,0.95,0.95,-0.048619259214927,0.048619259214927,0.0873965571453084,-0.0873965571453084,-0.0387772979303815,0.0387772979303815,-0.0613293445037887,-0.915893436288754,0.95
hpt_v2_topology2_paper,topology2,fault,deep_lvrt,lvrt_200ms_0.650pu,0.184,fault,rule_action,0,NaN,0.65,0.65,0.65,1,1,199.581709792692,850.186863201287,0.996029760114825,0.929982485490164,0.0494969698716779,1.06273357900161,-0.0627335790016088,0.0039702398851752,0.20595999499566,0.413165936678789,0.0312538090146237,0.0364032639722485,0,0,0,0,0,1,0,1,0,0.379333333333186,0.820081931141804,1.10522233430018,-1.25534364171898,-0.19174187657689,0.0309730593385262,0.0309730593385262,0.0309730593385262,0.0300791198596783,0.0300791198596783,0.0368943581569203,0.0368943581569203,0.0368943581569203,-0.0376267274296621,-0.0376267274296621,0,0,0,0.95,0.95,0,0,0,0.95,0.95,-0.0120207575436632,0.0120207575436632,0.0464086348295698,-0.0464086348295698,-0.0343878772859066,0.0343878772859066,0.60130726922179,-0.95,0.521889660004506
hpt_v2_topology2_paper,topology2,fault,deep_lvrt,lvrt_200ms_0.650pu,0.186,fault,rule_action,0,NaN,0.65,0.65,0.65,1,1,182.801786054233,846.576441295215,0.967294675567372,0.909819717224133,0.0853099746677735,1.05822055161902,-0.0582205516190186,0.0327053244326275,0.144117205243552,0.370443556620304,0.0432518844611511,0.0601684269113464,0,0,1,0,0,1,0,1,0,0.395999999999846,0.820081931141804,1.10522233430018,-2.32793764614836,-1.61694743075191,0.0437307525979161,0.0437307525979161,0.0437307525979161,0.042464171424843,0.042464171424843,0.0599670595948645,0.0599670595948645,0.0599670595948645,-0.0608705273875274,-0.0608705273875274,0,0,0,0.95,0.95,0,0,0,0.95,0.95,-0.0532443022238827,0.0532443022238827,0.0714005323906847,-0.0714005323906847,-0.0181562301668021,0.0181562301668021,0.95,-0.890959498257054,-0.142074763033366
hpt_v2_topology2_paper,topology2,fault,deep_lvrt,lvrt_200ms_0.650pu,0.188,fault,rule_action,0,NaN,0.65,0.65,0.65,1,1,188.133437906038,850.759866714379,0.938834049238743,0.91890988649524,0.089240017988407,1.06344983339297,-0.0634498333929738,0.0611659507612569,0.0883845516081157,0.407804273677522,0.103527763977982,0.0306512714441301,0,0,1,0,0,1,0,1,0,0.412666666666507,0.820081931141804,1.10522233430018,-5,-0.555915844167032,0.104113899009085,0.104113899009085,0.104113899009085,0.103499132951273,0.103499132951273,0.0300135992330572,0.0300135992330572,0.0300135992330572,-0.0320694493892774,-0.0320694493892774,0,0,0,0.95,0.95,0,0,0,0.95,0.95,-0.0941186970026206,0.0941186970026206,0.000565873311299585,-0.000565873311299585,0.093552823691321,-0.093552823691321,0.95,-0.330859834198178,-0.752817537602827
hpt_v2_topology2_paper,topology2,fault,deep_lvrt,lvrt_200ms_0.650pu,0.19,fault,rule_action,0,NaN,0.65,0.65,0.65,1,1,211.400693903859,842.569728342705,0.949825413943279,0.932013867663441,0.0583037853855125,1.05321216042838,-0.0532121604283815,0.0501745860567214,0.113149333900266,0.471953316044297,0.130892432522022,-0.0163797959775134,0,0,0,0,0,1,0,1,0,0.429333333333167,0.820081931141804,1.10522233430018,0.698122053945593,1.61256305488022,0.13076223203548,0.13076223203548,0.13076223203548,0.131078529763718,0.131078529763718,-0.0166204125568437,-0.0166204125568437,-0.0166204125568437,0.0139074970948299,0.0139074970948299,0,0,0,0.95,0.95,0,0,0,0.95,0.95,-0.000377992052889183,0.000377992052889183,-0.113965033345502,0.113965033345502,0.114343025398392,-0.114343025398392,0.68315216001139,0.390873161404288,-0.95
hpt_v2_topology2_paper,topology2,fault,deep_lvrt,lvrt_200ms_0.650pu,0.192,fault,rule_action,0,NaN,0.65,0.65,0.65,1,1,215.681119986083,849.717909159205,0.979806778955262,0.904872923285276,0.12301236439004,1.06214738644901,-0.0621473864490059,0.0201932210447376,0.205332113662105,0.454422095407474,0.0910301929921202,0.000269828191647712,0,0,1,0,0,1,0,1,0,0.445999999999827,0.820081931141804,1.10522233430018,-3.19091643167946,-2.17868430906787,0.0904722312811029,0.0904722312811029,0.0904722312811029,0.09043861926316,0.09043861926316,0.00068073472517268,0.00068073472517268,0.00068073472517268,-0.002558159205489,-0.002558159205489,0,0,0,0.95,0.95,0,0,0,0.95,0.95,0.0432577805706585,-0.0432577805706585,-0.0904463251375246,0.0904463251375246,0.0471885445668661,-0.0471885445668661,0.0291534762555565,0.95,-0.95
hpt_v2_topology2_paper,topology2,fault,deep_lvrt,lvrt_200ms_0.650pu,0.194,fault,rule_action,0,NaN,0.65,0.65,0.65,1,1,202.168328652199,848.863894715261,0.992542197779054,0.898512682147087,0.0796374812503862,1.06107986839408,-0.0610798683940756,0.0074578022209465,0.202617626478805,0.385153430128769,0.0412899384612827,0.0410620693819286,0,0,1,0,0,1,0,1,0,0.462666666666487,0.820081931141804,1.10522233430018,-2.10668429094307,-0.0678153701154649,0.0409876920395569,0.0409876920395569,0.0409876920395569,0.0401948588093491,0.0401948588093491,0.0414669677130635,0.0414669677130635,0.0414669677130635,-0.0422359282524049,-0.0422359282524049,0,0,0,0.95,0.95,0,0,0,0.95,0.95,0.0192896362185621,-0.0192896362185621,-0.0572951872941153,0.0572951872941153,0.0380055510755533,-0.0380055510755533,-0.615102652789058,0.95,-0.539554470526796
hpt_v2_topology2_paper,topology2,fault,deep_lvrt,lvrt_200ms_0.650pu,0.196,fault,rule_action,0,NaN,0.65,0.65,0.65,1,1,184.089500487019,848.677587082031,0.968029925356454,0.910579757516607,0.102213968915988,1.06084698385254,-0.0608469838525389,0.0319700746435458,0.123532194844507,0.37732518290056,0.0473025988232466,0.0680645722138775,0,0,1,0,0,1,0,1,0,0.479333333333148,0.820081931141804,1.10522233430018,-1.67699475836192,2.29403890299951,0.0477046511070439,0.0477046511070439,0.0477046511070439,0.0466088477241042,0.0466088477241042,0.0679752209658443,0.0679752209658443,0.0679752209658443,-0.0687312135527332,-0.0687312135527332,0,0,0,0.95,0.95,0,0,0,0.95,0.95,0.0586785915142853,-0.0586785915142853,-0.0802302622971371,0.0802302622971371,0.0215516707828518,-0.0215516707828518,-0.95,0.893793538797904,0.118013718321788
hpt_v2_topology2_paper,topology2,fault,deep_lvrt,lvrt_200ms_0.650pu,0.198,fault,rule_action,0,NaN,0.65,0.65,0.65,1,1,184.54859684807,845.38215771296,0.93792655761614,0.935147155106496,0.0801714069854527,1.0567276971412,-0.0567276971412001,0.0620734423838603,0.102517121592612,0.412332735737569,0.103995965737734,0.0343653957995077,0,0,0,0,0,1,0,1,0,0.495999999999808,0.820081931141804,1.10522233430018,-5,-0.122902277549519,0.104605617075461,0.104605617075461,0.104605617075461,0.104085381946024,0.104085381946024,0.0337903117876651,0.0337903117876651,0.0337903117876651,-0.03536033879357,-0.03536033879357,0,0,0,0.95,0.95,0,0,0,0.95,0.95,0.0970502058507856,-0.0970502058507856,-0.00381455183200601,0.00381455183200601,-0.0932356540187795,0.0932356540187795,-0.95,0.315399056124335,0.746265304569851
hpt_v2_topology2_paper,topology2,fault,deep_lvrt,lvrt_200ms_0.650pu,0.2,fault,rule_action,0,NaN,0.65,0.65,0.65,1,1,213.066157160612,843.955677294382,0.948359525644472,0.89008628185991,0.084864569926515,1.05494459661798,-0.054944596617978,0.0516404743555275,0.109935716530127,0.451127829976502,0.135047765632677,-0.0168958789180738,0,0,1,0,0,1,0,1,0,0.512666666666468,0.820081931141804,1.10522233430018,-5,-0.680778422760264,0.134909797381314,0.134909797381314,0.134909797381314,0.135170962564872,0.135170962564872,-0.0171244261457804,-0.0171244261457804,-0.0171244261457804,0.0149234808129809,0.0149234808129809,0,0,0,0.95,0.95,0,0,0,0.95,0.95,7.42049988829152e-06,-7.42049988829152e-06,0.117769056164534,-0.117769056164534,-0.117776476664422,0.117776476664422,-0.704013820877916,-0.397989116225716,0.95
hpt_v2_topology2_paper,topology2,fault,deep_lvrt,lvrt_200ms_0.650pu,0.202,fault,rule_action,0,NaN,0.65,0.65,0.65,1,1,220.839929840522,852.653591176701,0.986341210342113,0.934400081484226,0.114583484378266,1.06581698897088,-0.065816988970876,0.0136587896578875,0.16456694148878,0.458163392334344,0.0865497584499619,-0.00217409312640164,0,0,0,0,0,1,0,1,0,0.529333333333128,0.820081931141804,1.10522233430018,-2.0801681560968,3.49786312620148,0.0858431528036734,0.0858431528036734,0.0858431528036734,0.0858593070084959,0.0858593070084959,-0.00168334430821894,-0.00168334430821894,-0.00168334430821894,0.000244808814530387,0.000244808814530387,0,0,0,0.95,0.95,0,0,0,0.95,0.95,-0.0433983456555343,0.0433983456555343,0.0858579453711474,-0.0858579453711474,-0.042459599715613,0.042459599715613,-0.0537708119620256,-0.919540228214086,0.95
hpt_v2_topology2_paper,topology2,fault,deep_lvrt,lvrt_200ms_0.650pu,0.204,fault,rule_action,0,NaN,0.65,0.65,0.65,1,1,198.406913573435,851.473447646719,0.99702158622507,0.921909127104477,0.054839459104202,1.0643418095584,-0.0643418095583994,0.00297841377493002,0.211602938705232,0.397239424071344,0.0283635799322049,0.0424507690936834,0,0,0,0,0,1,0,1,0,0.545999999999788,0.820081931141804,1.10522233430018,-1.23937522531503,0.288281037316374,0.0280910344521517,0.0280910344521517,0.0280910344521517,0.0274400551381744,0.0274400551381744,0.0428883792483365,0.0428883792483365,0.0428883792483365,-0.0433077667994444,-0.0433077667994444,0,0,0,0.95,0.95,0,0,0,0.95,0.95,-0.00721774200762919,0.00721774200762919,0.0475670058435608,-0.0475670058435608,-0.0403492638359316,0.0403492638359316,0.606324498766638,-0.95,0.518701265763211
hpt_v2_topology2_paper,topology2,fault,deep_lvrt,lvrt_200ms_0.650pu,0.206,fault,rule_action,0,NaN,0.65,0.65,0.65,1,1,181.382813985425,847.249842916281,0.967475302998044,0.903680130552541,0.0918815901504245,1.05906230364535,-0.0590623036453513,0.0325246970019561,0.141170839375886,0.362019277384343,0.0416225140034751,0.0683255075810055,0,0,1,0,0,1,0,1,0,0.562666666666449,0.820081931141804,1.10522233430018,-5,-1.61150998805426,0.0421187308067431,0.0421187308067431,0.0421187308067431,0.0412663154142663,0.0412663154142663,0.0682386449422094,0.0682386449422094,0.0682386449422094,-0.0687574822143023,-0.0687574822143023,0,0,0,0.95,0.95,0,0,0,0.95,0.95,-0.0534623089160555,0.0534623089160555,0.0784922523527116,-0.0784922523527116,-0.025029943436656,0.025029943436656,0.95,-0.883768057271733,-0.151098020936787
hpt_v2_topology2_paper,topology2,fault,deep_lvrt,lvrt_200ms_0.650pu,0.208,fault,rule_action,0,NaN,0.65,0.65,0.65,1,1,187.071052102824,849.758354067541,0.938219736598134,0.926573670332401,0.0946883129895965,1.06219794258443,-0.0621979425844266,0.0617802634018657,0.0802507138309908,0.405347602274981,0.103746177750771,0.0378351096237904,0,0,0,0,0,1,0,1,0,0.579333333333109,0.820081931141804,1.10522233430018,-5,-0.575120046417465,0.104350463351128,0.104350463351128,0.104350463351128,0.103910623845238,0.103910623845238,0.037301088368616,0.037301088368616,0.037301088368616,-0.0385093838846045,-0.0385093838846045,0,0,0,0.95,0.95,0,0,0,0.95,0.95,-0.0992175612968606,0.0992175612968606,0.00686302712791579,-0.00686302712791579,0.0923545341689448,-0.0923545341689448,0.95,-0.321637535417018,-0.755808789223126
hpt_v2_topology2_paper,topology2,fault,deep_lvrt,lvrt_200ms_0.650pu,0.21,fault,rule_action,0,NaN,0.65,0.65,0.65,1,1,212.045686911161,835.15638613344,0.948981273829043,0.941210349880398,0.0868561779389714,1.0439454826668,-0.0439454826667995,0.0510187261709568,0.104104240903474,0.476534170203378,0.133045325908775,-0.00856906308764446,0,0,0,0,0,1,0,1,0,0.595999999999769,0.820081931141804,1.10522233430018,-0.639975250645408,1.51265019969671,0.132914841997124,0.132914841997124,0.132914841997124,0.133015531382053,0.133015531382053,-0.0087109120610136,-0.0087109120610136,-0.0087109120610136,0.0070073977484643,0.0070073977484643,0,0,0,0.95,0.95,0,0,0,0.95,0.95,-0.00783870017824419,0.00783870017824419,-0.111235295903465,0.111235295903465,0.119073996081709,-0.119073996081709,0.678541135029401,0.400042051978128,-0.95
hpt_v2_topology2_paper,topology2,fault,deep_lvrt,lvrt_200ms_0.650pu,0.212,fault,rule_action,0,NaN,0.65,0.65,0.65,1,1,216.591568054702,848.439915600193,0.980461402280235,0.925927807616104,0.121517288069157,1.06054989450024,-0.0605498945002414,0.0195385977197648,0.195434036678631,0.461699204622233,0.0915242542196472,0.00611838549844194,0,0,0,0,0,1,0,1,0,0.612666666666429,0.820081931141804,1.10522233430018,-4.68280605897586,-2.30986753788942,0.0909401666384704,0.0909401666384704,0.0909401666384704,0.0908486364341697,0.0908486364341697,0.00634508922466928,0.00634508922466928,0.00634508922466928,-0.00754316402803459,-0.00754316402803459,0,0,0,0.95,0.95,0,0,0,0.95,0.95,0.0389005808964429,-0.0389005808964429,-0.0908494441796615,0.0908494441796615,0.0519488632832186,-0.0519488632832186,0.0220115295870584,0.95,-0.95
hpt_v2_topology2_paper,topology2,fault,deep_lvrt,lvrt_200ms_0.650pu,0.214,fault,rule_action,0,NaN,0.65,0.65,0.65,1,1,204.515295137112,849.265236659105,0.995011749739783,0.909801393430757,0.0751916994786451,1.06158154582388,-0.0615815458238815,0.00498825026021732,0.194381170316124,0.389391015520234,0.0388507981118981,0.0540750310521435,0,0,1,0,0,1,0,1,0,0.629333333333089,0.820081931141804,1.10522233430018,-2.07043575253407,-0.992681212529156,0.0385034521781936,0.0385034521781936,0.0385034521781936,0.0378821261471275,0.0378821261471275,0.0545923595446213,0.0545923595446213,0.0545923595446213,-0.0550253220695778,-0.0550253220695778,0,0,0,0.95,0.95,0,0,0,0.95,0.95,0.0115319350539205,-0.0115319350539205,-0.0627518606773694,0.0627518606773694,0.051219925623449,-0.051219925623449,-0.615947296842254,0.95,-0.536198405307836
hpt_v2_topology2_paper,topology2,fault,deep_lvrt,lvrt_200ms_0.650pu,0.216,fault,rule_action,0,NaN,0.65,0.65,0.65,1,1,183.124315501272,847.97128822487,0.96991515976265,0.924909618939499,0.11404148642128,1.05996411028109,-0.0599641102810877,0.0300848402373501,0.117971089235497,0.384537896111687,0.0422109815266421,0.0804441064775571,0,0,0,0,0,1,0,1,0,0.64599999999975,0.820081931141804,1.10522233430018,-1.71476361604783,2.2708247606944,0.0426219877012392,0.0426219877012392,0.0426219877012392,0.0419441402724163,0.0419441402724163,0.080355169239586,0.080355169239586,0.080355169239586,-0.0807110658827832,-0.0807110658827832,0,0,0,0.95,0.95,0,0,0,0.95,0.95,0.0557368742064461,-0.0557368742064461,-0.0901198702964952,0.0901198702964952,0.0343829960900492,-0.0343829960900492,-0.95,0.890160611298555,0.122142152172907
hpt_v2_topology2_paper,topology2,fault,deep_lvrt,lvrt_200ms_0.650pu,0.218,fault,rule_action,0,NaN,0.65,0.65,0.65,1,1,183.913841333559,845.02018083662,0.937470623747008,0.926953164808876,0.0722556276368313,1.05627522604578,-0.0562752260457753,0.0625293762529917,0.0948481880388066,0.414205453339489,0.10184863482681,0.0393919693395915,0,0,0,0,0,1,0,1,0,0.66266666666641,0.820081931141804,1.10522233430018,-5,-0.190406860419268,0.102502897210739,0.102502897210739,0.102502897210739,0.102201606483685,0.102201606483685,0.0387454935887704,0.0387454935887704,0.0387454935887704,-0.0395333889539793,-0.0395333889539793,0,0,0,0.95,0.95,0,0,0,0.95,0.95,0.0992110873901429,-0.0992110873901429,-0.00930773963984293,0.00930773963984293,-0.0899033477503,0.0899033477503,-0.95,0.311826624088933,0.747996340064678
hpt_v2_topology2_paper,topology2,fault,deep_lvrt,lvrt_200ms_0.650pu,0.22,fault,rule_action,0,NaN,0.65,0.65,0.65,1,1,214.33896274966,843.190900615035,0.947431520310198,0.881898262110946,0.0679762826534746,1.05398862576879,-0.0539886257687936,0.0525684796898022,0.103600017196168,0.45321221098619,0.241531710104652,-0.0781581371897996,0,0,1,0,0,1,1,0,1,0,0.881898262110946,0.949051791899012,-5,-0.692811467343457,0.242719125389787,0.242719125389787,0.242719125389787,0.243453467519567,0.243453467519567,-0.0795948451965329,-0.0795948451965329,-0.0795948451965329,0.0773196117718037,0.0773196117718037,0,0,0,0.95,0.95,0,0,0,0.95,0.95,-0.0481547053940307,0.0481547053940307,0.241325547557624,-0.241325547557624,-0.193170842163593,0.193170842163593,-0.699894109234944,-0.403786954811888,0.95
hpt_v2_topology2_paper,topology2,fault,deep_lvrt,lvrt_200ms_0.650pu,0.222,fault,rule_action,0,NaN,0.65,0.65,0.65,1,1,230.775472389782,853.296566454527,0.996820249716097,0.941440062872638,0.137865517825406,1.06662070806816,-0.0666207080681589,0.00317975028390305,0.158457820195202,0.43980874630427,0.172468102369014,-0.130129683505456,0,0,0,0,0,1,1,0,1,0,0.85724193397939,0.976985243046638,-1.09714818609752,1.97529809163433,0.170446418377937,0.170446418377937,0.170446418377937,0.171878634441406,0.171878634441406,-0.129880102224968,-0.129880102224968,-0.129880102224968,0.127978738524774,0.127978738524774,0,0,0,0.95,0.95,0,0,0,0.95,0.95,-0.197056147649374,0.197056147649374,0.171447706805574,-0.171447706805574,0.0256084408437992,-0.0256084408437992,-0.0426851791885062,-0.92018570742758,0.95
hpt_v2_topology2_paper,topology2,fault,deep_lvrt,lvrt_200ms_0.650pu,0.224,fault,rule_action,0,NaN,0.65,0.65,0.65,1,1,197.723554826776,850.017182092098,1.0125137284558,0.922022428160797,0.0693491201216217,1.06252147761512,-0.0625214776151224,-0.0125137284558012,0.211395400063676,0.365923211003214,-0.0104128204164968,-0.0247063813873188,0,0,0,0,0,1,1,0,1,0,0.85724193397939,0.988713241724456,-4.03124698621704,-0.188833949109846,-0.011308586474558,-0.011308586474558,-0.011308586474558,0.00281480042769251,0.00281480042769251,-0.0232722294408508,-0.0232722294408508,-0.0232722294408508,0.0257207637863346,0.0257207637863346,0,0,0,0.95,0.95,0,0,0,0.95,0.95,0.000760131198137346,-0.000760131198137346,-0.0227782182867644,0.0227782182867644,0.0220180870886271,-0.0220180870886271,0.616420223718081,-0.95,0.510317379097419
hpt_v2_topology2_paper,topology2,fault,deep_lvrt,lvrt_200ms_0.650pu,0.226,fault,rule_action,0,NaN,0.65,0.65,0.65,1,1,180.2972270927,846.771791547049,0.975616818181608,0.916667699370646,0.0572493249253384,1.05846473943381,-0.0584647394338111,0.0243831818183919,0.132230918282926,0.331552547535836,0.0353885463792649,0.0780714720591201,0,0,1,0,0,1,1,0,1,0,0.85724193397939,0.988713241724456,-4.80695679747367,-1.54618955262653,0.0369677003977967,0.0369677003977967,0.0369677003977967,0.0361850708113161,0.0361850708113161,0.0785885234793541,0.0785885234793541,0.0785885234793541,-0.0789519318683608,-0.0789519318683608,0,0,0,0.95,0.95,0,0,0,0.95,0.95,-0.0517225944559754,0.0517225944559754,0.0862819484044001,-0.0862819484044001,-0.0345593539484248,0.0345593539484248,0.95,-0.87239017231945,-0.159705111620186
hpt_v2_topology2_paper,topology2,fault,deep_lvrt,lvrt_200ms_0.650pu,0.228,fault,rule_action,0,NaN,0.65,0.65,0.65,1,1,196.055865432853,835.876735446231,0.948744613982113,0.931608848447591,0.127442607150305,1.04484591930779,-0.0448459193077893,0.0512553860178873,0.0466318998383703,0.383523801546548,0.215670294407981,0.0307156324698536,0,0,0,0,0,1,1,0,1,0,0.85724193397939,0.988713241724456,-5,0.677035026156458,0.217093314330492,0.217093314330492,0.217093314330492,0.216799638065753,0.216799638065753,0.0294817546956996,0.0294817546956996,0.0294817546956996,-0.0315689391886046,-0.0315689391886046,0,0,0,0.95,0.95,0,0,0,0.95,0.95,-0.168630715118905,0.168630715118905,-0.0368117334609558,0.0368117334609558,0.205442448579861,-0.205442448579861,0.95,-0.302476438787211,-0.772625760289338
hpt_v2_topology2_paper,topology2,fault,deep_lvrt,lvrt_200ms_0.650pu,0.23,fault,rule_action,0,NaN,0.65,0.65,0.65,1,1,225.311298383696,791.698962609502,0.974150937002957,0.964747996353246,0.0751080409298767,0.989623703261878,0.0103762967381223,0.0258490629970435,0.0725436950592269,0.458093915358456,0.241223187767409,-0.109466474503024,0,0,0,0,0,1,1,0,1,0,0.85724193397939,0.988713241724456,0.75058477691492,1.09691605401241,0.240181253413887,0.240181253413887,0.240181253413887,0.24142691736776,0.24142691736776,-0.110201541880076,-0.110201541880076,-0.110201541880076,0.107445138998993,0.107445138998993,0,0,0,0.95,0.95,0,0,0,0.95,0.95,0.0857244926246062,-0.0857244926246062,-0.259338675205496,0.259338675205496,0.173614182580889,-0.173614182580889,0.681775520733515,0.44119199508055,-0.95
hpt_v2_topology2_paper,topology2,fault,deep_lvrt,lvrt_200ms_0.650pu,0.232,fault,rule_action,0,NaN,0.65,0.65,0.65,1,1,223.018664761261,841.199083207779,1.00998962614285,0.938903494888413,0.131750151626711,1.05149885400972,-0.0514988540097232,-0.00998962614285048,0.182826054688667,0.419418252735796,0.0760677966894198,-0.116208817803506,0,0,0,0,0,1,1,0,1,0,0.85724193397939,0.988713241724456,-2.1353287032132,-0.546083005364073,0.0742309221856667,0.0742309221856667,0.0742309221856667,0.124279452258665,0.124279452258665,-0.115224388670899,-0.115224388670899,-0.115224388670899,0.0578057721979648,0.0578057721979648,0,0,0,0.95,0.95,0,0,0,0.95,0.95,0.137003115808029,-0.137003115808029,-0.0720760311528223,0.0720760311528223,-0.0649270846552069,0.0649270846552069,0.000436659955980365,0.95,-0.95
hpt_v2_topology2_paper,topology2,fault,deep_lvrt,lvrt_200ms_0.650pu,0.234,fault,rule_action,0,NaN,0.65,0.65,0.65,1,1,198.647981767979,849.611328186323,1.01154260112533,0.958001615114104,0.0335798828407438,1.0620141602329,-0.0620141602329036,-0.0115426011253317,0.182700844604158,0.34754263660832,-0.046937633850447,0.0178467538625505,0,0,0,0,0,1,1,0,1,0,0.85724193397939,0.988713241724456,0.290209266257668,-0.921492969794046,-0.0472644432335701,-0.0472644432335701,-0.0472644432335701,-0.0504252799696392,-0.0504252799696392,0.0195878748738033,0.0195878748738033,0.0195878748738033,0.00865468521869251,0.00865468521869251,0,0,0,0.95,0.95,0,0,0,0.95,0.95,-0.0511612988880731,0.0511612988880731,0.0258975867443076,-0.0258975867443076,0.0252637121437654,-0.0252637121437654,-0.631188055896857,0.95,-0.512842620455075
hpt_v2_topology2_paper,topology2,fault,deep_lvrt,lvrt_200ms_0.650pu,0.236,fault,rule_action,0,NaN,0.65,0.65,0.65,1,1,180.405217754374,847.511384270973,0.972292644962003,0.951150563272114,0.105249290327674,1.05938923033872,-0.0593892303387158,0.0277073550379966,0.0964795214479294,0.323896816179177,0.0404343635743044,0.131669936195353,0,0,0,0,0,1,1,0,1,0,0.85724193397939,0.988713241724456,1.68342620810591,1.77653116759968,0.0422250048024558,0.0422250048024558,0.0422250048024558,0.0408147082053527,0.0408147082053527,0.131828463156008,0.131828463156008,0.131828463156008,-0.132271895437974,-0.132271895437974,0,0,0,0.95,0.95,0,0,0,0.95,0.95,0.0695140717728695,-0.0695140717728695,-0.138425335841865,0.138425335841865,0.0689112640689958,-0.0689112640689958,-0.95,0.871619018104413,0.135996592450388
hpt_v2_topology2_paper,topology2,fault,deep_lvrt,lvrt_200ms_0.650pu,0.238,fault,rule_action,0,NaN,0.65,0.65,0.65,1,1,196.283941656769,820.737270586038,0.946063324591073,0.903865090996685,0.0988962863252327,1.02592158823255,-0.0259215882325474,0.0539366754089272,0.0424104655269326,0.39322872841591,0.225783056679568,0.0792646044341438,0,0,1,0,0,1,1,0,1,0,0.85724193397939,0.988713241724456,-5,-0.749647203520887,0.227296262522314,0.227296262522314,0.227296262522314,0.226541093337217,0.226541093337217,0.07807968442761,0.07807968442761,0.07807968442761,-0.0802443836446266,-0.0802443836446266,0,0,0,0.95,0.95,0,0,0,0.95,0.95,0.209807801437361,-0.209807801437361,-0.00338771531107472,0.00338771531107472,-0.206420086126286,0.206420086126286,-0.95,0.274565641680575,0.791806551693243
hpt_v2_topology2_paper,topology2,fault,deep_lvrt,lvrt_200ms_0.650pu,0.24,fault,rule_action,0,NaN,0.65,0.65,0.65,1,1,225.586770962638,777.753023323132,0.971972383229503,0.891731540026745,0.0432427529870476,0.972191279153915,0.0278087208460852,0.0280276167704975,0.0654575918182072,0.44884056238955,0.254060053934688,-0.0575529035109853,0,0,1,0,0,1,1,0,1,0,0.85724193397939,0.988713241724456,-5,-0.765518887388517,0.253029963119086,0.253029963119086,0.253029963119086,0.253639048543364,0.253639048543364,-0.05875616426441,-0.05875616426441,-0.05875616426441,0.0560685484842357,0.0560685484842357,0,0,0,0.95,0.95,0,0,0,0.95,0.95,-0.0355283140377215,0.0355283140377215,0.240610832970202,-0.240610832970202,-0.20508251893248,0.20508251893248,-0.70898908271988,-0.473798585977608,0.95
hpt_v2_topology2_paper,topology2,fault,deep_lvrt,lvrt_200ms_0.650pu,0.242,fault,rule_action,0,NaN,0.65,0.65,0.65,1,1,221.295055675042,807.150150141992,1.01198496164551,0.936058368971873,0.118356706130476,1.00893768767749,-0.00893768767748937,-0.0119849616455094,0.173922718503936,0.438322378174545,0.0759786784969244,-0.0531105179410773,0,0,0,0,0,1,1,0,1,0,0.85724193397939,0.988713241724456,0.362296675384899,3.37690398739521,0.073976943191975,0.073976943191975,0.073976943191975,0.0903977290281512,0.0903977290281512,-0.0521723249670647,-0.0521723249670647,-0.0521723249670647,0.00477390857166774,0.00477390857166774,0,0,0,0.95,0.95,0,0,0,0.95,0.95,-0.0830215447135402,0.0830215447135402,0.0727593250817606,-0.0727593250817606,0.0102622196317796,-0.0102622196317796,-0.0185033737928472,-0.95,0.95
hpt_v2_topology2_paper,topology2,fault,deep_lvrt,lvrt_200ms_0.650pu,0.244,fault,rule_action,0,NaN,0.65,0.65,0.65,1,1,193.72897281353,850.184324714077,1.01094232057448,0.933950935650937,0.0523349239321242,1.0627304058926,-0.0627304058925964,-0.010942320574477,0.215363658331044,0.370886583535361,-0.05389747214465,0.0897244151462701,0,0,0,0,0,1,1,0,1,0,0.85724193397939,0.988713241724456,-0.41413676030444,-0.232984872811759,-0.0540804846303026,-0.0540804846303026,-0.0540804846303026,-0.0943564920157668,-0.0943564920157668,0.091365718178759,0.091365718178759,0.091365718178759,-0.0486748979521001,-0.0486748979521001,0,0,0,0.95,0.95,0,0,0,0.95,0.95,0.0855339433199429,-0.0855339433199429,0.0117055293128333,-0.0117055293128333,-0.0972394726327761,0.0972394726327761,0.633201509941312,-0.95,0.491171962346823
hpt_v2_topology2_paper,topology2,fault,deep_lvrt,lvrt_200ms_0.650pu,0.246,fault,rule_action,0,NaN,0.65,0.65,0.65,1,1,183.16208341486,845.43935559791,0.97045187262751,0.900731021554082,0.0608204267551055,1.05679919449739,-0.0567991944973871,0.02954812737249,0.120406511973394,0.313005841715622,0.0488283882179969,0.174771111038144,0,0,1,0,0,1,1,0,1,0,0.85724193397939,0.988713241724456,-5,-1.09136472173743,0.0506618650933068,0.0506618650933068,0.0506618650933068,0.0494463818263875,0.0494463818263875,0.174947929122568,0.174947929122568,0.174947929122568,-0.175295344499751,-0.175295344499751,0,0,0,0.95,0.95,0,0,0,0.95,0.95,-0.0857656806624434,0.0857656806624434,0.18203469218608,-0.18203469218608,-0.0962690115236362,0.0962690115236362,0.95,-0.872166352145555,-0.161237809152534
hpt_v2_topology2_paper,topology2,fault,deep_lvrt,lvrt_200ms_0.650pu,0.248,fault,rule_action,0,NaN,0.65,0.65,0.65,1,1,198.10334478932,819.853693223248,0.948107717365438,0.931344340829191,0.129528747732629,1.02481711652906,-0.0248171165290596,0.0518922826345616,0.0229478847324908,0.378044407676097,0.229072752641497,0.0892952400686578,0,0,0,0,0,1,1,0,1,0,0.85724193397939,0.988713241724456,-5,0.626538585148273,0.230371951979114,0.230371951979114,0.230371951979114,0.229906999205482,0.229906999205482,0.0879424112374828,0.0879424112374828,0.0879424112374828,-0.0891508590494812,-0.0891508590494812,0,0,0,0.95,0.95,0,0,0,0.95,0.95,-0.220381689799016,0.220381689799016,0.0143902130347062,-0.0143902130347062,0.205991476764309,-0.205991476764309,0.95,-0.309312583797479,-0.782774338496766
hpt_v2_topology2_paper,topology2,fault,deep_lvrt,lvrt_200ms_0.650pu,0.25,fault,rule_action,0,NaN,0.65,0.65,0.65,1,1,222.99464776043,756.107365550518,0.97304657552589,0.944248911769028,0.0587486942845593,0.945134206938147,0.0548657930618528,0.0269534244741102,0.0585161294970936,0.46402077510303,0.245872445511052,-0.0715560958434904,0,0,0,0,0,1,1,0,1,0,0.845581618052339,0.988713241724456,3.04410385905929,0.982622879093564,0.244862493237495,0.244862493237495,0.244862493237495,0.245302520285354,0.245302520285354,-0.072849682592431,-0.072849682592431,-0.072849682592431,0.0713539794962689,0.0713539794962689,0,0,0,0.95,0.95,0,0,0,0.95,0.95,0.0474464848769867,-0.0474464848769867,-0.241117264759344,0.241117264759344,0.193670779882358,-0.193670779882358,0.713085633094641,0.461158770955323,-0.95
hpt_v2_topology2_paper,topology2,fault,deep_lvrt,lvrt_200ms_0.650pu,0.252,fault,rule_action,0,NaN,0.65,0.65,0.65,1,1,220.895133457069,802.345976602155,1.00581921324075,0.903469098581921,0.146496318897927,1.00293247075269,-0.00293247075269409,-0.00581921324074997,0.187965725988494,0.42769223779874,0.0902738544451634,-0.110580914814552,0,0,1,0,0,1,1,0,1,0,0.845581618052339,0.988713241724456,0.840499362342095,-0.526430341473816,0.0885979645742712,0.0885979645742712,0.0885979645742712,0.133428362222256,0.133428362222256,-0.110111166315032,-0.110111166315032,-0.110111166315032,0.0465933517644629,0.0465933517644629,0,0,0,0.95,0.95,0,0,0,0.95,0.95,0.139944880633047,-0.139944880633047,-0.0870640755198031,0.0870640755198031,-0.0528808051132444,0.0528808051132444,-0.00366119682055848,0.95,-0.95
hpt_v2_topology2_paper,topology2,fault,deep_lvrt,lvrt_200ms_0.650pu,0.254,fault,rule_action,0,NaN,0.65,0.65,0.65,1,1,197.592445523144,850.288870285542,1.00666686145191,0.928724536422389,0.0458070819843149,1.06286108785693,-0.062861087856928,-0.00666686145190898,0.196124004210173,0.345512145010776,-0.0219857396406232,-0.0133640390436413,0,0,0,0,0,1,1,0,1,0,0.845581618052339,0.988713241724456,-2.83856569782936,-0.454117422313383,-0.0222358143228605,-0.0222358143228605,-0.0222358143228605,-0.0125724806070482,-0.0125724806070482,-0.0119209345174648,-0.0119209345174648,-0.0119209345174648,0.0218740222582818,0.0218740222582818,0,0,0,0.95,0.95,0,0,0,0.95,0.95,-0.0157597339688211,0.0157597339688211,0.0249423456349993,-0.0249423456349993,-0.00918261166617821,0.00918261166617821,-0.631589337032242,0.95,-0.52246723011234
hpt_v2_topology2_paper,topology2,fault,deep_lvrt,lvrt_200ms_0.650pu,0.256,fault,rule_action,0,NaN,0.65,0.65,0.65,1,1,181.854079447258,849.537205884036,0.971447833094243,0.949237516327111,0.09299191686095,1.06192150735505,-0.0619215073550452,0.0285521669057572,0.105608057751891,0.318970535249621,0.0579817837796771,0.0809117387022377,0,0,0,0,0,1,1,0,1,0,0.845581618052339,0.988713241724456,1.02767139517146,1.84592361465685,0.0596108185051854,0.0596108185051854,0.0596108185051854,0.0591836350207639,0.0591836350207639,0.0810390469622061,0.0810390469622061,0.0810390469622061,-0.0813515467654415,-0.0813515467654415,0,0,0,0.95,0.95,0,0,0,0.95,0.95,0.0755469829540482,-0.0755469829540482,-0.0953067221915961,0.0953067221915961,0.0197597392375479,-0.0197597392375479,-0.95,0.867842770161478,0.140839190098322
hpt_v2_topology2_paper,topology2,fault,deep_lvrt,lvrt_200ms_0.650pu,0.258,fault,rule_action,0,NaN,0.65,0.65,0.65,1,1,193.733673520239,830.556391277452,0.946119375903601,0.90154162954523,0.0769158532875682,1.03819548909682,-0.0381954890968155,0.0538806240963986,0.0513707108312602,0.37777733789284,0.232051189761705,0.0103805187991193,0,0,1,0,0,1,1,0,1,0,0.845581618052339,0.988713241724456,-5,-0.640878050796489,0.233477847011424,0.233477847011424,0.233477847011424,0.233431152638316,0.233431152638316,0.00891948182311446,0.00891948182311446,0.00891948182311446,-0.0100677295866408,-0.0100677295866408,0,0,0,0.95,0.95,0,0,0,0.95,0.95,0.161699281416488,-0.161699281416488,0.0652106326136124,-0.0652106326136124,-0.226909914030101,0.226909914030101,-0.95,0.269857942896505,0.783610991955545
hpt_v2_topology2_paper,topology2,fault,deep_lvrt,lvrt_200ms_0.650pu,0.26,fault,rule_action,0,NaN,0.65,0.65,0.65,1,1,226.456285203184,794.178035985962,0.974136634340663,0.920192850671181,0.0574669534042826,0.992722544982452,0.00727745501754806,0.0258633656593369,0.0639072876631956,0.429560255577271,0.250210338188819,-0.14151316406329,0,0,0,0,0,1,1,0,1,0,0.845581618052339,0.988713241724456,-5,-0.744900712644436,0.249052295130408,0.249052295130408,0.249052295130408,0.250034429295902,0.250034429295902,-0.142684304839299,-0.142684304839299,-0.142684304839299,0.140956165966127,0.140956165966127,0,0,0,0.95,0.95,0,0,0,0.95,0.95,-0.122020528324411,0.122020528324411,0.286005009475228,-0.286005009475228,-0.163984481150817,0.163984481150817,-0.682505244510391,-0.469074196963078,0.95
hpt_v2_topology2_paper,topology2,fault,deep_lvrt,lvrt_200ms_0.650pu,0.262,fault,rule_action,0,NaN,0.65,0.65,0.65,1,1,221.61903235188,837.238142978463,1.01389298496744,0.962902409377592,0.158537914487707,1.04654767872308,-0.0465476787230781,-0.0138929849674367,0.154595551296541,0.404448890594796,0.0664337175020197,-0.158079572179579,0,0,0,0,0,1,1,0,1,0,0.845581618052339,0.988713241724456,-1.31297634871697,3.02557701253092,0.0644013753834825,0.0644013753834825,0.0644013753834825,0.137863555851337,0.137863555851337,-0.15701336808517,-0.15701336808517,-0.15701336808517,0.0989665341252218,0.0989665341252218,0,0,0,0.95,0.95,0,0,0,0.95,0.95,-0.167151761743812,0.167151761743812,0.0581639232337186,-0.0581639232337186,0.108987838510093,-0.108987838510093,-0.0152354081173644,-0.945320402883387,0.95
hpt_v2_topology2_paper,topology2,fault,deep_lvrt,lvrt_200ms_0.650pu,0.264,fault,rule_action,0,NaN,0.65,0.65,0.65,1,1,193.634703196956,850.53531436253,1.0101224038812,0.9725251885751,0.0269565081326152,1.06316914295316,-0.0631691429531629,-0.0101224038812033,0.183840665745374,0.344370428996569,-0.0575313445966719,-0.0109335651614649,0,0,0,0,0,1,1,0,1,0,0.845581618052339,0.988713241724456,1.63397029405987,-0.572526109437144,-0.057504961424292,-0.057504961424292,-0.057504961424292,-0.0437476652389763,-0.0437476652389763,-0.00945526053476841,-0.00945526053476841,-0.00945526053476841,0.0385014847288793,0.0385014847288793,0,0,0,0.95,0.95,0,0,0,0.95,0.95,0.0499194152742886,-0.0499194152742886,-0.0510020940321559,0.0510020940321559,0.00108267875786726,-0.00108267875786726,0.636133424158939,-0.95,0.468480004258242
hpt_v2_topology2_paper,topology2,fault,deep_lvrt,lvrt_200ms_0.650pu,0.266,fault,rule_action,0,NaN,0.65,0.65,0.65,1,1,182.318003549068,843.875860262423,0.964503251634273,0.913553021976474,0.124809288313559,1.05484482532803,-0.0548448253280289,0.0354967483657268,0.0944098683699359,0.309674903985669,0.0678798235373485,0.0894098985081896,0,0,1,0,0,1,1,0,1,0,0.845581618052339,0.988713241724456,-5,-1.3300995176293,0.0699584599918038,0.0699584599918038,0.0699584599918038,0.0693430393788966,0.0693430393788966,0.0896849972233436,0.0896849972233436,0.0896849972233436,-0.090161675567132,-0.090161675567132,0,0,0,0.95,0.95,0,0,0,0.95,0.95,-0.0891695929314247,0.0891695929314247,0.105738507807421,-0.105738507807421,-0.0165689148759961,0.0165689148759961,0.95,-0.846259572089395,-0.197391504884384
hpt_v2_topology2_paper,topology2,fault,deep_lvrt,lvrt_200ms_0.650pu,0.268,fault,rule_action,0,NaN,0.65,0.65,0.65,1,1,198.158690374547,815.837306839107,0.946293453349408,0.970830902304823,0.160766180985638,1.01979663354888,-0.0197966335488835,0.0537065466505917,0.00917417635635627,0.38434350899979,0.245017106992865,0.0241060241424819,0,0,0,0,0,1,1,0,1,0,0.845581618052339,0.995383946425378,-5,0.588432513637826,0.245775977700757,0.245775977700757,0.245775977700757,0.245625524024871,0.245625524024871,0.0229623437208827,0.0229623437208827,0.0229623437208827,-0.0245194288560418,-0.0245194288560418,0,0,0,0.95,0.95,0,0,0,0.95,0.95,-0.176624908597607,0.176624908597607,-0.0610279507498775,0.0610279507498775,0.237652859347485,-0.237652859347485,0.95,-0.262673835076997,-0.814124787244233
hpt_v2_topology2_paper,topology2,fault,deep_lvrt,lvrt_200ms_0.650pu,0.27,fault,rule_action,0,NaN,0.65,0.65,0.65,1,1,223.929495152652,759.944131443597,0.974877171045164,0.947085079122405,0.0923312828181887,0.949930164304496,0.0500698356955036,0.0251228289548364,0.0683291285426465,0.458195235808067,0.243143966851534,-0.0978164837617715,0,0,0,0,0,1,1,0,1,0,0.845581618052339,1.00022856604757,5,0.902536005303878,0.242019058295742,0.242019058295742,0.242019058295742,0.242779108183109,0.242779108183109,-0.0987652188683794,-0.0987652188683794,-0.0987652188683794,0.096881874807885,0.096881874807885,0,0,0,0.95,0.95,0,0,0,0.95,0.95,0.0833226758147935,-0.0833226758147935,-0.256227979183841,0.256227979183841,0.172905303369048,-0.172905303369048,0.666802279110068,0.505535039366665,-0.95
hpt_v2_topology2_paper,topology2,fault,deep_lvrt,lvrt_200ms_0.650pu,0.272,fault,rule_action,0,NaN,0.65,0.65,0.65,1,1,222.476816629632,815.213483789634,1.00970125630962,0.899729965965935,0.173443428656671,1.01901685473704,-0.0190168547370424,-0.00970125630962149,0.188110843242586,0.40175910491771,0.0762900039000095,-0.104428036713756,0,0,1,0,0,1,1,0,1,0,0.845581618052339,1.00022856604757,-0.810793274039101,-0.563451232572509,0.0744776495576428,0.0744776495576428,0.0744776495576428,0.117964593358962,0.117964593358962,-0.103362022621069,-0.103362022621069,-0.103362022621069,0.0481142672978008,0.0481142672978008,0,0,0,0.95,0.95,0,0,0,0.95,0.95,0.127257471600726,-0.127257471600726,-0.0688367051075727,0.0688367051075727,-0.0584207664931535,0.0584207664931535,-0.0431750003694188,0.95,-0.95
hpt_v2_topology2_paper,topology2,fault,deep_lvrt,lvrt_200ms_0.650pu,0.274,fault,rule_action,0,NaN,0.65,0.65,0.65,1,1,198.475453832693,849.247579475421,1.01070189011467,0.950156676188786,0.0625307408243794,1.06155947434428,-0.0615594743442762,-0.0107018901146656,0.18049149037851,0.334023669976417,-0.0422387854468654,0.041529191937267,0,0,0,0,0,1,1,0,1,0,0.845581618052339,1.00022856604757,-2.98041749477529,-0.952778395509224,-0.0425545652626512,-0.0425545652626512,-0.0425545652626512,-0.0590013432090622,-0.0590013432090622,0.0432450423636089,0.0432450423636089,0.0432450423636089,-0.0141374047565323,-0.0141374047565323,0,0,0,0.95,0.95,0,0,0,0.95,0.95,-0.0552841431626019,0.0552841431626019,0.00599683720106425,-0.00599683720106425,0.0492873059615376,-0.0492873059615376,-0.66529597516432,0.95,-0.475206001983949
hpt_v2_topology2_paper,topology2,fault,deep_lvrt,lvrt_200ms_0.650pu,0.276,fault,rule_action,0,NaN,0.65,0.65,0.65,1,1,181.853377322543,842.821098400863,0.974311730107442,0.923962868926719,0.13126241021742,1.05352637300108,-0.0535263730010782,0.0256882698925581,0.077732939600713,0.323606004642429,0.0369986187319063,0.163000065999693,0,0,0,0,0,1,1,0,1,0,0.845581618052339,1.00022856604757,0.0548983326044139,1.5391331323833,0.0386695887708249,0.0386695887708249,0.0386695887708249,0.037786527652745,0.037786527652745,0.163421308353976,0.163421308353976,0.163421308353976,-0.163627746570618,-0.163627746570618,0,0,0,0.95,0.95,0,0,0,0.95,0.95,0.0768610665349909,-0.0768610665349909,-0.167738994623279,0.167738994623279,0.0908779280882884,-0.0908779280882884,-0.95,0.847964939916279,0.17832606941636
hpt_v2_topology2_paper,topology2,fault,deep_lvrt,lvrt_200ms_0.650pu,0.278,fault,rule_action,0,NaN,0.65,0.65,0.65,1,1,194.714419583458,808.87359064659,0.949624468250079,0.906539061329859,0.0936712256370331,1.01109198830824,-0.0110919883082374,0.0503755317499208,0.0244018285596645,0.397526719791836,0.21101699213,0.101997269388923,0,0,1,0,0,1,1,0,1,0,0.845581618052339,1.00022856604757,-5,-1.00204279570981,0.212432611175693,0.212432611175693,0.212432611175693,0.212072242291789,0.212072242291789,0.100784251661469,0.100784251661469,0.100784251661469,-0.101540355146209,-0.101540355146209,0,0,0,0.95,0.95,0,0,0,0.95,0.95,0.214697189648611,-0.214697189648611,-0.0243266259054983,0.0243266259054983,-0.190370563743113,0.190370563743113,-0.95,0.24608207088354,0.815920066598006
hpt_v2_topology2_paper,topology2,fault,deep_lvrt,lvrt_200ms_0.650pu,0.28,recovery,rule_action,0,NaN,0.65,0.65,0.65,1,1,222.800488372643,763.145571727064,0.973358969513758,0.921217384648731,0.0529826167341255,0.95393196465883,0.0460680353411697,0.026641030486242,0.0633786259607138,0.450857670854795,0.239421092268156,-0.0333663951671029,0,0,0,0,0,1,1,0,1,0,0.845581618052339,1.00022856604757,-2.28482544847386,-0.792094906738372,0.23847354604992,0.23847354604992,0.23847354604992,0.238610954004395,0.238610954004395,-0.0346067631033864,-0.0346067631033864,-0.0346067631033864,0.0336462902446836,0.0336462902446836,0,0,0,0.95,0.95,0,0,0,0.95,0.95,-0.0173029184088235,0.0173029184088235,0.21680020871901,-0.21680020871901,-0.199497290310187,0.199497290310187,-0.695407038307908,-0.506270660322495,0.95
hpt_v2_topology2_paper,topology2,fault,deep_lvrt,lvrt_200ms_0.650pu,0.282,recovery,rule_action,0,NaN,0.65,0.65,0.65,1,1,223.912892439486,800.360877416229,1.01021250033791,0.945938090176074,0.14442688126626,1.00045109677029,-0.000451096770285764,-0.0102125003379108,0.160388540620109,0.431103290853559,0.0781078651676998,-0.0854635523321157,0,0,0,0,0,1,1,0,1,0,0.845581618052339,1.00022856604757,0.883895563374537,3.17752304654562,0.0762292878660965,0.0762292878660965,0.0762292878660965,0.109989443919761,0.109989443919761,-0.085779648749994,-0.085779648749994,-0.085779648749994,0.0327318605408608,0.0327318605408608,0,0,0,0.95,0.95,0,0,0,0.95,0.95,-0.113287813740485,0.113287813740485,0.0724929697639704,-0.0724929697639704,0.0407948439765142,-0.0407948439765142,0.00707224747749548,-0.95,0.95
hpt_v2_topology2_paper,topology2,fault,deep_lvrt,lvrt_200ms_0.650pu,0.284,recovery,rule_action,0,NaN,0.65,0.65,0.65,1,1,204.221426165465,854.561588772756,1.01670213721875,0.984520528952596,0.0452538163938278,1.06820198596595,-0.0682019859659453,-0.0167021372187544,0.24473094425117,0.397427907198825,-0.0553153153490416,-0.0568091250515079,0,0,0,0,0,1,1,0,1,0,0.845581618052339,1.0323362190006,-2.35577530183417,-0.135212130707218,-0.0558081317690408,-0.0558081317690408,-0.0558081317690408,-0.0176185319893623,-0.0176185319893623,-0.0564767975173208,-0.0564767975173208,-0.0564767975173208,0.077419400410381,0.077419400410381,0,0,0,0.95,0.95,0,0,0,0.95,0.95,0.0316898732062889,-0.0316898732062889,-0.078892110403001,0.078892110403001,0.0472022371967121,-0.0472022371967121,0.681281276483724,-0.95,0.441584241376731
hpt_v2_topology2_paper,topology2,fault,deep_lvrt,lvrt_200ms_0.650pu,0.286,recovery,rule_action,0,NaN,0.65,0.65,0.65,1,1,198.255245043715,869.72820677843,1.0030203086326,1.03648761237628,0.0370402002728287,1.08716025847304,-0.0871602584730369,-0.00302030863260128,0.243176173049941,0.321969266211529,-0.0469023503319081,-0.0239136359866843,0,0,0,0,0,1,1,0,1,0,0.845581618052339,1.10207488249703,-5,-1.98750924771662,-0.046452029611945,-0.046452029611945,-0.046452029611945,-0.0269895819946172,-0.0269895819946172,-0.0236128704579934,-0.0236128704579934,-0.0236128704579934,0.0445748939436857,0.0445748939436857,0,0,0,0.95,0.95,0,0,0,0.95,0.95,0.0510111826009663,-0.0510111826009663,-0.0347204416513785,0.0347204416513785,-0.0162907409495878,0.0162907409495878,0.95,-0.861468459354213,-0.213305983266583
hpt_v2_topology2_paper,topology2,fault,deep_lvrt,lvrt_200ms_0.650pu,0.288,recovery,rule_action,0,NaN,0.65,0.65,0.65,1,1,207.768907495018,853.396470668764,0.998365806969479,1.04309540172432,0.0154599600844017,1.06674558833595,-0.0667455883359549,0.00163419303052148,0.203204970157,0.306640257699715,-0.00930088422593953,0.00460363916494147,0,0,0,0,0,1,0,1,0,0.0165000000000165,0.845581618052339,1.10207488249703,-5,-1.00841426826381,-0.00910792999432375,-0.00910792999432375,-0.00910792999432375,-0.00913569713430223,-0.00913569713430223,0.00482422400537263,0.00482422400537263,0.00482422400537263,-0.00477143206027473,-0.00477143206027473,0,0,0,0.95,0.95,0,0,0,0.95,0.95,0.0019467606910273,-0.0019467606910273,0.00779179145174965,-0.00779179145174965,-0.00973855214277695,0.00973855214277695,0.95,-0.258047106324552,-0.833585804503505
hpt_v2_topology2_paper,topology2,fault,deep_lvrt,lvrt_200ms_0.650pu,0.29,recovery,rule_action,0,NaN,0.65,0.65,0.65,1,1,206.78927692533,852.004148040785,0.999574264540957,1.0477929401354,0.0129843346822797,1.06500518505098,-0.0650051850509812,0.000425735459042786,0.173895101519318,0.311996805069573,-0.000329560787379377,0.0162389705557165,0,0,0,0,0,1,0,1,0,0.0331666666666998,0.845581618052339,1.10207488249703,-2.84701504827667,-0.0476977518906185,-0.000294891088461788,-0.000294891088461788,-0.000294891088461788,-0.000381082155034483,-0.000381082155034483,0.0163549124628947,0.0163549124628947,0.0163549124628947,-0.0163531311623835,-0.0163531311623835,0,0,0,0.95,0.95,0,0,0,0.95,0.95,-0.0163202232999935,0.0163202232999935,0.00911683804558506,-0.00911683804558506,0.00720338525440842,-0.00720338525440842,0.669759351873115,0.423070851140789,-0.95
hpt_v2_topology2_paper,topology2,fault,deep_lvrt,lvrt_200ms_0.650pu,0.292,recovery,rule_action,0,NaN,0.65,0.65,0.65,1,1,205.853839623737,847.873461079924,0.997572642303103,1.04609343160631,0.00425159675922919,1.0598418263499,-0.0598418263499045,0.00242735769689739,0.161521652583211,0.314611230637957,0.00379176838729516,0.0180695720208503,0,0,0,0,0,1,0,1,0,0.0498333333333832,0.845581618052339,1.10207488249703,-3.01392267466127,-0.777862480449087,0.00383554498690114,0.00383554498690114,0.00383554498690114,0.00375010747804938,0.00375010747804938,0.0181212953792481,0.0181212953792481,0.0181212953792481,-0.0181391688197552,-0.0181391688197552,0,0,0,0.95,0.95,0,0,0,0.95,0.95,-0.01308276282847,0.01308276282847,-0.00481425820918021,0.00481425820918021,0.0178970210376502,-0.0178970210376502,0.0120036573155926,0.949726543591412,-0.95
hpt_v2_topology2_paper,topology2,fault,deep_lvrt,lvrt_200ms_0.650pu,0.294,recovery,rule_action,0,NaN,0.65,0.65,0.65,1,1,208.58012645428,849.964292892942,0.999892195088191,1.03567252786313,0.0276472018374926,1.06245536611618,-0.0624553661161777,0.000107804911809284,0.126307285431341,0.323892758042872,0.00420052569830362,0.0191941056112713,0,0,0,0,0,1,0,1,0,0.0665000000000665,0.845581618052339,1.10207488249703,0.0203826885383229,0.303104713897051,0.00416463305204991,0.00416463305204991,0.00416463305204991,0.00408436454275791,0.00408436454275791,0.0191059838205823,0.0191059838205823,0.0191059838205823,-0.0191233039115223,-0.0191233039115223,0,0,0,0.95,0.95,0,0,0,0.95,0.95,-0.00292824847193681,0.00292824847193681,-0.0152797137447003,0.0152797137447003,0.0182079622166371,-0.0182079622166371,-0.635939887733857,0.95,-0.47155295866268
hpt_v2_topology2_paper,topology2,fault,deep_lvrt,lvrt_200ms_0.650pu,0.296,recovery,rule_action,0,NaN,0.65,0.65,0.65,1,1,208.896404444748,850.399752589884,1.00122025575461,1.03940240479068,0.00199854517514876,1.06299969073736,-0.0629996907373553,-0.00122025575461326,0.113799884990004,0.347677557781777,0.00132617173428972,0.0181858414535606,0,0,0,0,0,1,0,1,0,0.0831666666667498,0.845581618052339,1.10207488249703,1.0880515837568,1.86111157844637,0.00128610504849413,0.00128610504849413,0.00128610504849413,0.00121860538269649,0.00121860538269649,0.0182213595540199,0.0182213595540199,0.0182213595540199,-0.0182259982199576,-0.0182259982199576,0,0,0,0.95,0.95,0,0,0,0.95,0.95,0.00598139983159898,-0.00598139983159898,-0.0179379789218723,0.0179379789218723,0.0119565790902733,-0.0119565790902733,-0.95,0.808827738878075,0.21126958129452
hpt_v2_topology2_paper,topology2,fault,deep_lvrt,lvrt_200ms_0.650pu,0.298,recovery,rule_action,0,NaN,0.65,0.65,0.65,1,1,205.826236738263,849.359932258356,0.999578948619616,1.02732652283823,0.0173741460139978,1.06169991532294,-0.0616999153229445,0.000421051380384285,0.144844181199828,0.366314780817821,7.63504589402002e-05,0.0177950305764731,0,0,0,0,0,1,0,1,0,0.0998333333334332,0.845581618052339,1.10207488249703,-5,0.0436293954899636,0.00010546620827921,0.00010546620827921,0.00010546620827921,4.90162047763025e-05,4.90162047763025e-05,0.0178189695681412,0.0178189695681412,0.0178189695681412,-0.0178192142644703,-0.0178192142644703,0,0,0,0.95,0.95,0,0,0,0.95,0.95,0.0139231948193783,-0.0139231948193783,-0.0165924636329217,0.0165924636329217,0.0026692688135435,-0.0026692688135435,-0.95,0.212082737801891,0.822404476756677
hpt_v2_topology2_paper,topology2,fault,deep_lvrt,lvrt_200ms_0.650pu,0.3,recovery,rule_action,0,NaN,0.65,0.65,0.65,1,1,208.821052403365,847.840321487914,1.00055914503363,1.03579453210863,0.0188381715326409,1.05980040185989,-0.0598004018598928,-0.000559145033633746,0.143488643179537,0.367670591081688,0.00170681299882543,0.0169519937107537,0,0,0,0,0,1,0,1,0,0.116500000000117,0.845581618052339,1.10207488249703,-0.705631163465892,-0.9944935371764,0.00168282519588077,0.00168282519588077,0.00168282519588077,0.001637147687654,0.001637147687654,0.0169750483744248,0.0169750483744248,0.0169750483744248,-0.0169795145808931,-0.0169795145808931,0,0,0,0.95,0.95,0,0,0,0.95,0.95,0.0170393691671529,-0.0170393691671529,-0.00782466677475858,0.00782466677475858,-0.00921470239239429,0.00921470239239429,-0.656087048211904,-0.461220372973282,0.95
hpt_v2_topology2_paper,topology2,fault,deep_lvrt,lvrt_200ms_0.650pu,0.302,recovery,rule_action,0,NaN,0.65,0.65,0.65,1,1,209.751392830729,854.671657238438,1.00117129822881,1.04733510064663,0.0195634307875337,1.06833957154805,-0.0683395715480482,-0.00117129822880635,0.147954191526316,0.344722205849938,0.00035644256175964,0.0152174449195561,0,0,0,0,0,1,0,1,0,0.1331666666668,0.845581618052339,1.10207488249703,1.47414426469905,0.867073997006029,0.000330868637274084,0.000330868637274084,0.000330868637274084,0.000294974293729633,0.000294974293729633,0.0152535330295297,0.0152535330295297,0.0152535330295297,-0.0152542693730025,-0.0152542693730025,0,0,0,0.95,0.95,0,0,0,0.95,0.95,0.0126014583262362,-0.0126014583262362,0.00114824687340284,-0.00114824687340284,-0.013749705199639,0.013749705199639,-0.0213743528789237,-0.93101117671758,0.95
hpt_v2_topology2_paper,topology2,fault,deep_lvrt,lvrt_200ms_0.650pu,0.304,recovery,rule_action,0,NaN,0.65,0.65,0.65,1,1,206.829161892821,849.69309179648,1.0022498866113,1.04803426299012,0.0116234883618439,1.0621163647456,-0.0621163647455998,-0.00224988661130365,0.161233760101392,0.342663794494873,-0.00335883021752266,0.0158099865562991,0,0,0,0,0,1,0,1,0,0.149833333333483,0.845581618052339,1.10207488249703,-0.00733261158836207,-0.834061340953429,-0.00336939183400081,-0.00336939183400081,-0.00336939183400081,-0.0111864934417301,-0.0111864934417301,0.0158611932621866,0.0158611932621866,0.0158611932621866,-0.01173851002085,-0.01173851002085,0,0,0,0.95,0.95,0,0,0,0.95,0.95,0.00880631234890376,-0.00880631234890376,0.00738812606641398,-0.00738812606641398,-0.0161944384153177,0.0161944384153177,0.647651281097486,-0.95,0.446374455150218
hpt_v2_topology2_paper,topology2,fault,deep_lvrt,lvrt_200ms_0.650pu,0.306,recovery,rule_action,0,NaN,0.65,0.65,0.65,1,1,209.086012428912,847.592542423092,1.0015558167274,1.01327733461008,0.0056594962014562,1.05949067802886,-0.0594906780288647,-0.00155581672739857,0.145621740473122,0.325221488815994,-0.00193572207147546,0.0154701370247134,0,0,0,0,0,1,0,1,0,0.166500000000167,0.845581618052339,1.10207488249703,-5,-0.745973992418269,-0.00194305341905525,-0.00194305341905525,-0.00194305341905525,-0.00196982683631289,-0.00196982683631289,0.0155222424873912,0.0155222424873912,0.0155222424873912,-0.0155188675702068,-0.0155188675702068,0,0,0,0.95,0.95,0,0,0,0.95,0.95,-0.00217924885678954,0.00217924885678954,0.0145050915143796,-0.0145050915143796,-0.0123258426575901,0.0123258426575901,0.95,-0.845221375031722,-0.223693441063317
hpt_v2_topology2_paper,topology2,fault,deep_lvrt,lvrt_200ms_0.650pu,0.308,recovery,rule_action,0,NaN,0.65,0.65,0.65,1,1,208.502934359543,852.883519988875,1.00328637843336,1.03089665498075,0.0220182504766984,1.06610439998609,-0.0661043999860942,-0.00328637843335633,0.136725405877227,0.355681935425182,-0.00445989783840544,0.019544919525004,0,0,0,0,0,1,0,1,0,0.18316666666685,0.845581618052339,1.10207488249703,-5,-1.05572045703251,-0.00448896237145095,-0.00448896237145095,-0.00448896237145095,-0.0140632362829732,-0.0140632362829732,0.0195515045304923,0.0195515045304923,0.0195515045304923,-0.0143051563370495,-0.0143051563370495,0,0,0,0.95,0.95,0,0,0,0.95,0.95,-0.0123904240076759,0.0123904240076759,0.0198578299490243,-0.0198578299490243,-0.00746740594134845,0.00746740594134845,0.95,-0.226369042560567,-0.832548260994873
hpt_v2_topology2_paper,topology2,fault,deep_lvrt,lvrt_200ms_0.650pu,0.31,recovery,rule_action,0,NaN,0.65,0.65,0.65,1,1,206.178357280896,850.93329147661,1.00272113664996,1.04774613906142,0.00394937044775062,1.06366661434576,-0.0636666143457623,-0.00272113664996199,0.154316414944206,0.366880642798651,-0.00595073454659287,0.0193323922838234,0,0,0,0,0,1,0,1,0,0.199833333333533,0.845581618052339,1.10207488249703,0.808437908296655,0.257319223065489,-0.00594184699423895,-0.00594184699423895,-0.00594184699423895,-0.0151861186353597,-0.0151861186353597,0.0193454088497124,0.0193454088497124,0.0193454088497124,-0.0133765537437061,-0.0133765537437061,0,0,0,0.95,0.95,0,0,0,0.95,0.95,-0.0190097893066861,0.0190097893066861,0.0155160280602522,-0.0155160280602522,0.00349376124643392,-0.00349376124643392,0.63847173877232,0.450777685105613,-0.95
hpt_v2_topology2_paper,topology2,fault,deep_lvrt,lvrt_200ms_0.650pu,0.312,recovery,rule_action,0,NaN,0.65,0.65,0.65,1,1,207.551367150197,849.546170264145,0.999019864335993,1.03068631376428,0.0192012957637648,1.06193271283018,-0.0619327128301816,0.000980135664007231,0.167903509902937,0.318162680443527,-0.000799346804901111,0.013856961861124,0,0,0,0,0,1,0,1,0,0.216500000000217,0.845581618052339,1.10207488249703,-2.09981783369706,-2.10257533004454,-0.000740705895196403,-0.000740705895196403,-0.000740705895196403,-0.000747717400099711,-0.000747717400099711,0.0138912534845604,0.0138912534845604,0.0138912534845604,-0.0138908778442933,-0.0138908778442933,0,0,0,0.95,0.95,0,0,0,0.95,0.95,-0.0120431885522572,0.0120431885522572,-8.15559991960155e-06,8.15559991960155e-06,0.0120513441521768,-0.0120513441521768,-0.00217946491187294,0.95,-0.95
hpt_v2_topology2_paper,topology2,fault,deep_lvrt,lvrt_200ms_0.650pu,0.314,recovery,rule_action,0,NaN,0.65,0.65,0.65,1,1,209.602471325791,849.649669316177,1.00287794753033,1.03514163562778,0.0214671392528153,1.06206208664522,-0.0620620866452215,-0.00287794753033133,0.132052900063428,0.319779965674458,-0.00132745198760209,0.0157330907204244,0,0,0,0,0,1,0,1,0,0.2331666666669,0.845581618052339,1.10207488249703,-1.80653373583794,-0.600094623214309,-0.0013852314125772,-0.0013852314125772,-0.0013852314125772,-0.00939775181517101,-0.00939775181517101,0.0157122328233845,0.0157122328233845,0.0157122328233845,-0.0126678880316761,-0.0126678880316761,0,0,0,0.95,0.95,0,0,0,0.95,0.95,-0.00688973296720233,0.00688973296720233,-0.00884307596021175,0.00884307596021175,0.0157328089274141,-0.0157328089274141,-0.648184564981232,0.95,-0.465308113343526
hpt_v2_topology2_paper,topology2,fault,deep_lvrt,lvrt_200ms_0.650pu,0.316,recovery,rule_action,0,NaN,0.65,0.65,0.65,1,1,209.172801924329,850.823943478482,1.00465944599044,1.04862675436857,0.0044412393037522,1.0635299293481,-0.063529929348102,-0.00465944599044299,0.116755628259944,0.341066373812717,-0.00612247965391651,0.0179058529163584,0,0,0,0,0,1,0,1,0,0.249833333333583,0.845581618052339,1.10207488249703,1.52228574270574,1.86937743883941,-0.00617334823111727,-0.00617334823111727,-0.00617334823111727,-0.0146440540945688,-0.0146440540945688,0.0179474837411531,0.0179474837411531,0.0179474837411531,-0.0120736937470244,-0.0120736937470244,0,0,0,0.95,0.95,0,0,0,0.95,0.95,-0.00127683539906823,0.00127683539906823,-0.0157610966008639,0.0157610966008639,0.0170379319999322,-0.0170379319999322,-0.95,0.807560695416472,0.215365357228736
hpt_v2_topology2_paper,topology2,fault,deep_lvrt,lvrt_200ms_0.650pu,0.318,recovery,rule_action,0,NaN,0.65,0.65,0.65,1,1,206.752704883655,848.782740803642,1.00281617402116,1.03029758741134,0.0195367767144138,1.06097842600455,-0.0609784260045521,-0.00281617402115897,0.137923125377918,0.355344572724324,-0.00752807929736868,0.0177988577123812,0,0,0,0,0,1,0,1,0,0.266500000000267,0.845581618052339,1.10207488249703,-5,0.0176554778028581,-0.00750123895674522,-0.00750123895674522,-0.00750123895674522,-0.0157075012778314,-0.0157075012778314,0.0178238324866885,0.0178238324866885,0.0178238324866885,-0.01127971604282,-0.01127971604282,0,0,0,0.95,0.95,0,0,0,0.95,0.95,0.00915773418283467,-0.00915773418283467,-0.0193291254375346,0.0193291254375346,0.0101713912546999,-0.0101713912546999,-0.95,0.209685466690421,0.822968523640374
hpt_v2_topology2_paper,topology2,fault,deep_lvrt,lvrt_200ms_0.650pu,0.32,recovery,rule_action,0,NaN,0.65,0.65,0.65,1,1,209.287527265613,847.972866923914,1.00314568208932,1.03957475710998,0.0257223753996722,1.05996608365489,-0.059966083654893,-0.0031456820893152,0.132557669585293,0.363013192991773,-0.00536066146285948,0.0173500672212914,0,0,0,0,0,1,0,1,0,0.28316666666695,0.845581618052339,1.10207488249703,-1.00235028579432,-0.548476665719777,-0.00537327434290313,-0.00537327434290313,-0.00537327434290313,-0.0135968366228833,-0.0135968366228833,0.0172639752615649,0.0172639752615649,0.0172639752615649,-0.011918177412954,-0.011918177412954,0,0,0,0.95,0.95,0,0,0,0.95,0.95,0.0169662292829365,-0.0169662292829365,-0.0138958761535007,0.0138958761535007,-0.00307035312943578,0.00307035312943578,-0.650699285370067,-0.464709057447892,0.95
hpt_v2_topology2_paper,topology2,fault,deep_lvrt,lvrt_200ms_0.650pu,0.322,recovery,rule_action,0,NaN,0.65,0.65,0.65,1,1,209.787581702095,854.06835876094,1.0031015203108,1.05580341838532,0.0135586922499021,1.06758544845118,-0.0675854484511751,-0.00310152031080335,0.137258588077379,0.346930696019988,-0.00541809406210415,0.0159644097629131,0,0,0,0,0,1,0,1,0,0.299833333333633,0.845581618052339,1.10207488249703,1.69328358643295,1.2415603946716,-0.00542853973042487,-0.00542853973042487,-0.00542853973042487,-0.0129769522325712,-0.0129769522325712,0.0159900408857439,0.0159900408857439,0.0159900408857439,-0.0108050526091329,-0.0108050526091329,0,0,0,0.95,0.95,0,0,0,0.95,0.95,0.0163606618962252,-0.0163606618962252,-0.00455964108463673,0.00455964108463673,-0.0118010208115885,0.0118010208115885,-0.0139642423936174,-0.933289094986962,0.947253337380579
hpt_v2_topology2_paper,topology2,fault,deep_lvrt,lvrt_200ms_0.650pu,0.324,recovery,rule_action,0,NaN,0.65,0.65,0.65,1,1,206.899160448704,849.515409557606,1.00362501917321,1.04895806190021,0.0120967741373671,1.06189426194701,-0.0618942619470071,-0.00362501917320612,0.154207101062823,0.350364895885652,-0.0076819954016917,0.0163403580681337,0,0,0,0,0,1,0,1,0,0.316500000000317,0.845581618052339,1.10207488249703,0.594112335612795,-0.909347492138002,-0.00767902440722925,-0.00767902440722925,-0.00767902440722925,-0.0150980548997278,-0.0150980548997278,0.0163795685508004,0.0163795685508004,0.0163795685508004,-0.00996526065900914,-0.00996526065900914,0,0,0,0.95,0.95,0,0,0,0.95,0.95,0.0130181471848224,-0.0130181471848224,0.00436930607662125,-0.00436930607662125,-0.0173874532614437,0.0173874532614437,0.655626566159321,-0.95,0.436244297363879
hpt_v2_topology2_paper,topology2,fault,deep_lvrt,lvrt_200ms_0.650pu,0.326,recovery,rule_action,0,NaN,0.65,0.65,0.65,1,1,209.101786397097,847.815413643591,1.00248000003333,1.01080287597994,0.00238330405954319,1.05976926705449,-0.0597692670544887,-0.00248000003332671,0.144697002037936,0.335279120804536,-0.00503086489011452,0.0155962243742797,0,0,0,0,0,1,0,1,0,0.333166666667,0.845581618052339,1.10207488249703,-5,-0.763957996411158,-0.00502661170744576,-0.00502661170744576,-0.00502661170744576,-0.0124495534595865,-0.0124495534595865,0.0156422809854015,0.0156422809854015,0.0156422809854015,-0.0107217721641799,-0.0107217721641799,0,0,0,0.95,0.95,0,0,0,0.95,0.95,0.000771460816773224,-0.000771460816773224,0.0138274490711986,-0.0138274490711986,-0.0145989098879718,0.0145989098879718,0.95,-0.838415772295616,-0.235676993928936
hpt_v2_topology2_paper,topology2,fault,deep_lvrt,lvrt_200ms_0.650pu,0.328,recovery,rule_action,0,NaN,0.65,0.65,0.65,1,1,209.027731881784,852.581632234419,1.00389351565496,1.03077912083545,0.0232718738389263,1.06572704029302,-0.0657270402930239,-0.00389351565495777,0.137153727364272,0.352987276926747,-0.00616124473748963,0.0185270961764,0,0,0,0,0,1,0,1,0,0.349833333333683,0.845581618052339,1.10207488249703,-5,-1.05819577005684,-0.00618716538409165,-0.00618716538409165,-0.00618716538409165,-0.014932594370747,-0.014932594370747,0.0185103493892075,0.0185103493892075,0.0185103493892075,-0.0125670869878175,-0.0125670869878175,0,0,0,0.95,0.95,0,0,0,0.95,0.95,-0.0105136755416856,0.0105136755416856,0.0194970100820755,-0.0194970100820755,-0.00898333454038988,0.00898333454038988,0.95,-0.220748894871106,-0.839035633498262
hpt_v2_topology2_paper,topology2,fault,deep_lvrt,lvrt_200ms_0.650pu,0.33,recovery,rule_action,0,NaN,0.65,0.65,0.65,1,1,206.690125733285,851.080558628194,1.00441532763128,1.04256805814119,0.0060312278313663,1.06385069828524,-0.0638506982852425,-0.00441532763127928,0.147299552955497,0.364579073080236,-0.00902377686697316,0.0184654217482858,0,0,0,0,0,1,0,1,0,0.366500000000367,0.845581618052339,1.10207488249703,0.845589142476566,0.190671208371906,-0.00902824764194946,-0.00902824764194946,-0.00902824764194946,-0.0173437972450398,-0.0173437972450398,0.0184914637950415,0.0184914637950415,0.0184914637950415,-0.0110741223530645,-0.0110741223530645,0,0,0,0.95,0.95,0,0,0,0.95,0.95,-0.0179979131358344,0.0179979131358344,0.01763834072664,-0.01763834072664,0.000359572409194382,-0.000359572409194382,0.63361141644532,0.456051187909786,-0.95
hpt_v2_topology2_paper,topology2,fault,deep_lvrt,lvrt_200ms_0.650pu,0.332,recovery,rule_action,0,NaN,0.65,0.65,0.65,1,1,207.397661007499,848.646273001216,1.00063752112284,1.03224836293868,0.0174004161177364,1.06080784125152,-0.0608078412515205,-0.000637521122836882,0.161635449464638,0.320080906637635,-0.00469983345003208,0.0143351588443228,0,0,0,0,0,1,0,1,0,0.38316666666705,0.845581618052339,1.10207488249703,-2.31944591960187,-2.15891158347636,-0.00464107656226395,-0.00464107656226395,-0.00464107656226395,-0.00461758778867336,-0.00461758778867336,0.0143617418929476,0.0143617418929476,0.0143617418929476,-0.0143693112176727,-0.0143693112176727,0,0,0,0.95,0.95,0,0,0,0.95,0.95,-0.014566828471379,0.014566828471379,0.00386215019934301,-0.00386215019934301,0.010704678272036,-0.010704678272036,-0.00919332656361963,0.95,-0.95
hpt_v2_topology2_paper,topology2,fault,deep_lvrt,lvrt_200ms_0.650pu,0.334,recovery,rule_action,0,NaN,0.65,0.65,0.65,1,1,209.591235515616,849.783093939957,1.00409168389564,1.03292379846154,0.0172226319550273,1.06222886742495,-0.0622288674249467,-0.00409168389564241,0.128210928202259,0.324879140672951,-0.00477523400628065,0.0157285840442492,0,0,0,0,0,1,0,1,0,0.399833333333733,0.845581618052339,1.10207488249703,-1.44798526356515,-0.596705150307741,-0.00482601396900291,-0.00482601396900291,-0.00482601396900291,-0.0123436123174935,-0.0123436123174935,0.0157785107314563,0.0157785107314563,0.0157785107314563,-0.0109492943465374,-0.0109492943465374,0,0,0,0.95,0.95,0,0,0,0.95,0.95,-0.0101326032343292,0.0101326032343292,-0.00621140305047573,0.00621140305047573,0.0163440062848049,-0.0163440062848049,-0.655193887170087,0.95,-0.456903113945378
hpt_v2_topology2_paper,topology2,fault,deep_lvrt,lvrt_200ms_0.650pu,0.336,recovery,rule_action,0,NaN,0.65,0.65,0.65,1,1,209.193695304453,850.990825606265,1.00547196462478,1.04542566519943,0.00602927910882957,1.06373853200783,-0.0637385320078308,-0.00547196462478095,0.116455816498842,0.347399758500737,-0.00872371956112669,0.0177752460533025,0,0,0,0,0,1,0,1,0,0.416500000000417,0.845581618052339,1.10207488249703,1.17994337336746,1.88310542016845,-0.00876604110354367,-0.00876604110354367,-0.00876604110354367,-0.0167670467034802,-0.0167670467034802,0.017817051603925,0.017817051603925,0.017817051603925,-0.010637525526609,-0.010637525526609,0,0,0,0.95,0.95,0,0,0,0.95,0.95,-0.00382373279574847,0.00382373279574847,-0.0149627418640824,0.0149627418640824,0.0187864746598309,-0.0187864746598309,-0.95,0.802800631008865,0.224253526998939
hpt_v2_topology2_paper,topology2,fault,deep_lvrt,lvrt_200ms_0.650pu,0.338,recovery,rule_action,0,NaN,0.65,0.65,0.65,1,1,206.656972164243,849.723333245596,1.00332391599477,1.03163665634075,0.0181089636933822,1.062154166557,-0.0621541665569956,-0.00332391599476667,0.141229983214176,0.360360627115012,-0.0093278016222197,0.017349276915654,0,0,0,0,0,1,0,1,0,0.4331666666671,0.845581618052339,1.10207488249703,-5,0.031843988560043,-0.00929335105773474,-0.00929335105773474,-0.00929335105773474,-0.0169865254175522,-0.0169865254175522,0.017378213819384,0.017378213819384,0.017378213819384,-0.00999132842385745,-0.00999132842385745,0,0,0,0.95,0.95,0,0,0,0.95,0.95,0.00767313800978741,-0.00767313800978741,-0.0195565795611231,0.0195565795611231,0.0118834415513357,-0.0118834415513357,-0.95,0.202789282707936,0.829633446041613
hpt_v2_topology2_paper,topology2,fault,deep_lvrt,lvrt_200ms_0.650pu,0.34,recovery,rule_action,0,NaN,0.65,0.65,0.65,1,1,209.577997170854,846.838678233808,1.00360803985826,1.04275400494123,0.022360729221996,1.05854834779226,-0.0585483477922604,-0.00360803985826186,0.13441815423932,0.358648645872944,-0.00653699258519048,0.0164983932394369,0,0,0,0,0,1,0,1,0,0.449833333333783,0.845581618052339,1.10207488249703,-1.13784048616194,-0.987539489864853,-0.00654885653251775,-0.00654885653251775,-0.00654885653251775,-0.0141477602546391,-0.0141477602546391,0.0164283959112506,0.0164283959112506,0.0164283959112506,-0.0106122850450574,-0.0106122850450574,0,0,0,0.95,0.95,0,0,0,0.95,0.95,0.0160666467533301,-0.0160666467533301,-0.0144350365968119,0.0144350365968119,-0.00163161015651822,0.00163161015651822,-0.651316064992243,-0.46818212577659,0.95
hpt_v2_topology2_paper,topology2,fault,deep_lvrt,lvrt_200ms_0.650pu,0.342,recovery,rule_action,0,NaN,0.65,0.65,0.65,1,1,210.105387945987,853.442030002884,1.00389582037874,1.0580539363912,0.0157635688507899,1.06680253750361,-0.0668025375036052,-0.00389582037874026,0.136338448522733,0.34248221483095,-0.00692195304773255,0.0150934691441714,0,0,0,0,0,1,0,1,0,0.466500000000467,0.845581618052339,1.10207488249703,1.73635465551913,0.764516447501862,-0.00693790758772976,-0.00693790758772976,-0.00693790758772976,-0.0138029738159156,-0.0138029738159156,0.0151285106232833,0.0151285106232833,0.0151285106232833,-0.00929969403861335,-0.00929969403861335,0,0,0,0.95,0.95,0,0,0,0.95,0.95,0.0164641116483367,-0.0164641116483367,-0.00612147124772196,0.00612147124772196,-0.0103426404006147,0.0103426404006147,-0.0112071804730192,-0.93620369617533,0.947410876648349
hpt_v2_topology2_paper,topology2,fault,deep_lvrt,lvrt_200ms_0.650pu,0.344,recovery,rule_action,0,NaN,0.65,0.65,0.65,1,1,207.126328942023,849.556156110833,1.0043080925104,1.04953730230179,0.012251000290361,1.06194519513854,-0.0619451951385417,-0.00430809251040354,0.151003922658859,0.347272983796873,-0.00937239691079346,0.0157708735882717,0,0,0,0,0,1,0,1,0,0.48316666666715,0.845581618052339,1.10207488249703,0.747275665550662,-0.932060307279547,-0.00936889140099414,-0.00936889140099414,-0.00936889140099414,-0.0162367196047826,-0.0162367196047826,0.0158173739066287,0.0158173739066287,0.0158173739066287,-0.00862173879570637,-0.00862173879570637,0,0,0,0.95,0.95,0,0,0,0.95,0.95,0.0144032284299053,-0.0144032284299053,0.0026920373170282,-0.0026920373170282,-0.0170952657469335,0.0170952657469335,0.657558208595566,-0.95,0.434160317644698
hpt_v2_topology2_paper,topology2,fault,deep_lvrt,lvrt_200ms_0.650pu,0.346,recovery,rule_action,0,NaN,0.65,0.65,0.65,1,1,209.151042765871,847.262742461391,1.0030139475258,1.0136605092469,0.00303711658608833,1.05907842807674,-0.0590784280767389,-0.00301394752579687,0.140427172353411,0.334450579467576,-0.00655027505217427,0.0153517127331714,0,0,0,0,0,1,0,1,0,0.499833333333833,0.845581618052339,1.10207488249703,-5,-0.768696777935673,-0.00654299780971569,-0.00654299780971569,-0.00654299780971569,-0.0136070892196365,-0.0136070892196365,0.0153992834725375,0.0153992834725375,0.0153992834725375,-0.00973631731068604,-0.00973631731068604,0,0,0,0.95,0.95,0,0,0,0.95,0.95,0.00231043297837247,-0.00231043297837247,0.0131960199886742,-0.0131960199886742,-0.0155064529670466,0.0155064529670466,0.95,-0.836491439184424,-0.239400520463736
hpt_v2_topology2_paper,topology2,fault,deep_lvrt,lvrt_200ms_0.650pu,0.348,recovery,rule_action,0,NaN,0.65,0.65,0.65,1,1,209.019892802108,852.495326392867,1.00391487427339,1.03219515210161,0.023607861079835,1.06561915799108,-0.0656191579910843,-0.00391487427339077,0.134223572017793,0.348130028640054,-0.00690725579897243,0.0178556919324855,0,0,0,0,0,1,0,1,0,0.516500000000517,0.845581618052339,1.10207488249703,-5,-1.07020419857418,-0.00692406260243955,-0.00692406260243955,-0.00692406260243955,-0.0152004113666252,-0.0152004113666252,0.0178354072026671,0.0178354072026671,0.0178354072026671,-0.0116186009180462,-0.0116186009180462,0,0,0,0.95,0.95,0,0,0,0.95,0.95,-0.00951817691353898,0.00951817691353898,0.0191322066270733,-0.0191322066270733,-0.00961402971353437,0.00961402971353437,0.95,-0.219305898495086,-0.840654454688204
hpt_v2_topology2_paper,topology2,fault,deep_lvrt,lvrt_200ms_0.650pu,0.35,recovery,rule_action,0,NaN,0.65,0.65,0.65,1,1,206.798367352415,850.433408732121,1.00448772577049,1.04282195209825,0.00566875268122289,1.06304176091515,-0.0630417609151517,-0.00448772577049183,0.142478223279,0.362350271340314,-0.0092877700215241,0.0180977407474137,0,0,0,0,0,1,0,1,0,0.5331666666672,0.845581618052339,1.10207488249703,1.03201649648366,0.147278140983031,-0.00929118725103057,-0.00929118725103057,-0.00929118725103057,-0.017371191436907,-0.017371191436907,0.0181262460714817,0.0181262460714817,0.0181262460714817,-0.010636195994807,-0.010636195994807,0,0,0,0.95,0.95,0,0,0,0.95,0.95,-0.0176154131816508,0.0176154131816508,0.0176642370465404,-0.0176642370465404,-4.88238648896563e-05,4.88238648896563e-05,0.631223451234357,0.45898460074358,-0.95
hpt_v2_topology2_paper,topology2,fault,deep_lvrt,lvrt_200ms_0.650pu,0.352,recovery,rule_action,0,NaN,0.65,0.65,0.65,1,1,207.533788314246,849.222060370328,1.00077201242796,1.03174894398362,0.0183070332994608,1.06152757546291,-0.0615275754629103,-0.000772012427955326,0.156560219537268,0.32100326170817,-0.00496891365979086,0.0142886027215125,0,0,0,0,0,1,0,1,0,0.549833333333883,0.845581618052339,1.10207488249703,-2.07397253003694,-0.857418049933001,-0.00491102281031828,-0.00491102281031828,-0.00491102281031828,-0.00488040741749468,-0.00488040741749468,0.014313182287688,0.014313182287688,0.014313182287688,-0.0143236502220389,-0.0143236502220389,0,0,0,0.95,0.95,0,0,0,0.95,0.95,-0.0146752882603186,0.0146752882603186,0.00414140649186392,-0.00414140649186392,0.0105338817684546,-0.0105338817684546,-0.0141904554923139,0.95,-0.95
hpt_v2_topology2_paper,topology2,fault,deep_lvrt,lvrt_200ms_0.650pu,0.354,recovery,rule_action,0,NaN,0.65,0.65,0.65,1,1,209.631273425315,849.542235307512,1.00424479519049,1.03307970938693,0.0188115899612136,1.06192779413439,-0.0619277941343896,-0.00424479519049115,0.124708175110805,0.328419290745491,-0.00513732967243097,0.0156146285263969,0,0,0,0,0,1,0,1,0,0.566500000000567,0.845581618052339,1.10207488249703,-1.39290317500085,-1.0475971252617,-0.00518833197091738,-0.00518833197091738,-0.00518833197091738,-0.0125884552982797,-0.0125884552982797,0.0156631819575829,0.0156631819575829,0.0156631819575829,-0.010666998213181,-0.010666998213181,0,0,0,0.95,0.95,0,0,0,0.95,0.95,-0.010437514121202,0.010437514121202,-0.00584850400458031,0.00584850400458031,0.0162860181257823,-0.0162860181257823,-0.66048498383486,0.95,-0.451461633561599
hpt_v2_topology2_paper,topology2,fault,deep_lvrt,lvrt_200ms_0.650pu,0.356,recovery,rule_action,0,NaN,0.65,0.65,0.65,1,1,209.141877789038,850.976032440647,1.00558941061872,1.04589842297399,0.00536141451118923,1.06372004055081,-0.0637200405508085,-0.0055894106187242,0.115942106442902,0.352007801292072,-0.00908932737288866,0.0175152364269057,0,0,0,0,0,1,0,1,0,0.58316666666725,0.845581618052339,1.10207488249703,1.29534125308628,1.89133586777368,-0.00913068377280246,-0.00913068377280246,-0.00913068377280246,-0.0169394069580287,-0.0169394069580287,0.0175565153973896,0.0175565153973896,0.0175565153973896,-0.0102302058125918,-0.0102302058125918,0,0,0,0.95,0.95,0,0,0,0.95,0.95,-0.00425673075975386,0.00425673075975386,-0.0146081410274501,0.0146081410274501,0.0188648717872039,-0.0188648717872039,-0.95,0.799419742771764,0.231088414901617
hpt_v2_topology2_paper,topology2,fault,deep_lvrt,lvrt_200ms_0.650pu,0.358,recovery,rule_action,0,NaN,0.65,0.65,0.65,1,1,206.59063471552,848.780467915063,1.0029305318698,1.03075207074006,0.0191117000240814,1.06097558489383,-0.0609755848938289,-0.00293053186980163,0.144382053468988,0.357824601912886,-0.00896170240022474,0.0165755410733337,0,0,0,0,0,1,0,1,0,0.599833333333933,0.845581618052339,1.10207488249703,-5,0.0690353214498618,-0.00891969535107839,-0.00891969535107839,-0.00891969535107839,-0.01626685940411,-0.01626685940411,0.0166119731854174,0.0166119731854174,0.0166119731854174,-0.00953456361854043,-0.00953456361854043,0,0,0,0.95,0.95,0,0,0,0.95,0.95,0.00730501279866091,-0.00730501279866091,-0.0187062951154762,0.0187062951154762,0.0114012823168153,-0.0114012823168153,-0.95,0.1999149488675,0.835695301652203
hpt_v2_topology2_paper,topology2,fault,deep_lvrt,lvrt_200ms_0.650pu,0.36,recovery,rule_action,0,NaN,0.65,0.65,0.65,1,1,209.301991455545,846.821202145069,1.00336557153321,1.04125055658134,0.0229910695837596,1.05852650268134,-0.0585265026813364,-0.00336557153321038,0.135707991927526,0.355552400128071,-0.00595872830886239,0.0158887460401978,0,0,0,0,0,1,0,1,0,0.616500000000617,0.845581618052339,1.10207488249703,-1.32427374183175,-0.97982271175745,-0.00597069266759467,-0.00597069266759467,-0.00597069266759467,-0.0133529293743513,-0.0133529293743513,0.0158503649648013,0.0158503649648013,0.0158503649648013,-0.0104202935453784,-0.0104202935453784,0,0,0,0.95,0.95,0,0,0,0.95,0.95,0.0155186648225598,-0.0155186648225598,-0.0136364670813368,0.0136364670813368,-0.00188219774122297,0.00188219774122297,-0.649565007562279,-0.473057293504007,0.95
hpt_v2_topology2_paper,topology2,fault,deep_lvrt,lvrt_200ms_0.650pu,0.362,recovery,rule_action,0,NaN,0.65,0.65,0.65,1,1,210.469172748927,853.384459600677,1.00393776650903,1.06060351889054,0.018872002536256,1.06673057450085,-0.0667305745008464,-0.00393776650902744,0.128918220510003,0.336015335871596,-0.00633621508444896,0.0148757152825362,0,0,0,0,0,1,0,1,0,0.6331666666673,0.845581618052339,1.10207488249703,1.21222315869152,0.676417671870322,-0.00636146981108519,-0.00636146981108519,-0.00636146981108519,-0.0131989937708847,-0.0131989937708847,0.0149127194986064,0.0149127194986064,0.0149127194986064,-0.00941509768603661,-0.00941509768603661,0,0,0,0.95,0.95,0,0,0,0.95,0.95,0.0159694139186466,-0.0159694139186466,-0.0055605596716566,0.0055605596716566,-0.0104088542469899,0.0104088542469899,-0.00920749149258667,-0.935535745942917,0.944743237435504
hpt_v2_topology2_paper,topology2,fault,deep_lvrt,lvrt_200ms_0.650pu,0.364,recovery,rule_action,0,NaN,0.65,0.65,0.65,1,1,207.325984165785,850.438308090928,1.00505237671746,1.05253516418717,0.0105350397457044,1.06304788511366,-0.0630478851136604,-0.00505237671746372,0.141682159861915,0.346375800544038,-0.0101694824013794,0.0156652728384445,0,0,0,0,0,1,0,1,0,0.649833333333983,0.845581618052339,1.10207488249703,0.486346985609787,0.796992451478351,-0.0101793162109715,-0.0101793162109715,-0.0101793162109715,-0.0168753302212335,-0.0168753302212335,0.0157133603581299,0.0157133603581299,0.0157133603581299,-0.00810872383249776,-0.00810872383249776,0,0,0,0.95,0.95,0,0,0,0.95,0.95,0.0151256062396565,-0.0151256062396565,0.00199272701264966,-0.00199272701264966,-0.0171183332523062,0.0171183332523062,0.658783768936958,-0.95,0.427724477541034
hpt_v2_topology2_paper,topology2,fault,deep_lvrt,lvrt_200ms_0.650pu,0.366,recovery,rule_action,0,NaN,0.65,0.65,0.65,1,1,209.325358790169,846.092279081163,1.00368466859095,1.01400235518064,0.00219682259813404,1.05761534885145,-0.0576153488514537,-0.00368466859095062,0.132861454725768,0.338972132172895,-0.00800799508154077,0.0153185127476539,0,0,0,0,0,1,0,1,0,0.666500000000667,0.845581618052339,1.10207488249703,-5,-0.787694808580541,-0.0080028976441221,-0.0080028976441221,-0.0080028976441221,-0.0148376387961225,-0.0148376387961225,0.0153663190565371,0.0153663190565371,0.0153663190565371,-0.00894508842915431,-0.00894508842915431,0,0,0,0.95,0.95,0,0,0,0.95,0.95,0.00373460209338659,-0.00373460209338659,0.0127842230870017,-0.0127842230870017,-0.0165188251803883,0.0165188251803883,0.95,-0.830788441849865,-0.247325959326635
hpt_v2_topology2_paper,topology2,fault,deep_lvrt,lvrt_200ms_0.650pu,0.368,recovery,rule_action,0,NaN,0.65,0.65,0.65,1,1,209.191942794036,851.802911143459,1.00495694117507,1.03726315510027,0.0254913078499571,1.06475363892932,-0.0647536389293235,-0.00495694117506917,0.125962061186594,0.351669982115965,-0.0189985849490663,0.0210966106376188,0,0,0,0,0,1,0,0,0,0,1,1,-5,-1.07851808908799,-0.0190991942706841,-0.0190991942706841,-0.0190991942706841,-0.027335067951928,-0.027335067951928,0.0211746759989596,0.0211746759989596,0.0211746759989596,-0.00812035624303066,-0.00812035624303066,0,0,0,0.95,0.95,0,0,0,0.95,0.95,-0.00445795632298876,0.00445795632298876,0.0266206686144833,-0.0266206686144833,-0.0221627122914945,0.0221627122914945,0.95,-0.212030218122362,-0.844433510955781
hpt_v2_topology2_paper,topology2,fault,deep_lvrt,lvrt_200ms_0.650pu,0.37,recovery,rule_action,0,NaN,0.65,0.65,0.65,1,1,207.813462252483,850.854604368072,1.00584088361224,1.04989860034448,0.00975149986488432,1.06356825546009,-0.0635682554600903,-0.00584088361223856,0.131224391117485,0.356620571771573,-0.0282803575937993,0.0228699317249087,0,0,0,0,0,1,0,0,0,0,1,1,1.08808625580403,-0.413288222101516,-0.0283232643110235,-0.0283232643110235,-0.0283232643110235,-0.0360797953250865,-0.0360797953250865,0.0228484353904628,0.0228484353904628,0.0228484353904628,-0.00474411955204657,-0.00474411955204657,0,0,0,0.95,0.95,0,0,0,0.95,0.95,-0.0213377699016136,0.0213377699016136,0.0361976610179732,-0.0361976610179732,-0.0148598911163596,0.0148598911163596,0.626583174540974,0.458920871285605,-0.95
hpt_v2_topology2_paper,topology2,fault,deep_lvrt,lvrt_200ms_0.650pu,0.372,recovery,rule_action,0,NaN,0.65,0.65,0.65,1,1,208.206032587481,849.028810508464,1.00284737023124,1.03347905290348,0.0198854139270974,1.06128601313558,-0.0612860131355801,-0.0028473702312386,0.145686001165433,0.323360995392995,-0.0222897804555361,0.0135285834988448,0,0,0,0,0,1,0,0,0,0,1,1,-2.0788421315503,-0.955118033451496,-0.0221890849210904,-0.0221890849210904,-0.0221890849210904,-0.0259920431550574,-0.0259920431550574,0.0135362849882887,0.0135362849882887,0.0135362849882887,1.39120510874637e-05,1.39120510874637e-05,0,0,0,0.95,0.95,0,0,0,0.95,0.95,-0.0234527683652828,0.0234527683652828,0.0214302812190357,-0.0214302812190357,0.00202248714624708,-0.00202248714624708,-0.0217974440754366,0.95,-0.944044688445373
hpt_v2_topology2_paper,topology2,fault,deep_lvrt,lvrt_200ms_0.650pu,0.374,recovery,rule_action,0,NaN,0.65,0.65,0.65,1,1,209.842316457616,849.701685065773,1.00600438407522,1.03536938707113,0.0221179032694366,1.06212710633222,-0.0621271063322157,-0.00600438407522441,0.11822991078677,0.336218173916555,-0.0239746366445172,0.0171740071200527,0,0,0,0,0,1,0,0,0,0,1,1,-1.4312635989977,-0.590787333442311,-0.0240872398013361,-0.0240872398013361,-0.0240872398013361,-0.0295366284864511,-0.0295366284864511,0.0172282590503912,0.0172282590503912,0.0172282590503912,-0.00214373711257318,-0.00214373711257318,0,0,0,0.95,0.95,0,0,0,0.95,0.95,-0.0286479872149656,0.0286479872149656,0.00782586735723035,-0.00782586735723035,0.0208221198577352,-0.0208221198577352,-0.667936490368224,0.95,-0.441670024227972
hpt_v2_topology2_paper,topology2,fault,deep_lvrt,lvrt_200ms_0.650pu,0.376,recovery,rule_action,0,NaN,0.65,0.65,0.65,1,1,209.511415477593,849.402854755625,1.00764874670635,1.04700687725997,0.0013675231561944,1.06175356844453,-0.0617535684445309,-0.0076487467063493,0.109251164428712,0.35980652643001,-0.0341123609234387,0.0234419949886141,0,0,0,0,0,1,0,0,0,0,1,1,1.50850792068979,1.84876906699527,-0.0342126363150734,-0.0342126363150734,-0.0342126363150734,-0.0414323525366367,-0.0414323525366367,0.023472251472547,0.023472251472547,0.023472251472547,-0.00219345300788796,-0.00219345300788796,0,0,0,0.95,0.95,0,0,0,0.95,0.95,-0.0269298740229431,0.0269298740229431,-0.0138695598458841,0.0138695598458841,0.0407994338688271,-0.0407994338688271,-0.95,0.793455224890664,0.241593412912848
hpt_v2_topology2_paper,topology2,fault,deep_lvrt,lvrt_200ms_0.650pu,0.378,recovery,rule_action,0,NaN,0.65,0.65,0.65,1,1,203.310727961933,849.576008464443,1.00158888611176,1.01262707673471,0.0241976169284747,1.06197001058055,-0.0619700105805532,-0.00158888611175634,0.141678028671371,0.366828602961113,-0.0282181174921545,0.0312299531843968,0,0,0,0,0,1,0,0,0,0,1,1,-5,0.020616362978565,-0.0279445649061978,-0.0279445649061978,-0.0279445649061978,-0.0278869840506638,-0.0278869840506638,0.031376670112337,0.031376670112337,0.031376670112337,-0.031427857955851,-0.031427857955851,0,0,0,0.95,0.95,0,0,0,0.95,0.95,0.00676512101568311,-0.00676512101568311,-0.0392952386951296,0.0392952386951296,0.0325301176794465,-0.0325301176794465,-0.95,0.188201881514308,0.84711593000947
hpt_v2_topology2_paper,topology2,fault,deep_lvrt,lvrt_200ms_0.650pu,0.38,recovery,rule_action,0,NaN,0.65,0.65,0.65,1,1,208.140092360782,848.064246558197,1.0008845979801,1.04427889995246,0.0167475902149901,1.06008030819775,-0.0600803081977466,-0.000884597980095325,0.129712512405295,0.35120519040102,-0.00711798383847742,0.0205123784075346,0,0,0,0,0,1,0,0,0,0,1,1,-2.55742346882659,-0.527630317157301,-0.00707318146946091,-0.00707318146946091,-0.00707318146946091,-0.00703595769231643,-0.00703595769231643,0.0204845053941084,0.0204845053941084,0.0204845053941084,-0.0204973207198676,-0.0204973207198676,0,0,0,0.95,0.95,0,0,0,0.95,0.95,0.0200785667126474,-0.0200785667126474,-0.0171012952566402,0.0171012952566402,-0.00297727145600718,0.00297727145600718,-0.645519602697748,-0.473705544032944,0.95
hpt_v2_topology2_paper,topology2,fault,deep_lvrt,lvrt_200ms_0.650pu,0.382,recovery,rule_action,0,NaN,0.65,0.65,0.65,1,1,210.679264963394,853.183313493175,1.00273949906662,1.06322314270671,0.0247211038393886,1.06647914186647,-0.0664791418664692,-0.00273949906662363,0.121269435521766,0.337205618147986,-0.00682304230301228,0.0169240105900345,0,0,0,0,0,1,0,0,0,0,1,1,0.732684153855967,1.07305622278186,-0.0069206833261145,-0.0069206833261145,-0.0069206833261145,-0.0146691538949168,-0.0146691538949168,0.0168107535466743,0.0168107535466743,0.0168107535466743,-0.0107383991597736,-0.0107383991597736,0,0,0,0.95,0.95,0,0,0,0.95,0.95,0.0178682928646458,-0.0178682928646458,-0.00603310317894472,0.00603310317894472,-0.0118351896857011,0.0118351896857011,-0.000992455950856009,-0.936648189360192,0.937640645311048
hpt_v2_topology2_paper,topology2,fault,deep_lvrt,lvrt_200ms_0.650pu,0.384,recovery,rule_action,0,NaN,0.65,0.65,0.65,1,1,207.543159266452,849.595407309301,1.00383163618004,1.04749155150128,0.0112437961483673,1.06199425913663,-0.0619942591366258,-0.00383163618003501,0.13868693189048,0.345915408033468,-0.0173976747699399,0.0169596553032134,0,0,0,0,0,1,0,0,0,0,1,1,-1.21358463797194,-1.04065518099161,-0.0174359030643981,-0.0174359030643981,-0.0174359030643981,-0.0237659365896022,-0.0237659365896022,0.0170459959783512,0.0170459959783512,0.0170459959783512,-0.00545499336242105,-0.00545499336242105,0,0,0,0.95,0.95,0,0,0,0.95,0.95,0.0223836406904994,-0.0223836406904994,-0.00281554474073712,0.00281554474073712,-0.0195680959497623,0.0195680959497623,0.665010330023729,-0.95,0.422069863967941
hpt_v2_topology2_paper,topology2,fault,deep_lvrt,lvrt_200ms_0.650pu,0.386,recovery,rule_action,0,NaN,0.65,0.65,0.65,1,1,209.46041774162,846.174220969499,1.00373776723276,1.02468584374755,0.0130358308788106,1.05771777621187,-0.0577177762118732,-0.00373776723276276,0.124227417385577,0.338308881612454,-0.016556639441507,0.0148380795612295,0,0,0,0,0,1,0,0,0,0,1,1,-5,-0.355729483870526,-0.016599102117084,-0.016599102117084,-0.016599102117084,-0.0219515956888767,-0.0219515956888767,0.0149344810973304,0.0149344810973304,0.0149344810973304,-0.00408611838448084,-0.00408611838448084,0,0,0,0.95,0.95,0,0,0,0.95,0.95,0.0121504239897555,-0.0121504239897555,0.0101482921027827,-0.0101482921027827,-0.0222987160925382,0.0222987160925382,0.95,-0.825441814149762,-0.252309432978972
hpt_v2_topology2_paper,topology2,fault,deep_lvrt,lvrt_200ms_0.650pu,0.388,recovery,rule_action,0,NaN,0.65,0.65,0.65,1,1,209.403946791366,851.349454636378,1.00544783999048,1.04641728600042,0.026151965463426,1.06418681829547,-0.0641868182954726,-0.00544783999047738,0.11866781412595,0.355644456168245,-0.0226452580018989,0.0203719915922275,0,0,0,0,0,1,0,0,0,0,1,1,-5,-1.08496700074046,-0.022734266311319,-0.022734266311319,-0.022734266311319,-0.0300576524944536,-0.0300576524944536,0.0204400691423802,0.0204400691423802,0.0204400691423802,-0.00558397866954422,-0.00558397866954422,0,0,0,0.95,0.95,0,0,0,0.95,0.95,-0.00159503406890365,0.00159503406890365,0.0272375315613715,-0.0272375315613715,-0.0256424974924678,0.0256424974924678,0.95,-0.203217324907645,-0.848792291545942
hpt_v2_topology2_paper,topology2,fault,deep_lvrt,lvrt_200ms_0.650pu,0.39,recovery,rule_action,0,NaN,0.65,0.65,0.65,1,1,208.68227884853,849.772321421413,1.00660950636276,1.04849800991334,0.00682928322211286,1.06221540177677,-0.0622154017767662,-0.00660950636275848,0.121461836127874,0.35168039262825,-0.0315392665398899,0.0197652099358703,0,0,0,0,0,1,0,0,0,0,1,1,1.32778351459883,-0.505095092028673,-0.0315964839872395,-0.0315964839872395,-0.0315964839872395,-0.0372630580097986,-0.0372630580097986,0.019757031912323,0.019757031912323,0.019757031912323,-0.000377648115076451,-0.000377648115076451,0,0,0,0.95,0.95,0,0,0,0.95,0.95,-0.0180926008920814,0.0180926008920814,0.0372598065641256,-0.0372598065641256,-0.0191672056720443,0.0191672056720443,0.620572200893562,0.465222258419177,-0.95
hpt_v2_topology2_paper,topology2,fault,deep_lvrt,lvrt_200ms_0.650pu,0.392,recovery,rule_action,0,NaN,0.65,0.65,0.65,1,1,208.385695753047,848.233147594518,1.00387706890628,1.03513324100047,0.0148599188718318,1.06029143449315,-0.0602914344931476,-0.00387706890627659,0.136364994958708,0.325326951225889,-0.0273605200972561,0.0115936908919108,0,0,0,0,0,1,0,0,0,0,1,1,-2.39067514385383,-1.03864443057677,-0.0272694804538044,-0.0272694804538044,-0.0272694804538044,-0.0293322250062177,-0.0293322250062177,0.0116316124788264,0.0116316124788264,0.0116316124788264,0.00430575768740257,0.00430575768740257,0,0,0,0.95,0.95,0,0,0,0.95,0.95,-0.0246378880002962,0.0246378880002962,0.0265990030326645,-0.0265990030326645,-0.00196111503236826,0.00196111503236826,-0.0318802433680404,0.95,-0.938988883752057
hpt_v2_topology2_paper,topology2,fault,deep_lvrt,lvrt_200ms_0.650pu,0.394,recovery,rule_action,0,NaN,0.65,0.65,0.65,1,1,209.682960483139,849.667957957408,1.00639485315012,1.03899278562968,0.0253234454041527,1.06208494744676,-0.0620849474467595,-0.00639485315012411,0.114730906515079,0.336781023941088,-0.0280542854301223,0.0156899885738872,0,0,0,0,0,1,0,0,0,0,1,1,-1.01411097245352,-0.595126784551203,-0.0281420368189579,-0.0281420368189579,-0.0281420368189579,-0.0322058730475276,-0.0322058730475276,0.0157128496439133,0.0157128496439133,0.0157128496439133,0.00128437591784505,0.00128437591784505,0,0,0,0.95,0.95,0,0,0,0.95,0.95,-0.0318923317850708,0.0318923317850708,0.0119075658662792,-0.0119075658662792,0.0199847659187916,-0.0199847659187916,-0.675884310365824,0.95,-0.433897095338009
hpt_v2_topology2_paper,topology2,fault,deep_lvrt,lvrt_200ms_0.650pu,0.396,recovery,rule_action,0,NaN,0.65,0.65,0.65,1,1,209.569308148473,850.509114966473,1.00797011204031,1.04902615764824,0.0103106539937842,1.06313639370809,-0.0631363937080918,-0.00797011204031306,0.106836509529363,0.362743827087954,-0.0365239240535929,0.0230422129147734,0,0,0,0,0,1,0,0,0,0,1,1,2.48428578485793,1.83188279808477,-0.0366164321240553,-0.0366164321240553,-0.0366164321240553,-0.0432816937354684,-0.0432816937354684,0.0230841867005179,0.0230841867005179,0.0230841867005179,-0.000581175110473082,-0.000581175110473082,0,0,0,0.95,0.95,0,0,0,0.95,0.95,-0.0293309529692642,0.0293309529692642,-0.0129026841590533,0.0129026841590533,0.0422336371283175,-0.0422336371283175,-0.95,0.787079963940032,0.249706084241066
hpt_v2_topology2_paper,topology2,fault,deep_lvrt,lvrt_200ms_0.650pu,0.398,recovery,rule_action,0,NaN,0.65,0.65,0.65,1,1,204.421670581392,849.075132922684,1.00123059490939,1.00997795676186,0.0248771954784175,1.06134391615336,-0.0613439161533551,-0.00123059490938848,0.136275724234899,0.358666350884732,-0.0278943692191157,0.0290714494381635,0,0,0,0,0,1,0,0,0,0,1,1,-5,-0.000547851131793564,-0.0275987710926378,-0.0275987710926378,-0.0275987710926378,-0.0275632492973105,-0.0275632492973105,0.0290940587186544,0.0290940587186544,0.0290940587186544,-0.0291277137228901,-0.0291277137228901,0,0,0,0.95,0.95,0,0,0,0.95,0.95,0.00522976813011588,-0.00522976813011588,-0.0370474915453253,0.0370474915453253,0.0318177234152095,-0.0318177234152095,-0.95,0.183712558140798,0.851307909063937
hpt_v2_topology2_paper,topology2,fault,deep_lvrt,lvrt_200ms_0.650pu,0.4,tail,rule_action,0,NaN,0.65,0.65,0.65,1,1,208.712754617305,847.31982770844,1.00142750675506,1.04180776964083,0.0218681708126153,1.05914978463555,-0.05914978463555,-0.0014275067550551,0.119629758553283,0.342133817898454,-0.00816915347750072,0.017820991892713,0,0,0,0,0,1,0,0,0,0,1,1,-2.44091830036508,-0.973895261934032,-0.00815126460462385,-0.00815126460462385,-0.00815126460462385,-0.00813121200695933,-0.00813121200695933,0.0176932231460923,0.0176932231460923,0.0176932231460923,-0.0177024476061897,-0.0177024476061897,0,0,0,0.95,0.95,0,0,0,0.95,0.95,0.0172432330787862,-0.0172432330787862,-0.0164716566480166,0.0164716566480166,-0.000771576430769658,0.000771576430769658,-0.641798499601061,-0.478171274920796,0.95
hpt_v2_topology2_paper,topology2,fault,deep_lvrt,lvrt_200ms_0.650pu,0.402,tail,rule_action,0,NaN,0.65,0.65,0.65,1,1,210.732247635272,852.836893434785,1.00366454027216,1.06119722836637,0.0234348042207484,1.06604611679348,-0.0660461167934809,-0.0036645402721569,0.109369688447371,0.335849900838513,-0.0107512372594022,0.0155126032336324,0,0,0,0,0,1,0,0,0,0,1,1,1.6918676181441,0.967033615705493,-0.0108659718943663,-0.0108659718943663,-0.0108659718943663,-0.0173101709336417,-0.0173101709336417,0.0154087141144774,0.0154087141144774,0.0154087141144774,-0.00747367366955238,-0.00747367366955238,0,0,0,0.95,0.95,0,0,0,0.95,0.95,0.0188415292498964,-0.0188415292498964,-0.0100298159750954,0.0100298159750954,-0.00881171327480094,0.00881171327480094,0.00970325643131079,-0.94032350493509,0.93062024850378
hpt_v2_topology2_paper,topology2,fault,deep_lvrt,lvrt_200ms_0.650pu,0.404,tail,rule_action,0,NaN,0.65,0.65,0.65,1,1,207.569537383454,850.02601947658,1.0046433505824,1.04321136532629,0.00943730205366758,1.06253252434572,-0.0625325243457249,-0.00464335058239862,0.129271455999346,0.351724865584969,-0.0221128631567875,0.0175533482961483,0,0,0,0,0,1,0,0,0,0,1,1,-0.699572358410227,0.669371318030798,-0.0221492384734056,-0.0221492384734056,-0.0221492384734056,-0.0280959602066949,-0.0280959602066949,0.0176325472068813,0.0176325472068813,0.0176325472068813,-0.00348030257571187,-0.00348030257571187,0,0,0,0.95,0.95,0,0,0,0.95,0.95,0.0269871908371976,-0.0269871908371976,-0.00608479912611463,0.00608479912611463,-0.0209023917110829,0.0209023917110829,0.675096768577596,-0.95,0.408082611135111
