timesteps,n_updates,actor_loss,actor_base_loss,critic_loss,ent_coef,ent_coef_loss,support_actor_loss,support_actor_weighted_loss,replay_support_actor_loss,replay_support_actor_weighted_loss,support_actor_weight,learning_rate,replay_buffer_pos,replay_buffer_full
10005,2476,nan,nan,nan,nan,nan,nan,nan,nan,nan,nan,nan,0,False
10009,2477,83.65328216552734,2.4358882904052734,11845103.0,0.9954906105995178,-0.028795771300792694,0.003461481537669897,69.22962951660156,0.0005993882659822702,11.987765312194824,20000.0,3e-06,1,False
10013,2478,167.54678344726562,2.630303144454956,8705011.0,0.9954875707626343,-0.02906757779419422,0.003674219362437725,73.48439025878906,0.004571605008095503,91.43209838867188,20000.0,3e-06,2,False
10017,2479,162.76394653320312,2.703693389892578,10478718.0,0.9954846501350403,-0.029080957174301147,0.003497398691251874,69.9479751586914,0.004505613353103399,90.11226654052734,20000.0,3e-06,3,False
10021,2480,195.28138732910156,2.9895613193511963,6967234.0,0.9954816699028015,-0.028812989592552185,0.003253661096096039,65.0732192993164,0.006360930390655994,127.2186050415039,20000.0,3e-06,4,False
10025,2481,212.92588806152344,2.972353458404541,6867767.5,0.995478630065918,-0.029275069013237953,0.0034987679682672024,69.97535705566406,0.006998908706009388,139.97817993164062,20000.0,3e-06,5,False
10029,2482,175.63446044921875,3.008434772491455,7810683.0,0.9954756498336792,-0.02876031957566738,0.003610244020819664,72.20487976074219,0.005021057091653347,100.421142578125,20000.0,3e-06,6,False
10033,2483,180.6038818359375,3.0334701538085938,7991190.5,0.9954726696014404,-0.02885150909423828,0.0036112642847001553,72.22528839111328,0.005267255939543247,105.3451156616211,20000.0,3e-06,7,False
10037,2484,187.5728759765625,3.0326175689697266,8398683.0,0.9954696297645569,-0.028886504471302032,0.0035444346722215414,70.8886947631836,0.005682578310370445,113.65156555175781,20000.0,3e-06,8,False
10041,2485,187.32687377929688,3.0752527713775635,8261440.0,0.9954667091369629,-0.029064498841762543,0.003469545394182205,69.39090728759766,0.005743035115301609,114.86070251464844,20000.0,3e-06,9,False
10045,2486,191.42201232910156,3.035999298095703,7306079.5,0.9954636693000793,-0.02909165807068348,0.003778275102376938,75.56549835205078,0.0056410254910588264,112.82051086425781,20000.0,3e-06,10,False
10049,2487,159.33297729492188,3.0320653915405273,5284721.5,0.9954606890678406,-0.028978094458580017,0.003371832426637411,67.4366455078125,0.0044432133436203,88.86426544189453,20000.0,3e-06,11,False
10053,2488,161.44418334960938,3.0671396255493164,5971548.5,0.9954577088356018,-0.02907181717455387,0.00317684980109334,63.53699493408203,0.004742003045976162,94.84005737304688,20000.0,3e-06,12,False
10057,2489,167.45584106445312,2.993861198425293,9878196.0,0.9954546689987183,-0.02910882979631424,0.0034883443731814623,69.76688385009766,0.00473475456237793,94.6950912475586,20000.0,3e-06,13,False
10061,2490,160.32614135742188,3.0113162994384766,6805022.5,0.9954517483711243,-0.02888018637895584,0.0036131665110588074,72.2633285522461,0.004252574872225523,85.05149841308594,20000.0,3e-06,14,False
10065,2491,175.3799591064453,3.099428415298462,6937373.0,0.9954487681388855,-0.0292135588824749,0.0037090603727847338,74.18120574951172,0.004904966335743666,98.09932708740234,20000.0,3e-06,15,False
10069,2492,157.6780242919922,3.168064594268799,6224099.0,0.995445728302002,-0.028897326439619064,0.0035045668482780457,70.09133911132812,0.004220930859446526,84.41861724853516,20000.0,3e-06,16,False
10073,2493,164.69964599609375,3.155616283416748,8954636.0,0.9954427480697632,-0.029159847646951675,0.0034087602980434895,68.17520904541016,0.0046684411354362965,93.36882019042969,20000.0,3e-06,17,False
10077,2494,169.78164672851562,3.0225930213928223,7845658.0,0.9954397678375244,-0.02940627746284008,0.003861532546579838,77.23065185546875,0.004476419650018215,89.52839660644531,20000.0,3e-06,18,False
10081,2495,164.99317932128906,3.1047377586364746,6823529.5,0.9954367280006409,-0.0291883647441864,0.003507723566144705,70.15447235107422,0.004586698487401009,91.73397064208984,20000.0,3e-06,19,False
10085,2496,160.97901916503906,3.114013195037842,8051957.5,0.9954338073730469,-0.029416140168905258,0.0034695265349000692,69.39053344726562,0.004423723556101322,88.47447204589844,20000.0,3e-06,20,False
10089,2497,168.30682373046875,3.126265048980713,8720487.0,0.9954307675361633,-0.029606886208057404,0.0034695197828114033,69.39039611816406,0.004789508413523436,95.79016876220703,20000.0,3e-06,21,False
10093,2498,158.21746826171875,3.1869144439697266,8675314.0,0.9954277873039246,-0.029057372361421585,0.0035249562934041023,70.4991226196289,0.004226571414619684,84.53142547607422,20000.0,3e-06,22,False
10097,2499,165.39862060546875,3.25801420211792,8980542.0,0.9954248070716858,-0.029037702828645706,0.0034461019095033407,68.92203521728516,0.004660929087549448,93.21858215332031,20000.0,3e-06,23,False
10101,2500,163.78045654296875,3.35581111907959,7797507.0,0.9954217672348022,-0.029115401208400726,0.0035005041863769293,70.01008605957031,0.004520728252828121,90.41456604003906,20000.0,3e-06,24,False
10105,2501,175.44549560546875,3.2558181285858154,6989464.0,0.9954188466072083,-0.02932935766875744,0.0037617324851453304,75.23464965820312,0.004847751464694738,96.95503234863281,20000.0,3e-06,25,False
10109,2502,158.6411590576172,3.2537198066711426,7822221.5,0.9954157471656799,-0.029022686183452606,0.003753778524696827,75.07556915283203,0.004015593323856592,80.3118667602539,20000.0,3e-06,26,False
10113,2503,168.17623901367188,3.134190559387207,7806541.0,0.9954128265380859,-0.029674289748072624,0.003607717342674732,72.15435028076172,0.004644385073333979,92.88770294189453,20000.0,3e-06,27,False
10117,2504,166.8227081298828,3.3350162506103516,7067882.0,0.9954098463058472,-0.02918865904211998,0.0035263560712337494,70.5271224975586,0.004648028407245874,92.9605712890625,20000.0,3e-06,28,False
10121,2505,163.76809692382812,3.093562364578247,7759999.0,0.9954068064689636,-0.030031513422727585,0.0033714058808982372,67.42811584472656,0.004662321414798498,93.24642944335938,20000.0,3e-06,29,False
10125,2506,169.54978942871094,3.333679437637329,8737254.0,0.9954038262367249,-0.029104964807629585,0.003716303501278162,74.3260726928711,0.004594502039253712,91.8900375366211,20000.0,3e-06,30,False
10129,2507,169.22488403320312,3.3129570484161377,8182536.5,0.9954007863998413,-0.0291646309196949,0.003656469052657485,73.12937927246094,0.004639127757400274,92.78255462646484,20000.0,3e-06,31,False
10133,2508,166.94334411621094,3.298842430114746,7298856.0,0.9953978657722473,-0.029312705621123314,0.0036205966025590897,72.41193389892578,0.0045616282150149345,91.2325668334961,20000.0,3e-06,32,False
10137,2509,188.6781005859375,3.287113666534424,5965454.0,0.9953948855400085,-0.02935001067817211,0.0036490531638264656,72.98106384277344,0.0056204963475465775,112.40992736816406,20000.0,3e-06,33,False
10141,2510,163.74005126953125,3.324653148651123,7445880.0,0.995391845703125,-0.029299844056367874,0.003519632387906313,70.39264678955078,0.004501137882471085,90.02275848388672,20000.0,3e-06,34,False
10145,2511,170.646728515625,3.262397289276123,5789597.0,0.9953888654708862,-0.029726408421993256,0.0035717200953513384,71.43440246582031,0.004797495901584625,95.94992065429688,20000.0,3e-06,35,False
10149,2512,171.08651733398438,3.292177200317383,8000490.0,0.9953859448432922,-0.029449395835399628,0.0035676341503858566,71.3526840209961,0.004822082817554474,96.44165802001953,20000.0,3e-06,36,False
10153,2513,186.319091796875,3.4217138290405273,9245068.0,0.9953829050064087,-0.0291861854493618,0.0035554110072553158,71.10822296142578,0.005589458160102367,111.7891616821289,20000.0,3e-06,37,False
10157,2514,169.12698364257812,3.34515380859375,6972128.0,0.9953799247741699,-0.0297231525182724,0.003622906282544136,72.45812225341797,0.0046661850064992905,93.32369995117188,20000.0,3e-06,38,False
10161,2515,183.13223266601562,3.3133554458618164,7497974.0,0.9953769445419312,-0.029689282178878784,0.003630861174315214,72.61722564697266,0.005360082723200321,107.20165252685547,20000.0,3e-06,39,False
10165,2516,182.51124572753906,3.371018171310425,7624767.0,0.9953739047050476,-0.029411057010293007,0.0034987679682672024,69.97535705566406,0.005458243656903505,109.16487121582031,20000.0,3e-06,40,False
10169,2517,181.9794464111328,3.486743688583374,7067926.0,0.9953709244728088,-0.029596731066703796,0.003408646211028099,68.17292785644531,0.005515988916158676,110.31977844238281,20000.0,3e-06,41,False
10173,2518,203.9386444091797,3.4469308853149414,8548776.0,0.9953680038452148,-0.029461657628417015,0.0035676665138453245,71.35333251953125,0.006456919014453888,129.1383819580078,20000.0,3e-06,42,False
10177,2519,187.40768432617188,3.549424648284912,8336485.5,0.9953649640083313,-0.02924855425953865,0.003599480027332902,71.9896011352539,0.005593433044850826,111.86865997314453,20000.0,3e-06,43,False
10181,2520,178.812255859375,3.4050848484039307,8192584.0,0.9953619837760925,-0.02987058088183403,0.0035059708170592785,70.11941528320312,0.005264388397336006,105.28776550292969,20000.0,3e-06,44,False
10185,2521,189.07199096679688,3.472445487976074,8455365.0,0.9953590035438538,-0.029676761478185654,0.0032716626301407814,65.4332504272461,0.006008314900100231,120.16629791259766,20000.0,3e-06,45,False
10189,2522,195.21884155273438,3.458120346069336,8979705.0,0.9953559637069702,-0.029898028820753098,0.003378979628905654,67.57958984375,0.006209056358784437,124.1811294555664,20000.0,3e-06,46,False
10193,2523,201.4263916015625,3.3690624237060547,8774830.0,0.9953530430793762,-0.030139002948999405,0.0033211123663932085,66.42224884033203,0.006581753958016634,131.6350860595703,20000.0,3e-06,47,False
10197,2524,199.57699584960938,3.5842902660369873,9913526.0,0.9953500628471375,-0.029406510293483734,0.0035406402312219143,70.81280517578125,0.006258995272219181,125.1799087524414,20000.0,3e-06,48,False
10201,2525,187.0758056640625,3.555126667022705,8430937.0,0.9953470230102539,-0.029742296785116196,0.003340243361890316,66.80487060546875,0.005835790652781725,116.71581268310547,20000.0,3e-06,49,False
10205,2526,233.11270141601562,3.510215997695923,10847742.0,0.9953440427780151,-0.030071526765823364,0.003689554985612631,73.79109954833984,0.007790569216012955,155.81138610839844,20000.0,3e-06,50,False
10209,2527,197.72314453125,3.523216485977173,9695872.0,0.9953411221504211,-0.02980828285217285,0.003429331351071596,68.58662414550781,0.006280665751546621,125.61331176757812,20000.0,3e-06,51,False
10213,2528,218.69570922851562,3.5954272747039795,8650418.0,0.9953380823135376,-0.029766930267214775,0.0033661960624158382,67.32392120361328,0.0073888180777430534,147.7763671875,20000.0,3e-06,52,False
10217,2529,206.8123321533203,3.5293524265289307,9372180.0,0.9953351020812988,-0.03010568395256996,0.003497112076729536,69.9422378540039,0.00666703749448061,133.3407440185547,20000.0,3e-06,53,False
10221,2530,206.96633911132812,3.618102550506592,9974352.0,0.9953320622444153,-0.029634054750204086,0.003500314662232995,70.00629425048828,0.006667097099125385,133.34194946289062,20000.0,3e-06,54,False
10225,2531,207.9406280517578,3.500555992126465,7691207.0,0.9953290820121765,-0.029751557856798172,0.003663608804345131,73.27217864990234,0.006558394990861416,131.1678924560547,20000.0,3e-06,55,False
10229,2532,209.9630889892578,3.6496918201446533,10009628.0,0.9953261017799377,-0.029609866440296173,0.0033941161818802357,67.88232421875,0.006921553984284401,138.4310760498047,20000.0,3e-06,56,False
10233,2533,242.28253173828125,3.656869411468506,9588800.0,0.9953230619430542,-0.029962465167045593,0.003269094740971923,65.38189697265625,0.008662188425660133,173.2437744140625,20000.0,3e-06,57,False
10237,2534,211.38424682617188,3.5944347381591797,7848311.0,0.9953201413154602,-0.029794927686452866,0.003451694268733263,69.03388214111328,0.006937796715646982,138.7559356689453,20000.0,3e-06,58,False
10241,2535,229.95367431640625,3.808692455291748,9708516.0,0.9953171610832214,-0.02953331172466278,0.003571606706827879,71.43213653564453,0.00773564213886857,154.7128448486328,20000.0,3e-06,59,False
10245,2536,199.9477081298828,3.646479606628418,9556868.0,0.9953141212463379,-0.029983263462781906,0.0034594908356666565,69.1898193359375,0.006355570629239082,127.11141204833984,20000.0,3e-06,60,False
10249,2537,201.43072509765625,3.5674126148223877,10942253.0,0.9953111410140991,-0.02997388318181038,0.003244293387979269,64.8858642578125,0.006648872047662735,132.97744750976562,20000.0,3e-06,61,False
10253,2538,237.80738830566406,3.677711009979248,10058525.0,0.9953082203865051,-0.029772136360406876,0.0035891500301659107,71.78299713134766,0.008117333985865116,162.3466796875,20000.0,3e-06,62,False
10257,2539,240.4468231201172,3.551579475402832,9980316.0,0.9953051805496216,-0.030340097844600677,0.003353405511006713,67.06810760498047,0.00849135685712099,169.82713317871094,20000.0,3e-06,63,False
10261,2540,201.15911865234375,3.664799213409424,9614425.0,0.9953022003173828,-0.030018407851457596,0.0033811423927545547,67.62284851074219,0.006493574008345604,129.87147521972656,20000.0,3e-06,64,False
10265,2541,199.4021759033203,3.502079963684082,9013085.0,0.995299220085144,-0.030369833111763,0.0032677524723112583,65.35504913330078,0.006527252029627562,130.5450439453125,20000.0,3e-06,65,False
10269,2542,226.42738342285156,3.816305637359619,8604896.0,0.9952961802482605,-0.02979438006877899,0.003538153599947691,70.76306915283203,0.007592400535941124,151.84800720214844,20000.0,3e-06,66,False
10273,2543,217.21395874023438,3.7319836616516113,7839478.0,0.9952932596206665,-0.030091311782598495,0.003302475903183222,66.04951477050781,0.0073716226033866405,147.4324493408203,20000.0,3e-06,67,False
10277,2544,211.80235290527344,3.7167739868164062,9959840.0,0.9952902793884277,-0.030069008469581604,0.0035525409039109945,71.05081939697266,0.006851738318800926,137.03475952148438,20000.0,3e-06,68,False
10281,2545,214.32159423828125,3.7256948947906494,8919840.0,0.9952872395515442,-0.029928147792816162,0.0036489414051175117,72.97882843017578,0.006880853325128555,137.6170654296875,20000.0,3e-06,69,False
10285,2546,244.49581909179688,3.796189785003662,9420417.0,0.9952842593193054,-0.02989600971341133,0.00347888027317822,69.57760620117188,0.008556101471185684,171.1220245361328,20000.0,3e-06,70,False
10289,2547,223.29534912109375,3.694157361984253,9158986.0,0.9952812790870667,-0.030251208692789078,0.00358487106859684,71.69741821289062,0.007395189255475998,147.90377807617188,20000.0,3e-06,71,False
10293,2548,211.8887481689453,3.721764326095581,7987350.0,0.9952782392501831,-0.029737908393144608,0.003321274882182479,66.42549896240234,0.0070870742201805115,141.74148559570312,20000.0,3e-06,72,False
10297,2549,221.36703491210938,3.6899185180664062,9424115.0,0.9952753186225891,-0.03056003525853157,0.00336493831127882,67.29876708984375,0.007518916856497526,150.3783416748047,20000.0,3e-06,73,False
10301,2550,209.35870361328125,3.5287952423095703,9430248.0,0.9952723383903503,-0.030378758907318115,0.003398589324206114,67.97178649902344,0.0068929060362279415,137.85812377929688,20000.0,3e-06,74,False
10305,2551,240.513671875,3.747819662094116,7857823.5,0.9952693581581116,-0.030144844204187393,0.0037841126322746277,75.6822509765625,0.008054180070757866,161.08360290527344,20000.0,3e-06,75,False
10309,2552,232.35614013671875,3.7412495613098145,8108528.0,0.995266318321228,-0.030479073524475098,0.00341533194296062,68.306640625,0.008015412837266922,160.30825805664062,20000.0,3e-06,76,False
10313,2553,223.9159698486328,3.6451141834259033,9184015.0,0.995263397693634,-0.030463270843029022,0.003266465850174427,65.32931518554688,0.007747076917439699,154.94154357910156,20000.0,3e-06,77,False
10317,2554,206.0792999267578,3.867300033569336,8797244.0,0.9952604174613953,-0.030037976801395416,0.0032858732156455517,65.71746063232422,0.0068247271701693535,136.49453735351562,20000.0,3e-06,78,False
10321,2555,235.52899169921875,3.6372227668762207,8315450.0,0.9952573776245117,-0.030467180535197258,0.003634212538599968,72.68424987792969,0.00796037632972002,159.20751953125,20000.0,3e-06,79,False
10325,2556,240.1795654296875,3.8630900382995605,7887219.0,0.995254397392273,-0.030181925743818283,0.0033284141682088375,66.56828308105469,0.008487408980727196,169.74818420410156,20000.0,3e-06,80,False
10329,2557,197.89297485351562,3.7350945472717285,8411627.0,0.995251476764679,-0.030210372060537338,0.0033762382809072733,67.52476501464844,0.006331656128168106,126.63312530517578,20000.0,3e-06,81,False
10333,2558,202.69119262695312,3.758143424987793,8308721.5,0.9952484369277954,-0.03055519610643387,0.00366775831207633,73.35516357421875,0.00627889484167099,125.57789611816406,20000.0,3e-06,82,False
10337,2559,221.36773681640625,3.805211067199707,8827400.0,0.9952454566955566,-0.03047717921435833,0.003399008186534047,67.98016357421875,0.007479118183255196,149.58236694335938,20000.0,3e-06,83,False
10341,2560,217.02938842773438,3.8946127891540527,9314674.0,0.9952424168586731,-0.030394334346055984,0.003210425144061446,64.20850372314453,0.00744631327688694,148.92626953125,20000.0,3e-06,84,False
10345,2561,215.9532928466797,3.830003499984741,9354008.0,0.9952394366264343,-0.030238859355449677,0.003402732079848647,68.05464172363281,0.0072034322656691074,144.0686492919922,20000.0,3e-06,85,False
10349,2562,229.42669677734375,3.950516700744629,9671167.0,0.9952364563941956,-0.030329573899507523,0.003369297832250595,67.38595581054688,0.00790451094508171,158.09022521972656,20000.0,3e-06,86,False
10353,2563,218.9530029296875,3.8284120559692383,8348330.0,0.995233416557312,-0.030758652836084366,0.003150776494294405,63.01552963256836,0.007605452556163073,152.1090545654297,20000.0,3e-06,87,False
10357,2564,210.21286010742188,3.8681399822235107,9888314.0,0.995230495929718,-0.030191540718078613,0.003268251661211252,65.36503601074219,0.007048984058201313,140.97967529296875,20000.0,3e-06,88,False
10361,2565,226.51797485351562,3.8028321266174316,8654776.0,0.9952275156974792,-0.030753424391150475,0.003319974523037672,66.39949035644531,0.00781578291207552,156.31565856933594,20000.0,3e-06,89,False
10365,2566,216.80950927734375,3.919936418533325,9120003.0,0.9952244758605957,-0.030687835067510605,0.0031541273929178715,63.08254623413086,0.007490350864827633,149.80702209472656,20000.0,3e-06,90,False
10369,2567,216.55377197265625,3.6810832023620605,8151712.5,0.9952214956283569,-0.03107098489999771,0.0033717115875333548,67.43423461914062,0.007271922659128904,145.43844604492188,20000.0,3e-06,91,False
10373,2568,215.43174743652344,3.76210880279541,9259867.0,0.9952185750007629,-0.030821841210126877,0.0033951420336961746,67.90283966064453,0.007188339717686176,143.7667999267578,20000.0,3e-06,92,False
10377,2569,204.12857055664062,3.8506956100463867,8383679.0,0.9952155351638794,-0.030641086399555206,0.0032088574953377247,64.1771469116211,0.006805036682635546,136.10073852539062,20000.0,3e-06,93,False
10381,2570,229.51815795898438,3.9866185188293457,9976193.0,0.9952125549316406,-0.030393296852707863,0.003238118253648281,64.76236724853516,0.008038459345698357,160.76918029785156,20000.0,3e-06,94,False
10385,2571,203.52279663085938,3.88014554977417,9324922.0,0.9952095150947571,-0.030323967337608337,0.003304514568299055,66.09029388427734,0.006677617318928242,133.55235290527344,20000.0,3e-06,95,False
10389,2572,204.50521850585938,4.027337074279785,7658745.0,0.9952065348625183,-0.030319474637508392,0.003313732799142599,66.274658203125,0.00671016052365303,134.20321655273438,20000.0,3e-06,96,False
10393,2573,227.79209899902344,3.9254848957061768,7209016.5,0.9952036142349243,-0.030433414503932,0.0032798564061522484,65.59712982177734,0.00791347399353981,158.2694854736328,20000.0,3e-06,97,False
10397,2574,214.44882202148438,4.014959335327148,9588697.0,0.9952005743980408,-0.03055477887392044,0.0033527626655995846,67.05525207519531,0.00716893095523119,143.3786163330078,20000.0,3e-06,98,False
10401,2575,223.19882202148438,4.0363287925720215,7968533.0,0.995197594165802,-0.030665166676044464,0.003350847400724888,67.0169448852539,0.007607276551425457,152.14553833007812,20000.0,3e-06,99,False
10405,2576,218.12399291992188,3.925950765609741,7993430.0,0.9951946139335632,-0.030822541564702988,0.0032191420905292034,64.38284301757812,0.007490759715437889,149.81520080566406,20000.0,3e-06,100,False
10409,2577,208.98431396484375,3.803507089614868,9166828.0,0.9951915740966797,-0.03126273304224014,0.0031961044296622276,63.922088623046875,0.007062936667352915,141.25872802734375,20000.0,3e-06,101,False
10413,2578,210.26014709472656,4.034132957458496,9446300.0,0.9951885938644409,-0.030771031975746155,0.003314495086669922,66.28990173339844,0.006996805779635906,139.9361114501953,20000.0,3e-06,102,False
10417,2579,210.64361572265625,3.9589083194732666,7651940.0,0.9951856732368469,-0.030558248981833458,0.003513611853122711,70.2722396850586,0.006820622831583023,136.41246032714844,20000.0,3e-06,103,False
10421,2580,209.69558715820312,3.9838991165161133,7671773.0,0.9951826333999634,-0.030972421169281006,0.003362082876265049,67.24166107177734,0.006923500448465347,138.4700164794922,20000.0,3e-06,104,False
10425,2581,211.57037353515625,4.04135799407959,8994866.0,0.9951796531677246,-0.03051866963505745,0.003516498953104019,70.3299789428711,0.00685995165258646,137.19903564453125,20000.0,3e-06,105,False
10429,2582,226.03634643554688,3.9509153366088867,10345492.0,0.9951766729354858,-0.031224871054291725,0.003516251454129815,70.32502746582031,0.007588020525872707,151.76040649414062,20000.0,3e-06,106,False
10433,2583,217.0887451171875,4.072108745574951,9009016.0,0.9951736330986023,-0.030752021819353104,0.0033868260215967894,67.73651885986328,0.0072640059515833855,145.28012084960938,20000.0,3e-06,107,False
10437,2584,214.53140258789062,4.1614885330200195,8878449.0,0.9951707124710083,-0.03085501864552498,0.0031653507612645626,63.30701446533203,0.007353144697844982,147.06289672851562,20000.0,3e-06,108,False
10441,2585,237.2675018310547,4.150051116943359,9526126.0,0.9951676726341248,-0.030928172171115875,0.003377679269760847,67.5535888671875,0.008278192952275276,165.56385803222656,20000.0,3e-06,109,False
10445,2586,204.6185302734375,4.139636039733887,8225378.0,0.995164692401886,-0.030764086171984673,0.003045653458684683,60.91307067871094,0.0069782910868525505,139.56582641601562,20000.0,3e-06,110,False
10449,2587,196.77642822265625,4.136446952819824,10458822.0,0.9951617121696472,-0.030711079016327858,0.003276777919381857,65.53556060791016,0.0063552213832736015,127.10443115234375,20000.0,3e-06,111,False
10453,2588,189.9644012451172,4.01556396484375,8492402.0,0.9951586723327637,-0.031035857275128365,0.00307095842435956,61.41917037963867,0.006226483266800642,124.5296630859375,20000.0,3e-06,112,False
10457,2589,213.49942016601562,3.9698731899261475,7880324.0,0.9951557517051697,-0.03129246458411217,0.003299887990579009,65.99775695800781,0.007176589220762253,143.5317840576172,20000.0,3e-06,113,False
10461,2590,215.23468017578125,4.195479869842529,9793848.0,0.9951527714729309,-0.03086000680923462,0.003322222735732794,66.4444580078125,0.007229737006127834,144.59474182128906,20000.0,3e-06,114,False
10465,2591,197.2030029296875,4.020055770874023,9399976.0,0.9951497316360474,-0.030991561710834503,0.003108619013801217,62.17237854003906,0.0065505290403962135,131.0105743408203,20000.0,3e-06,115,False
10469,2592,205.4363250732422,3.883246660232544,9503837.0,0.9951467514038086,-0.031352415680885315,0.0031067172531038523,62.13434600830078,0.006970936432480812,139.41873168945312,20000.0,3e-06,116,False
10473,2593,210.2065887451172,4.225793838500977,9279728.0,0.9951438307762146,-0.030656196177005768,0.0031701219268143177,63.40243911743164,0.00712891761213541,142.57835388183594,20000.0,3e-06,117,False
10477,2594,198.00552368164062,4.032003402709961,8890968.0,0.995140790939331,-0.031508494168519974,0.0031957742758095264,63.91548538208008,0.00650290260091424,130.05804443359375,20000.0,3e-06,118,False
10481,2595,212.06752014160156,4.0242085456848145,10488736.0,0.9951378107070923,-0.03150322288274765,0.003480358514934778,69.60717010498047,0.006921807304024696,138.43614196777344,20000.0,3e-06,119,False
10485,2596,197.99398803710938,4.010690689086914,8554112.0,0.9951347708702087,-0.03137696906924248,0.003089192323386669,61.78384780883789,0.006609972566366196,132.19944763183594,20000.0,3e-06,120,False
10489,2597,193.09701538085938,4.043437957763672,7933402.0,0.99513179063797,-0.031676582992076874,0.003402969567105174,68.05939483642578,0.006049709394574165,120.99418640136719,20000.0,3e-06,121,False
10493,2598,211.3372802734375,4.279815673828125,9675310.0,0.9951287508010864,-0.03065554052591324,0.0032961899414658546,65.92379760742188,0.007056683301925659,141.1336669921875,20000.0,3e-06,122,False
10497,2599,212.33230590820312,3.9749629497528076,8965534.0,0.9951258301734924,-0.03164003789424896,0.00341164437122643,68.2328872680664,0.007006223313510418,140.1244659423828,20000.0,3e-06,123,False
10501,2600,200.73345947265625,4.177806854248047,8788044.0,0.9951228499412537,-0.031005121767520905,0.0032588408794254065,65.17681884765625,0.0065689412876963615,131.3788299560547,20000.0,3e-06,124,False
10505,2601,199.17092895507812,4.183151721954346,8792642.0,0.9951198101043701,-0.0313728004693985,0.003224835731089115,64.49671173095703,0.0065245539881289005,130.49107360839844,20000.0,3e-06,125,False
10509,2602,207.96434020996094,4.140146255493164,9136245.0,0.9951168298721313,-0.031090734526515007,0.0033074740786105394,66.14948272705078,0.00688373576849699,137.67471313476562,20000.0,3e-06,126,False
10513,2603,218.8866729736328,4.2542219161987305,9177457.0,0.9951137900352478,-0.031379979103803635,0.0031241807155311108,62.48361587524414,0.007607441395521164,152.14883422851562,20000.0,3e-06,127,False
10517,2604,198.91445922851562,4.170206069946289,7794253.0,0.995110809803009,-0.03133470565080643,0.003269082633778453,65.38165283203125,0.006468130741268396,129.36260986328125,20000.0,3e-06,128,False
10521,2605,200.8817138671875,4.162454605102539,9234777.0,0.9951077699661255,-0.031548455357551575,0.003627970814704895,72.55941772460938,0.006207991857081652,124.15983581542969,20000.0,3e-06,129,False
10525,2606,211.3510284423828,4.067050933837891,10013866.0,0.9951048493385315,-0.03185492008924484,0.003087315708398819,61.746315002441406,0.007276882883161306,145.53765869140625,20000.0,3e-06,130,False
10529,2607,211.6997833251953,4.135005950927734,8579718.0,0.995101809501648,-0.031644273549318314,0.003552328795194626,71.04657745361328,0.006825909949839115,136.51820373535156,20000.0,3e-06,131,False
10533,2608,187.28424072265625,4.452295303344727,9245039.0,0.9950988292694092,-0.030902203172445297,0.003239358775317669,64.78717803955078,0.005902238190174103,118.04476165771484,20000.0,3e-06,132,False
10537,2609,189.04180908203125,4.1603899002075195,9529738.0,0.9950957894325256,-0.031779319047927856,0.0032331570982933044,64.66313934326172,0.006010913290083408,120.21826934814453,20000.0,3e-06,133,False
10541,2610,198.24435424804688,4.313487529754639,9280634.0,0.9950928092002869,-0.031402796506881714,0.003372261067852378,67.44522094726562,0.006324282847344875,126.48565673828125,20000.0,3e-06,134,False
10545,2611,172.9453887939453,4.184745788574219,9251688.0,0.9950897693634033,-0.031466975808143616,0.0034044049680233,68.08809661865234,0.005033627152442932,100.67254638671875,20000.0,3e-06,135,False
10549,2612,213.35302734375,4.315756797790527,9005908.0,0.9950868487358093,-0.031613193452358246,0.003464719280600548,69.29438781738281,0.006987144239246845,139.74288940429688,20000.0,3e-06,136,False
10553,2613,203.62969970703125,4.227449893951416,10699788.0,0.9950838088989258,-0.03183058276772499,0.0031961603090167046,63.9232063293457,0.006773951463401318,135.47903442382812,20000.0,3e-06,137,False
10557,2614,178.43655395507812,4.317248344421387,8220067.0,0.995080828666687,-0.03135208413004875,0.003148996504023671,62.97993087768555,0.005556968506425619,111.13937377929688,20000.0,3e-06,138,False
10561,2615,183.55624389648438,4.216996192932129,10503506.0,0.9950777888298035,-0.0318831130862236,0.0032208021730184555,64.41604614257812,0.005746160633862019,114.92321014404297,20000.0,3e-06,139,False
10565,2616,202.91412353515625,4.2328948974609375,11106768.0,0.9950748085975647,-0.03161660209298134,0.003294921014457941,65.89842224121094,0.0066391401924192905,132.78280639648438,20000.0,3e-06,140,False
10569,2617,200.0457305908203,4.464691162109375,10297509.0,0.9950717687606812,-0.031448282301425934,0.0030797033105045557,61.59406661987305,0.006699348334223032,133.98696899414062,20000.0,3e-06,141,False
10573,2618,193.84463500976562,4.252098083496094,8537008.0,0.9950688481330872,-0.031784139573574066,0.003179063554853201,63.58127212524414,0.006300562992691994,126.01126098632812,20000.0,3e-06,142,False
10577,2619,207.2083282470703,4.358682632446289,9072750.0,0.9950657486915588,-0.031627021729946136,0.00317790312692523,63.55806350708008,0.006964579224586487,139.2915802001953,20000.0,3e-06,143,False
10581,2620,227.86514282226562,4.483466625213623,9917547.0,0.9950628280639648,-0.03129630535840988,0.003193075768649578,63.861515045166016,0.007976008579134941,159.52017211914062,20000.0,3e-06,144,False
10585,2621,200.4689483642578,4.325901031494141,7842187.0,0.9950597882270813,-0.031578823924064636,0.0032091455068439245,64.18290710449219,0.006598006933927536,131.96014404296875,20000.0,3e-06,145,False
10589,2622,211.0330047607422,4.37497091293335,10359243.0,0.9950568079948425,-0.03138811141252518,0.003283643163740635,65.67286682128906,0.007049258332699537,140.98516845703125,20000.0,3e-06,146,False
10593,2623,194.59817504882812,4.494082450866699,9795206.0,0.995053768157959,-0.0317457914352417,0.003171267919242382,63.425357818603516,0.006333936471492052,126.67872619628906,20000.0,3e-06,147,False
10597,2624,191.8175048828125,4.277944564819336,9071776.0,0.9950507879257202,-0.03193921968340874,0.0031290322076529264,62.58064270019531,0.006247945595532656,124.95891571044922,20000.0,3e-06,148,False
10601,2625,195.61795043945312,4.3824143409729,8422913.0,0.9950477480888367,-0.03200741857290268,0.0031887905206531286,63.77581024169922,0.0063729858957231045,127.459716796875,20000.0,3e-06,149,False
10605,2626,188.04592895507812,4.456826686859131,10174938.0,0.9950448274612427,-0.031738102436065674,0.0032478750217705965,64.9574966430664,0.005931580439209938,118.63160705566406,20000.0,3e-06,150,False
10609,2627,196.95372009277344,4.300603866577148,8859062.0,0.9950418472290039,-0.03201797604560852,0.0031165913678705692,62.33182907104492,0.006516064517199993,130.3212890625,20000.0,3e-06,151,False
10613,2628,206.47386169433594,4.41682243347168,10000958.0,0.9950388073921204,-0.032005228102207184,0.003342897165566683,66.85794067382812,0.006759954616427422,135.1990966796875,20000.0,3e-06,152,False
10617,2629,197.74197387695312,4.553260326385498,10542600.0,0.9950358271598816,-0.03166751563549042,0.003119093831628561,62.38187789916992,0.006540341768413782,130.8068389892578,20000.0,3e-06,153,False
10621,2630,206.01205444335938,4.50635290145874,9108594.0,0.995032787322998,-0.03148063272237778,0.0031722376588732004,63.44475173950195,0.0069030472077429295,138.06094360351562,20000.0,3e-06,154,False
10625,2631,219.767578125,4.389402866363525,9835618.0,0.995029866695404,-0.03236744552850723,0.0035063563846051693,70.12712860107422,0.007262552157044411,145.25103759765625,20000.0,3e-06,155,False
10629,2632,194.08349609375,4.460711479187012,8886227.0,0.9950268268585205,-0.03183385729789734,0.0033038323745131493,66.07664489746094,0.006177307106554508,123.546142578125,20000.0,3e-06,156,False
10633,2633,193.95933532714844,4.720941543579102,10788605.0,0.9950238466262817,-0.031103748828172684,0.002966685686260462,59.33371353149414,0.006495234090834856,129.90467834472656,20000.0,3e-06,157,False
10637,2634,202.88104248046875,4.4992828369140625,10387176.0,0.9950208067893982,-0.03186911344528198,0.0031450451351702213,62.900901794433594,0.006774042267352343,135.48085021972656,20000.0,3e-06,158,False
10641,2635,199.57522583007812,4.71445369720459,11455738.0,0.9950178265571594,-0.031472302973270416,0.0032480009831488132,64.96002197265625,0.006495037116110325,129.90074157714844,20000.0,3e-06,159,False
10645,2636,188.77598571777344,4.629337310791016,8119705.5,0.9950147867202759,-0.03156432881951332,0.003353772684931755,67.07545471191406,0.005853559821844101,117.07119750976562,20000.0,3e-06,160,False
10649,2637,191.19265747070312,4.473567485809326,10830323.0,0.9950118660926819,-0.031974874436855316,0.0032406793907284737,64.81359100341797,0.006095275282859802,121.90550231933594,20000.0,3e-06,161,False
10653,2638,183.49851989746094,4.526669025421143,11019662.0,0.9950088858604431,-0.0319221131503582,0.003164940048009157,63.29880142211914,0.005783652421087027,115.67304992675781,20000.0,3e-06,162,False
10657,2639,188.14056396484375,4.428437232971191,9637268.0,0.9950059056282043,-0.03238092362880707,0.0032237370032817125,64.47473907470703,0.005961869843304157,119.23739624023438,20000.0,3e-06,163,False
10661,2640,201.3218536376953,4.603954315185547,8396440.0,0.9950028657913208,-0.031921181827783585,0.003307024948298931,66.14049530029297,0.006528870202600956,130.57740783691406,20000.0,3e-06,164,False
10665,2641,213.95071411132812,4.692209720611572,9340609.0,0.9949999451637268,-0.03136495500802994,0.003216783981770277,64.33567810058594,0.007246141321957111,144.92282104492188,20000.0,3e-06,165,False
10669,2642,187.00927734375,4.559695720672607,9323188.0,0.9949969053268433,-0.03175024315714836,0.003270115004852414,65.40229797363281,0.005852364003658295,117.04727935791016,20000.0,3e-06,166,False
10673,2643,181.82537841796875,4.748121738433838,7288232.0,0.9949939250946045,-0.03140569478273392,0.003236821386963129,64.7364273071289,0.005617041140794754,112.3408203125,20000.0,3e-06,167,False
10677,2644,198.6201629638672,4.461794853210449,9967357.0,0.9949909448623657,-0.032553866505622864,0.0032794540748000145,65.58908081054688,0.006428464315831661,128.5692901611328,20000.0,3e-06,168,False
10681,2645,195.7123565673828,4.628003120422363,8027854.0,0.9949880242347717,-0.03220151737332344,0.0032603293657302856,65.20658874511719,0.006293888203799725,125.87776184082031,20000.0,3e-06,169,False
10685,2646,189.7213134765625,4.602608680725098,9512068.0,0.9949849843978882,-0.03235559165477753,0.003197592683136463,63.95185470581055,0.006058341823518276,121.16683959960938,20000.0,3e-06,170,False
10689,2647,198.745849609375,4.702752590179443,10377104.0,0.9949820041656494,-0.032118260860443115,0.003258326556533575,65.16653442382812,0.006443828344345093,128.87657165527344,20000.0,3e-06,171,False
10693,2648,190.30355834960938,4.599102020263672,9189981.0,0.9949790239334106,-0.032474175095558167,0.0031876973807811737,63.75394821166992,0.0060975258238613605,121.95051574707031,20000.0,3e-06,172,False
10697,2649,197.6188201904297,4.687758445739746,9860864.0,0.9949759840965271,-0.03228675201535225,0.0031409217044711113,62.81843566894531,0.006505630910396576,130.1126251220703,20000.0,3e-06,173,False
10701,2650,214.1764678955078,4.834537506103516,10236899.0,0.9949730634689331,-0.03162962570786476,0.003172011114656925,63.440223693847656,0.007295085117220879,145.90170288085938,20000.0,3e-06,174,False
10705,2651,189.85006713867188,4.577602863311768,7720724.0,0.9949700832366943,-0.032359689474105835,0.003106681164354086,62.13362503051758,0.0061569418758153915,123.13883972167969,20000.0,3e-06,175,False
10709,2652,210.90475463867188,4.806034088134766,10363314.0,0.9949670433998108,-0.03227716684341431,0.003131153294816613,62.62306594848633,0.007173783145844936,143.4756622314453,20000.0,3e-06,176,False
10713,2653,204.25787353515625,4.643935203552246,9505204.0,0.994964063167572,-0.032736532390117645,0.003371346741914749,67.42693328857422,0.0066093504428863525,132.18701171875,20000.0,3e-06,177,False
10717,2654,195.80389404296875,4.7030439376831055,9438282.0,0.9949610233306885,-0.0324874222278595,0.0033567161299288273,67.13432312011719,0.0061983270570635796,123.96653747558594,20000.0,3e-06,178,False
10721,2655,209.73468017578125,4.666319847106934,8252978.5,0.9949581027030945,-0.03243508189916611,0.003380958456546068,67.61917114257812,0.006872459314763546,137.44918823242188,20000.0,3e-06,179,False
10725,2656,195.38461303710938,4.547804832458496,10375757.0,0.9949550032615662,-0.03299734741449356,0.003011128166690469,60.222564697265625,0.006530712358653545,130.61424255371094,20000.0,3e-06,180,False
10729,2657,198.46011352539062,4.896419525146484,7737280.5,0.9949520826339722,-0.032073974609375,0.003322369884699583,66.44739532470703,0.006355815101414919,127.11630249023438,20000.0,3e-06,181,False
10733,2658,196.52139282226562,4.873071193695068,10612906.0,0.9949490427970886,-0.03199012950062752,0.0031133401207625866,62.26680374145508,0.006469076033681631,129.3815155029297,20000.0,3e-06,182,False
10737,2659,222.79046630859375,4.635313987731934,9083546.0,0.9949460625648499,-0.03244414180517197,0.0031679761596024036,63.35952377319336,0.007739781867712736,154.79563903808594,20000.0,3e-06,183,False
10741,2660,214.00991821289062,4.810580730438232,9384136.0,0.9949430823326111,-0.032723791897296906,0.0031268801540136337,62.537601470947266,0.007333086803555489,146.6617431640625,20000.0,3e-06,184,False
10745,2661,200.31045532226562,4.981478214263916,9768832.0,0.9949400424957275,-0.03179677948355675,0.003298141062259674,65.96282196044922,0.006468308158218861,129.3661651611328,20000.0,3e-06,185,False
10749,2662,199.79052734375,4.838374614715576,8343416.5,0.9949371218681335,-0.032540395855903625,0.003016898175701499,60.33796310424805,0.006730710156261921,134.61419677734375,20000.0,3e-06,186,False
10753,2663,215.85147094726562,4.812255859375,10060740.0,0.99493408203125,-0.03262822702527046,0.003089869860559702,61.79739761352539,0.007462090812623501,149.2418212890625,20000.0,3e-06,187,False
10757,2664,190.5234832763672,4.883810520172119,10303464.0,0.9949311017990112,-0.03232192248106003,0.003194340504705906,63.886810302734375,0.006087643094360828,121.75286102294922,20000.0,3e-06,188,False
10761,2665,185.81661987304688,4.7027177810668945,10100728.0,0.9949280619621277,-0.03261983394622803,0.003028697334229946,60.57394790649414,0.006026997696608305,120.53995513916016,20000.0,3e-06,189,False
10765,2666,208.60946655273438,4.8336920738220215,7914980.0,0.9949250817298889,-0.03266112878918648,0.0032765092328190804,65.53018188476562,0.006912279408425093,138.24559020996094,20000.0,3e-06,190,False
10769,2667,202.60256958007812,4.895384788513184,7717356.0,0.9949221611022949,-0.032166652381420135,0.003152822144329548,63.05644226074219,0.0067325374111533165,134.65074157714844,20000.0,3e-06,191,False
10773,2668,211.57015991210938,4.755223274230957,8722526.0,0.9949191212654114,-0.03307373821735382,0.002837894717231393,56.75789260864258,0.0075028520077466965,150.05703735351562,20000.0,3e-06,192,False
10777,2669,193.20761108398438,4.839075088500977,9443915.0,0.9949161410331726,-0.03262115269899368,0.0031621293164789677,63.24258804321289,0.00625629723072052,125.12594604492188,20000.0,3e-06,193,False
10781,2670,200.02493286132812,4.968032360076904,8812785.0,0.9949131011962891,-0.032231949269771576,0.0031406995840370655,62.81399154663086,0.006612145341932774,132.24290466308594,20000.0,3e-06,194,False
10785,2671,212.80999755859375,4.809022903442383,10861226.0,0.9949101209640503,-0.032977961003780365,0.0031030303798615932,62.06060791015625,0.007297018077224493,145.94036865234375,20000.0,3e-06,195,False
10789,2672,200.91534423828125,4.889326095581055,8716826.0,0.9949070811271667,-0.03273802995681763,0.0030700000934302807,61.400001525878906,0.006731300614774227,134.62600708007812,20000.0,3e-06,196,False
10793,2673,205.39468383789062,4.865490913391113,9146856.0,0.9949041604995728,-0.032699719071388245,0.0030075067188590765,60.1501350402832,0.00701895309612155,140.37905883789062,20000.0,3e-06,197,False
10797,2674,199.09649658203125,4.9202775955200195,7834619.5,0.9949011206626892,-0.03238978236913681,0.0031858840957283974,63.717681884765625,0.006522927433252335,130.4585418701172,20000.0,3e-06,198,False
10801,2675,202.36573791503906,4.707510948181152,10675511.0,0.9948981404304504,-0.03339044377207756,0.0029642428271472454,59.284854888916016,0.006918668281286955,138.3733673095703,20000.0,3e-06,199,False
10805,2676,202.0224609375,4.9207763671875,10542930.0,0.9948951005935669,-0.032435476779937744,0.0030774716287851334,61.54943084716797,0.006777613423764706,135.55226135253906,20000.0,3e-06,200,False
10809,2677,187.28469848632812,5.025132656097412,9922180.0,0.9948921203613281,-0.03242025524377823,0.002922781277447939,58.45562744140625,0.006190196610987186,123.8039321899414,20000.0,3e-06,201,False
10813,2678,194.39492797851562,4.922382354736328,9090796.0,0.9948891997337341,-0.03295087441802025,0.0031903358176350594,63.80671691894531,0.00628329161554575,125.66583251953125,20000.0,3e-06,202,False
10817,2679,207.42088317871094,4.845668792724609,9294948.0,0.9948861598968506,-0.0331941619515419,0.0029640509746968746,59.28102111816406,0.007164709735661745,143.294189453125,20000.0,3e-06,203,False
10821,2680,222.4258575439453,4.924003601074219,8380543.5,0.9948831796646118,-0.03309895843267441,0.0033187251538038254,66.37450408935547,0.007556367665529251,151.12734985351562,20000.0,3e-06,204,False
10825,2681,211.80746459960938,5.054530143737793,8928396.0,0.9948801398277283,-0.03218105807900429,0.003281919751316309,65.63839721679688,0.007055726833641529,141.11453247070312,20000.0,3e-06,205,False
10829,2682,183.60989379882812,5.100796699523926,9658544.0,0.9948771595954895,-0.032498300075531006,0.002895016223192215,57.900325775146484,0.006030438467860222,120.60877227783203,20000.0,3e-06,206,False
10833,2683,199.82235717773438,4.90388298034668,9378120.0,0.994874119758606,-0.033004868775606155,0.003127137664705515,62.542755126953125,0.006618786137551069,132.37571716308594,20000.0,3e-06,207,False
10837,2684,204.40980529785156,4.952540397644043,10078020.0,0.994871199131012,-0.03287253528833389,0.0029289615340530872,58.57923126220703,0.007043901830911636,140.87803649902344,20000.0,3e-06,208,False
10841,2685,179.39413452148438,5.058052062988281,8548692.0,0.9948681592941284,-0.03249224275350571,0.0027922545559704304,55.8450927734375,0.005924548953771591,118.49098205566406,20000.0,3e-06,209,False
10845,2686,188.4849090576172,4.90315055847168,7909075.5,0.9948651790618896,-0.032825179398059845,0.0030054079834371805,60.108158111572266,0.006173680070787668,123.47360229492188,20000.0,3e-06,210,False
10849,2687,189.4699249267578,4.885410308837891,9259189.0,0.9948621988296509,-0.03311100974678993,0.0027654594741761684,55.30918884277344,0.006463766563683748,129.27532958984375,20000.0,3e-06,211,False
10853,2688,204.45291137695312,5.1260457038879395,10607740.0,0.9948591589927673,-0.03290316462516785,0.003078734502196312,61.57469177246094,0.006887609139084816,137.75218200683594,20000.0,3e-06,212,False
10857,2689,211.28041076660156,5.0319976806640625,8762604.0,0.9948562383651733,-0.03270861506462097,0.0030047520995140076,60.09504318237305,0.007307668216526508,146.1533660888672,20000.0,3e-06,213,False
10861,2690,206.23077392578125,4.935725212097168,9913994.0,0.9948531985282898,-0.03348495066165924,0.0030244921799749136,60.489845275878906,0.00704026035964489,140.80520629882812,20000.0,3e-06,214,False
10865,2691,204.42965698242188,4.9426469802856445,9018268.0,0.994850218296051,-0.03348049148917198,0.0031766677275300026,63.533355712890625,0.006797682493925095,135.95364379882812,20000.0,3e-06,215,False
10869,2692,193.16786193847656,4.945315361022949,8741836.0,0.9948472380638123,-0.03313188999891281,0.0030923173762857914,61.84634780883789,0.0063188099302351475,126.3761978149414,20000.0,3e-06,216,False
10873,2693,194.6222686767578,4.951504707336426,9297155.0,0.9948441982269287,-0.0333121120929718,0.0031496426090598106,62.99285125732422,0.006333895493298769,126.67790985107422,20000.0,3e-06,217,False
10877,2694,196.17584228515625,5.0288591384887695,9056452.0,0.9948412775993347,-0.03290344402194023,0.0030293860472738743,60.58772277832031,0.0065279630944132805,130.55926513671875,20000.0,3e-06,218,False
10881,2695,210.0955810546875,5.091358184814453,8830102.0,0.9948382377624512,-0.03279871493577957,0.003062254749238491,61.245094299316406,0.007187956012785435,143.75912475585938,20000.0,3e-06,219,False
10885,2696,196.53704833984375,5.035269260406494,9785761.0,0.9948352575302124,-0.03295404091477394,0.002913235453888774,58.26470947265625,0.0066618537530303,133.23707580566406,20000.0,3e-06,220,False
10889,2697,197.591552734375,4.9858174324035645,9405045.0,0.9948322176933289,-0.033093150705099106,0.002811953192576766,56.23906326293945,0.006818333175033331,136.36666870117188,20000.0,3e-06,221,False
10893,2698,197.2946014404297,5.205691337585449,8637073.0,0.9948292374610901,-0.03324183076620102,0.0030817734077572823,61.635467529296875,0.00652267225086689,130.4534454345703,20000.0,3e-06,222,False
10897,2699,204.54360961914062,5.185004234313965,8488131.0,0.9948261976242065,-0.03268919885158539,0.0030805584974586964,61.61117172241211,0.006887371651828289,137.7474365234375,20000.0,3e-06,223,False
10901,2700,189.80850219726562,5.068759441375732,8809268.0,0.9948232769966125,-0.03322058916091919,0.0029274774715304375,58.5495491027832,0.006309509743005037,126.19019317626953,20000.0,3e-06,224,False
10905,2701,187.19384765625,5.045473098754883,7813359.5,0.9948202967643738,-0.03306622803211212,0.002996766474097967,59.93532943725586,0.006110652349889278,122.21304321289062,20000.0,3e-06,225,False
10909,2702,198.954833984375,4.984944820404053,8746230.0,0.9948172569274902,-0.03332384303212166,0.0030883837025612593,61.76767349243164,0.006610110402107239,132.20220947265625,20000.0,3e-06,226,False
10913,2703,193.2916717529297,5.151625633239746,9067552.0,0.9948142766952515,-0.03299078717827797,0.0030363230034708977,60.72645950317383,0.006370679475367069,127.41358947753906,20000.0,3e-06,227,False
10917,2704,209.4220428466797,5.173825263977051,9084792.0,0.9948112368583679,-0.03304680436849594,0.0030723921954631805,61.447845458984375,0.0071400185115635395,142.8003692626953,20000.0,3e-06,228,False
10921,2705,203.78045654296875,5.053569316864014,10248821.0,0.9948083162307739,-0.03338467329740524,0.0029094491619616747,58.18898391723633,0.007026894949376583,140.53790283203125,20000.0,3e-06,229,False
10925,2706,198.25889587402344,4.88599967956543,7656157.5,0.9948053359985352,-0.03379011154174805,0.0027519625145941973,55.039249420166016,0.006916682235896587,138.33364868164062,20000.0,3e-06,230,False
10929,2707,213.88772583007812,5.044683933258057,9703676.0,0.9948022961616516,-0.03370882570743561,0.0029919941443949938,59.839881896972656,0.007450157776474953,149.00315856933594,20000.0,3e-06,231,False
10933,2708,198.7378387451172,5.238648414611816,8719527.0,0.9947993159294128,-0.03328273445367813,0.0028262529522180557,56.52505874633789,0.006848706863820553,136.97413635253906,20000.0,3e-06,232,False
10937,2709,189.84490966796875,5.247547149658203,6274832.0,0.9947962760925293,-0.03309762850403786,0.002880857326090336,57.61714553833008,0.006349010393023491,126.98020935058594,20000.0,3e-06,233,False
10941,2710,182.15109252929688,5.144384384155273,9052034.0,0.9947933554649353,-0.03323562443256378,0.002815776038914919,56.315521240234375,0.006034559104591608,120.6911849975586,20000.0,3e-06,234,False
10945,2711,193.71109008789062,5.288041114807129,7577353.0,0.9947903752326965,-0.03283940628170967,0.0029849084094166756,59.69816970825195,0.006436244118958712,128.72488403320312,20000.0,3e-06,235,False
10949,2712,192.86813354492188,5.204878807067871,9412983.0,0.994787335395813,-0.03299565613269806,0.003021629760041833,60.432594299316406,0.006361532956361771,127.23065948486328,20000.0,3e-06,236,False
10953,2713,198.54434204101562,5.0631103515625,10570096.0,0.9947843551635742,-0.03373831510543823,0.003178664017468691,63.573280334472656,0.006495397537946701,129.90794372558594,20000.0,3e-06,237,False
10957,2714,176.0459442138672,5.246036529541016,7858436.0,0.9947814345359802,-0.032576024532318115,0.0026455011684447527,52.9100227355957,0.005894494242966175,117.88988494873047,20000.0,3e-06,238,False
10961,2715,216.70834350585938,5.173217296600342,9447773.0,0.9947783946990967,-0.033438876271247864,0.0028742370195686817,57.4847412109375,0.0077025191858410835,154.05038452148438,20000.0,3e-06,239,False
10965,2716,192.14382934570312,5.224352836608887,8708436.0,0.9947754144668579,-0.03359364718198776,0.0030315781477838755,60.631561279296875,0.006314395926892757,126.28791809082031,20000.0,3e-06,240,False
10969,2717,189.97569274902344,5.180805683135986,9243940.0,0.9947724342346191,-0.03394114971160889,0.002820074325427413,56.401485443115234,0.006419670302420855,128.39340209960938,20000.0,3e-06,241,False
10973,2718,198.20123291015625,5.191256523132324,9884333.0,0.9947693943977356,-0.03342553228139877,0.0031322676222771406,62.64535140991211,0.006518231239169836,130.3646240234375,20000.0,3e-06,242,False
10977,2719,202.60023498535156,5.191849708557129,7373836.0,0.9947664737701416,-0.03380531072616577,0.0032059799414128065,64.11959838867188,0.006664439104497433,133.28878784179688,20000.0,3e-06,243,False
10981,2720,196.0504608154297,5.2019500732421875,8910676.0,0.9947634935379028,-0.03365838900208473,0.00317170238122344,63.43404769897461,0.006370722781866789,127.41445922851562,20000.0,3e-06,244,False
10985,2721,183.5101776123047,5.273539066314697,9106932.0,0.9947604537010193,-0.03354094550013542,0.0028651482425630093,57.30296325683594,0.006046683993190527,120.93367767333984,20000.0,3e-06,245,False
10989,2722,198.3551025390625,5.359094619750977,9226364.0,0.9947574734687805,-0.03357570245862007,0.0028220650274306536,56.44129943847656,0.0068277353420853615,136.55470275878906,20000.0,3e-06,246,False
10993,2723,184.21517944335938,5.369100093841553,9101569.0,0.994754433631897,-0.03324924036860466,0.0027284431271255016,54.56886291503906,0.006213860586285591,124.27721405029297,20000.0,3e-06,247,False
10997,2724,190.06817626953125,5.075508117675781,8792709.0,0.994751513004303,-0.03410995006561279,0.002987656509503722,59.75313186645508,0.006261976435780525,125.23953247070312,20000.0,3e-06,248,False
11001,2725,205.42324829101562,5.335502624511719,10935419.0,0.9947485327720642,-0.033302515745162964,0.0029263924807310104,58.52785110473633,0.007077994756400585,141.5598907470703,20000.0,3e-06,249,False
11005,2726,186.7784423828125,5.286983489990234,8771109.0,0.9947454929351807,-0.03360317647457123,0.0026960568502545357,53.921138763427734,0.006378515623509884,127.5703125,20000.0,3e-06,250,False
11009,2727,181.45082092285156,5.292426109313965,9796584.0,0.9947425127029419,-0.033697232604026794,0.0027069968637079,54.13993835449219,0.0061009228229522705,122.0184555053711,20000.0,3e-06,251,False
11013,2728,196.65147399902344,5.319195747375488,9574420.0,0.9947394728660583,-0.03329458832740784,0.0029757958836853504,59.51591873168945,0.006590818054974079,131.8163604736328,20000.0,3e-06,252,False
11017,2729,194.5303955078125,5.409458637237549,9107494.0,0.9947365522384644,-0.03358689695596695,0.002645305823534727,52.9061164855957,0.006810741499066353,136.21482849121094,20000.0,3e-06,253,False
11021,2730,202.62857055664062,5.265628814697266,8351339.0,0.9947335720062256,-0.03349803760647774,0.0027679321356117725,55.358642578125,0.007100215181708336,142.00430297851562,20000.0,3e-06,254,False
11025,2731,184.6199493408203,5.3059186935424805,8452098.0,0.994730532169342,-0.03390325605869293,0.0029144245199859142,58.288490295410156,0.006051276810467243,121.0255355834961,20000.0,3e-06,255,False
11029,2732,186.25221252441406,5.336543560028076,9540598.0,0.9947275519371033,-0.03367512673139572,0.0030465079471468925,60.93016052246094,0.005999275483191013,119.98551177978516,20000.0,3e-06,256,False
11033,2733,184.7166748046875,5.167574882507324,8651460.0,0.9947246313095093,-0.03418941795825958,0.00291870697401464,58.37413787841797,0.006058748345822096,121.17496490478516,20000.0,3e-06,257,False
11037,2734,192.77259826660156,5.332637786865234,9271501.0,0.9947215914726257,-0.033985160291194916,0.002888839226216078,57.77678298950195,0.006483159027993679,129.66317749023438,20000.0,3e-06,258,False
11041,2735,173.01499938964844,5.520197868347168,8708578.0,0.994718611240387,-0.033424653112888336,0.0029239302966743708,58.478607177734375,0.005450809840112925,109.01619720458984,20000.0,3e-06,259,False
11045,2736,199.72357177734375,5.271240234375,9187992.0,0.9947156310081482,-0.03380327671766281,0.0027973453979939222,55.94690704345703,0.006925271824002266,138.50543212890625,20000.0,3e-06,260,False
11049,2737,189.76319885253906,5.541005611419678,10130982.0,0.9947125911712646,-0.03341921418905258,0.0027122204191982746,54.244407653808594,0.006498889531940222,129.977783203125,20000.0,3e-06,261,False
11053,2738,198.43466186523438,5.436822891235352,8313644.5,0.9947096705436707,-0.03417913615703583,0.002797196852043271,55.94393539428711,0.006852694321423769,137.05389404296875,20000.0,3e-06,262,False
11057,2739,178.08383178710938,5.423167705535889,8674071.0,0.9947066903114319,-0.03392002731561661,0.00287612178362906,57.52243423461914,0.005756911356002092,115.13822937011719,20000.0,3e-06,263,False
11061,2740,184.7615509033203,5.254306316375732,7670391.0,0.9947036504745483,-0.034077294170856476,0.002816856373101473,56.337127685546875,0.006158506032079458,123.17012023925781,20000.0,3e-06,264,False
11065,2741,188.78103637695312,5.320648193359375,10630065.0,0.9947006702423096,-0.03441043198108673,0.00288111949339509,57.62239074707031,0.0062918998301029205,125.83799743652344,20000.0,3e-06,265,False
11069,2742,187.7166290283203,5.459482669830322,10504435.0,0.994697630405426,-0.03349326550960541,0.002997651696205139,59.953033447265625,0.0061152055859565735,122.30411529541016,20000.0,3e-06,266,False
11073,2743,183.45335388183594,5.301374912261963,9603165.0,0.994694709777832,-0.034289777278900146,0.0027292543090879917,54.585086822509766,0.00617834459990263,123.56689453125,20000.0,3e-06,267,False
11077,2744,189.35836791992188,5.432450294494629,8527546.0,0.9946917295455933,-0.03375385329127312,0.002729191444814205,54.58382797241211,0.00646710442379117,129.3420867919922,20000.0,3e-06,268,False
11081,2745,178.62115478515625,5.257225036621094,10436420.0,0.9946886897087097,-0.034532513469457626,0.0026977539528161287,53.955078125,0.005970442667603493,119.40885162353516,20000.0,3e-06,269,False
11085,2746,182.67953491210938,5.452796936035156,9286984.0,0.994685709476471,-0.03395320847630501,0.002804078394547105,56.08156967163086,0.006057258695363998,121.14517211914062,20000.0,3e-06,270,False
11089,2747,200.22608947753906,5.420506000518799,8541193.0,0.9946826696395874,-0.03423701971769333,0.002889585681259632,57.79171371459961,0.006850693840533495,137.0138702392578,20000.0,3e-06,271,False
11093,2748,191.4660186767578,5.502957820892334,10143471.0,0.9946797490119934,-0.03367818892002106,0.002907553920522332,58.15107727050781,0.00639059953391552,127.8119888305664,20000.0,3e-06,272,False
11097,2749,191.409423828125,5.554968357086182,7874800.0,0.9946767687797546,-0.033932872116565704,0.0029588863253593445,59.17772674560547,0.006333836354315281,126.67672729492188,20000.0,3e-06,273,False
11101,2750,199.20867919921875,5.4328508377075195,9595006.0,0.9946737289428711,-0.034010253846645355,0.0029162836726754904,58.3256721496582,0.006772508379071951,135.45016479492188,20000.0,3e-06,274,False
11105,2751,186.24398803710938,5.521149158477783,8590998.0,0.9946707487106323,-0.03404228016734123,0.0028096057940274477,56.192115783691406,0.006226535886526108,124.53071594238281,20000.0,3e-06,275,False
11109,2752,204.37474060058594,5.38808536529541,10336574.0,0.9946677088737488,-0.03464352712035179,0.0028321847785264254,56.64369583129883,0.00711714755743742,142.34295654296875,20000.0,3e-06,276,False
11113,2753,198.6346435546875,5.638062000274658,9192339.0,0.9946647882461548,-0.03392343968153,0.0028297435492277145,56.594871520996094,0.00682008545845747,136.40170288085938,20000.0,3e-06,277,False
11117,2754,197.8354949951172,5.533717155456543,8626864.0,0.994661808013916,-0.03416524827480316,0.0028511378914117813,57.02275848388672,0.006763950921595097,135.27902221679688,20000.0,3e-06,278,False
11121,2755,189.36366271972656,5.517939567565918,8353276.0,0.9946587681770325,-0.0342579148709774,0.0028263323474675417,56.52664566040039,0.00636595394462347,127.31907653808594,20000.0,3e-06,279,False
11125,2756,197.35284423828125,5.474196434020996,9380106.0,0.9946558475494385,-0.03429729491472244,0.002915015909820795,58.30031967163086,0.00667891651391983,133.5783233642578,20000.0,3e-06,280,False
11129,2757,189.640380859375,5.507989883422852,9560142.0,0.9946528077125549,-0.0344521589577198,0.002765422919765115,55.3084602355957,0.006441196426749229,128.8239288330078,20000.0,3e-06,281,False
11133,2758,179.22039794921875,5.501161575317383,8385308.0,0.9946498274803162,-0.034314706921577454,0.0028065419755876064,56.13084030151367,0.005879419855773449,117.58839416503906,20000.0,3e-06,282,False
11137,2759,186.01608276367188,5.460302352905273,9101103.0,0.9946468472480774,-0.03415214270353317,0.002910681301727891,58.213626861572266,0.006117108277976513,122.3421630859375,20000.0,3e-06,283,False
11141,2760,193.60679626464844,5.526726722717285,7647297.0,0.9946438074111938,-0.03451161831617355,0.0028223427943885326,56.44685745239258,0.006581660360097885,131.63320922851562,20000.0,3e-06,284,False
11145,2761,196.27047729492188,5.513279914855957,8540724.0,0.9946408867835999,-0.03462033346295357,0.0028974427841603756,57.948856353759766,0.006640417501330376,132.808349609375,20000.0,3e-06,285,False
11149,2762,180.3377685546875,5.575138092041016,8367812.0,0.9946378469467163,-0.03406582772731781,0.002650683745741844,53.013675689697266,0.006087447516620159,121.74894714355469,20000.0,3e-06,286,False
11153,2763,197.39854431152344,5.559730529785156,9223449.0,0.9946348667144775,-0.034129247069358826,0.0029431097209453583,58.8621940612793,0.006648831069469452,132.97662353515625,20000.0,3e-06,287,False
11157,2764,185.78890991210938,5.651891708374023,8818484.0,0.9946318864822388,-0.03460829704999924,0.0027922624722123146,55.84524917602539,0.006214588414877653,124.2917709350586,20000.0,3e-06,288,False
11161,2765,192.87466430664062,5.549549579620361,9011818.0,0.9946288466453552,-0.034552864730358124,0.002938305027782917,58.7661018371582,0.006427950691431761,128.55902099609375,20000.0,3e-06,289,False
11165,2766,185.66891479492188,5.541406631469727,6730055.5,0.9946259260177612,-0.034546829760074615,0.0029227386694401503,58.45477294921875,0.006083636544644833,121.6727294921875,20000.0,3e-06,290,False
11169,2767,177.9832763671875,5.5743255615234375,10318297.0,0.9946228861808777,-0.03461446613073349,0.002749016974121332,54.98033905029297,0.005871430970728397,117.42861938476562,20000.0,3e-06,291,False
11173,2768,186.08982849121094,5.6710524559021,8454648.0,0.9946199059486389,-0.03405476361513138,0.002784217242151499,55.68434524536133,0.006236721761524677,124.73443603515625,20000.0,3e-06,292,False
11177,2769,187.64454650878906,5.4364519119262695,7704008.0,0.9946168661117554,-0.03518427908420563,0.0028103471267968416,56.20694351196289,0.006300057750195265,126.00115203857422,20000.0,3e-06,293,False
11181,2770,197.29055786132812,5.600062370300293,7086295.5,0.9946138858795166,-0.03450440987944603,0.0029976109508424997,59.95222091674805,0.006586913950741291,131.73828125,20000.0,3e-06,294,False
11185,2771,181.2073974609375,5.605830192565918,9368428.0,0.9946108460426331,-0.03493552282452583,0.0028142796363681555,56.28559112548828,0.00596579909324646,119.31597900390625,20000.0,3e-06,295,False
11189,2772,171.6995391845703,5.583324432373047,9299066.0,0.9946079254150391,-0.03465249016880989,0.002701234072446823,54.024681091308594,0.0056045763194561005,112.0915298461914,20000.0,3e-06,296,False
11193,2773,200.25625610351562,5.597516059875488,8095782.0,0.9946048855781555,-0.03447236493229866,0.002631267998367548,52.62535858154297,0.007101668976247311,142.03338623046875,20000.0,3e-06,297,False
11197,2774,188.1466522216797,5.631860733032227,9127155.0,0.9946019053459167,-0.03450128808617592,0.002674919320270419,53.49838638305664,0.006450819782912731,129.0164031982422,20000.0,3e-06,298,False
11201,2775,183.83045959472656,5.646134853363037,8175336.0,0.994598925113678,-0.03528236970305443,0.00263188686221838,52.63773727416992,0.006277329288423061,125.54658508300781,20000.0,3e-06,299,False
11205,2776,167.07530212402344,5.714937210083008,10156828.0,0.9945958852767944,-0.0344795286655426,0.0029962281696498394,59.924564361572266,0.005071789957582951,101.43579864501953,20000.0,3e-06,300,False
11209,2777,174.4714813232422,5.580054759979248,10844526.0,0.9945929646492004,-0.034733377397060394,0.0027633504942059517,55.26700973510742,0.005681220442056656,113.6244125366211,20000.0,3e-06,301,False
11213,2778,173.16015625,5.717518329620361,9233654.0,0.9945899248123169,-0.03464183956384659,0.002818542066961527,56.37084197998047,0.005553589668124914,111.07179260253906,20000.0,3e-06,302,False
11217,2779,184.5668487548828,5.762351989746094,8969716.0,0.9945869445800781,-0.03476510941982269,0.0028518892358988523,57.037784576416016,0.006088335532695055,121.76670837402344,20000.0,3e-06,303,False
11221,2780,196.17941284179688,5.81196403503418,8002302.0,0.9945839047431946,-0.034764762967824936,0.002898688893765211,57.973777770996094,0.006619683466851711,132.3936767578125,20000.0,3e-06,304,False
11225,2781,203.11343383789062,5.880623817443848,7213203.0,0.9945809245109558,-0.0340694785118103,0.003012220375239849,60.244407653808594,0.006849419791251421,136.9884033203125,20000.0,3e-06,305,False
11229,2782,167.4947967529297,5.682920455932617,9138386.0,0.9945778846740723,-0.03470800071954727,0.0025553726591169834,51.107452392578125,0.005535221192985773,110.70442199707031,20000.0,3e-06,306,False
11233,2783,198.58013916015625,5.6501970291137695,8504642.0,0.9945749640464783,-0.03486957028508186,0.0028575460892170668,57.15092086791992,0.0067889513447880745,135.77902221679688,20000.0,3e-06,307,False
11237,2784,190.6302490234375,5.624535083770752,8802338.0,0.9945719242095947,-0.034881703555583954,0.002979413140565157,59.58826446533203,0.0062708728946745396,125.4174575805664,20000.0,3e-06,308,False
11241,2785,191.8854522705078,5.833718299865723,10010302.0,0.994568943977356,-0.03447045385837555,0.0029996009543538094,59.99201965332031,0.006302985828369856,126.0597152709961,20000.0,3e-06,309,False
11245,2786,184.7915496826172,5.77695369720459,9774812.0,0.9945659637451172,-0.034823015332221985,0.0027366802096366882,54.733604431152344,0.006214049644768238,124.28099060058594,20000.0,3e-06,310,False
11249,2787,184.3291015625,5.667745590209961,8935362.0,0.9945629239082336,-0.03511609509587288,0.0025428449735045433,50.85689926147461,0.006390223279595375,127.8044662475586,20000.0,3e-06,311,False
11253,2788,184.9129180908203,5.787754535675049,8849517.0,0.9945600032806396,-0.034708380699157715,0.002810056321322918,56.20112609863281,0.006146201863884926,122.92403411865234,20000.0,3e-06,312,False
11257,2789,178.92453002929688,5.83052396774292,9214538.0,0.9945569634437561,-0.035464316606521606,0.002803440671414137,56.06881332397461,0.005851259455084801,117.02519226074219,20000.0,3e-06,313,False
11261,2790,209.61558532714844,5.887395858764648,9408527.0,0.9945539832115173,-0.03488776832818985,0.003109969198703766,62.19938278198242,0.007076440379023552,141.52880859375,20000.0,3e-06,314,False
11265,2791,169.85122680664062,5.858372688293457,9322176.0,0.9945509433746338,-0.03468703478574753,0.002894916571676731,57.89833068847656,0.005304725840687752,106.09452056884766,20000.0,3e-06,315,False
11269,2792,197.06683349609375,5.948866367340088,9622907.0,0.994547963142395,-0.03502534702420235,0.0029209370259195566,58.418739318847656,0.006634960882365704,132.69921875,20000.0,3e-06,316,False
11273,2793,192.61717224121094,5.9944329261779785,7820140.5,0.994545042514801,-0.034905221313238144,0.0028737355023622513,57.474708557128906,0.006457401439547539,129.1480255126953,20000.0,3e-06,317,False
11277,2794,182.7908935546875,5.892147064208984,10391858.0,0.9945420026779175,-0.034579310566186905,0.00301540968939662,60.30819320678711,0.005829527508467436,116.5905532836914,20000.0,3e-06,318,False
11281,2795,191.36614990234375,5.842084884643555,9390652.0,0.9945390224456787,-0.03520926833152771,0.0027635558508336544,55.2711181640625,0.006512647494673729,130.25294494628906,20000.0,3e-06,319,False
11285,2796,210.7370147705078,5.804091453552246,7876391.0,0.9945359826087952,-0.035034023225307465,0.0027566389180719852,55.13277816772461,0.0074900072067976,149.80014038085938,20000.0,3e-06,320,False
11289,2797,184.2997589111328,5.878992557525635,9461782.0,0.9945330619812012,-0.0348004512488842,0.002886143745854497,57.72287368774414,0.00603489438071847,120.69789123535156,20000.0,3e-06,321,False
11293,2798,185.37765502929688,5.85344123840332,7765097.0,0.9945300817489624,-0.034533776342868805,0.002862638561055064,57.252769470214844,0.006113572046160698,122.27143859863281,20000.0,3e-06,322,False
11297,2799,205.65823364257812,5.819384574890137,7839607.0,0.9945270419120789,-0.03478482365608215,0.0029121669940650463,58.24333953857422,0.007079776376485825,141.59552001953125,20000.0,3e-06,323,False
11301,2800,187.55104064941406,5.971181869506836,8575941.0,0.9945240616798401,-0.03490780293941498,0.002708305139094591,54.16610336303711,0.006370687857270241,127.41375732421875,20000.0,3e-06,324,False
11305,2801,187.89373779296875,5.922801494598389,8866036.0,0.9945211410522461,-0.034759145230054855,0.0027261727955192327,54.52345657348633,0.006372373551130295,127.44747161865234,20000.0,3e-06,325,False
11309,2802,186.89208984375,5.94240665435791,8589720.0,0.9945181012153625,-0.03508681431412697,0.002691134111955762,53.82268142700195,0.0063563501462340355,127.12700653076172,20000.0,3e-06,326,False
11313,2803,196.2392120361328,5.9076828956604,9290650.0,0.9945151209831238,-0.03499269112944603,0.0027223906945437193,54.44781494140625,0.006794185843318701,135.8837127685547,20000.0,3e-06,327,False
11317,2804,179.35340881347656,5.958817481994629,9735799.0,0.994512140750885,-0.035046543926000595,0.0028098353650420904,56.19670867919922,0.005859894212335348,117.19788360595703,20000.0,3e-06,328,False
11321,2805,177.34397888183594,5.887617111206055,8232373.0,0.994509220123291,-0.035366907715797424,0.0026819531340152025,53.639060974121094,0.0058908648788928986,117.81729888916016,20000.0,3e-06,329,False
11325,2806,175.64772033691406,5.961028575897217,9120215.0,0.9945061802864075,-0.03558959811925888,0.0028996113687753677,57.992225646972656,0.005584723316133022,111.69446563720703,20000.0,3e-06,330,False
11329,2807,189.86891174316406,5.881426811218262,9375677.0,0.9945032000541687,-0.03525570407509804,0.0027312696911394596,54.62539291381836,0.00646810419857502,129.36209106445312,20000.0,3e-06,331,False
11333,2808,189.08377075195312,5.969212055206299,7607771.0,0.9945002198219299,-0.03529045730829239,0.002954015973955393,59.080318450927734,0.006201711483299732,124.03423309326172,20000.0,3e-06,332,False
11337,2809,194.27108764648438,6.0111284255981445,10853496.0,0.9944971799850464,-0.03495192155241966,0.003077411325648427,61.54822540283203,0.006335586309432983,126.71172332763672,20000.0,3e-06,333,False
11341,2810,185.7314910888672,5.800629615783691,8451789.0,0.9944942593574524,-0.03548991680145264,0.0027812961488962173,55.62592315673828,0.006215246859937906,124.30493927001953,20000.0,3e-06,334,False
11345,2811,199.5968017578125,6.091841697692871,9320916.0,0.9944912195205688,-0.034987784922122955,0.0028404705226421356,56.809410095214844,0.006834778003394604,136.695556640625,20000.0,3e-06,335,False
11349,2812,182.03814697265625,5.914926528930664,8797625.0,0.9944882392883301,-0.03553063049912453,0.0026500856038182974,53.001712799072266,0.006156075745820999,123.12151336669922,20000.0,3e-06,336,False
11353,2813,191.56350708007812,6.0115227699279785,8904019.0,0.9944853186607361,-0.03528943657875061,0.002838428597897291,56.76857376098633,0.006439170800149441,128.78341674804688,20000.0,3e-06,337,False
11357,2814,176.4926300048828,5.917576789855957,8764484.0,0.9944822192192078,-0.0356612503528595,0.002616986632347107,52.3397331237793,0.0059117660857737064,118.23532104492188,20000.0,3e-06,338,False
11361,2815,184.21923828125,5.98243522644043,9830390.0,0.9944792985916138,-0.035515885800123215,0.00260317325592041,52.0634651184082,0.006308667361736298,126.17334747314453,20000.0,3e-06,339,False
11365,2816,179.07821655273438,6.022308349609375,7012879.0,0.994476318359375,-0.03538060933351517,0.0026292973197996616,52.58594512939453,0.0060234977863729,120.46995544433594,20000.0,3e-06,340,False
11369,2817,183.31423950195312,6.145899295806885,9131614.0,0.9944732785224915,-0.034929126501083374,0.0027874617371708155,55.74923324584961,0.006070954725146294,121.41909790039062,20000.0,3e-06,341,False
11373,2818,199.9363555908203,6.238814353942871,9147716.0,0.9944703578948975,-0.03499660640954971,0.002842170186340809,56.84340286254883,0.00684270728379488,136.85414123535156,20000.0,3e-06,342,False
11377,2819,195.91392517089844,6.175136566162109,10499724.0,0.9944673180580139,-0.03499097749590874,0.0029121036641299725,58.24207305908203,0.006574835628271103,131.49671936035156,20000.0,3e-06,343,False
11381,2820,175.17752075195312,6.034427642822266,7585539.5,0.9944643378257751,-0.03544400632381439,0.00254756398499012,50.95127868652344,0.005909590981900692,118.19181823730469,20000.0,3e-06,344,False
11385,2821,188.88706970214844,6.221947193145752,9131524.0,0.9944613575935364,-0.03542850539088249,0.002777141286060214,55.54282760620117,0.006356114521622658,127.1222915649414,20000.0,3e-06,345,False
11389,2822,175.10523986816406,5.9228081703186035,8508356.0,0.9944584369659424,-0.03568676859140396,0.0027269653510302305,54.539306640625,0.005732156336307526,114.64312744140625,20000.0,3e-06,346,False
11393,2823,178.74598693847656,6.0663161277771,9780446.0,0.9944553971290588,-0.03562995418906212,0.0026936051435768604,53.87210464477539,0.005940378177911043,118.80756378173828,20000.0,3e-06,347,False
11397,2824,191.78553771972656,6.127516746520996,8962694.0,0.9944524168968201,-0.035361796617507935,0.002571752993389964,51.43505859375,0.00671114819124341,134.22296142578125,20000.0,3e-06,348,False
11401,2825,199.55784606933594,6.068440914154053,9944502.0,0.9944494366645813,-0.03549237549304962,0.002848260570317507,56.9652099609375,0.006826209835708141,136.52420043945312,20000.0,3e-06,349,False
11405,2826,186.66683959960938,6.333718299865723,9310995.0,0.9944463968276978,-0.035194337368011475,0.0028283102437853813,56.56620407104492,0.006188345607370138,123.76691436767578,20000.0,3e-06,350,False
11409,2827,188.52957153320312,6.224331855773926,9667494.0,0.9944434762001038,-0.03492608666419983,0.0026579261757433414,53.15852355957031,0.006457335315644741,129.14671325683594,20000.0,3e-06,351,False
11413,2828,166.60989379882812,6.112514495849609,8516527.0,0.994440495967865,-0.035371337085962296,0.0027276729233562946,54.55345916748047,0.005297196097671986,105.94392395019531,20000.0,3e-06,352,False
11417,2829,183.58407592773438,6.088407516479492,8396352.0,0.994437575340271,-0.03591540455818176,0.0027235429733991623,54.47085952758789,0.006151240319013596,123.0248031616211,20000.0,3e-06,353,False
11421,2830,200.48568725585938,6.342838764190674,10076654.0,0.9944345355033875,-0.034994687885046005,0.0029665688052773476,59.33137512207031,0.0067405737936496735,134.8114776611328,20000.0,3e-06,354,False
11425,2831,179.370849609375,6.22877311706543,8260688.0,0.9944315552711487,-0.035638291388750076,0.0026383078657090664,52.76615905761719,0.006018796004354954,120.37592315673828,20000.0,3e-06,355,False
11429,2832,173.3602294921875,6.179084777832031,8761874.0,0.9944285750389099,-0.0353824645280838,0.002713738474994898,54.2747688293457,0.005645318888127804,112.90637969970703,20000.0,3e-06,356,False
11433,2833,190.25039672851562,6.159000873565674,8575155.0,0.9944256544113159,-0.03580312430858612,0.002901611616834998,58.03223419189453,0.00630295742303133,126.05915069580078,20000.0,3e-06,357,False
11437,2834,191.57232666015625,6.135350227355957,8015800.0,0.9944226145744324,-0.03584781289100647,0.002771595027297735,55.43190002441406,0.006500254385173321,130.0050811767578,20000.0,3e-06,358,False
11441,2835,191.48629760742188,6.284749984741211,6415085.0,0.9944196343421936,-0.03544306755065918,0.0027671537827700377,55.343074798583984,0.006492923945188522,129.8584747314453,20000.0,3e-06,359,False
11445,2836,170.97946166992188,6.137520790100098,9031285.0,0.9944166541099548,-0.03629399091005325,0.002774104243144393,55.482086181640625,0.0054679932072758675,109.35986328125,20000.0,3e-06,360,False
11449,2837,181.4114532470703,6.356775283813477,8437687.0,0.9944137334823608,-0.03557896614074707,0.0026349446270614862,52.698890686035156,0.006117789540439844,122.35578918457031,20000.0,3e-06,361,False
11453,2838,174.17620849609375,6.231278419494629,9463628.0,0.9944106936454773,-0.03589639812707901,0.0029095755890011787,58.19151306152344,0.005487671121954918,109.75342559814453,20000.0,3e-06,362,False
11457,2839,196.74258422851562,6.274860382080078,8634065.0,0.9944077134132385,-0.035588156431913376,0.002672030357643962,53.440608978271484,0.006851355545222759,137.02711486816406,20000.0,3e-06,363,False
11461,2840,175.45770263671875,6.197350025177002,8990994.0,0.9944047331809998,-0.03620100021362305,0.0028001999016851187,56.003997802734375,0.005662817507982254,113.25634765625,20000.0,3e-06,364,False
11465,2841,189.19525146484375,6.334471702575684,8223434.0,0.9944016933441162,-0.03581777215003967,0.00273033045232296,54.60660934448242,0.0064127082005143166,128.25416564941406,20000.0,3e-06,365,False
11469,2842,187.64773559570312,6.412866592407227,7526827.5,0.9943987727165222,-0.03589931130409241,0.003039862494915724,60.79724884033203,0.006021881476044655,120.43762969970703,20000.0,3e-06,366,False
11473,2843,175.84906005859375,6.322992324829102,7703693.0,0.9943957924842834,-0.03592956066131592,0.00268063647672534,53.612728118896484,0.005795666482299566,115.913330078125,20000.0,3e-06,367,False
11477,2844,185.89871215820312,6.353608131408691,6334144.5,0.9943927526473999,-0.035655077546834946,0.002824384719133377,56.487693786621094,0.006152871064841747,123.05741882324219,20000.0,3e-06,368,False
11481,2845,181.4073028564453,6.490736961364746,7333561.0,0.9943898320198059,-0.03589687496423721,0.0026218993589282036,52.43798828125,0.006123928818851709,122.47857666015625,20000.0,3e-06,369,False
11485,2846,181.1029815673828,6.322880744934082,8130092.0,0.9943868517875671,-0.03578132390975952,0.002826165407896042,56.52330780029297,0.005912839435040951,118.25679016113281,20000.0,3e-06,370,False
11489,2847,190.03561401367188,6.314196586608887,8483832.0,0.9943838119506836,-0.03579389676451683,0.0027619036845862865,55.238075256347656,0.006424167193472385,128.48333740234375,20000.0,3e-06,371,False
11493,2848,167.88446044921875,6.417043209075928,7919591.0,0.9943808317184448,-0.03529507666826248,0.0027814556378871202,55.629112243652344,0.0052919150330126286,105.83830261230469,20000.0,3e-06,372,False
11497,2849,186.0972900390625,6.424442768096924,7964065.0,0.9943779110908508,-0.03598431870341301,0.0030361947137862444,60.72389602661133,0.005947447381913662,118.94894409179688,20000.0,3e-06,373,False
11501,2850,182.55914306640625,6.319174766540527,8031657.0,0.9943748712539673,-0.03633001446723938,0.0028705140575766563,57.410282135009766,0.005941484123468399,118.82968139648438,20000.0,3e-06,374,False
11505,2851,185.567626953125,6.28947639465332,8115815.0,0.9943718910217285,-0.036144547164440155,0.002822939772158861,56.45879364013672,0.006140967831015587,122.8193588256836,20000.0,3e-06,375,False
11509,2852,188.17861938476562,6.546839237213135,9538674.0,0.9943689703941345,-0.03546954691410065,0.0026364512741565704,52.729026794433594,0.006445137783885002,128.9027557373047,20000.0,3e-06,376,False
11513,2853,172.96112060546875,6.427612781524658,8097992.0,0.9943658709526062,-0.035873234272003174,0.0025414382107555866,50.828765869140625,0.005785237532109022,115.70475006103516,20000.0,3e-06,377,False
11517,2854,184.6012725830078,6.490915298461914,8439326.0,0.9943629503250122,-0.03595405071973801,0.0028003044426441193,56.00608825683594,0.006105213426053524,122.1042709350586,20000.0,3e-06,378,False
11521,2855,182.33509826660156,6.462058067321777,7744587.0,0.9943599700927734,-0.036110542714595795,0.0028169795405119658,56.33959197998047,0.005976672284305096,119.533447265625,20000.0,3e-06,379,False
11525,2856,176.86196899414062,6.251402378082275,7926295.0,0.9943570494651794,-0.036329928785562515,0.00278028124012053,55.60562515258789,0.005750247277319431,115.00494384765625,20000.0,3e-06,380,False
11529,2857,176.94178771972656,6.325767517089844,8088988.0,0.9943540096282959,-0.03670065104961395,0.0028129552956670523,56.25910568237305,0.005717845633625984,114.3569107055664,20000.0,3e-06,381,False
11533,2858,186.68930053710938,6.500604629516602,7504709.0,0.9943510293960571,-0.03594068065285683,0.0027067994233220816,54.135990142822266,0.0063026356510818005,126.0527114868164,20000.0,3e-06,382,False
11537,2859,201.42449951171875,6.629438877105713,9265842.0,0.9943480491638184,-0.036149196326732635,0.002640003338456154,52.80006790161133,0.007099749520421028,141.9949951171875,20000.0,3e-06,383,False
11541,2860,172.80470275878906,6.454089164733887,9123654.0,0.9943450093269348,-0.03618941828608513,0.002731486689299345,54.62973403930664,0.005586043931543827,111.72087860107422,20000.0,3e-06,384,False
11545,2861,189.89532470703125,6.615234375,7604294.0,0.9943420886993408,-0.035841576755046844,0.0027691617142409086,55.383235931396484,0.006394842639565468,127.8968505859375,20000.0,3e-06,385,False
11549,2862,192.26657104492188,6.567135810852051,9143948.0,0.994339108467102,-0.03596329689025879,0.002929848385974765,58.59696960449219,0.006355123594403267,127.10247039794922,20000.0,3e-06,386,False
11553,2863,181.264404296875,6.613171577453613,9730850.0,0.9943360686302185,-0.035459429025650024,0.0025106417015194893,50.212833404541016,0.0062219202518463135,124.43840789794922,20000.0,3e-06,387,False
11557,2864,190.12869262695312,6.362171173095703,7958012.0,0.9943330883979797,-0.036840636283159256,0.0028128884732723236,56.25777053833008,0.00637543760240078,127.50875091552734,20000.0,3e-06,388,False
11561,2865,177.60833740234375,6.623150825500488,7742991.0,0.9943301677703857,-0.03612338751554489,0.002636362798511982,52.727256774902344,0.00591289671137929,118.2579345703125,20000.0,3e-06,389,False
11565,2866,191.9407196044922,6.525988578796387,9354032.0,0.994327187538147,-0.036240462213754654,0.0027061523869633675,54.123046875,0.006564584095031023,131.29168701171875,20000.0,3e-06,390,False
11569,2867,173.5361328125,6.534167289733887,7744675.5,0.9943241477012634,-0.03662252426147461,0.0026642102748155594,53.28420639038086,0.005685888230800629,113.71776580810547,20000.0,3e-06,391,False
11573,2868,174.12281799316406,6.548282146453857,8528780.0,0.9943212270736694,-0.03637433797121048,0.0026899436488747597,53.79887390136719,0.005688782781362534,113.7756576538086,20000.0,3e-06,392,False
11577,2869,182.22715759277344,6.410959720611572,8757370.0,0.9943182468414307,-0.036346763372421265,0.002747813705354929,54.956275939941406,0.00604299595579505,120.85991668701172,20000.0,3e-06,393,False
11581,2870,180.59503173828125,6.563085079193115,9802724.0,0.9943152666091919,-0.03648409992456436,0.00289047509431839,57.80950164794922,0.0058111222460865974,116.22244262695312,20000.0,3e-06,394,False
11585,2871,191.07757568359375,6.645580291748047,10962335.0,0.9943122267723083,-0.03641335666179657,0.0030337455682456493,60.67491149902344,0.006187853869050741,123.757080078125,20000.0,3e-06,395,False
11589,2872,192.80221557617188,6.640542984008789,8910376.0,0.9943093061447144,-0.03664744645357132,0.0028551965951919556,57.10393142700195,0.00645288685336709,129.0577392578125,20000.0,3e-06,396,False
11593,2873,176.6325225830078,6.589478492736816,7889743.5,0.9943063259124756,-0.036567725241184235,0.0027051405049860477,54.10280990600586,0.005797011777758598,115.94023895263672,20000.0,3e-06,397,False
11597,2874,193.2059326171875,6.395168781280518,8388196.5,0.994303286075592,-0.03721671178936958,0.0027895437087863684,55.79087448120117,0.006550993770360947,131.01988220214844,20000.0,3e-06,398,False
11601,2875,182.7494659423828,6.756110668182373,7283777.0,0.994300365447998,-0.03590911254286766,0.0026368293911218643,52.73658752441406,0.0061628385446965694,123.25676727294922,20000.0,3e-06,399,False
11605,2876,184.17596435546875,6.512425422668457,8987249.0,0.9942973256111145,-0.03676778823137283,0.0026836195029318333,53.67238998413086,0.006199557334184647,123.99114990234375,20000.0,3e-06,400,False
11609,2877,172.92776489257812,6.448403358459473,9086026.0,0.9942943453788757,-0.03624016046524048,0.0027268819976598024,54.53763961791992,0.0055970861576497555,111.94172668457031,20000.0,3e-06,401,False
11613,2878,176.4196014404297,6.722545623779297,8831917.0,0.994291365146637,-0.03625130653381348,0.002812896389514208,56.25792694091797,0.005671956576406956,113.43913269042969,20000.0,3e-06,402,False
11617,2879,180.85787963867188,6.539080619812012,9748534.0,0.9942883253097534,-0.03697403520345688,0.0025399019941687584,50.798038482666016,0.006176037713885307,123.520751953125,20000.0,3e-06,403,False
11621,2880,176.2264862060547,6.441615104675293,8424640.0,0.9942854046821594,-0.03677043691277504,0.0025460878387093544,50.921756744384766,0.005943155847489834,118.86311340332031,20000.0,3e-06,404,False
11625,2881,158.74172973632812,6.684294700622559,6954382.0,0.9942823648452759,-0.03635649383068085,0.0024224945809692144,48.44989013671875,0.005180377513170242,103.60755157470703,20000.0,3e-06,405,False
11629,2882,185.81224060058594,6.847838401794434,7830093.5,0.9942793846130371,-0.03634210303425789,0.002632942982017994,52.65885925292969,0.006315276958048344,126.3055419921875,20000.0,3e-06,406,False
11633,2883,177.45404052734375,6.656757354736328,7786370.5,0.9942764043807983,-0.036713115870952606,0.0026086261495947838,52.172523498535156,0.005931238178163767,118.62476348876953,20000.0,3e-06,407,False
11637,2884,179.23519897460938,6.684514045715332,9416854.0,0.9942733645439148,-0.03682013601064682,0.002620090264827013,52.40180587768555,0.006007444113492966,120.14888000488281,20000.0,3e-06,408,False
11641,2885,182.4829559326172,6.69473934173584,8081838.5,0.9942704439163208,-0.03688658028841019,0.0026523915585130453,53.04783248901367,0.0061370194889605045,122.74038696289062,20000.0,3e-06,409,False
11645,2886,162.7789306640625,6.501598834991455,8105594.5,0.994267463684082,-0.037386905401945114,0.002496338915079832,49.92677688598633,0.005317527800798416,106.35055541992188,20000.0,3e-06,410,False
11649,2887,180.66123962402344,6.731816291809082,8859694.0,0.9942644238471985,-0.03673806041479111,0.002662794664502144,53.25589370727539,0.00603367667645216,120.67353057861328,20000.0,3e-06,411,False
11653,2888,171.9347381591797,6.602344036102295,9101770.0,0.9942614436149597,-0.03715778514742851,0.0026392475701868534,52.784950256347656,0.0056273723021149635,112.54744720458984,20000.0,3e-06,412,False
11657,2889,192.4966583251953,6.765721321105957,8817552.0,0.9942584037780762,-0.03622744232416153,0.0027675621677190065,55.35124206542969,0.0065189846791327,130.37969970703125,20000.0,3e-06,413,False
11661,2890,191.42698669433594,6.715752124786377,9185429.0,0.9942554831504822,-0.03656725957989693,0.0026064752601087093,52.1295051574707,0.0066290865652263165,132.58172607421875,20000.0,3e-06,414,False
11665,2891,181.5965576171875,6.690837383270264,8998464.0,0.9942524433135986,-0.03689108043909073,0.002782688243314624,55.65376663208008,0.005962597206234932,119.25194549560547,20000.0,3e-06,415,False
11669,2892,173.767822265625,6.692357063293457,7591631.0,0.9942494630813599,-0.03709420561790466,0.002634910400956869,52.69820785522461,0.005718862637877464,114.37725067138672,20000.0,3e-06,416,False
11673,2893,169.8563232421875,6.790122985839844,8406288.0,0.9942465424537659,-0.036337144672870636,0.0024565677158534527,49.13135528564453,0.0056967418640851974,113.9348373413086,20000.0,3e-06,417,False
11677,2894,174.82876586914062,6.840685844421387,9807506.0,0.9942435026168823,-0.036368273198604584,0.002699868520721793,53.997371673583984,0.005699534900486469,113.9906997680664,20000.0,3e-06,418,False
11681,2895,191.26974487304688,6.933555603027344,8483060.0,0.9942405223846436,-0.036551155149936676,0.0027193566784262657,54.38713455200195,0.00649745250120759,129.9490509033203,20000.0,3e-06,419,False
11685,2896,165.0807342529297,6.921174049377441,7858871.5,0.9942375421524048,-0.036641769111156464,0.0024300047662109137,48.600093841552734,0.005477973259985447,109.55946350097656,20000.0,3e-06,420,False
11689,2897,187.592529296875,6.785794258117676,8127543.0,0.9942345023155212,-0.03702818229794502,0.0028164880350232124,56.32976150512695,0.006223849020898342,124.47698211669922,20000.0,3e-06,421,False
11693,2898,171.67503356933594,6.568005561828613,9925843.0,0.9942315816879272,-0.03753821551799774,0.002746416023001075,54.928321838378906,0.0055089350789785385,110.17870330810547,20000.0,3e-06,422,False
11697,2899,184.61175537109375,6.55816650390625,7924395.0,0.9942286014556885,-0.03811085596680641,0.0027934848330914974,55.86969757080078,0.006109194830060005,122.18389892578125,20000.0,3e-06,423,False
11701,2900,180.70164489746094,6.790431976318359,8923622.0,0.9942255616188049,-0.03729903697967529,0.0026927487924695015,53.854976654052734,0.006002811715006828,120.05623626708984,20000.0,3e-06,424,False
11705,2901,166.23367309570312,6.692280292510986,7845118.0,0.9942226409912109,-0.0372631661593914,0.0025945736560970545,51.89147186279297,0.005382495932281017,107.64991760253906,20000.0,3e-06,425,False
11709,2902,178.96054077148438,6.867508888244629,9025570.0,0.9942196011543274,-0.03736834228038788,0.002783842384815216,55.676849365234375,0.005820808932185173,116.41617584228516,20000.0,3e-06,426,False
11713,2903,176.71534729003906,6.797428131103516,9461262.0,0.9942166209220886,-0.03729953616857529,0.002836539875715971,56.730796813964844,0.005659355781972408,113.18711853027344,20000.0,3e-06,427,False
11717,2904,193.21231079101562,6.853046417236328,9531051.0,0.9942135810852051,-0.03722456842660904,0.0028921901248395443,57.84380340576172,0.0064257727935910225,128.5154571533203,20000.0,3e-06,428,False
11721,2905,190.39939880371094,6.893627166748047,7509538.0,0.9942106008529663,-0.03685692697763443,0.002608254551887512,52.16509246826172,0.006567033939063549,131.34068298339844,20000.0,3e-06,429,False
11725,2906,168.7110595703125,6.843149662017822,10068072.0,0.9942075610160828,-0.037199415266513824,0.0026617911644279957,53.23582458496094,0.0054316045716404915,108.63208770751953,20000.0,3e-06,430,False
11729,2907,178.57562255859375,6.894931316375732,10084490.0,0.9942046403884888,-0.036973390728235245,0.0027347614523023367,54.695228576660156,0.005849273409694433,116.98546600341797,20000.0,3e-06,431,False
11733,2908,178.89947509765625,6.9259490966796875,7747634.0,0.9942016005516052,-0.03677123039960861,0.002576918341219425,51.538368225097656,0.006021757610142231,120.43515014648438,20000.0,3e-06,432,False
11737,2909,196.64572143554688,7.223660469055176,10371711.0,0.9941986203193665,-0.036574836820364,0.002765054814517498,55.30109786987305,0.006706048734486103,134.1209716796875,20000.0,3e-06,433,False
11741,2910,171.70196533203125,6.827878952026367,8024996.0,0.9941955804824829,-0.03756953775882721,0.0027564445044845343,55.12889099121094,0.005487259477376938,109.74518585205078,20000.0,3e-06,434,False
11745,2911,192.4076385498047,6.984759330749512,10354878.0,0.9941926598548889,-0.03683730214834213,0.0027670529671013355,55.341060638427734,0.006504090968519449,130.08181762695312,20000.0,3e-06,435,False
11749,2912,170.3206787109375,6.84243106842041,9187200.0,0.9941896796226501,-0.03727176785469055,0.002547730226069689,50.95460510253906,0.005626182071864605,112.52364349365234,20000.0,3e-06,436,False
11753,2913,189.12960815429688,6.958292007446289,9872101.0,0.9941866397857666,-0.036981262266635895,0.002543738577514887,50.87477111816406,0.00656482670456171,131.29653930664062,20000.0,3e-06,437,False
11757,2914,155.13613891601562,6.768145561218262,9434124.0,0.9941836595535278,-0.03718250244855881,0.0025330011267215014,50.6600227355957,0.004885398782789707,97.70797729492188,20000.0,3e-06,438,False
11761,2915,186.90359497070312,6.714090824127197,7016417.0,0.9941807389259338,-0.037753477692604065,0.002600716892629862,52.014339447021484,0.006408758461475372,128.1751708984375,20000.0,3e-06,439,False
11765,2916,199.12925720214844,6.960519790649414,8325744.0,0.9941776990890503,-0.0370899960398674,0.0027065537869930267,54.13107681274414,0.006901882588863373,138.03765869140625,20000.0,3e-06,440,False
11769,2917,175.34146118164062,6.922534942626953,9703389.0,0.9941747188568115,-0.03728516772389412,0.002520098350942135,50.4019660949707,0.005900847725570202,118.01695251464844,20000.0,3e-06,441,False
11773,2918,182.79983520507812,6.800636291503906,8790210.0,0.9941717386245728,-0.03752764314413071,0.002873568329960108,57.47136688232422,0.005926392041146755,118.52783966064453,20000.0,3e-06,442,False
11777,2919,186.54417419433594,7.1448073387146,9334483.0,0.9941686987876892,-0.03703512251377106,0.00254740659147501,50.9481315612793,0.006422561593353748,128.45123291015625,20000.0,3e-06,443,False
11781,2920,182.12518310546875,6.860084533691406,8812980.0,0.9941657781600952,-0.038009852170944214,0.0028905742801725864,57.811485290527344,0.005872680805623531,117.45361328125,20000.0,3e-06,444,False
11785,2921,184.08416748046875,7.154482841491699,10769774.0,0.9941627383232117,-0.03692369908094406,0.002544448710978031,50.888973236083984,0.006302035413682461,126.04071044921875,20000.0,3e-06,445,False
11789,2922,168.42367553710938,7.019132614135742,7907259.0,0.9941597580909729,-0.03727512061595917,0.002640694845467806,52.81389617919922,0.005429532378911972,108.59064483642578,20000.0,3e-06,446,False
11793,2923,172.13636779785156,7.088989734649658,9262602.0,0.9941568374633789,-0.03717195242643356,0.002617769641801715,52.35539245605469,0.00563459936529398,112.69198608398438,20000.0,3e-06,447,False
11797,2924,172.75205993652344,7.053008079528809,7447796.0,0.9941537976264954,-0.03757363557815552,0.0026840430218726397,53.68085861206055,0.005600909702479839,112.01819610595703,20000.0,3e-06,448,False
11801,2925,180.7014617919922,7.15164852142334,9501540.0,0.9941508173942566,-0.03736267238855362,0.002496942412108183,49.938846588134766,0.006180548574775457,123.61096954345703,20000.0,3e-06,449,False
11805,2926,169.67364501953125,7.168613910675049,7797046.0,0.9941478371620178,-0.03703487291932106,0.0027147787623107433,54.29557418823242,0.005410472862422466,108.20945739746094,20000.0,3e-06,450,False
11809,2927,201.7062530517578,7.184604644775391,10035823.0,0.9941447973251343,-0.03709905967116356,0.002777793910354376,55.555877685546875,0.0069482889957726,138.9657745361328,20000.0,3e-06,451,False
11813,2928,187.7341766357422,7.017560958862305,7034196.0,0.9941418766975403,-0.03764721006155014,0.0026316253934055567,52.63250732421875,0.0064042056910693645,128.0841064453125,20000.0,3e-06,452,False
11817,2929,161.27297973632812,7.1806793212890625,10707099.0,0.9941388964653015,-0.03747977688908577,0.0024199229665100574,48.398460388183594,0.005284691695123911,105.69383239746094,20000.0,3e-06,453,False
11821,2930,194.20416259765625,7.055507659912109,8169110.5,0.994135856628418,-0.038100969046354294,0.0026295273564755917,52.590545654296875,0.006727905478328466,134.55810546875,20000.0,3e-06,454,False
11825,2931,180.6888427734375,7.126086235046387,8185997.5,0.994132936000824,-0.03795401006937027,0.0026710075326263905,53.42015075683594,0.00600713025778532,120.14260864257812,20000.0,3e-06,455,False
11829,2932,173.2113494873047,7.2467522621154785,8597698.0,0.9941299557685852,-0.03704012185335159,0.002594758989289403,51.895179748535156,0.005703471135348082,114.06941986083984,20000.0,3e-06,456,False
11833,2933,180.0445556640625,7.297269344329834,8202181.5,0.9941269159317017,-0.03709714487195015,0.0025826431810855865,51.652862548828125,0.0060547213070094585,121.09442901611328,20000.0,3e-06,457,False
11837,2934,193.0219268798828,7.319238662719727,10490905.0,0.9941239356994629,-0.037806615233421326,0.002789515070617199,55.79030227661133,0.0064956191927194595,129.91238403320312,20000.0,3e-06,458,False
11841,2935,187.30577087402344,7.328009605407715,9209404.0,0.9941210150718689,-0.037369467318058014,0.0025755655951797962,51.51131057739258,0.006423322483897209,128.46644592285156,20000.0,3e-06,459,False
11845,2936,178.39669799804688,7.0599164962768555,8776010.0,0.9941179752349854,-0.037960346788167953,0.00251812394708395,50.36248016357422,0.006048714742064476,120.97429656982422,20000.0,3e-06,460,False
11849,2937,182.49810791015625,7.109979629516602,8642570.0,0.9941149950027466,-0.03777548670768738,0.0027280638460069895,54.561275482177734,0.006041342858225107,120.82685852050781,20000.0,3e-06,461,False
11853,2938,169.98841857910156,7.028914451599121,8796274.0,0.9941120743751526,-0.037781454622745514,0.002545903902500868,50.9180793762207,0.005602071527391672,112.04142761230469,20000.0,3e-06,462,False
11857,2939,180.25694274902344,7.266709327697754,9129054.0,0.9941089749336243,-0.03774455934762955,0.0025923247449100018,51.84649658203125,0.006057186983525753,121.14373779296875,20000.0,3e-06,463,False
11861,2940,181.5592041015625,7.204647541046143,9484831.0,0.9941060543060303,-0.03778904676437378,0.002644012216478586,52.880245208740234,0.0060737160965800285,121.47431945800781,20000.0,3e-06,464,False
11865,2941,178.67665100097656,7.250432014465332,9311204.0,0.9941030740737915,-0.037737660109996796,0.002524029463529587,50.4805908203125,0.006047281436622143,120.94562530517578,20000.0,3e-06,465,False
11869,2942,173.57533264160156,7.283926486968994,7807831.0,0.994100034236908,-0.03800833225250244,0.00267406296916306,53.481258392333984,0.005640507210046053,112.81014251708984,20000.0,3e-06,466,False
11873,2943,184.54452514648438,7.136318206787109,7672564.0,0.994097113609314,-0.037868350744247437,0.002548402175307274,50.96804428100586,0.00632200762629509,126.44015502929688,20000.0,3e-06,467,False
11877,2944,175.4344940185547,7.276022911071777,9990000.0,0.9940941333770752,-0.037708770483732224,0.0027246037498116493,54.4920768737793,0.005683319643139839,113.66638946533203,20000.0,3e-06,468,False
11881,2945,197.63427734375,7.238099098205566,8651275.0,0.9940910935401917,-0.037983689457178116,0.0026922153774648905,53.84430694580078,0.006827594246715307,136.5518798828125,20000.0,3e-06,469,False
11885,2946,175.6195068359375,7.245999813079834,8877886.0,0.9940881133079529,-0.037505634129047394,0.0026185153983533382,52.37030792236328,0.005800159648060799,116.0031967163086,20000.0,3e-06,470,False
11889,2947,176.11131286621094,7.222993850708008,8530648.0,0.9940851926803589,-0.038325317203998566,0.002406961750239134,48.13923645019531,0.0060374541208148,120.74908447265625,20000.0,3e-06,471,False
11893,2948,178.54763793945312,7.493767738342285,10073063.0,0.9940821528434753,-0.03763662651181221,0.002629007212817669,52.580142974853516,0.005923686549067497,118.4737319946289,20000.0,3e-06,472,False
11897,2949,182.94436645507812,7.22900390625,8233596.0,0.9940791726112366,-0.03785111755132675,0.002737534698098898,54.750694274902344,0.0060482332482934,120.96466827392578,20000.0,3e-06,473,False
11901,2950,197.4129180908203,7.397878170013428,9895341.0,0.994076132774353,-0.037502262741327286,0.002940473612397909,58.809471130371094,0.006560278125107288,131.20556640625,20000.0,3e-06,474,False
11905,2951,177.79464721679688,7.279644012451172,9345518.0,0.994073212146759,-0.038540638983249664,0.0025711050257086754,51.42210006713867,0.005954645574092865,119.09291076660156,20000.0,3e-06,475,False
11909,2952,185.94271850585938,7.259271621704102,9062118.0,0.9940702319145203,-0.038288664072752,0.0027315178886055946,54.6303596496582,0.006202653981745243,124.0530776977539,20000.0,3e-06,476,False
11913,2953,192.07632446289062,7.364695072174072,8192551.5,0.9940671920776367,-0.03777175396680832,0.0025102582294493914,50.20516586303711,0.00672532245516777,134.50645446777344,20000.0,3e-06,477,False
11917,2954,186.40286254882812,7.33768367767334,8353562.0,0.994064211845398,-0.03753866255283356,0.0025483272038400173,50.96654510498047,0.006404931657016277,128.0986328125,20000.0,3e-06,478,False
11921,2955,186.2160186767578,7.3484954833984375,8506887.0,0.994061291217804,-0.03819587826728821,0.0026719029992818832,53.43806076049805,0.006271473132073879,125.4294662475586,20000.0,3e-06,479,False
11925,2956,177.74562072753906,7.387862682342529,7013651.0,0.9940582513809204,-0.038299959152936935,0.0026591885834932327,53.183773040771484,0.0058586993254721165,117.17398834228516,20000.0,3e-06,480,False
11929,2957,176.4561767578125,7.674799919128418,8120844.5,0.9940552711486816,-0.03792101517319679,0.002672427799552679,53.44855499267578,0.005766641348600388,115.33282470703125,20000.0,3e-06,481,False
11933,2958,176.12557983398438,7.293694972991943,9060982.0,0.9940523505210876,-0.037675853818655014,0.0023018838837742805,46.03767776489258,0.006139710545539856,122.7942123413086,20000.0,3e-06,482,False
11937,2959,186.19122314453125,7.233973503112793,9802416.0,0.9940493106842041,-0.03866271674633026,0.002702959580346942,54.0591926574707,0.0062449024990201,124.8980484008789,20000.0,3e-06,483,False
11941,2960,176.7215576171875,7.294778823852539,9335796.0,0.9940463304519653,-0.03794896602630615,0.0026700301095843315,53.40060043334961,0.005801308434456587,116.02616882324219,20000.0,3e-06,484,False
11945,2961,189.32574462890625,7.418924331665039,9153668.0,0.9940432906150818,-0.03826546669006348,0.0025445427745580673,50.89085388183594,0.006550798192620277,131.01596069335938,20000.0,3e-06,485,False
11949,2962,183.8004608154297,7.333040237426758,7387666.0,0.994040310382843,-0.03860246390104294,0.002670754212886095,53.41508483886719,0.006152616813778877,123.05233764648438,20000.0,3e-06,486,False
11953,2963,171.45921325683594,7.70551061630249,6968657.0,0.994037389755249,-0.03768081218004227,0.002621040679514408,52.420814514160156,0.005566644482314587,111.33289337158203,20000.0,3e-06,487,False
11957,2964,207.16806030273438,7.474154949188232,7525855.0,0.9940343499183655,-0.03834665194153786,0.002572552300989628,51.451045989990234,0.007412142585963011,148.24285888671875,20000.0,3e-06,488,False
11961,2965,174.9119873046875,7.414329528808594,8136194.0,0.9940313696861267,-0.038641855120658875,0.0026543911080807447,53.08782196044922,0.005720491521060467,114.40982818603516,20000.0,3e-06,489,False
11965,2966,171.68740844726562,7.588020324707031,7955713.0,0.9940284490585327,-0.03788238763809204,0.0025800818111747503,51.60163497924805,0.0056248875334858894,112.49774932861328,20000.0,3e-06,490,False
11969,2967,170.3236083984375,7.358112812042236,9470424.0,0.9940254092216492,-0.03811778128147125,0.0025650090537965298,51.3001823425293,0.005583265796303749,111.66531372070312,20000.0,3e-06,491,False
11973,2968,178.5717010498047,7.283982753753662,9591502.0,0.9940224289894104,-0.038946524262428284,0.002725455677136779,54.50911331176758,0.005838930606842041,116.77861022949219,20000.0,3e-06,492,False
11977,2969,186.37225341796875,7.4453630447387695,9395802.0,0.9940193891525269,-0.038548391312360764,0.002825592877343297,56.51185607910156,0.006120751611888409,122.41503143310547,20000.0,3e-06,493,False
11981,2970,168.39541625976562,7.514190196990967,8870124.0,0.9940164089202881,-0.03805852681398392,0.002655361546203494,53.10723114013672,0.005388699471950531,107.77398681640625,20000.0,3e-06,494,False
11985,2971,168.0419158935547,7.636157512664795,7907845.5,0.9940134882926941,-0.0383772999048233,0.002649637870490551,52.99275588989258,0.005370649974793196,107.41300201416016,20000.0,3e-06,495,False
11989,2972,180.9539337158203,7.5865888595581055,8170999.0,0.9940104484558105,-0.03801129013299942,0.0027698189951479435,55.39638137817383,0.005898548290133476,117.97096252441406,20000.0,3e-06,496,False
11993,2973,156.08303833007812,7.589269638061523,10861243.0,0.9940074682235718,-0.03858146816492081,0.0025961881037801504,51.923763275146484,0.004828500095754862,96.56999969482422,20000.0,3e-06,497,False
11997,2974,179.16018676757812,7.563030242919922,6972298.0,0.9940044283866882,-0.0382169708609581,0.0027397177182137966,54.79435348510742,0.0058401403948664665,116.80281066894531,20000.0,3e-06,498,False
12001,2975,172.4013671875,7.479785919189453,9471816.0,0.9940015077590942,-0.038574595004320145,0.002476151566952467,49.523033142089844,0.005769927054643631,115.39854431152344,20000.0,3e-06,499,False
12005,2976,170.35369873046875,7.466251373291016,8530892.0,0.9939985275268555,-0.03906058520078659,0.002538606757298112,50.77213668823242,0.005605765618383884,112.11531066894531,20000.0,3e-06,500,False
12009,2977,167.87548828125,7.508754730224609,8846794.0,0.9939954876899719,-0.03914441913366318,0.002463466953486204,49.26934051513672,0.005554869771003723,111.09739685058594,20000.0,3e-06,501,False
12013,2978,178.59722900390625,7.682358264923096,8233199.0,0.9939925074577332,-0.038324009627103806,0.002390784677118063,47.81569290161133,0.006154959090054035,123.09918212890625,20000.0,3e-06,502,False
12017,2979,171.0843963623047,7.4273529052734375,7944174.5,0.9939894676208496,-0.03902774304151535,0.0025873626582324505,51.74725341796875,0.005595489405095577,111.9097900390625,20000.0,3e-06,503,False
12021,2980,172.65155029296875,7.530414581298828,9515276.0,0.9939865469932556,-0.038621678948402405,0.0026216881815344095,52.43376541137695,0.005634368397295475,112.68737030029297,20000.0,3e-06,504,False
12025,2981,183.65591430664062,7.716574192047119,8677968.0,0.9939835071563721,-0.038255997002124786,0.002662165090441704,53.24330139160156,0.006134801544249058,122.69602966308594,20000.0,3e-06,505,False
12029,2982,170.98046875,7.794422626495361,9154143.0,0.9939805269241333,-0.03826465085148811,0.002604871056973934,52.09741973876953,0.0055544315837323666,111.08863067626953,20000.0,3e-06,506,False
12033,2983,175.88006591796875,7.675118446350098,8098258.0,0.9939774870872498,-0.03847454488277435,0.0025805416516959667,51.61083221435547,0.005829705856740475,116.5941162109375,20000.0,3e-06,507,False
12037,2984,190.83917236328125,7.856345176696777,9732367.0,0.9939745664596558,-0.0384245440363884,0.002471388317644596,49.427764892578125,0.006677753292024136,133.55506896972656,20000.0,3e-06,508,False
12041,2985,186.58790588378906,7.740265369415283,8561854.0,0.993971586227417,-0.038206588476896286,0.0025643869303166866,51.28773880004883,0.006377995014190674,127.55989837646484,20000.0,3e-06,509,False
12045,2986,163.30987548828125,7.7561492919921875,9319664.0,0.9939685463905334,-0.03845706954598427,0.0027145412750542164,54.29082489013672,0.00506314542144537,101.26290893554688,20000.0,3e-06,510,False
12049,2987,176.57144165039062,7.554238796234131,9573439.0,0.9939655661582947,-0.03940127044916153,0.0024666432291269302,49.332862854003906,0.005984216928482056,119.68434143066406,20000.0,3e-06,511,False
12053,2988,182.80560302734375,7.777656555175781,9283208.0,0.9939625263214111,-0.038267701864242554,0.0025885116774588823,51.770233154296875,0.0061628851108253,123.25770568847656,20000.0,3e-06,512,False
12057,2989,182.08367919921875,7.807504177093506,6901377.5,0.9939596056938171,-0.038625024259090424,0.0025465493090450764,50.93098449707031,0.006167259067296982,123.34518432617188,20000.0,3e-06,513,False
12061,2990,185.71987915039062,7.794387340545654,8846468.0,0.9939566254615784,-0.03907870128750801,0.002611218485981226,52.224369049072266,0.006285056006163359,125.70111846923828,20000.0,3e-06,514,False
12065,2991,172.38479614257812,7.788580894470215,8435359.0,0.9939535856246948,-0.03894927352666855,0.0023288598749786615,46.57719802856445,0.005900950636714697,118.01901245117188,20000.0,3e-06,515,False
12069,2992,178.23374938964844,7.630734443664551,7862477.5,0.9939506649971008,-0.03924943506717682,0.0026374980807304382,52.749961853027344,0.00589265301823616,117.85305786132812,20000.0,3e-06,516,False
12073,2993,169.24082946777344,7.640860080718994,8848306.0,0.9939476847648621,-0.03900314122438431,0.002468114485964179,49.36228942871094,0.005611883942037821,112.23767852783203,20000.0,3e-06,517,False
12077,2994,183.76455688476562,7.636039733886719,9844294.0,0.9939446449279785,-0.03901056572794914,0.0027202137280255556,54.404273986816406,0.006086212582886219,121.72425079345703,20000.0,3e-06,518,False
12081,2995,181.01046752929688,7.684882640838623,10113028.0,0.9939416646957397,-0.03874412924051285,0.0026842686347663403,53.68537139892578,0.005982010625302792,119.64021301269531,20000.0,3e-06,519,False
12085,2996,171.0591278076172,7.56538724899292,9224710.0,0.993938684463501,-0.03901774436235428,0.002520432695746422,50.408653259277344,0.005654254462569952,113.08509063720703,20000.0,3e-06,520,False
12089,2997,176.5967254638672,7.819829940795898,8637400.0,0.9939357042312622,-0.03915366530418396,0.002947955159470439,58.959102630615234,0.005490889772772789,109.81779479980469,20000.0,3e-06,521,False
12093,2998,178.3903350830078,7.804965972900391,9555006.0,0.9939326643943787,-0.038920752704143524,0.002648389432579279,52.96778869628906,0.005880879238247871,117.61758422851562,20000.0,3e-06,522,False
12097,2999,178.7950897216797,7.733053207397461,10131690.0,0.9939296841621399,-0.03890940174460411,0.002521268557757139,50.42536926269531,0.0060318331234157085,120.63666534423828,20000.0,3e-06,523,False
12101,3000,172.83197021484375,7.786520004272461,8884711.0,0.9939266443252563,-0.0393887534737587,0.0025962411891669035,51.92482376098633,0.005656031891703606,113.12063598632812,20000.0,3e-06,524,False
12105,3001,169.63462829589844,7.9070820808410645,9831491.0,0.9939237236976624,-0.03904954716563225,0.0024643088690936565,49.28617858886719,0.005622068420052528,112.44136810302734,20000.0,3e-06,525,False
12109,3002,180.41415405273438,7.73353385925293,8664771.0,0.9939206838607788,-0.03900925815105438,0.0024337442591786385,48.67488479614258,0.006200287025421858,124.0057373046875,20000.0,3e-06,526,False
12113,3003,166.37371826171875,8.12096881866455,8579603.0,0.99391770362854,-0.03854690492153168,0.0025607990100979805,51.215980529785156,0.005351838190108538,107.0367660522461,20000.0,3e-06,527,False
12117,3004,196.2786102294922,7.944112300872803,9687032.0,0.9939146637916565,-0.03892219066619873,0.002661078702658415,53.22157287597656,0.006755646783858538,135.11293029785156,20000.0,3e-06,528,False
12121,3005,160.77896118164062,8.201173782348633,9708144.0,0.9939117431640625,-0.03833828121423721,0.002585804322734475,51.716087341308594,0.00504308519884944,100.86170196533203,20000.0,3e-06,529,False
12125,3006,165.0747833251953,7.899747848510742,9426876.0,0.993908703327179,-0.03923112899065018,0.00261876592412591,52.37531661987305,0.005239985883235931,104.79972076416016,20000.0,3e-06,530,False
12129,3007,160.1927947998047,7.866166591644287,8742096.0,0.9939057230949402,-0.03916741907596588,0.0024734456092119217,49.46891403198242,0.005142885725945234,102.85771179199219,20000.0,3e-06,531,False
12133,3008,180.30361938476562,8.049867630004883,9802964.0,0.9939027428627014,-0.03887775167822838,0.002421500626951456,48.43001174926758,0.00619118707254529,123.82373809814453,20000.0,3e-06,532,False
12137,3009,168.0611572265625,7.855067729949951,7837649.0,0.9938997030258179,-0.039200395345687866,0.002411138266324997,48.2227668762207,0.005599166266620159,111.98332214355469,20000.0,3e-06,533,False
12141,3010,166.81936645507812,7.825281143188477,9294006.0,0.9938967823982239,-0.03939381241798401,0.002472873777151108,49.45747375488281,0.005476830527186394,109.53661346435547,20000.0,3e-06,534,False
12145,3011,162.90902709960938,7.806102752685547,10082493.0,0.9938938021659851,-0.03935835510492325,0.0026022503152489662,52.045005798339844,0.0051528955809772015,103.05791473388672,20000.0,3e-06,535,False
12149,3012,180.3583526611328,7.985650062561035,10185484.0,0.9938907623291016,-0.03890074044466019,0.002596830250695348,51.93660354614258,0.006021805107593536,120.43610382080078,20000.0,3e-06,536,False
12153,3013,169.2976837158203,8.029583930969238,8847666.0,0.9938878417015076,-0.039147134870290756,0.0024540633894503117,49.081268310546875,0.005609341897070408,112.18683624267578,20000.0,3e-06,537,False
12157,3014,172.76336669921875,8.075886726379395,8993312.0,0.993884801864624,-0.03893759846687317,0.002376002259552479,47.52004623413086,0.005858371965587139,117.16744232177734,20000.0,3e-06,538,False
12161,3015,166.02410888671875,8.158707618713379,9129854.0,0.9938818216323853,-0.03845175355672836,0.00262748496606946,52.54969787597656,0.005265784915536642,105.3156967163086,20000.0,3e-06,539,False
12165,3016,163.05235290527344,7.910844326019287,8864750.0,0.9938788414001465,-0.03942800313234329,0.0023815552704036236,47.631103515625,0.005375520326197147,107.51040649414062,20000.0,3e-06,540,False
12169,3017,162.19932556152344,7.918275833129883,9832990.0,0.9938758015632629,-0.039808399975299835,0.0023853210732340813,47.7064208984375,0.00532873161137104,106.57463073730469,20000.0,3e-06,541,False
12173,3018,160.81597900390625,7.878073215484619,9396766.0,0.993872880935669,-0.039653174579143524,0.002579508814960718,51.59017562866211,0.005067386664450169,101.34773254394531,20000.0,3e-06,542,False
12177,3019,179.38449096679688,7.977207660675049,8723384.0,0.9938699007034302,-0.039691075682640076,0.002718950854614377,54.3790168762207,0.005851413123309612,117.02825927734375,20000.0,3e-06,543,False
12181,3020,171.49111938476562,7.894065856933594,8287741.0,0.9938668608665466,-0.03930273652076721,0.0025344700552523136,50.68939971923828,0.005645382218062878,112.90764617919922,20000.0,3e-06,544,False
12185,3021,176.9251708984375,8.131723403930664,8382376.0,0.9938639402389526,-0.03944786265492439,0.002663736930117011,53.27473831176758,0.005775935482233763,115.51870727539062,20000.0,3e-06,545,False
12189,3022,192.4557647705078,8.170743942260742,9767545.0,0.9938609004020691,-0.039575595408678055,0.0025782312732189894,51.56462478637695,0.006636019796133041,132.72039794921875,20000.0,3e-06,546,False
12193,3023,178.41485595703125,7.976342678070068,9618341.0,0.9938579201698303,-0.03908776491880417,0.002762820105999708,55.25640106201172,0.005759105551987886,115.18211364746094,20000.0,3e-06,547,False
12197,3024,164.82846069335938,7.810076713562012,8532022.0,0.9938548803329468,-0.04010608792304993,0.0026589897461235523,53.17979431152344,0.005191929638385773,103.83859252929688,20000.0,3e-06,548,False
12201,3025,176.2105712890625,7.99184513092041,9398140.0,0.993851900100708,-0.03984381631016731,0.002371553098782897,47.431060791015625,0.006039382889866829,120.78765869140625,20000.0,3e-06,549,False
12205,3026,165.64620971679688,8.129873275756836,8550602.0,0.9938489198684692,-0.03902551531791687,0.0025592618621885777,51.185237884521484,0.005316555500030518,106.33110809326172,20000.0,3e-06,550,False
12209,3027,166.26405334472656,8.409653663635254,8508848.0,0.9938459396362305,-0.03964603692293167,0.0025846026837825775,51.692054748535156,0.005308117251843214,106.16234588623047,20000.0,3e-06,551,False
12213,3028,174.42507934570312,8.074342727661133,9046088.0,0.9938428997993469,-0.039370715618133545,0.002545031253248453,50.9006233215332,0.005772505421191454,115.45011138916016,20000.0,3e-06,552,False
12217,3029,171.2720947265625,8.311161041259766,8060299.0,0.9938399195671082,-0.03899914026260376,0.0024248608388006687,48.497215270996094,0.005723185837268829,114.46371459960938,20000.0,3e-06,553,False
12221,3030,159.71792602539062,8.236958503723145,8783994.0,0.9938368797302246,-0.03936795890331268,0.0024974923580884933,49.94984817504883,0.005076556466519833,101.5311279296875,20000.0,3e-06,554,False
12225,3031,165.1324462890625,8.09095573425293,9350178.0,0.9938339591026306,-0.039958320558071136,0.0024988846853375435,49.97769546508789,0.005353189539164305,107.06378936767578,20000.0,3e-06,555,False
12229,3032,171.68902587890625,8.132097244262695,10190938.0,0.9938309788703918,-0.039583392441272736,0.0025494673755019903,50.989349365234375,0.0056283785961568356,112.56757354736328,20000.0,3e-06,556,False
12233,3033,157.591552734375,8.238642692565918,8994842.0,0.9938279390335083,-0.039481211453676224,0.002413978800177574,48.27957534790039,0.005053666420280933,101.07332611083984,20000.0,3e-06,557,False
12237,3034,161.2145233154297,8.149810791015625,9198364.0,0.9938250184059143,-0.039827924221754074,0.0025120116770267487,50.240234375,0.005141223780810833,102.82447814941406,20000.0,3e-06,558,False
12241,3035,155.12832641601562,8.243491172790527,9689731.0,0.9938219785690308,-0.039825763553380966,0.002345830202102661,46.916603088378906,0.004998411051928997,99.96822357177734,20000.0,3e-06,559,False
12245,3036,167.7611083984375,8.169794082641602,9731829.0,0.993818998336792,-0.039322562515735626,0.002587723545730114,51.75447082519531,0.005391842219978571,107.83684539794922,20000.0,3e-06,560,False
12249,3037,165.6026611328125,8.370102882385254,9456732.0,0.9938160181045532,-0.039472490549087524,0.0024937817361205816,49.875633239746094,0.005367846228182316,107.35692596435547,20000.0,3e-06,561,False
12253,3038,169.74758911132812,8.31822681427002,8954282.0,0.9938129782676697,-0.03926399350166321,0.0024659864138811827,49.31972885131836,0.005605482030659914,112.1096420288086,20000.0,3e-06,562,False
12257,3039,153.37460327148438,8.262367248535156,8131211.5,0.9938100576400757,-0.03906484693288803,0.0023651886731386185,47.30377197265625,0.004890423733741045,97.8084716796875,20000.0,3e-06,563,False
12261,3040,170.32901000976562,8.194053649902344,7992926.0,0.9938070178031921,-0.0403083860874176,0.0025131432339549065,50.26286315917969,0.005593604873865843,111.87210083007812,20000.0,3e-06,564,False
12265,3041,161.3668975830078,8.394079208374023,9663821.0,0.9938040375709534,-0.03937095031142235,0.0023210300132632256,46.42060089111328,0.005327610764652491,106.55221557617188,20000.0,3e-06,565,False
12269,3042,172.2246551513672,8.299009323120117,9877022.0,0.9938011169433594,-0.039629124104976654,0.0025044961366802454,50.08992385864258,0.0056917862966656685,113.83572387695312,20000.0,3e-06,566,False
12273,3043,162.24264526367188,8.342850685119629,8118809.5,0.9937980771064758,-0.039474476128816605,0.0024492412339895964,48.984825134277344,0.005245748441666365,104.91497039794922,20000.0,3e-06,567,False
12277,3044,168.51626586914062,8.142616271972656,8885601.0,0.9937950968742371,-0.04039726033806801,0.0023529964964836836,47.05992889404297,0.00566568598151207,113.313720703125,20000.0,3e-06,568,False
12281,3045,188.21389770507812,8.433919906616211,6925778.0,0.9937921762466431,-0.0394633412361145,0.0027306186966598034,54.61237335205078,0.0062583801336586475,125.1676025390625,20000.0,3e-06,569,False
12285,3046,161.85726928710938,8.381966590881348,8155905.0,0.9937891364097595,-0.04019077122211456,0.0026326600927859545,52.653202056884766,0.00504110474139452,100.82209777832031,20000.0,3e-06,570,False
12289,3047,170.78237915039062,8.319708824157715,9634130.0,0.9937861561775208,-0.04010956734418869,0.0024268915876746178,48.5378303527832,0.005696241743862629,113.92483520507812,20000.0,3e-06,571,False
12293,3048,151.85931396484375,8.448726654052734,7929061.5,0.993783175945282,-0.039571017026901245,0.0023401512298732996,46.80302429199219,0.004830378107726574,96.60755920410156,20000.0,3e-06,572,False
12297,3049,171.54446411132812,8.335569381713867,7772662.0,0.9937801361083984,-0.0397232361137867,0.002644801512360573,52.89603042602539,0.0055156429298222065,110.31285858154297,20000.0,3e-06,573,False
12301,3050,161.30477905273438,8.680156707763672,8540263.0,0.9937772154808044,-0.03935374319553375,0.0024864282459020615,49.72856521606445,0.00514480285346508,102.89605712890625,20000.0,3e-06,574,False
12305,3051,174.42416381835938,8.566652297973633,9003902.0,0.9937742352485657,-0.039983488619327545,0.002547570038586855,50.95140075683594,0.005745305679738522,114.90611267089844,20000.0,3e-06,575,False
12309,3052,174.0460205078125,8.319917678833008,7847791.5,0.9937711954116821,-0.0401851162314415,0.0027904470916837454,55.80894088745117,0.005495857913047075,109.91716003417969,20000.0,3e-06,576,False
12313,3053,169.0059356689453,8.337549209594727,9989018.0,0.9937682747840881,-0.03979973495006561,0.0026094827335327864,52.18965530395508,0.005423936527222395,108.47872924804688,20000.0,3e-06,577,False
12317,3054,174.45501708984375,8.409872055053711,10071492.0,0.9937652349472046,-0.039690036326646805,0.002537634689360857,50.75269317626953,0.0057646227069199085,115.2924575805664,20000.0,3e-06,578,False
12321,3055,163.74197387695312,8.260900497436523,9529232.0,0.9937622547149658,-0.040291137993335724,0.002287320327013731,45.74640655517578,0.00548673328012228,109.73466491699219,20000.0,3e-06,579,False
12325,3056,160.10137939453125,8.52936840057373,7774342.0,0.993759274482727,-0.040043845772743225,0.0023225853219628334,46.45170593261719,0.005256015341728926,105.12030792236328,20000.0,3e-06,580,False
12329,3057,166.26507568359375,8.582712173461914,8621625.0,0.9937562346458435,-0.03991686925292015,0.002338601276278496,46.77202606201172,0.00554551649838686,110.91033172607422,20000.0,3e-06,581,False
12333,3058,172.2574005126953,8.36052131652832,7538974.0,0.9937533140182495,-0.03989841789007187,0.0024834428913891315,49.66885757446289,0.005711400881409645,114.22801971435547,20000.0,3e-06,582,False
12337,3059,179.08177185058594,8.656790733337402,7474141.5,0.9937503337860107,-0.039965055882930756,0.0023905241396278143,47.810482025146484,0.006130725145339966,122.614501953125,20000.0,3e-06,583,False
12341,3060,170.62869262695312,8.70009708404541,9717766.0,0.9937472939491272,-0.03942491114139557,0.002487995196133852,49.75990295410156,0.005608434323221445,112.16868591308594,20000.0,3e-06,584,False
12345,3061,172.24099731445312,8.473236083984375,8017637.0,0.9937443733215332,-0.040225569158792496,0.002644890220835805,52.897804260253906,0.0055434973910450935,110.86994934082031,20000.0,3e-06,585,False
12349,3062,183.2159881591797,8.41568374633789,9076070.0,0.9937413930892944,-0.04035232588648796,0.0023046801798045635,46.093605041503906,0.0064353346824646,128.70669555664062,20000.0,3e-06,586,False
12353,3063,171.1378631591797,8.594320297241211,8605901.0,0.9937383532524109,-0.04016239941120148,0.0024862720165401697,49.725440979003906,0.005640904884785414,112.81809997558594,20000.0,3e-06,587,False
12357,3064,181.2712860107422,8.608439445495605,8088522.0,0.9937354326248169,-0.04014741629362106,0.0024507585912942886,49.01517105102539,0.006182383745908737,123.64767456054688,20000.0,3e-06,588,False
12361,3065,181.13900756835938,8.619840621948242,9247856.0,0.9937324523925781,-0.04005258530378342,0.002509350422769785,50.187007904052734,0.006116608157753944,122.33216094970703,20000.0,3e-06,589,False
12365,3066,164.28427124023438,8.487090110778809,8783896.0,0.9937294125556946,-0.04020436108112335,0.0025070132687687874,50.14026641845703,0.005282845813781023,105.65691375732422,20000.0,3e-06,590,False
12369,3067,181.30029296875,8.642736434936523,8654120.0,0.9937264323234558,-0.039863698184490204,0.00244420999661088,48.88420104980469,0.006188667844980955,123.77335357666016,20000.0,3e-06,591,False
12373,3068,161.9443359375,8.541029930114746,7267342.0,0.9937235116958618,-0.03983491659164429,0.002553802914917469,51.07605743408203,0.005116362124681473,102.32723999023438,20000.0,3e-06,592,False
12377,3069,186.2873077392578,8.50494384765625,8687443.0,0.9937204718589783,-0.04026912897825241,0.002421259880065918,48.42519760131836,0.006467857863754034,129.35716247558594,20000.0,3e-06,593,False
12381,3070,173.07122802734375,8.831106185913086,8209290.0,0.9937174916267395,-0.04019784554839134,0.002542495261877775,50.84990692138672,0.005669510457664728,113.39020538330078,20000.0,3e-06,594,False
12385,3071,152.7310791015625,8.42849349975586,8584740.0,0.9937145709991455,-0.040471937507390976,0.0025043035857379436,50.0860710144043,0.004710826091468334,94.21652221679688,20000.0,3e-06,595,False
12389,3072,172.9334716796875,8.640527725219727,8636120.0,0.9937115907669067,-0.04044653847813606,0.002519788919016719,50.39577865600586,0.00569485779851675,113.89715576171875,20000.0,3e-06,596,False
12393,3073,164.4493865966797,8.691853523254395,8456363.0,0.9937085509300232,-0.04006826877593994,0.0025036034639924765,50.07207107543945,0.005284273065626621,105.68546295166016,20000.0,3e-06,597,False
12397,3074,177.61965942382812,8.743453979492188,8655798.0,0.9937055706977844,-0.03996256738901138,0.002488543977960944,49.770877838134766,0.005955266300588846,119.1053237915039,20000.0,3e-06,598,False
12401,3075,177.44454956054688,8.885469436645508,8620846.0,0.9937026500701904,-0.04020912945270538,0.0025997867342084646,51.99573516845703,0.00582816731184721,116.56334686279297,20000.0,3e-06,599,False
12405,3076,156.68309020996094,8.668205261230469,8960302.0,0.9936996102333069,-0.040320634841918945,0.0023916959762573242,47.833919525146484,0.005009048152714968,100.18096160888672,20000.0,3e-06,600,False
12409,3077,182.5135498046875,8.995720863342285,10293544.0,0.9936966300010681,-0.04015034809708595,0.0023821829818189144,47.64366149902344,0.0062937079928815365,125.87416076660156,20000.0,3e-06,601,False
12413,3078,165.14779663085938,8.630277633666992,7320412.5,0.9936937093734741,-0.04066731780767441,0.0023629912175238132,47.259822845458984,0.005462884437292814,109.2576904296875,20000.0,3e-06,602,False
12417,3079,160.92446899414062,8.59748649597168,7892340.0,0.9936906695365906,-0.040679026395082474,0.002518760971724987,50.375221252441406,0.005097587592899799,101.95175170898438,20000.0,3e-06,603,False
12421,3080,162.0741424560547,8.74837589263916,7766995.5,0.9936876893043518,-0.04025758430361748,0.002586331684142351,51.72663497924805,0.005079956259578466,101.59912872314453,20000.0,3e-06,604,False
12425,3081,172.23028564453125,8.776716232299805,6979031.0,0.9936847686767578,-0.040429502725601196,0.0025019089225679636,50.038177490234375,0.005670770071446896,113.41539764404297,20000.0,3e-06,605,False
12429,3082,166.33883666992188,8.79460334777832,8852472.0,0.9936817288398743,-0.03989862650632858,0.0024796808138489723,49.5936164855957,0.005397530272603035,107.95060729980469,20000.0,3e-06,606,False
12433,3083,181.52099609375,8.84790325164795,7940623.0,0.9936787486076355,-0.040022607892751694,0.0025495230220258236,50.99045944213867,0.006084132008254528,121.6826400756836,20000.0,3e-06,607,False
12437,3084,169.16729736328125,8.799423217773438,8302055.0,0.9936757683753967,-0.040420763194561005,0.002457240130752325,49.14480209350586,0.005561153870075941,111.22307586669922,20000.0,3e-06,608,False
12441,3085,154.92628479003906,8.70176887512207,8685436.0,0.9936728477478027,-0.04076119512319565,0.0023566170129925013,47.13233947753906,0.004954609088599682,99.09217834472656,20000.0,3e-06,609,False
12445,3086,165.96640014648438,8.777732849121094,7546498.0,0.9936698079109192,-0.04092460870742798,0.002516013104468584,50.32026290893555,0.005343420431017876,106.868408203125,20000.0,3e-06,610,False
12449,3087,174.70730590820312,8.735156059265137,9067722.0,0.9936668276786804,-0.04057864099740982,0.0023287246003746986,46.574493408203125,0.005969882942736149,119.39765930175781,20000.0,3e-06,611,False
12453,3088,176.772216796875,8.638429641723633,9083786.0,0.9936639070510864,-0.04057774692773819,0.002551583107560873,51.03166198730469,0.005855106748640537,117.10213470458984,20000.0,3e-06,612,False
12457,3089,162.73898315429688,8.710155487060547,8586492.0,0.9936608672142029,-0.04039512574672699,0.0026439460925757885,52.87892150878906,0.005057495553046465,101.14990997314453,20000.0,3e-06,613,False
12461,3090,153.961669921875,8.731969833374023,8872036.0,0.9936578869819641,-0.04067077487707138,0.0024092444218695164,48.18488693237305,0.004852240439504385,97.04480743408203,20000.0,3e-06,614,False
12465,3091,175.70477294921875,8.83979606628418,10137145.0,0.9936549663543701,-0.04035066068172455,0.00239376537501812,47.875308990478516,0.005949483253061771,118.98966217041016,20000.0,3e-06,615,False
12469,3092,165.2890625,8.874259948730469,8970764.0,0.9936519861221313,-0.04066675901412964,0.0024199921172112226,48.39984130859375,0.005400747526437044,108.01495361328125,20000.0,3e-06,616,False
12473,3093,171.2847442626953,8.774481773376465,9104303.0,0.9936489462852478,-0.04028025269508362,0.002562464214861393,51.24928283691406,0.005563049111515284,111.26097869873047,20000.0,3e-06,617,False
12477,3094,167.4017791748047,8.99032974243164,8513842.0,0.993645966053009,-0.04093043878674507,0.002518313005566597,50.36626052856445,0.005402259528636932,108.0451889038086,20000.0,3e-06,618,False
12481,3095,179.11587524414062,8.807718276977539,8293298.0,0.993643045425415,-0.04132837802171707,0.0024525094777345657,49.05018997192383,0.006062897853553295,121.2579574584961,20000.0,3e-06,619,False
12485,3096,184.17820739746094,8.880138397216797,8443098.0,0.9936400055885315,-0.041188593953847885,0.00243355636484921,48.67112731933594,0.006331346929073334,126.62693786621094,20000.0,3e-06,620,False
12489,3097,190.89639282226562,8.855571746826172,9331026.0,0.9936370253562927,-0.04075976461172104,0.0026174301747232676,52.348602294921875,0.006484610959887505,129.6922149658203,20000.0,3e-06,621,False
12493,3098,164.35107421875,8.869248390197754,8200474.0,0.9936339855194092,-0.040822599083185196,0.0023921376559883356,47.84275436401367,0.005381953902542591,107.63907623291016,20000.0,3e-06,622,False
12497,3099,159.3192138671875,8.909912109375,8085562.0,0.9936310648918152,-0.040359340608119965,0.002323996741324663,46.47993469238281,0.0051964689046144485,103.92937469482422,20000.0,3e-06,623,False
12501,3100,161.02561950683594,8.943299293518066,8783826.0,0.9936280846595764,-0.04122040793299675,0.002509266836568713,50.18533706665039,0.0050948490388691425,101.89698028564453,20000.0,3e-06,624,False
12505,3101,191.06146240234375,8.947677612304688,8524281.0,0.9936250448226929,-0.04099442809820175,0.0022768971975892782,45.53794479370117,0.006828791461884975,136.57583618164062,20000.0,3e-06,625,False
12509,3102,163.38858032226562,8.980241775512695,8025829.5,0.9936221241950989,-0.04125278815627098,0.0022636859212070704,45.273719787597656,0.0054567307233810425,109.13461303710938,20000.0,3e-06,626,False
12513,3103,160.49447631835938,8.737953186035156,8939838.0,0.9936191439628601,-0.04141463339328766,0.002438097260892391,48.76194381713867,0.005149729084223509,102.99458312988281,20000.0,3e-06,627,False
12517,3104,171.31594848632812,9.099037170410156,8926932.0,0.9936161041259766,-0.04060843214392662,0.002370382659137249,47.40765380859375,0.005740462802350521,114.80925750732422,20000.0,3e-06,628,False
12521,3105,162.41015625,8.756204605102539,7994298.0,0.9936131238937378,-0.04149484634399414,0.002275711391121149,45.51422882080078,0.005406985990703106,108.13971710205078,20000.0,3e-06,629,False
12525,3106,159.2508544921875,8.816761016845703,8756916.0,0.9936100840568542,-0.040886834263801575,0.002398384502157569,47.967689514160156,0.005123320035636425,102.46640014648438,20000.0,3e-06,630,False
12529,3107,170.05044555664062,8.7207670211792,8324827.5,0.9936071634292603,-0.04144413024187088,0.002561483532190323,51.229671478271484,0.005504999775439501,110.0999984741211,20000.0,3e-06,631,False
12533,3108,171.20016479492188,8.900384902954102,8012463.0,0.9936041235923767,-0.04068775102496147,0.0026438843924552202,52.877689361572266,0.005471104755997658,109.4220962524414,20000.0,3e-06,632,False
12537,3109,149.52252197265625,9.028726577758789,8919064.0,0.9936011433601379,-0.040829092264175415,0.002276790328323841,45.535804748535156,0.0047478992491960526,94.9579849243164,20000.0,3e-06,633,False
12541,3110,185.64813232421875,9.259788513183594,7676786.5,0.9935981035232544,-0.04059939086437225,0.0023863904643803835,47.72780990600586,0.0064330268651247025,128.66053771972656,20000.0,3e-06,634,False
12545,3111,170.48263549804688,8.981576919555664,7690835.5,0.9935951828956604,-0.04116243124008179,0.0025500929914414883,51.001861572265625,0.005524960346519947,110.49920654296875,20000.0,3e-06,635,False
12549,3112,160.34713745117188,9.014440536499023,7673534.0,0.9935922026634216,-0.04144929349422455,0.002351937582716346,47.038753509521484,0.00521469721570611,104.2939453125,20000.0,3e-06,636,False
12553,3113,162.46780395507812,9.022932052612305,5579288.5,0.9935891628265381,-0.04082544147968292,0.0026293154805898666,52.58631134033203,0.005042928270995617,100.85856628417969,20000.0,3e-06,637,False
12557,3114,169.40403747558594,8.987979888916016,6470203.0,0.9935862421989441,-0.04096822440624237,0.00262496923096478,52.499385833740234,0.005395833402872086,107.91667175292969,20000.0,3e-06,638,False
12561,3115,170.65057373046875,8.910039901733398,8080456.0,0.9935832023620605,-0.041516728699207306,0.002374064875766635,47.48129653930664,0.005712961778044701,114.25923919677734,20000.0,3e-06,639,False
12565,3116,170.0059051513672,9.137821197509766,10120028.0,0.9935802221298218,-0.04106007516384125,0.0025417529977858067,50.835060119628906,0.005501651205122471,110.03302764892578,20000.0,3e-06,640,False
12569,3117,190.4836883544922,9.03586483001709,8878581.0,0.993577241897583,-0.04113239049911499,0.002278649713844061,45.572994232177734,0.006793741602450609,135.8748321533203,20000.0,3e-06,641,False
12573,3118,155.98777770996094,9.213173866271973,8303750.0,0.9935742020606995,-0.04082599654793739,0.0023909956216812134,47.81991195678711,0.004947734996676445,98.95469665527344,20000.0,3e-06,642,False
12577,3119,170.98489379882812,9.026145935058594,7635868.5,0.9935712814331055,-0.04143879935145378,0.002447917591780424,48.958351135253906,0.005650020204484463,113.00040435791016,20000.0,3e-06,643,False
12581,3120,173.533447265625,9.190855026245117,8581950.0,0.9935682415962219,-0.041276417672634125,0.0023657577112317085,47.315155029296875,0.005851372145116329,117.0274429321289,20000.0,3e-06,644,False
12585,3121,169.70431518554688,9.041475296020508,9697826.0,0.9935652613639832,-0.04166024923324585,0.0023892149329185486,47.784297943115234,0.005643927492201328,112.87854766845703,20000.0,3e-06,645,False
12589,3122,168.02203369140625,9.055130958557129,8795492.0,0.9935623407363892,-0.0413191057741642,0.002523098373785615,50.46196746826172,0.005425246432423592,108.50492858886719,20000.0,3e-06,646,False
12593,3123,177.68505859375,9.085000991821289,9038360.0,0.9935593008995056,-0.041724540293216705,0.002495342865586281,49.906856536865234,0.0059346603229641914,118.69320678710938,20000.0,3e-06,647,False
12597,3124,159.10348510742188,9.398116111755371,5869867.5,0.9935563206672668,-0.0408790186047554,0.002547773765400052,50.955474853515625,0.004937494173645973,98.74988555908203,20000.0,3e-06,648,False
12601,3125,159.85867309570312,9.228483200073242,8030536.0,0.9935532808303833,-0.040962591767311096,0.002280191518366337,45.60383224487305,0.0052513182163238525,105.0263671875,20000.0,3e-06,649,False
12605,3126,164.132080078125,9.145998001098633,8454974.0,0.9935503602027893,-0.0416063517332077,0.002361506223678589,47.230125427246094,0.005387797951698303,107.7559585571289,20000.0,3e-06,650,False
12609,3127,161.26171875,9.194904327392578,8128680.0,0.9935473799705505,-0.041416049003601074,0.0024635381996631622,49.2707633972168,0.0051398021169006824,102.7960433959961,20000.0,3e-06,651,False
12613,3128,161.31417846679688,9.10408878326416,8471661.0,0.993544340133667,-0.04132235795259476,0.0022804730106145144,45.609458923339844,0.005330031272023916,106.60062408447266,20000.0,3e-06,652,False
12617,3129,177.6712646484375,9.173168182373047,8771668.0,0.993541419506073,-0.04128825664520264,0.0027057775296270847,54.11555099487305,0.005719127133488655,114.3825454711914,20000.0,3e-06,653,False
12621,3130,166.99334716796875,9.288339614868164,8296586.0,0.9935383796691895,-0.04143497347831726,0.0026238211430609226,52.47642135620117,0.005261429585516453,105.22859191894531,20000.0,3e-06,654,False
12625,3131,158.8135986328125,9.175521850585938,8968008.0,0.9935353994369507,-0.04155733808875084,0.0023433752357959747,46.86750411987305,0.005138528998941183,102.77057647705078,20000.0,3e-06,655,False
12629,3132,172.14450073242188,9.212127685546875,8435177.0,0.9935324192047119,-0.04141422361135483,0.0022611767053604126,45.223533630371094,0.005885441787540913,117.7088394165039,20000.0,3e-06,656,False
12633,3133,171.93270874023438,9.378849029541016,7821189.5,0.9935293793678284,-0.040797751396894455,0.002419475931674242,48.38951873779297,0.005708217155188322,114.16434478759766,20000.0,3e-06,657,False
12637,3134,158.09991455078125,9.369668960571289,9916794.0,0.9935264587402344,-0.04119767248630524,0.0025664945133030415,51.329891204833984,0.0048700179904699326,97.40036010742188,20000.0,3e-06,658,False
12641,3135,163.61666870117188,9.012262344360352,7056947.0,0.9935234785079956,-0.042259618639945984,0.002325682668015361,46.51365280151367,0.0054045370779931545,108.09074401855469,20000.0,3e-06,659,False
12645,3136,166.8231201171875,9.523962020874023,7282163.5,0.9935204386711121,-0.040916331112384796,0.0025442251935601234,50.88450241088867,0.005320733413100243,106.41466522216797,20000.0,3e-06,660,False
12649,3137,154.23719787597656,9.28438949584961,9669882.0,0.9935175180435181,-0.04118027165532112,0.0022700903937220573,45.40180969238281,0.004977549891918898,99.55099487304688,20000.0,3e-06,661,False
12653,3138,153.87265014648438,9.137849807739258,10020252.0,0.9935145378112793,-0.04162655025720596,0.0023018938954919577,46.03787612915039,0.004934845957905054,98.6969223022461,20000.0,3e-06,662,False
12657,3139,168.34007263183594,9.310810089111328,8624514.0,0.9935114979743958,-0.04143356531858444,0.0025822636671364307,51.6452751159668,0.005369199439883232,107.38398742675781,20000.0,3e-06,663,False
12661,3140,168.51730346679688,9.273614883422852,9013858.0,0.9935085773468018,-0.04170992225408554,0.002628307556733489,52.5661506652832,0.0053338767029345036,106.67753601074219,20000.0,3e-06,664,False
12665,3141,158.337158203125,9.386636734008789,7880242.0,0.993505597114563,-0.04140090569853783,0.002343508880585432,46.87017822265625,0.005104017443954945,102.0803451538086,20000.0,3e-06,665,False
12669,3142,163.52093505859375,9.190792083740234,7872746.0,0.9935025572776794,-0.04215741902589798,0.002417361829429865,48.34723663330078,0.005299145355820656,105.98291015625,20000.0,3e-06,666,False
12673,3143,153.5514678955078,9.31374740600586,7345893.5,0.9934996366500854,-0.04216843470931053,0.002471944782882929,49.43889617919922,0.004739941097795963,94.79882049560547,20000.0,3e-06,667,False
12677,3144,167.53273010253906,9.40302848815918,9148210.0,0.9934966564178467,-0.041513413190841675,0.002475522458553314,49.51044845581055,0.005430962890386581,108.61925506591797,20000.0,3e-06,668,False
12681,3145,154.19606018066406,9.672202110290527,7838363.0,0.9934936165809631,-0.041251666843891144,0.0023806034587323666,47.61206817626953,0.0048455893993377686,96.91178894042969,20000.0,3e-06,669,False
12685,3146,161.0753173828125,9.362146377563477,8548958.0,0.9934906363487244,-0.041977137327194214,0.002234644955024123,44.69289779663086,0.005351013503968716,107.02027130126953,20000.0,3e-06,670,False
12689,3147,158.97857666015625,9.485166549682617,8741792.0,0.9934877157211304,-0.041453033685684204,0.002245674841105938,44.91349792480469,0.005228995345532894,104.57991027832031,20000.0,3e-06,671,False
12693,3148,172.05931091308594,9.417734146118164,8734069.0,0.9934846758842468,-0.0420188307762146,0.0023140914272516966,46.281829833984375,0.0058179874904453754,116.35974884033203,20000.0,3e-06,672,False
12697,3149,191.87887573242188,9.539499282836914,8329802.0,0.9934816956520081,-0.041702691465616226,0.002447089646011591,48.94179153442383,0.006669878959655762,133.3975830078125,20000.0,3e-06,673,False
12701,3150,182.607666015625,9.477960586547852,9444742.0,0.9934787750244141,-0.04156123474240303,0.0023979763500392437,47.95952606201172,0.006258509121835232,125.17018127441406,20000.0,3e-06,674,False
12705,3151,172.84100341796875,9.488792419433594,8585216.0,0.9934757351875305,-0.04163556173443794,0.0025051075499504805,50.102149963378906,0.005662502720952034,113.25005340576172,20000.0,3e-06,675,False
12709,3152,174.53170776367188,9.569032669067383,7744219.5,0.9934727549552917,-0.041571587324142456,0.002226963173598051,44.53926467895508,0.006021169945597649,120.42340087890625,20000.0,3e-06,676,False
12713,3153,165.18707275390625,9.479196548461914,9462552.0,0.9934698343276978,-0.04133790731430054,0.002662746701389551,53.25493240356445,0.005122647620737553,102.45294952392578,20000.0,3e-06,677,False
12717,3154,171.32723999023438,9.72917366027832,7541836.5,0.9934667944908142,-0.04210890084505081,0.002464138437062502,49.28276824951172,0.0056157647632062435,112.31529235839844,20000.0,3e-06,678,False
12721,3155,173.01365661621094,9.695423126220703,8440510.0,0.9934638142585754,-0.04181244969367981,0.002566711511462927,51.334228515625,0.005599200259894133,111.9840087890625,20000.0,3e-06,679,False
12725,3156,162.35382080078125,9.412334442138672,8093038.5,0.9934608340263367,-0.04196026176214218,0.0023793685249984264,47.587371826171875,0.0052677057683467865,105.35411834716797,20000.0,3e-06,680,False
12729,3157,161.01699829101562,9.375332832336426,7838573.0,0.9934578537940979,-0.041829802095890045,0.0022518872283399105,45.03774642944336,0.005330195650458336,106.60391235351562,20000.0,3e-06,681,False
12733,3158,155.4627685546875,9.128837585449219,7463183.0,0.9934548735618591,-0.04274802654981613,0.0024423955474048853,48.8479118347168,0.004874300677329302,97.48601531982422,20000.0,3e-06,682,False
12737,3159,167.8459930419922,9.253642082214355,8798968.0,0.9934518933296204,-0.04256518557667732,0.002603021217510104,52.0604248046875,0.005326596088707447,106.53192138671875,20000.0,3e-06,683,False
12741,3160,165.3396759033203,9.629456520080566,8466813.0,0.9934488534927368,-0.04163896664977074,0.002465633675456047,49.31267166137695,0.005319877527654171,106.39755249023438,20000.0,3e-06,684,False
12745,3161,169.4780731201172,9.628190994262695,8346959.0,0.9934459328651428,-0.04208055138587952,0.0023150171618908644,46.30034255981445,0.005677476990967989,113.5495376586914,20000.0,3e-06,685,False
12749,3162,153.42864990234375,9.617158889770508,9017301.0,0.9934428930282593,-0.04181865602731705,0.002233636099845171,44.67272186279297,0.004956938326358795,99.13876342773438,20000.0,3e-06,686,False
12753,3163,160.7715301513672,9.525469779968262,9208268.0,0.9934399127960205,-0.04163600504398346,0.00258022453635931,51.6044921875,0.004982077982276678,99.64156341552734,20000.0,3e-06,687,False
12757,3164,171.78123474121094,9.633150100708008,8644323.0,0.9934369921684265,-0.04212213307619095,0.0023099370300769806,46.1987419128418,0.005797467194497585,115.9493408203125,20000.0,3e-06,688,False
12761,3165,174.70590209960938,9.512191772460938,9721852.0,0.993433952331543,-0.042691778391599655,0.002712089102715254,54.241783142089844,0.005547596141695976,110.95191955566406,20000.0,3e-06,689,False
12765,3166,178.3480682373047,9.529783248901367,8680990.0,0.9934309720993042,-0.042161937803030014,0.002313374076038599,46.26748275756836,0.006127540022134781,122.5508041381836,20000.0,3e-06,690,False
12769,3167,162.0028076171875,9.744417190551758,8792408.0,0.9934280514717102,-0.041771020740270615,0.0023783808574080467,47.5676155090332,0.0052345385774970055,104.6907730102539,20000.0,3e-06,691,False
12773,3168,159.66612243652344,9.619684219360352,7544026.5,0.9934250116348267,-0.04175345227122307,0.002591861644759774,51.83723449707031,0.004910460207611322,98.2092056274414,20000.0,3e-06,692,False
12777,3169,163.45382690429688,9.653928756713867,7283539.5,0.9934220314025879,-0.04158637672662735,0.002475972520187497,49.51945114135742,0.005214022472500801,104.28044891357422,20000.0,3e-06,693,False
12781,3170,154.13131713867188,9.807466506958008,8563685.0,0.9934190511703491,-0.041991449892520905,0.002348541282117367,46.9708251953125,0.004867651499807835,97.35302734375,20000.0,3e-06,694,False
12785,3171,145.7630157470703,9.566474914550781,8476490.0,0.9934160113334656,-0.04285404831171036,0.0023149363696575165,46.298728942871094,0.004494890570640564,89.89781188964844,20000.0,3e-06,695,False
12789,3172,160.34884643554688,9.58692741394043,8685936.0,0.9934130907058716,-0.04246365278959274,0.002244490897282958,44.88981628417969,0.005293604917824268,105.87210083007812,20000.0,3e-06,696,False
12793,3173,162.553955078125,9.846197128295898,8523440.0,0.9934101104736328,-0.04197089001536369,0.002478592097759247,49.571842193603516,0.005156795959919691,103.13591766357422,20000.0,3e-06,697,False
12797,3174,150.01947021484375,9.626006126403809,8617072.0,0.9934070706367493,-0.04239339381456375,0.0023026075214147568,46.05215072631836,0.004717065487056971,94.34130859375,20000.0,3e-06,698,False
12801,3175,173.59251403808594,9.769124031066895,8531348.0,0.9934041500091553,-0.042288001626729965,0.002584515605121851,51.690311431884766,0.005606654100120068,112.1330795288086,20000.0,3e-06,699,False
12805,3176,172.83474731445312,9.746770858764648,7253583.0,0.9934011697769165,-0.04187465086579323,0.0023992303758859634,47.9846076965332,0.005755168851464987,115.10337829589844,20000.0,3e-06,700,False
12809,3177,173.4620361328125,9.682172775268555,7222601.0,0.993398129940033,-0.04221828281879425,0.002343230415135622,46.86460876464844,0.00584576278924942,116.91525268554688,20000.0,3e-06,701,False
12813,3178,173.18580627441406,9.813735961914062,9161481.0,0.993395209312439,-0.04244459792971611,0.0025343443267047405,50.686885833740234,0.005634259432554245,112.68518829345703,20000.0,3e-06,702,False
12817,3179,156.11288452148438,9.755672454833984,8180601.5,0.9933922290802002,-0.04259193688631058,0.0024935551919043064,49.8711051940918,0.004824305884540081,96.48611450195312,20000.0,3e-06,703,False
12821,3180,151.37782287597656,9.793218612670898,9170811.0,0.9933891892433167,-0.042694736272096634,0.0021781562827527523,43.56312561035156,0.00490107387304306,98.02147674560547,20000.0,3e-06,704,False
12825,3181,161.84963989257812,9.820176124572754,8426546.0,0.9933862686157227,-0.04288468509912491,0.0024069040082395077,48.13808059692383,0.005194569006562233,103.8913803100586,20000.0,3e-06,705,False
12829,3182,166.07183837890625,10.003799438476562,8985913.0,0.9933832287788391,-0.041810110211372375,0.0024149136152118444,48.29827117919922,0.005388488061726093,107.76976013183594,20000.0,3e-06,706,False
12833,3183,146.39715576171875,9.934674263000488,8355522.5,0.9933802485466003,-0.041604384779930115,0.0023179170675575733,46.358341217041016,0.004505207296460867,90.1041488647461,20000.0,3e-06,707,False
12837,3184,158.24639892578125,9.79344367980957,9378743.0,0.9933773279190063,-0.04220007359981537,0.002352774143218994,47.05548095703125,0.0050698742270469666,101.3974838256836,20000.0,3e-06,708,False
12841,3185,164.82028198242188,9.913590431213379,7683779.0,0.9933742880821228,-0.04215450584888458,0.002315226476639509,46.30453109741211,0.005430107936263084,108.60215759277344,20000.0,3e-06,709,False
12845,3186,154.82041931152344,9.858448028564453,8439376.0,0.993371307849884,-0.04245396703481674,0.002418758347630501,48.37516784667969,0.004829340148717165,96.58679962158203,20000.0,3e-06,710,False
12849,3187,161.7550811767578,10.050917625427246,7702117.5,0.9933683276176453,-0.04219555854797363,0.002366413362324238,47.32826614379883,0.005218795035034418,104.37590026855469,20000.0,3e-06,711,False
12853,3188,148.5289306640625,9.8859224319458,8853434.0,0.9933654069900513,-0.042387738823890686,0.0024255341850221157,48.510684967041016,0.004506615921854973,90.13231658935547,20000.0,3e-06,712,False
12857,3189,172.07208251953125,9.84761905670166,8579834.0,0.9933623671531677,-0.04252437502145767,0.0024753017351031303,49.50603485107422,0.005635921377688646,112.71842956542969,20000.0,3e-06,713,False
12861,3190,167.24270629882812,9.762383460998535,10376324.0,0.993359386920929,-0.04313221573829651,0.0024670574348419905,49.341148376464844,0.005406958516687155,108.13916778564453,20000.0,3e-06,714,False
12865,3191,167.03863525390625,9.91649055480957,8348224.5,0.993356466293335,-0.04322269558906555,0.0022298942785710096,44.59788513183594,0.005626212805509567,112.52425384521484,20000.0,3e-06,715,False
12869,3192,165.13763427734375,9.821367263793945,8494294.0,0.9933534264564514,-0.042344532907009125,0.002073422074317932,41.468441009521484,0.005692390725016594,113.84781646728516,20000.0,3e-06,716,False
12873,3193,163.3378448486328,9.654549598693848,7732653.0,0.9933504462242126,-0.04324045032262802,0.002518406603485346,50.368133544921875,0.005165758077055216,103.3151626586914,20000.0,3e-06,717,False
12877,3194,165.70240783691406,9.975015640258789,7906514.5,0.9933475255966187,-0.04252980649471283,0.0022911587730050087,45.823177337646484,0.0054952106438577175,109.90421295166016,20000.0,3e-06,718,False
12881,3195,153.71102905273438,9.857701301574707,8661894.0,0.9933444857597351,-0.04273023083806038,0.0023500605020672083,47.0012092590332,0.004842606373131275,96.85212707519531,20000.0,3e-06,719,False
12885,3196,173.2744903564453,9.969799041748047,10251372.0,0.9933415055274963,-0.04253101348876953,0.0022115393076092005,44.23078536987305,0.00595369515940547,119.07390594482422,20000.0,3e-06,720,False
12889,3197,167.8680419921875,9.936334609985352,7220807.5,0.9933385848999023,-0.04252726957201958,0.0024578331504017115,49.15666198730469,0.005438752472400665,108.7750473022461,20000.0,3e-06,721,False
12893,3198,151.16595458984375,9.786958694458008,7542942.0,0.9933355450630188,-0.04315858334302902,0.00245932349935174,49.18647003173828,0.004609626717865467,92.19253540039062,20000.0,3e-06,722,False
12897,3199,150.87579345703125,10.026430130004883,9155829.0,0.99333256483078,-0.043057627975940704,0.0024465667083859444,48.93133544921875,0.004595901817083359,91.91803741455078,20000.0,3e-06,723,False
12901,3200,159.1134796142578,9.93467903137207,9232496.0,0.9933295249938965,-0.04262459650635719,0.0024177178274840117,48.35435485839844,0.005041222553700209,100.82444763183594,20000.0,3e-06,724,False
12905,3201,152.67030334472656,9.883661270141602,8506584.0,0.9933265447616577,-0.04366863891482353,0.0023111659102141857,46.22332000732422,0.004828166216611862,96.56332397460938,20000.0,3e-06,725,False
12909,3202,167.75894165039062,10.121285438537598,9090786.0,0.993323564529419,-0.043259501457214355,0.002583085559308529,51.661712646484375,0.00529879704117775,105.97594451904297,20000.0,3e-06,726,False
12913,3203,150.83099365234375,9.794363021850586,10060248.0,0.9933205842971802,-0.043745964765548706,0.0022790455259382725,45.580909729003906,0.004772786516696215,95.45572662353516,20000.0,3e-06,727,False
12917,3204,159.57626342773438,10.100627899169922,7694408.0,0.9933175444602966,-0.04268509894609451,0.00243076728656888,48.6153450012207,0.005043014883995056,100.86029815673828,20000.0,3e-06,728,False
12921,3205,158.54530334472656,10.124553680419922,9586156.0,0.9933145642280579,-0.042869023978710175,0.002451160689815879,49.02321243286133,0.004969876725226641,99.39753723144531,20000.0,3e-06,729,False
12925,3206,159.28475952148438,10.234458923339844,9023368.0,0.9933115243911743,-0.043180957436561584,0.00232579093426466,46.51581954956055,0.005126724019646645,102.53447723388672,20000.0,3e-06,730,False
12929,3207,148.01304626464844,9.930583953857422,8376707.0,0.9933086037635803,-0.04295983165502548,0.0025110680144280195,50.22135925292969,0.0043930551037192345,87.86109924316406,20000.0,3e-06,731,False
12933,3208,176.68865966796875,10.465707778930664,8897836.0,0.9933055639266968,-0.04295288026332855,0.002200318733230233,44.00637435913086,0.006110829301178455,122.21658325195312,20000.0,3e-06,732,False
12937,3209,159.51878356933594,10.078609466552734,7559006.0,0.993302583694458,-0.04279383271932602,0.002420172095298767,48.4034423828125,0.005051836371421814,101.03672790527344,20000.0,3e-06,733,False
12941,3210,154.61428833007812,10.008708000183105,9190496.0,0.9932995438575745,-0.04295049235224724,0.00237624766305089,47.52495193481445,0.004854031838476658,97.08063507080078,20000.0,3e-06,734,False
12945,3211,155.5207977294922,10.16168212890625,8536224.0,0.9932966232299805,-0.042794808745384216,0.0021904348395764828,43.80869674682617,0.005077520851045847,101.5504150390625,20000.0,3e-06,735,False
12949,3212,154.81394958496094,10.208577156066895,8419089.0,0.9932935833930969,-0.0426412858068943,0.0024375799112021923,48.7515983581543,0.0047926888801157475,95.85377502441406,20000.0,3e-06,736,False
12953,3213,171.17263793945312,10.289140701293945,9373563.0,0.9932906031608582,-0.042907387018203735,0.002262663096189499,45.25326156616211,0.005781511310487986,115.6302261352539,20000.0,3e-06,737,False
12957,3214,160.3822021484375,10.131583213806152,9036235.0,0.9932876825332642,-0.04297204315662384,0.0024136679712682962,48.27336120605469,0.005098863039165735,101.97726440429688,20000.0,3e-06,738,False
12961,3215,150.05606079101562,10.24100399017334,7357473.0,0.9932846426963806,-0.04332546144723892,0.002332217525690794,46.644351959228516,0.004658535122871399,93.17070007324219,20000.0,3e-06,739,False
12965,3216,152.3468017578125,9.886214256286621,11689853.0,0.9932816624641418,-0.04332801327109337,0.0024885910097509623,49.771820068359375,0.004634438548237085,92.68877410888672,20000.0,3e-06,740,False
12969,3217,160.25003051757812,10.008628845214844,9205802.0,0.9932786226272583,-0.04349561035633087,0.002408074913546443,48.1614990234375,0.005103995092213154,102.07990264892578,20000.0,3e-06,741,False
12973,3218,153.5360870361328,10.399965286254883,8525600.0,0.9932757019996643,-0.04265342280268669,0.0024138223379850388,48.27644729614258,0.004742983728647232,94.85967254638672,20000.0,3e-06,742,False
12977,3219,161.14068603515625,10.476909637451172,8250365.0,0.9932727217674255,-0.04267078638076782,0.0021869558840990067,43.73911666870117,0.005346233025193214,106.9246597290039,20000.0,3e-06,743,False
12981,3220,154.89883422851562,10.210911750793457,8894527.0,0.993269681930542,-0.042626217007637024,0.00252780644223094,50.556129455566406,0.004706589505076408,94.13179016113281,20000.0,3e-06,744,False
12985,3221,142.7139129638672,10.30928897857666,9557986.0,0.993266761302948,-0.043772026896476746,0.0024683172814548016,49.3663444519043,0.004151914268732071,83.03828430175781,20000.0,3e-06,745,False
12989,3222,148.2218780517578,10.261821746826172,8640813.0,0.9932637214660645,-0.042793288826942444,0.0024844203144311905,49.68840789794922,0.004413582384586334,88.27164459228516,20000.0,3e-06,746,False
12993,3223,144.28936767578125,10.383456230163574,7490946.0,0.9932607412338257,-0.042975544929504395,0.002158328890800476,43.16657638549805,0.004536966793239117,90.73933410644531,20000.0,3e-06,747,False
12997,3224,157.4810791015625,10.559249877929688,7907865.5,0.9932578206062317,-0.04309801012277603,0.002394045004621148,47.88090133666992,0.00495204608887434,99.04092407226562,20000.0,3e-06,748,False
13001,3225,166.3010711669922,10.367502212524414,6655586.0,0.9932547807693481,-0.043177127838134766,0.0024555891286581755,49.11178207397461,0.005341089330613613,106.82178497314453,20000.0,3e-06,749,False
13005,3226,161.8727569580078,10.411116600036621,8773595.0,0.9932518005371094,-0.042679280042648315,0.002558924024924636,51.17848205566406,0.0050141578540205956,100.28315734863281,20000.0,3e-06,750,False
13009,3227,150.83920288085938,10.061403274536133,9068502.0,0.9932488203048706,-0.04428843781352043,0.002255489118397236,45.10978317260742,0.00478340033441782,95.66800689697266,20000.0,3e-06,751,False
13013,3228,158.82864379882812,10.54138469696045,8900174.0,0.9932457804679871,-0.04325246810913086,0.0023933290503919125,47.866580963134766,0.005021033808588982,100.4206771850586,20000.0,3e-06,752,False
13017,3229,165.6541290283203,10.472904205322266,6890485.0,0.9932428598403931,-0.04298318177461624,0.0026147370226681232,52.29473876953125,0.005144324153661728,102.88648223876953,20000.0,3e-06,753,False
13021,3230,161.1584014892578,10.560596466064453,10489052.0,0.9932398796081543,-0.04293302446603775,0.0023513182532042265,47.026363372802734,0.00517857214435935,103.57144165039062,20000.0,3e-06,754,False
13025,3231,150.01437377929688,10.345291137695312,9777048.0,0.9932368397712708,-0.04323427379131317,0.0023115540388971567,46.2310791015625,0.004671900067478418,93.43800354003906,20000.0,3e-06,755,False
13029,3232,151.15733337402344,10.215019226074219,8827900.0,0.9932339191436768,-0.042989298701286316,0.0022320891730487347,44.64178466796875,0.0048150266520679,96.30052947998047,20000.0,3e-06,756,False
13033,3233,146.58009338378906,10.554863929748535,8396550.0,0.993230938911438,-0.04355164244771004,0.002307616174221039,46.15232467651367,0.004493644926697016,89.8729019165039,20000.0,3e-06,757,False
13037,3234,148.00064086914062,10.619223594665527,10454428.0,0.993228018283844,-0.042384810745716095,0.002231915947049856,44.6383171081543,0.004637154750525951,92.74309539794922,20000.0,3e-06,758,False
13041,3235,155.54727172851562,10.601181030273438,9064059.0,0.9932249784469604,-0.042665332555770874,0.002339683473110199,46.793670654296875,0.004907621070742607,98.15242004394531,20000.0,3e-06,759,False
13045,3236,155.35537719726562,10.277536392211914,9028461.0,0.9932219982147217,-0.04381443187594414,0.002261411165818572,45.22822189331055,0.00499248132109642,99.84962463378906,20000.0,3e-06,760,False
13049,3237,153.14688110351562,10.335186004638672,7183997.0,0.9932190775871277,-0.04332999140024185,0.0020868941210210323,41.73788070678711,0.005053690634667873,101.07381439208984,20000.0,3e-06,761,False
13053,3238,147.5770721435547,10.425399780273438,7825767.5,0.9932160973548889,-0.04338809847831726,0.002417868934571743,48.35737991333008,0.00443971436470747,88.7942886352539,20000.0,3e-06,762,False
13057,3239,148.60699462890625,10.367862701416016,8147367.5,0.9932131767272949,-0.04377637431025505,0.0022952533327043056,45.905067443847656,0.0046167029067873955,92.33406066894531,20000.0,3e-06,763,False
13061,3240,157.37124633789062,10.634692192077637,9211329.0,0.9932100772857666,-0.04303660988807678,0.0023381495848298073,46.76299285888672,0.004998677875846624,99.97355651855469,20000.0,3e-06,764,False
13065,3241,159.45285034179688,10.343766212463379,6695639.0,0.9932071566581726,-0.04405813664197922,0.0023953733034431934,47.907466888427734,0.0050600809045135975,101.20161437988281,20000.0,3e-06,765,False
13069,3242,166.23663330078125,10.321882247924805,8207525.5,0.9932041764259338,-0.043499283492565155,0.0023710804525762796,47.421607971191406,0.005424657370895147,108.49314880371094,20000.0,3e-06,766,False
13073,3243,167.20237731933594,10.483519554138184,7419640.0,0.9932011365890503,-0.04310138523578644,0.0022813172545284033,45.626346588134766,0.005554625764489174,111.09251403808594,20000.0,3e-06,767,False
13077,3244,150.76239013671875,10.62997055053711,9321584.0,0.9931982159614563,-0.04390206187963486,0.002401554025709629,48.03108215332031,0.00460506696254015,92.1013412475586,20000.0,3e-06,768,False
13081,3245,154.70497131347656,10.463994026184082,8654622.0,0.9931952357292175,-0.04361190274357796,0.0024328131694346666,48.65626525878906,0.0047792354598641396,95.58470916748047,20000.0,3e-06,769,False
13085,3246,162.80471801757812,10.564950942993164,7887042.5,0.9931923151016235,-0.043448306620121,0.002261445624753833,45.228912353515625,0.005350543186068535,107.0108642578125,20000.0,3e-06,770,False
13089,3247,155.1401824951172,10.45691967010498,8134915.0,0.99318927526474,-0.04411514103412628,0.002446614671498537,48.93229293823242,0.004787548445165157,95.75096893310547,20000.0,3e-06,771,False
13093,3248,155.87574768066406,10.577083587646484,8650076.0,0.9931862950325012,-0.04327857121825218,0.0020905425772070885,41.81085205078125,0.005174390505999327,103.48780822753906,20000.0,3e-06,772,False
13097,3249,164.2333984375,10.501084327697754,8284447.0,0.9931833744049072,-0.04385192692279816,0.0025479132309556007,50.9582633972168,0.005138702690601349,102.77405548095703,20000.0,3e-06,773,False
13101,3250,164.30548095703125,10.638477325439453,8224422.0,0.9931803345680237,-0.04356402903795242,0.002495723543688655,49.91447067260742,0.005187626928091049,103.7525405883789,20000.0,3e-06,774,False
13105,3251,143.20648193359375,10.733280181884766,8559684.0,0.9931773543357849,-0.044059522449970245,0.002359134377911687,47.18268585205078,0.004264526069164276,85.29051971435547,20000.0,3e-06,775,False
13109,3252,151.64004516601562,10.64340591430664,8201032.0,0.9931744337081909,-0.04386231303215027,0.0023823301307857037,47.646602630615234,0.0046675014309585094,93.35002899169922,20000.0,3e-06,776,False
13113,3253,162.57156372070312,10.466320991516113,8222592.0,0.9931713938713074,-0.04440385848283768,0.002468749415129423,49.3749885559082,0.005136513151228428,102.73026275634766,20000.0,3e-06,777,False
13117,3254,143.55056762695312,10.689729690551758,8923045.0,0.9931684136390686,-0.0440216138958931,0.002411465160548687,48.22930145263672,0.004231576807796955,84.63153839111328,20000.0,3e-06,778,False
13121,3255,180.89910888671875,10.59536361694336,8171365.0,0.9931654334068298,-0.043416451662778854,0.002229988109320402,44.599761962890625,0.006285198964178562,125.7039794921875,20000.0,3e-06,779,False
13125,3256,142.56524658203125,10.446361541748047,8477741.0,0.9931624531745911,-0.04445478692650795,0.0023497240617871284,46.99448013305664,0.004256220534443855,85.1244125366211,20000.0,3e-06,780,False
13129,3257,161.5391845703125,10.58079719543457,7992916.0,0.9931594729423523,-0.04379088431596756,0.002443947596475482,48.87895202636719,0.0051039718091487885,102.07943725585938,20000.0,3e-06,781,False
13133,3258,159.8948974609375,10.575601577758789,8842993.0,0.9931564331054688,-0.04396222159266472,0.002340280218049884,46.80560302734375,0.005125684663653374,102.5136947631836,20000.0,3e-06,782,False
13137,3259,155.16549682617188,10.879633903503418,9146077.0,0.99315345287323,-0.04334969073534012,0.002384638413786888,47.69276809692383,0.004829654470086098,96.59308624267578,20000.0,3e-06,783,False
13141,3260,145.53494262695312,10.626670837402344,7857725.0,0.993150532245636,-0.04358728602528572,0.0023086911533027887,46.173824310302734,0.00443672202527523,88.73444366455078,20000.0,3e-06,784,False
13145,3261,153.0491485595703,10.873802185058594,8127935.0,0.9931474924087524,-0.043717965483665466,0.002231873571872711,44.63747024536133,0.004876893479377031,97.53787231445312,20000.0,3e-06,785,False
13149,3262,156.31210327148438,10.936418533325195,7385631.0,0.9931445121765137,-0.04363873973488808,0.002449046354740858,48.980926513671875,0.004819738212972879,96.39476776123047,20000.0,3e-06,786,False
13153,3263,160.52037048339844,10.771602630615234,9015590.0,0.9931415915489197,-0.04370484501123428,0.0024238768965005875,48.4775390625,0.0050635612569749355,101.27122497558594,20000.0,3e-06,787,False
13157,3264,166.60972595214844,10.667174339294434,8964533.0,0.9931385517120361,-0.043949563056230545,0.0024126614443957806,48.25322723388672,0.005384466145187616,107.68932342529297,20000.0,3e-06,788,False
13161,3265,156.68807983398438,10.938516616821289,8242346.0,0.9931355714797974,-0.0438268706202507,0.002309414092451334,46.18828201293945,0.004978064447641373,99.56128692626953,20000.0,3e-06,789,False
13165,3266,161.4632110595703,10.82449722290039,7928358.0,0.9931326508522034,-0.04392395168542862,0.0023048094008117914,46.096187591552734,0.005227126181125641,104.54252624511719,20000.0,3e-06,790,False
13169,3267,158.07940673828125,10.97484016418457,7710821.0,0.9931296110153198,-0.04397542029619217,0.002437734976410866,48.75469970703125,0.004917493090033531,98.34986114501953,20000.0,3e-06,791,False
13173,3268,143.646484375,10.714481353759766,8028782.0,0.993126630783081,-0.04375755414366722,0.002243747701868415,44.87495422363281,0.004402852617204189,88.05705261230469,20000.0,3e-06,792,False
13177,3269,158.6383514404297,10.687873840332031,9732725.0,0.9931237101554871,-0.043821390718221664,0.0022690987680107355,45.38197708129883,0.00512842508032918,102.5685043334961,20000.0,3e-06,793,False
13181,3270,146.50816345214844,10.857109069824219,9926058.0,0.9931207299232483,-0.04388824850320816,0.002261835616081953,45.23671340942383,0.004520717076957226,90.41434478759766,20000.0,3e-06,794,False
13185,3271,155.8345489501953,10.701797485351562,9284216.0,0.9931176900863647,-0.04426245391368866,0.002277152147144079,45.54304122924805,0.004979485645890236,99.58971405029297,20000.0,3e-06,795,False
13189,3272,159.80374145507812,10.984931945800781,8552316.0,0.9931147694587708,-0.04453561455011368,0.0020598433911800385,41.196868896484375,0.005381097085773945,107.62194061279297,20000.0,3e-06,796,False
13193,3273,180.4235076904297,10.965153694152832,8869610.0,0.993111789226532,-0.04395806044340134,0.0026120170950889587,52.24034118652344,0.00586090050637722,117.21800994873047,20000.0,3e-06,797,False
13197,3274,180.36407470703125,11.020956993103027,8146666.0,0.9931087493896484,-0.043867599219083786,0.0021886765025556087,43.773529052734375,0.0062784794718027115,125.56958770751953,20000.0,3e-06,798,False
13201,3275,161.14759826660156,10.929391860961914,9493315.0,0.9931058287620544,-0.04412594065070152,0.002323948312550783,46.478965759277344,0.005186961963772774,103.73924255371094,20000.0,3e-06,799,False
13205,3276,152.710693359375,10.627382278442383,8901894.0,0.9931028485298157,-0.04479717090725899,0.0021503884345293045,43.00777053833008,0.004953776486217976,99.07553100585938,20000.0,3e-06,800,False
13209,3277,140.3419952392578,11.000650405883789,9123482.0,0.9930998682975769,-0.04454386234283447,0.0023124697618186474,46.249393463134766,0.004154597409069538,83.09194946289062,20000.0,3e-06,801,False
13213,3278,167.65328979492188,11.120526313781738,8922218.0,0.9930968880653381,-0.04406629875302315,0.0025114305317401886,50.22861099243164,0.005315207410603762,106.30414581298828,20000.0,3e-06,802,False
13217,3279,143.59176635742188,10.826385498046875,7768622.0,0.9930939078330994,-0.04425164312124252,0.002227388322353363,44.547767639160156,0.004410881083458662,88.21762084960938,20000.0,3e-06,803,False
13221,3280,151.30926513671875,11.11805534362793,8319426.0,0.9930908679962158,-0.04404398053884506,0.002291675191372633,45.83350372314453,0.0047178855165839195,94.35771179199219,20000.0,3e-06,804,False
13225,3281,150.52597045898438,10.82457160949707,8822232.0,0.993087887763977,-0.04416530579328537,0.002464625518769026,49.292510986328125,0.0045204441994428635,90.40888214111328,20000.0,3e-06,805,False
13229,3282,156.23753356933594,10.99907398223877,7938189.0,0.9930849671363831,-0.04397893324494362,0.0023128772154450417,46.257545471191406,0.004949045833200216,98.98091888427734,20000.0,3e-06,806,False
13233,3283,147.54446411132812,10.85380744934082,8340768.0,0.9930819272994995,-0.04476890712976456,0.0022566434927284718,45.132869720458984,0.004577889572829008,91.55779266357422,20000.0,3e-06,807,False
13237,3284,163.18263244628906,11.399986267089844,9869663.0,0.9930789470672607,-0.04465388506650925,0.0023834286257624626,47.66857147216797,0.005205703899264336,104.11407470703125,20000.0,3e-06,808,False
13241,3285,158.66879272460938,10.959290504455566,9227749.0,0.9930760264396667,-0.04471825808286667,0.0025444133207201958,50.888267517089844,0.004841062240302563,96.82124328613281,20000.0,3e-06,809,False
13245,3286,148.0699005126953,11.133373260498047,10777907.0,0.9930729866027832,-0.04418102651834488,0.0022465758956968784,44.9315185546875,0.0046002501621842384,92.0050048828125,20000.0,3e-06,810,False
13249,3287,155.84170532226562,11.206819534301758,9362425.0,0.9930700063705444,-0.044682517647743225,0.0024877090472728014,49.754180908203125,0.004744035191833973,94.88070678710938,20000.0,3e-06,811,False
13253,3288,156.5464324951172,11.292104721069336,9560146.0,0.9930670857429504,-0.04396144673228264,0.002487262012436986,49.7452392578125,0.004775454290211201,95.50908660888672,20000.0,3e-06,812,False
13257,3289,144.87054443359375,11.140512466430664,10472034.0,0.9930640459060669,-0.04341629147529602,0.0021754344925284386,43.508689880371094,0.00451106671243906,90.2213363647461,20000.0,3e-06,813,False
13261,3290,151.037841796875,10.931077003479004,8641998.0,0.9930610656738281,-0.04468495398759842,0.002260566223412752,45.21132278442383,0.004744772333651781,94.89544677734375,20000.0,3e-06,814,False
13265,3291,153.94918823242188,11.097906112670898,8985266.0,0.9930581450462341,-0.043965455144643784,0.0024382530245929956,48.76506042480469,0.004704311024397612,94.08621978759766,20000.0,3e-06,815,False
13269,3292,165.43527221679688,11.15782356262207,8366398.0,0.9930551052093506,-0.044082485139369965,0.002323869615793228,46.477394104003906,0.005390003323554993,107.80006408691406,20000.0,3e-06,816,False
13273,3293,151.9310302734375,11.47258472442627,10408660.0,0.9930521249771118,-0.04437814652919769,0.002237127162516117,44.7425422668457,0.004785795230418444,95.71590423583984,20000.0,3e-06,817,False
13277,3294,167.21185302734375,10.949005126953125,8409624.0,0.9930492043495178,-0.04438773915171623,0.0025178520008921623,50.35704040527344,0.005295290611684322,105.90581512451172,20000.0,3e-06,818,False
13281,3295,144.4643096923828,11.178001403808594,8211914.0,0.993046224117279,-0.04395890235900879,0.0022393290419131517,44.78657913208008,0.004424986429512501,88.49972534179688,20000.0,3e-06,819,False
13285,3296,169.25860595703125,11.05566692352295,7652895.5,0.9930433034896851,-0.04497436434030533,0.0023084869608283043,46.16973876953125,0.005601659882813692,112.03319549560547,20000.0,3e-06,820,False
13289,3297,146.98019409179688,11.126733779907227,7154717.0,0.9930402636528015,-0.044410914182662964,0.002283131703734398,45.662635803222656,0.00450954120606184,90.19082641601562,20000.0,3e-06,821,False
13293,3298,154.83526611328125,11.351703643798828,8712740.0,0.9930372834205627,-0.044638149440288544,0.0022452957928180695,44.905914306640625,0.004928882699459791,98.57765197753906,20000.0,3e-06,822,False
13297,3299,157.75755310058594,11.174209594726562,7957545.0,0.9930343627929688,-0.04480552673339844,0.002354835160076618,47.096702575683594,0.004974332172423601,99.48664093017578,20000.0,3e-06,823,False
13301,3300,162.44683837890625,11.011751174926758,7890783.0,0.99303138256073,-0.044953227043151855,0.0025618565268814564,51.23712921142578,0.005009898450225592,100.19796752929688,20000.0,3e-06,824,False
13305,3301,163.54782104492188,10.936463356018066,9239644.0,0.9930283427238464,-0.044639118015766144,0.002097195014357567,41.94390106201172,0.005533372517675161,110.66744995117188,20000.0,3e-06,825,False
13309,3302,153.58193969726562,11.297529220581055,8786790.0,0.9930254220962524,-0.04486827924847603,0.0023103770799934864,46.207542419433594,0.00480384286493063,96.07685852050781,20000.0,3e-06,826,False
13313,3303,154.6810302734375,11.301233291625977,8698094.0,0.9930224418640137,-0.04449295997619629,0.0023542530834674835,47.085060119628906,0.004814737010747194,96.29473876953125,20000.0,3e-06,827,False
13317,3304,156.809326171875,11.18448257446289,10279345.0,0.9930194020271301,-0.044395118951797485,0.002149549312889576,42.99098587036133,0.005131692625582218,102.63385009765625,20000.0,3e-06,828,False
13321,3305,165.5681610107422,11.164031982421875,8336254.0,0.9930164217948914,-0.04491422325372696,0.002407229272648692,48.14458465576172,0.005312977358698845,106.2595443725586,20000.0,3e-06,829,False
13325,3306,181.9323272705078,11.27338981628418,9155886.0,0.9930135011672974,-0.0447479784488678,0.002237730659544468,44.75461196899414,0.006295216269791126,125.90432739257812,20000.0,3e-06,830,False
13329,3307,151.05267333984375,11.634297370910645,7131027.0,0.9930104613304138,-0.04442877322435379,0.0021293065510690212,42.58613204956055,0.0048416126519441605,96.8322525024414,20000.0,3e-06,831,False
13333,3308,147.49041748046875,11.325753211975098,8447032.0,0.993007481098175,-0.04486488178372383,0.002098187105730176,41.963741302490234,0.004710046108812094,94.20092010498047,20000.0,3e-06,832,False
13337,3309,149.06927490234375,11.321610450744629,7725585.0,0.993004560470581,-0.04507162794470787,0.002177819376811385,43.55638885498047,0.00470956414937973,94.1912841796875,20000.0,3e-06,833,False
13341,3310,165.18772888183594,11.461286544799805,8200597.0,0.9930015802383423,-0.04463351517915726,0.002299787010997534,45.9957389831543,0.005386535078287125,107.73070526123047,20000.0,3e-06,834,False
13345,3311,149.04013061523438,11.315887451171875,8415309.0,0.9929985404014587,-0.04456521198153496,0.0022365627810359,44.73125457763672,0.00464964983984828,92.99299621582031,20000.0,3e-06,835,False
13349,3312,154.46621704101562,11.517130851745605,8062843.0,0.9929956197738647,-0.044318974018096924,0.0022929557599127293,45.85911560058594,0.00485449843108654,97.0899658203125,20000.0,3e-06,836,False
13353,3313,152.76699829101562,11.352872848510742,8949074.0,0.992992639541626,-0.04531370848417282,0.0022525102831423283,45.05020523071289,0.0048181964084506035,96.36392974853516,20000.0,3e-06,837,False
13357,3314,151.19020080566406,11.159905433654785,8553317.0,0.9929895997047424,-0.045484911650419235,0.0023965525906533003,47.931053161621094,0.0046049621887505054,92.0992431640625,20000.0,3e-06,838,False
13361,3315,135.6543426513672,11.656490325927734,9501448.0,0.9929866790771484,-0.044289231300354004,0.0022459905594587326,44.9198112487793,0.003953902050852776,79.07804107666016,20000.0,3e-06,839,False
13365,3316,159.01510620117188,11.474111557006836,6566303.0,0.9929836988449097,-0.04485641419887543,0.002349079819396138,46.981597900390625,0.005027969367802143,100.55938720703125,20000.0,3e-06,840,False
13369,3317,162.02565002441406,11.270198822021484,9391956.0,0.9929807782173157,-0.04549109935760498,0.002541475696489215,50.82951354980469,0.00499629694968462,99.92594146728516,20000.0,3e-06,841,False
13373,3318,148.40753173828125,11.15233039855957,7500943.5,0.9929777383804321,-0.04525317624211311,0.0023551294580101967,47.10258865356445,0.004507631063461304,90.15261840820312,20000.0,3e-06,842,False
13377,3319,150.29486083984375,11.482702255249023,9180063.0,0.9929747581481934,-0.04459191858768463,0.0022315443493425846,44.63088607788086,0.004709064029157162,94.18128204345703,20000.0,3e-06,843,False
13381,3320,164.67227172851562,11.439108848571777,7847120.0,0.9929718375205994,-0.04500969499349594,0.0020350636914372444,40.70127487182617,0.00562659464776516,112.53189086914062,20000.0,3e-06,844,False
13385,3321,156.98724365234375,11.594911575317383,8799039.0,0.9929687976837158,-0.04493318498134613,0.0021877074614167213,43.754150390625,0.005081909708678722,101.63819122314453,20000.0,3e-06,845,False
13389,3322,147.24844360351562,11.304986953735352,9523183.0,0.992965817451477,-0.04574132710695267,0.00208917330019176,41.78346633911133,0.004707999061793089,94.15998077392578,20000.0,3e-06,846,False
13393,3323,161.1170654296875,11.412979125976562,8714080.0,0.9929628968238831,-0.04552070423960686,0.0021349263843148947,42.69852828979492,0.0053502777591347694,107.00555419921875,20000.0,3e-06,847,False
13397,3324,154.42413330078125,11.686342239379883,8896441.0,0.9929598569869995,-0.04469301924109459,0.0024508927017450333,49.017852783203125,0.004685997497290373,93.7199478149414,20000.0,3e-06,848,False
13401,3325,156.477294921875,11.583879470825195,8614838.0,0.9929568767547607,-0.04502110928297043,0.0023363700602203608,46.72740173339844,0.004908300470560789,98.16600799560547,20000.0,3e-06,849,False
13405,3326,151.1768341064453,11.418943405151367,9653102.0,0.9929538369178772,-0.045269884169101715,0.0021069804206490517,42.139610290527344,0.004880913998931646,97.61827850341797,20000.0,3e-06,850,False
13409,3327,154.30844116210938,11.627973556518555,8923740.0,0.9929509162902832,-0.04498063027858734,0.002411221619695425,48.22443389892578,0.004722801968455315,94.45603942871094,20000.0,3e-06,851,False
13413,3328,160.94631958007812,11.680609703063965,7678720.0,0.9929479360580444,-0.045263998210430145,0.002239044290035963,44.780887603759766,0.005224240943789482,104.48481750488281,20000.0,3e-06,852,False
13417,3329,146.38177490234375,11.270291328430176,8080873.5,0.9929448962211609,-0.04582957178354263,0.0022097371984273195,44.19474411010742,0.004545837175101042,90.91674041748047,20000.0,3e-06,853,False
13421,3330,135.40072631835938,11.812579154968262,9603030.0,0.9929419159889221,-0.044434405863285065,0.0020335260778665543,40.6705207824707,0.004145881626754999,82.91763305664062,20000.0,3e-06,854,False
13425,3331,163.74771118164062,11.405177116394043,7623418.0,0.9929389953613281,-0.04589580371975899,0.0021210149861872196,42.4202995300293,0.005496112164109945,109.9222412109375,20000.0,3e-06,855,False
13429,3332,160.32864379882812,11.33460807800293,9797068.0,0.9929359555244446,-0.045679982751607895,0.0022661329712718725,45.32265853881836,0.0051835691556334496,103.67138671875,20000.0,3e-06,856,False
13433,3333,157.6560821533203,11.691219329833984,7876198.0,0.9929329752922058,-0.04577621817588806,0.0021386248990893364,42.772499084472656,0.005159618332982063,103.19236755371094,20000.0,3e-06,857,False
13437,3334,153.14739990234375,11.571187973022461,9105572.0,0.992929995059967,-0.0459875613451004,0.0022493847645819187,44.987693786621094,0.004829426296055317,96.5885238647461,20000.0,3e-06,858,False
13441,3335,156.66555786132812,11.49055290222168,7875696.5,0.9929270148277283,-0.04467599093914032,0.0023909814190119505,47.81962966918945,0.004867768380790949,97.3553695678711,20000.0,3e-06,859,False
13445,3336,146.64833068847656,11.759069442749023,8099912.0,0.9929240345954895,-0.045219775289297104,0.0021504536271095276,43.009071350097656,0.00459400936961174,91.88018798828125,20000.0,3e-06,860,False
13449,3337,160.3240203857422,11.354269981384277,9305636.0,0.9929210543632507,-0.045709021389484406,0.0022785000037401915,45.56999969482422,0.005169987678527832,103.39974975585938,20000.0,3e-06,861,False
13453,3338,147.59149169921875,11.905866622924805,8945061.0,0.992918074131012,-0.04553253576159477,0.002099740318953991,41.994808197021484,0.0046845413744449615,93.69082641601562,20000.0,3e-06,862,False
13457,3339,163.40841674804688,11.571332931518555,8825521.0,0.9929150342941284,-0.04555557295680046,0.002182846888899803,43.65693664550781,0.0054090069606900215,108.18013763427734,20000.0,3e-06,863,False
13461,3340,159.44024658203125,11.668571472167969,9465333.0,0.9929120540618896,-0.04580529034137726,0.002195144072175026,43.90288162231445,0.005193439312279224,103.86878967285156,20000.0,3e-06,864,False
13465,3341,152.24359130859375,11.965704917907715,8839202.0,0.9929090142250061,-0.04538627341389656,0.002003265079110861,40.06529998779297,0.005010629538446665,100.21259307861328,20000.0,3e-06,865,False
13469,3342,147.12167358398438,11.650876998901367,6920806.0,0.9929060935974121,-0.04500896483659744,0.0024764693807810545,49.529388427734375,0.004297070205211639,85.94140625,20000.0,3e-06,866,False
13473,3343,169.72361755371094,11.895729064941406,7796559.0,0.9929031133651733,-0.04525022581219673,0.0021686414256691933,43.37282943725586,0.005722752772271633,114.4550552368164,20000.0,3e-06,867,False
13477,3344,162.51870727539062,11.719930648803711,9575276.0,0.9929000735282898,-0.04580168053507805,0.0022976112086325884,45.95222473144531,0.005242327228188515,104.84654235839844,20000.0,3e-06,868,False
13481,3345,145.76889038085938,11.703470230102539,7781086.5,0.9928971529006958,-0.045221056789159775,0.002030791249126196,40.61582565307617,0.0046724798157811165,93.44959259033203,20000.0,3e-06,869,False
13485,3346,141.33526611328125,11.500247955322266,7586410.5,0.9928941130638123,-0.045742377638816833,0.0021847395692020655,43.69478988647461,0.004307011608034372,86.1402359008789,20000.0,3e-06,870,False
13489,3347,153.39776611328125,11.778177261352539,9278448.0,0.9928911328315735,-0.046035684645175934,0.0024121240712702274,48.24248123168945,0.004668855108320713,93.37710571289062,20000.0,3e-06,871,False
13493,3348,152.8345184326172,11.791282653808594,8896746.0,0.9928882122039795,-0.046505436301231384,0.0022382158786058426,44.76431655883789,0.0048139458522200584,96.27891540527344,20000.0,3e-06,872,False
13497,3349,158.331298828125,11.958033561706543,7829634.5,0.992885172367096,-0.04484080523252487,0.0023223566822707653,46.4471321105957,0.004996306262910366,99.9261245727539,20000.0,3e-06,873,False
13501,3350,149.30715942382812,11.685914039611816,9601748.0,0.9928821921348572,-0.046378426253795624,0.002449267078191042,48.9853401184082,0.0044317953288555145,88.63591003417969,20000.0,3e-06,874,False
13505,3351,150.6478271484375,11.662163734436035,8107279.0,0.9928792119026184,-0.045780669897794724,0.002145084785297513,42.901695251464844,0.0048041981644928455,96.0839614868164,20000.0,3e-06,875,False
13509,3352,157.63851928710938,11.752152442932129,8740124.0,0.9928762316703796,-0.04612286761403084,0.0021573100239038467,43.146202087402344,0.005137008614838123,102.74017333984375,20000.0,3e-06,876,False
13513,3353,146.31959533691406,11.490959167480469,8619661.0,0.9928731918334961,-0.04587796330451965,0.0021717676427215338,43.43535232543945,0.004569664131850004,91.39328002929688,20000.0,3e-06,877,False
13517,3354,157.974365234375,11.938243865966797,7793004.0,0.9928702116012573,-0.046085067093372345,0.0023002889938652515,46.00577926635742,0.00500151701271534,100.03034210205078,20000.0,3e-06,878,False
13521,3355,143.0638885498047,11.806097984313965,9901690.0,0.9928672313690186,-0.04586634784936905,0.0021662749350070953,43.32550048828125,0.004396614618599415,87.93228912353516,20000.0,3e-06,879,False
13525,3356,158.02230834960938,12.088837623596191,8980420.0,0.9928642511367798,-0.045380569994449615,0.0021979454904794693,43.95890808105469,0.005098728463053703,101.97457122802734,20000.0,3e-06,880,False
13529,3357,152.0731658935547,11.79963493347168,7776607.0,0.9928612112998962,-0.046462416648864746,0.002347753383219242,46.9550666809082,0.0046659233048558235,93.31846618652344,20000.0,3e-06,881,False
13533,3358,156.10507202148438,11.930587768554688,8507421.0,0.9928582906723022,-0.04560381919145584,0.0021516275592148304,43.03255081176758,0.0050570969469845295,101.14193725585938,20000.0,3e-06,882,False
13537,3359,153.77011108398438,11.89352798461914,8340475.0,0.9928552508354187,-0.046106643974781036,0.0022079292684793472,44.15858459472656,0.00488589983433485,97.7179946899414,20000.0,3e-06,883,False
13541,3360,155.34713745117188,11.859713554382324,9064424.0,0.9928522706031799,-0.04599364474415779,0.002100214594975114,42.00429153442383,0.0050741564482450485,101.4831314086914,20000.0,3e-06,884,False
13545,3361,150.55465698242188,11.887557029724121,8645287.0,0.9928492903709412,-0.04590339958667755,0.002261311514303088,45.22623062133789,0.004672043491154909,93.44087219238281,20000.0,3e-06,885,False
13549,3362,151.63925170898438,11.816217422485352,8340726.0,0.9928463101387024,-0.04545396566390991,0.0020713331177830696,41.42666244506836,0.004919818602502346,98.39636993408203,20000.0,3e-06,886,False
13553,3363,152.44692993164062,12.015881538391113,9008698.0,0.9928433299064636,-0.045689910650253296,0.0022213750053197145,44.4275016784668,0.0048001776449382305,96.00355529785156,20000.0,3e-06,887,False
13557,3364,151.739501953125,11.92774772644043,6579143.5,0.9928402900695801,-0.046102143824100494,0.0020054923370480537,40.10984802246094,0.004985095001757145,99.70189666748047,20000.0,3e-06,888,False
13561,3365,139.5808563232422,11.888873100280762,8536805.0,0.9928373694419861,-0.04609120637178421,0.002158524701371789,43.170494079589844,0.004226074554026127,84.52149200439453,20000.0,3e-06,889,False
13565,3366,137.9925994873047,11.881256103515625,8577123.0,0.9928343296051025,-0.045977357774972916,0.0024475790560245514,48.95158004760742,0.0038579879328608513,77.15975952148438,20000.0,3e-06,890,False
13569,3367,157.15931701660156,11.99421501159668,7803590.5,0.9928313493728638,-0.04592747241258621,0.002431669970974326,48.633399963378906,0.004826584830880165,96.53170013427734,20000.0,3e-06,891,False
13573,3368,158.26132202148438,12.099552154541016,9480148.0,0.992828369140625,-0.0453580841422081,0.002528073266148567,50.561466217041016,0.004780014976859093,95.60029602050781,20000.0,3e-06,892,False
13577,3369,169.07228088378906,12.013202667236328,7940697.5,0.9928253889083862,-0.04610981419682503,0.002127322368323803,42.54644775390625,0.00572563149034977,114.51262664794922,20000.0,3e-06,893,False
13581,3370,140.6932830810547,12.149639129638672,8915599.0,0.9928224086761475,-0.04581731557846069,0.002280391752719879,45.60783386230469,0.0041467901319265366,82.93580627441406,20000.0,3e-06,894,False
13585,3371,164.31228637695312,12.188879013061523,8807158.0,0.9928193688392639,-0.04660038650035858,0.002258943859487772,45.17887878417969,0.0053472258150577545,106.94451904296875,20000.0,3e-06,895,False
13589,3372,150.9674530029297,11.88076400756836,9271302.0,0.9928164482116699,-0.04655114933848381,0.0022021480835974216,44.04296112060547,0.004752186127007008,95.0437240600586,20000.0,3e-06,896,False
13593,3373,151.64451599121094,12.182754516601562,7529058.5,0.9928134679794312,-0.045994311571121216,0.002286056522279978,45.72113037109375,0.004687031731009483,93.74063110351562,20000.0,3e-06,897,False
13597,3374,140.36798095703125,11.913410186767578,7440463.0,0.9928104281425476,-0.04660886526107788,0.0021264669485390186,42.52933883666992,0.004296261817216873,85.92523956298828,20000.0,3e-06,898,False
13601,3375,148.27000427246094,12.139552116394043,7500913.0,0.9928075075149536,-0.04610932618379593,0.002143158344551921,42.86316680908203,0.0046633644960820675,93.26728820800781,20000.0,3e-06,899,False
13605,3376,158.4996337890625,11.86954402923584,7625644.0,0.9928044676780701,-0.04668967053294182,0.002320652361959219,46.413047790527344,0.005010852590203285,100.21704864501953,20000.0,3e-06,900,False
13609,3377,163.23458862304688,12.144115447998047,9235182.0,0.9928014874458313,-0.04618914797902107,0.0021807393059134483,43.614784240722656,0.005373784340918064,107.4756851196289,20000.0,3e-06,901,False
13613,3378,166.45692443847656,12.257122039794922,8445127.0,0.9927984476089478,-0.04589840769767761,0.002076652366667986,41.53304672241211,0.005633337888866663,112.66675567626953,20000.0,3e-06,902,False
13617,3379,137.61257934570312,11.974222183227539,8757168.0,0.9927955269813538,-0.046229287981987,0.002098985016345978,41.97970199584961,0.004182932432740927,83.65864562988281,20000.0,3e-06,903,False
13621,3380,141.79986572265625,12.061315536499023,7124529.5,0.992792546749115,-0.046577077358961105,0.0023615723475813866,47.2314453125,0.004125354811549187,82.50709533691406,20000.0,3e-06,904,False
13625,3381,150.25485229492188,12.16211223602295,7547390.5,0.9927895069122314,-0.04581902176141739,0.0021639184560626745,43.27836990356445,0.004740718752145767,94.81437683105469,20000.0,3e-06,905,False
13629,3382,144.835693359375,12.15310001373291,8290278.5,0.9927865862846375,-0.046224623918533325,0.002036852529272437,40.7370491027832,0.0045972769148647785,91.94554138183594,20000.0,3e-06,906,False
13633,3383,154.06082153320312,11.965530395507812,6455601.0,0.9927835464477539,-0.046820782124996185,0.00219217361882329,43.84347152709961,0.004912590608000755,98.25181579589844,20000.0,3e-06,907,False
13637,3384,148.95419311523438,12.21997356414795,9751936.0,0.9927805662155151,-0.04641994833946228,0.0022964663803577423,45.92932891845703,0.0045402441173791885,90.80488586425781,20000.0,3e-06,908,False
13641,3385,150.09066772460938,12.387178421020508,9135538.0,0.9927775263786316,-0.046114176511764526,0.002188053447753191,43.761070251464844,0.00469712121412158,93.94242095947266,20000.0,3e-06,909,False
13645,3386,145.27871704101562,12.297590255737305,8338393.0,0.9927746057510376,-0.04611121863126755,0.0024090034421533346,48.18006896972656,0.004240053240209818,84.80106353759766,20000.0,3e-06,910,False
13649,3387,145.32090759277344,12.08731460571289,8407592.0,0.9927716255187988,-0.04639866203069687,0.0020390059798955917,40.780120849609375,0.004622673615813255,92.45347595214844,20000.0,3e-06,911,False
13653,3388,155.88185119628906,12.409342765808105,7144983.0,0.9927685856819153,-0.0457182303071022,0.002135165501385927,42.703311920166016,0.005038459785282612,100.76919555664062,20000.0,3e-06,912,False
13657,3389,170.77774047851562,12.683650016784668,8026314.0,0.9927656650543213,-0.04671144112944603,0.002399138640612364,47.98277282714844,0.00550556555390358,110.11131286621094,20000.0,3e-06,913,False
13661,3390,152.0762176513672,12.350247383117676,8109858.0,0.9927626848220825,-0.045981746166944504,0.0021975506097078323,43.951011657714844,0.004788747988641262,95.77496337890625,20000.0,3e-06,914,False
13665,3391,148.3050079345703,12.466601371765137,7060196.5,0.992759644985199,-0.04582368582487106,0.0021985359489917755,43.97071838378906,0.004593384452164173,91.86769104003906,20000.0,3e-06,915,False
13669,3392,143.09584045410156,12.087884902954102,7121730.0,0.992756724357605,-0.04687894135713577,0.00217719585634768,43.54391860961914,0.004373201634734869,87.46403503417969,20000.0,3e-06,916,False
13673,3393,141.76498413085938,12.034082412719727,8950462.0,0.9927537441253662,-0.046247150748968124,0.0021669077686965466,43.33815383911133,0.004319637082517147,86.39273834228516,20000.0,3e-06,917,False
13677,3394,144.97134399414062,12.23741340637207,7883663.5,0.9927507042884827,-0.04665585979819298,0.002243918366730213,44.87836837768555,0.004392778500914574,87.8555679321289,20000.0,3e-06,918,False
13681,3395,148.3232421875,12.423450469970703,7547324.0,0.9927477836608887,-0.046116627752780914,0.002286970615386963,45.739410400390625,0.004508018959313631,90.1603775024414,20000.0,3e-06,919,False
13685,3396,150.7676239013672,12.258503913879395,8297056.0,0.9927448034286499,-0.046262264251708984,0.002077486366033554,41.54972839355469,0.004847969859838486,96.95939636230469,20000.0,3e-06,920,False
13689,3397,134.86000061035156,12.616918563842773,8375196.0,0.9927417635917664,-0.04560449719429016,0.0020454847253859043,40.90969467163086,0.0040666693821549416,81.33338928222656,20000.0,3e-06,921,False
13693,3398,148.3983154296875,12.611564636230469,8793745.0,0.9927388429641724,-0.046567223966121674,0.0024516598787158728,49.033199310302734,0.0043376777321100235,86.75355529785156,20000.0,3e-06,922,False
13697,3399,148.408203125,12.132393836975098,8430738.0,0.9927358627319336,-0.046354278922080994,0.0022893138229846954,45.786277770996094,0.004524476360529661,90.4895248413086,20000.0,3e-06,923,False
13701,3400,143.77976989746094,12.450736999511719,7931925.0,0.9927328824996948,-0.04627329111099243,0.0021669240668416023,43.33848190307617,0.004399527795612812,87.99055480957031,20000.0,3e-06,924,False
13705,3401,146.3863983154297,12.102761268615723,8414310.0,0.992729902267456,-0.0472838468849659,0.002181253395974636,43.62506866455078,0.004532928578555584,90.6585693359375,20000.0,3e-06,925,False
13709,3402,149.3079071044922,12.478511810302734,8358208.0,0.9927269220352173,-0.04617561399936676,0.0021509064827114344,43.018131256103516,0.004690563306212425,93.81126403808594,20000.0,3e-06,926,False
13713,3403,170.19778442382812,12.441174507141113,7186508.5,0.9927239418029785,-0.04642878845334053,0.0024872757494449615,49.745513916015625,0.005400555208325386,108.01110076904297,20000.0,3e-06,927,False
13717,3404,140.73220825195312,12.435477256774902,8613436.0,0.9927210211753845,-0.04622601717710495,0.002155464608222246,43.109291076660156,0.004259371664375067,85.18743133544922,20000.0,3e-06,928,False
13721,3405,152.67726135253906,12.603129386901855,9661649.0,0.992717981338501,-0.04622485861182213,0.002357779536396265,47.15559005737305,0.004645926877856255,92.91854095458984,20000.0,3e-06,929,False
13725,3406,137.16273498535156,12.420574188232422,9263149.0,0.9927150011062622,-0.04610689729452133,0.002150206593796611,43.00413131713867,0.004086901433765888,81.73802947998047,20000.0,3e-06,930,False
13729,3407,151.77874755859375,12.716531753540039,6876291.0,0.9927120804786682,-0.04622885584831238,0.002338388003408909,46.76776123046875,0.004614722914993763,92.2944564819336,20000.0,3e-06,931,False
13733,3408,159.54664611816406,12.778427124023438,9855460.0,0.9927091002464294,-0.046487607061862946,0.002314541954547167,46.29084014892578,0.005023868754506111,100.47737884521484,20000.0,3e-06,932,False
13737,3409,146.03941345214844,12.344966888427734,6926989.0,0.9927061796188354,-0.046844758093357086,0.002152456669136882,43.04913330078125,0.004532265942543745,90.64531707763672,20000.0,3e-06,933,False
13741,3410,139.3841094970703,12.487518310546875,7267495.0,0.9927031993865967,-0.046462442725896835,0.0022818513680249453,45.637027740478516,0.004062978085130453,81.25955963134766,20000.0,3e-06,934,False
13745,3411,140.51840209960938,12.508647918701172,9502428.0,0.9927001595497131,-0.04636212810873985,0.002180818933993578,43.61637878417969,0.004219668451696634,84.39337158203125,20000.0,3e-06,935,False
13749,3412,135.8855743408203,12.410262107849121,8108782.0,0.9926972389221191,-0.04682547599077225,0.002011606004089117,40.232120513916016,0.004162159748375416,83.24319458007812,20000.0,3e-06,936,False
13753,3413,148.79086303710938,12.384554862976074,7609112.5,0.9926942586898804,-0.04668793827295303,0.002086285036057234,41.72570037841797,0.004734029993414879,94.68060302734375,20000.0,3e-06,937,False
13757,3414,147.85003662109375,12.549016952514648,7892741.0,0.9926913380622864,-0.04662875831127167,0.0022167405113577843,44.334808349609375,0.004548310302197933,90.9662094116211,20000.0,3e-06,938,False
13761,3415,150.88153076171875,12.520722389221191,6660682.0,0.9926883578300476,-0.04652775079011917,0.002364892978221178,47.29785919189453,0.004553147125989199,91.06294250488281,20000.0,3e-06,939,False
13765,3416,142.93055725097656,12.661514282226562,8416566.0,0.9926854372024536,-0.045998334884643555,0.002102779923006892,42.055599212646484,0.004410672001540661,88.21343994140625,20000.0,3e-06,940,False
13769,3417,140.2069854736328,12.661770820617676,8324023.0,0.9926823973655701,-0.04687445983290672,0.0020850058645009995,41.70011901855469,0.00429225480183959,85.8450927734375,20000.0,3e-06,941,False
13773,3418,140.4842987060547,12.57090950012207,8416264.0,0.9926794171333313,-0.04621344059705734,0.0019819948356598616,39.639896392822266,0.004413674585521221,88.27349090576172,20000.0,3e-06,942,False
13777,3419,143.76202392578125,12.538135528564453,8792003.0,0.9926764965057373,-0.04750838130712509,0.0020839334465563297,41.67866897583008,0.004477260634303093,89.54521179199219,20000.0,3e-06,943,False
13781,3420,153.14234924316406,12.452873229980469,7765483.5,0.9926735162734985,-0.047036442905664444,0.0022291867062449455,44.58373260498047,0.004805287346243858,96.10574340820312,20000.0,3e-06,944,False
13785,3421,144.68179321289062,12.533595085144043,8467216.0,0.9926705956459045,-0.047480784356594086,0.0021091639064252377,42.18327713012695,0.004498245660215616,89.96491241455078,20000.0,3e-06,945,False
13789,3422,145.8179931640625,12.73954963684082,8497066.0,0.9926676154136658,-0.04697096720337868,0.002342128660529852,46.84257507324219,0.0043117934837937355,86.23587036132812,20000.0,3e-06,946,False
13793,3423,153.89535522460938,12.595324516296387,7746049.5,0.9926645755767822,-0.04712750017642975,0.002139817923307419,42.79636001586914,0.004925183951854706,98.50367736816406,20000.0,3e-06,947,False
13797,3424,140.79139709472656,13.0377836227417,8760268.0,0.9926616549491882,-0.046851061284542084,0.0020158332772552967,40.31666564941406,0.004371847026050091,87.43694305419922,20000.0,3e-06,948,False
13801,3425,135.84461975097656,12.855173110961914,7830733.0,0.9926586747169495,-0.046961814165115356,0.0022238031961023808,44.4760627746582,0.003925669007003307,78.51338195800781,20000.0,3e-06,949,False
13805,3426,151.65306091308594,12.576568603515625,7573200.0,0.9926556348800659,-0.047757018357515335,0.00198372476734221,39.674495697021484,0.004970099776983261,99.40199279785156,20000.0,3e-06,950,False
13809,3427,149.853271484375,12.758661270141602,7474212.5,0.9926527142524719,-0.04729977250099182,0.0020685745403170586,41.371490478515625,0.004786156117916107,95.7231216430664,20000.0,3e-06,951,False
13813,3428,132.30560302734375,12.517827033996582,8549429.0,0.9926497340202332,-0.04784462973475456,0.0019508632831275463,39.01726531982422,0.004038525745272636,80.77051544189453,20000.0,3e-06,952,False
13817,3429,137.10842895507812,12.817756652832031,6976107.0,0.9926466941833496,-0.04694054275751114,0.0020704399794340134,41.40879821777344,0.004144093953073025,82.88188171386719,20000.0,3e-06,953,False
13821,3430,159.52651977539062,12.937189102172852,6821831.5,0.9926437735557556,-0.04684966802597046,0.0023089030291885138,46.178062438964844,0.005020563490688801,100.41127014160156,20000.0,3e-06,954,False
13825,3431,153.10940551757812,12.756853103637695,8797551.0,0.9926407933235168,-0.047292038798332214,0.0020259832963347435,40.5196647644043,0.004991644527763128,99.83289337158203,20000.0,3e-06,955,False
13829,3432,144.77366638183594,12.994020462036133,7570954.0,0.9926377534866333,-0.046720534563064575,0.0017979827243834734,35.95965576171875,0.004790999460965395,95.81999206542969,20000.0,3e-06,956,False
13833,3433,149.44558715820312,12.89990234375,7723521.0,0.9926348328590393,-0.047359514981508255,0.002081872895359993,41.63745880126953,0.00474541075527668,94.90821838378906,20000.0,3e-06,957,False
13837,3434,145.70553588867188,12.54746150970459,8186945.0,0.9926318526268005,-0.04724065214395523,0.002028742805123329,40.57485580444336,0.004629161208868027,92.58322143554688,20000.0,3e-06,958,False
13841,3435,156.04791259765625,12.828502655029297,10050126.0,0.992628812789917,-0.047303762286901474,0.002022271044552326,40.44541931152344,0.005138699896633625,102.77399444580078,20000.0,3e-06,959,False
13845,3436,152.95138549804688,12.85502815246582,6836788.0,0.992625892162323,-0.0470263697206974,0.002158700954169035,43.17401885986328,0.0048461174592375755,96.92234802246094,20000.0,3e-06,960,False
13849,3437,143.284912109375,13.24595832824707,9030045.0,0.9926229119300842,-0.046733684837818146,0.0022368128411471844,44.73625564575195,0.004265134688466787,85.30269622802734,20000.0,3e-06,961,False
13853,3438,160.2298583984375,12.884256362915039,8504738.0,0.9926198720932007,-0.04779429733753204,0.0020491338800638914,40.9826774597168,0.005318146198987961,106.36292266845703,20000.0,3e-06,962,False
13857,3439,144.72763061523438,12.781983375549316,7068192.0,0.9926169514656067,-0.04709869995713234,0.0021801188122481108,43.60237503051758,0.004417163319885731,88.34326934814453,20000.0,3e-06,963,False
13861,3440,132.06503295898438,12.87236213684082,7183900.5,0.9926139712333679,-0.047544363886117935,0.002298334613442421,45.96669387817383,0.0036612986586987972,73.2259750366211,20000.0,3e-06,964,False
13865,3441,147.06466674804688,13.269432067871094,9461022.0,0.9926109313964844,-0.046944037079811096,0.0021443224977701902,42.886451721191406,0.004545439500361681,90.9087905883789,20000.0,3e-06,965,False
13869,3442,156.22079467773438,12.61053466796875,6137018.0,0.9926080107688904,-0.04763899743556976,0.0025506499223411083,51.012996673583984,0.004629863426089287,92.5972671508789,20000.0,3e-06,966,False
13873,3443,143.755859375,12.823209762573242,7772589.0,0.9926050305366516,-0.047455284744501114,0.0020973598584532738,41.94719696044922,0.004449272062629461,88.98544311523438,20000.0,3e-06,967,False
13877,3444,157.40847778320312,12.714576721191406,6988813.5,0.9926019906997681,-0.047817640006542206,0.0021445248275995255,42.89049530029297,0.005090170539915562,101.80341339111328,20000.0,3e-06,968,False
13881,3445,138.70614624023438,12.784700393676758,8543154.0,0.9925990700721741,-0.047577351331710815,0.002129840198904276,42.596805572509766,0.004166231490671635,83.32463073730469,20000.0,3e-06,969,False
13885,3446,158.06741333007812,13.167698860168457,9914739.0,0.9925960898399353,-0.04753457009792328,0.00230326596647501,46.0653190612793,0.004941719584167004,98.83438873291016,20000.0,3e-06,970,False
13889,3447,146.1624755859375,12.697125434875488,7620974.0,0.9925930500030518,-0.0477527491748333,0.0020106355659663677,40.212711334228516,0.004662632010877132,93.25263977050781,20000.0,3e-06,971,False
13893,3448,147.48892211914062,12.96676254272461,6598918.0,0.9925901293754578,-0.04763103276491165,0.0020553511567413807,41.10702133178711,0.004670757334679365,93.41514587402344,20000.0,3e-06,972,False
13897,3449,147.94583129882812,13.184364318847656,8522006.0,0.992587149143219,-0.04744451493024826,0.002148449420928955,42.96898651123047,0.004589623771607876,91.79247283935547,20000.0,3e-06,973,False
13901,3450,137.81980895996094,12.965957641601562,8435714.0,0.9925841093063354,-0.047535717487335205,0.0019774988759309053,39.54997634887695,0.004265193827450275,85.30387878417969,20000.0,3e-06,974,False
13905,3451,138.76495361328125,12.92616081237793,8226618.5,0.9925811886787415,-0.04767321050167084,0.0021274040918797255,42.54808044433594,0.004164535086601973,83.29070281982422,20000.0,3e-06,975,False
13909,3452,137.73733520507812,12.765612602233887,8613823.0,0.9925781488418579,-0.04745651036500931,0.0022499882616102695,44.99976348876953,0.003998598083853722,79.97196197509766,20000.0,3e-06,976,False
13913,3453,149.583740234375,13.381397247314453,8832432.0,0.9925751686096191,-0.047058723866939545,0.0019745221361517906,39.49044418334961,0.004835594445466995,96.7118911743164,20000.0,3e-06,977,False
13917,3454,138.03890991210938,13.242886543273926,8217159.0,0.9925722479820251,-0.047784194350242615,0.002131242072209716,42.624839782714844,0.004108558874577284,82.17118072509766,20000.0,3e-06,978,False
13921,3455,150.9132537841797,12.969316482543945,7372804.0,0.9925692081451416,-0.04807457700371742,0.0020653274841606617,41.306549072265625,0.004831869620829821,96.63739013671875,20000.0,3e-06,979,False
13925,3456,160.09007263183594,12.930621147155762,8741264.0,0.9925662279129028,-0.04808010160923004,0.002085655927658081,41.71311950683594,0.005272316746413708,105.44633483886719,20000.0,3e-06,980,False
13929,3457,133.49029541015625,13.431549072265625,9405785.0,0.9925633072853088,-0.04720975086092949,0.0020520947873592377,41.04189682006836,0.003950842656195164,79.01685333251953,20000.0,3e-06,981,False
13933,3458,142.20452880859375,13.124238967895508,9186606.0,0.9925602674484253,-0.04780271649360657,0.00209542503580451,41.90850067138672,0.004358590114861727,87.17179870605469,20000.0,3e-06,982,False
13937,3459,156.35018920898438,12.944242477416992,9295660.0,0.9925572872161865,-0.048454027622938156,0.0021806468721479177,43.612937927246094,0.004989650100469589,99.79299926757812,20000.0,3e-06,983,False
13941,3460,148.42352294921875,13.038079261779785,7772563.0,0.992554247379303,-0.048220790922641754,0.0019662845879793167,39.32569122314453,0.004802987910807133,96.05976104736328,20000.0,3e-06,984,False
13945,3461,141.64401245117188,12.915044784545898,7603183.5,0.992551326751709,-0.04787619411945343,0.0019930251874029636,39.860504150390625,0.004443422891199589,88.86846160888672,20000.0,3e-06,985,False
13949,3462,158.7705078125,13.311809539794922,6669621.0,0.9925483465194702,-0.04700092971324921,0.0021831211633980274,43.66242218017578,0.005089813843369484,101.79627990722656,20000.0,3e-06,986,False
13953,3463,145.96505737304688,12.990255355834961,8094188.5,0.9925453066825867,-0.048114076256752014,0.0019594053737819195,39.188106536865234,0.004689334891736507,93.78669738769531,20000.0,3e-06,987,False
13957,3464,144.1953582763672,12.980905532836914,8633059.0,0.9925423860549927,-0.04820408672094345,0.002165349433198571,43.30698776245117,0.004395373165607452,87.90746307373047,20000.0,3e-06,988,False
13961,3465,153.47093200683594,13.13187026977539,7497588.5,0.9925393462181091,-0.048266686499118805,0.0026082471013069153,52.16494369506836,0.004408705979585648,88.17411804199219,20000.0,3e-06,989,False
13965,3466,142.78436279296875,13.258959770202637,7532761.5,0.9925363659858704,-0.04814707860350609,0.001983447466045618,39.668949127197266,0.004492823034524918,89.85646057128906,20000.0,3e-06,990,False
13969,3467,163.95591735839844,13.213294982910156,8352564.5,0.9925333261489868,-0.04763411730527878,0.0022512804716825485,45.02560806274414,0.00528585072606802,105.7170181274414,20000.0,3e-06,991,False
13973,3468,146.04867553710938,13.138312339782715,6360867.0,0.9925304055213928,-0.04854755848646164,0.002137012779712677,42.740257263183594,0.004508505575358868,90.17011260986328,20000.0,3e-06,992,False
13977,3469,150.2190399169922,12.99943733215332,8416047.0,0.9925273656845093,-0.04842499643564224,0.0021350656170397997,42.70131301879883,0.0047259144484996796,94.5182876586914,20000.0,3e-06,993,False
13981,3470,146.93934631347656,13.221641540527344,8218179.5,0.9925244450569153,-0.04809003323316574,0.0020042662508785725,40.085323333740234,0.004681618884205818,93.63237762451172,20000.0,3e-06,994,False
13985,3471,148.37152099609375,13.231589317321777,8563001.0,0.9925214052200317,-0.048060230910778046,0.0020083978306502104,40.1679573059082,0.004748598672449589,94.97197723388672,20000.0,3e-06,995,False
13989,3472,152.23997497558594,13.42604923248291,8137734.5,0.992518424987793,-0.04838752746582031,0.00217242818325758,43.44856262207031,0.004768268205225468,95.36536407470703,20000.0,3e-06,996,False
13993,3473,142.74806213378906,13.280746459960938,8117961.5,0.9925153851509094,-0.047859542071819305,0.0020317770540714264,40.63554000854492,0.004441589117050171,88.83177947998047,20000.0,3e-06,997,False
13997,3474,138.34402465820312,13.02250862121582,9572468.0,0.9925124645233154,-0.049190305173397064,0.0021019766572862864,42.03953170776367,0.004164098761975765,83.28197479248047,20000.0,3e-06,998,False
14001,3475,162.3732452392578,13.357636451721191,6825657.0,0.9925094246864319,-0.04823940992355347,0.0019482211209833622,38.96442413330078,0.005502559244632721,110.05118560791016,20000.0,3e-06,999,False
14005,3476,146.24708557128906,13.398441314697266,8851460.0,0.9925064444541931,-0.04842168837785721,0.002007633913308382,40.152679443359375,0.004634798038750887,92.69596099853516,20000.0,3e-06,1000,False
14009,3477,165.19384765625,13.515644073486328,7976933.0,0.9925034046173096,-0.0469682440161705,0.0022839070297777653,45.678138732910156,0.005300003103911877,106.00006103515625,20000.0,3e-06,1001,False
14013,3478,147.866943359375,13.273658752441406,8464979.0,0.9925004839897156,-0.047835156321525574,0.0020265348721295595,40.530696868896484,0.004703129176050425,94.06258392333984,20000.0,3e-06,1002,False
14017,3479,152.262939453125,13.370803833007812,10237673.0,0.992497444152832,-0.048400405794382095,0.002071901224553585,41.43802261352539,0.004872705787420273,97.45411682128906,20000.0,3e-06,1003,False
14021,3480,155.74176025390625,13.500439643859863,7857814.0,0.9924944639205933,-0.048189762979745865,0.002131042070686817,42.62084197998047,0.004981024190783501,99.6204833984375,20000.0,3e-06,1004,False
14025,3481,158.93795776367188,13.499137878417969,9506586.0,0.9924915432929993,-0.0479377843439579,0.0021035070531070232,42.07014083862305,0.005168434232473373,103.36868286132812,20000.0,3e-06,1005,False
14029,3482,165.6678466796875,13.783945083618164,6352964.0,0.9924885034561157,-0.04745984822511673,0.002266946481540799,45.33892822265625,0.0053272489458322525,106.54497528076172,20000.0,3e-06,1006,False
14033,3483,139.83262634277344,13.365177154541016,8609200.0,0.992485523223877,-0.04798612743616104,0.0022251170594245195,44.502342224121094,0.0040982551872730255,81.96510314941406,20000.0,3e-06,1007,False
14037,3484,149.37014770507812,13.381383895874023,7401384.5,0.9924824833869934,-0.04834222048521042,0.002155484864488244,43.10969543457031,0.004643952939659357,92.87905883789062,20000.0,3e-06,1008,False
14041,3485,142.11404418945312,13.355371475219727,8973056.0,0.9924795627593994,-0.04820132255554199,0.0022207119036465883,44.41423797607422,0.004217222332954407,84.34444427490234,20000.0,3e-06,1009,False
14045,3486,136.8294677734375,13.663650512695312,7293656.5,0.9924765825271606,-0.047313809394836426,0.0020434786565601826,40.869571685791016,0.0041148122400045395,82.2962417602539,20000.0,3e-06,1010,False
14049,3487,139.1053466796875,13.488348007202148,7006091.5,0.9924736618995667,-0.04851274937391281,0.0019444571807980537,38.88914489746094,0.0043363929726183414,86.72785949707031,20000.0,3e-06,1011,False
14053,3488,148.70953369140625,13.478848457336426,8255709.5,0.9924706220626831,-0.04866650700569153,0.002132571302354336,42.651424407958984,0.004628962837159634,92.57925415039062,20000.0,3e-06,1012,False
14057,3489,152.74838256835938,13.722296714782715,8096037.0,0.9924676418304443,-0.04753834754228592,0.0022823442704975605,45.64688491821289,0.004668960347771645,93.37920379638672,20000.0,3e-06,1013,False
14061,3490,143.70616149902344,13.391471862792969,6853598.0,0.9924647212028503,-0.048162490129470825,0.0020366907119750977,40.73381423950195,0.004479043651372194,89.58087158203125,20000.0,3e-06,1014,False
14065,3491,149.88929748535156,13.756139755249023,8286500.0,0.9924616813659668,-0.047910869121551514,0.00200550421141088,40.110084533691406,0.0048011536709964275,96.0230712890625,20000.0,3e-06,1015,False
14069,3492,142.3424835205078,13.405633926391602,7246303.0,0.992458701133728,-0.04851961135864258,0.002106911037117243,42.138221740722656,0.004339931532740593,86.79862976074219,20000.0,3e-06,1016,False
14073,3493,141.72122192382812,13.202644348144531,8864376.0,0.992455780506134,-0.04934317246079445,0.00213005393743515,42.601078033447266,0.0042958748526871204,85.91749572753906,20000.0,3e-06,1017,False
14077,3494,160.10125732421875,13.463663101196289,7557922.0,0.9924527406692505,-0.04920008033514023,0.002177489921450615,43.54979705810547,0.005154389422386885,103.0877914428711,20000.0,3e-06,1018,False
14081,3495,151.90548706054688,13.733650207519531,8461624.0,0.9924497604370117,-0.0488005205988884,0.0021556206047534943,43.11241149902344,0.004752970766276121,95.05941772460938,20000.0,3e-06,1019,False
14085,3496,155.38328552246094,13.547679901123047,7038618.0,0.9924468398094177,-0.04888542369008064,0.002027213340625167,40.54426574707031,0.00506456708535552,101.29134368896484,20000.0,3e-06,1020,False
14089,3497,142.553466796875,13.612215042114258,8347448.0,0.9924437999725342,-0.048476748168468475,0.0018126324284821749,36.252647399902344,0.004634430631995201,92.68861389160156,20000.0,3e-06,1021,False
14093,3498,148.13467407226562,13.672758102416992,8632612.0,0.9924408793449402,-0.048667632043361664,0.001972917700186372,39.45835494995117,0.004750178661197424,95.00357055664062,20000.0,3e-06,1022,False
14097,3499,148.23486328125,13.542448997497559,7095545.0,0.9924378395080566,-0.04920613020658493,0.0020857269410043955,41.71453857421875,0.004648893605917692,92.97787475585938,20000.0,3e-06,1023,False
14101,3500,160.13755798339844,14.038299560546875,8593102.0,0.9924348592758179,-0.048044603317976,0.0021396963857114315,42.79392623901367,0.005165266804397106,103.30533599853516,20000.0,3e-06,1024,False
14105,3501,137.48983764648438,13.544364929199219,8331810.0,0.9924318194389343,-0.04925454407930374,0.0019295960664749146,38.591922760009766,0.004267677199095488,85.35354614257812,20000.0,3e-06,1025,False
14109,3502,155.55361938476562,13.738777160644531,8322243.0,0.9924288988113403,-0.04847009479999542,0.0021956474520266056,43.91294860839844,0.004895095247775316,97.90190124511719,20000.0,3e-06,1026,False
14113,3503,160.3199005126953,13.543556213378906,8296041.5,0.9924258589744568,-0.04869593679904938,0.002160601317882538,43.2120246887207,0.00517821591347456,103.56431579589844,20000.0,3e-06,1027,False
14117,3504,146.0889892578125,13.757769584655762,7856765.0,0.992422878742218,-0.04799424484372139,0.002007723320275545,40.15446472167969,0.004608837887644768,92.1767578125,20000.0,3e-06,1028,False
14121,3505,154.6555938720703,13.783114433288574,8476526.0,0.9924198389053345,-0.0474846176803112,0.001969651784747839,39.393035888671875,0.005073972046375275,101.47943878173828,20000.0,3e-06,1029,False
14125,3506,131.35203552246094,13.595791816711426,8003994.0,0.9924169182777405,-0.04889813810586929,0.0020938972011208534,41.87794494628906,0.0037939148023724556,75.8782958984375,20000.0,3e-06,1030,False
14129,3507,130.59207153320312,13.633756637573242,8087427.0,0.9924139380455017,-0.04871971905231476,0.00205795606598258,41.159122467041016,0.0037899597082287073,75.7991943359375,20000.0,3e-06,1031,False
14133,3508,144.34568786621094,13.932867050170898,8642032.0,0.9924108982086182,-0.04823707416653633,0.001999013824388385,39.98027801513672,0.004521626979112625,90.43254089355469,20000.0,3e-06,1032,False
14137,3509,139.79307556152344,13.888673782348633,8439755.0,0.9924079775810242,-0.048019979149103165,0.001864451332949102,37.28902816772461,0.004430768545717001,88.61537170410156,20000.0,3e-06,1033,False
14141,3510,132.98583984375,13.580429077148438,7694876.0,0.9924049973487854,-0.04902607202529907,0.001949215424247086,38.984310150146484,0.004021055065095425,80.42110443115234,20000.0,3e-06,1034,False
14145,3511,160.1133270263672,13.585014343261719,8713070.0,0.9924020767211914,-0.048782095313072205,0.002079424913972616,41.588497161865234,0.005246990825980902,104.9398193359375,20000.0,3e-06,1035,False
14149,3512,145.0386505126953,13.859328269958496,9526903.0,0.9923990368843079,-0.049084682017564774,0.0020999498665332794,41.99899673461914,0.004459016025066376,89.1803207397461,20000.0,3e-06,1036,False
14153,3513,133.99468994140625,14.120363235473633,9905058.0,0.9923960566520691,-0.048746488988399506,0.0018798563396558166,37.59712600708008,0.004113859497010708,82.27719116210938,20000.0,3e-06,1037,False
14157,3514,153.80548095703125,13.789937019348145,7570499.0,0.9923931360244751,-0.04877825826406479,0.001956336200237274,39.12672424316406,0.00504444120451808,100.88882446289062,20000.0,3e-06,1038,False
14161,3515,154.0443115234375,13.881614685058594,8960266.0,0.9923900961875916,-0.04860476776957512,0.002024036832153797,40.480735778808594,0.004984098486602306,99.68196868896484,20000.0,3e-06,1039,False
14165,3516,135.76358032226562,13.930419921875,7090120.0,0.9923871159553528,-0.04820080101490021,0.0021933005191385746,43.86600875854492,0.0038983572740107775,77.96714782714844,20000.0,3e-06,1040,False
14169,3517,147.83673095703125,14.121355056762695,9212614.0,0.9923841953277588,-0.0481904000043869,0.0019500686321407557,39.001373291015625,0.004735700786113739,94.7140121459961,20000.0,3e-06,1041,False
14173,3518,150.2794647216797,14.144311904907227,6964410.0,0.9923811554908752,-0.0482182502746582,0.002290529664605856,45.81059265136719,0.004516228102147579,90.3245620727539,20000.0,3e-06,1042,False
14177,3519,146.81185913085938,13.715221405029297,8359722.0,0.9923781752586365,-0.04911406710743904,0.0022286782041192055,44.57356262207031,0.004426153842359781,88.52307891845703,20000.0,3e-06,1043,False
14181,3520,146.6114959716797,14.163507461547852,9608502.0,0.9923752546310425,-0.04815500229597092,0.002002221764996648,40.04443359375,0.004620177671313286,92.40355682373047,20000.0,3e-06,1044,False
14185,3521,153.81939697265625,13.822408676147461,6823514.0,0.9923722743988037,-0.048486318439245224,0.002103077247738838,42.061546325683594,0.004896772094070911,97.93544006347656,20000.0,3e-06,1045,False
14189,3522,141.90817260742188,13.823447227478027,8718577.0,0.9923693537712097,-0.04908891022205353,0.002197172259911895,43.943443298339844,0.004207064397633076,84.14128875732422,20000.0,3e-06,1046,False
14193,3523,140.69163513183594,13.568228721618652,8535085.0,0.9923663139343262,-0.0495174415409565,0.0022204976994544268,44.40995407104492,0.004135672934353352,82.71345520019531,20000.0,3e-06,1047,False
14197,3524,147.33226013183594,13.867362022399902,7783084.0,0.9923633337020874,-0.048409342765808105,0.002015195321291685,40.30390548706055,0.004658049438148737,93.1609878540039,20000.0,3e-06,1048,False
14201,3525,145.657470703125,13.935739517211914,7751010.0,0.9923604130744934,-0.04838433116674423,0.001940009999088943,38.800201416015625,0.004646076820790768,92.92153930664062,20000.0,3e-06,1049,False
14205,3526,149.75762939453125,13.910223007202148,10204534.0,0.9923574328422546,-0.048722635954618454,0.002085816115140915,41.71632385253906,0.004706554114818573,94.1310806274414,20000.0,3e-06,1050,False
14209,3527,141.65869140625,14.130521774291992,7683825.0,0.9923543930053711,-0.048790328204631805,0.002031429670751095,40.62859344482422,0.004344978369772434,86.89956665039062,20000.0,3e-06,1051,False
14213,3528,162.77755737304688,13.814057350158691,6774143.0,0.9923514723777771,-0.04912538081407547,0.0021813265047967434,43.626529693603516,0.005266848485916853,105.33696746826172,20000.0,3e-06,1052,False
14217,3529,151.72174072265625,13.947383880615234,10171826.0,0.9923484921455383,-0.04889162629842758,0.002147128339856863,42.94256591796875,0.004741589538753033,94.831787109375,20000.0,3e-06,1053,False
14221,3530,146.4627685546875,13.983503341674805,8530680.0,0.9923455715179443,-0.04959889501333237,0.0020286603830754757,40.57320785522461,0.004595302976667881,91.90605926513672,20000.0,3e-06,1054,False
14225,3531,146.7579345703125,14.198013305664062,6562467.5,0.9923425912857056,-0.048559822142124176,0.0020119594410061836,40.23918914794922,0.004616036079823971,92.32072448730469,20000.0,3e-06,1055,False
14229,3532,145.4585723876953,13.899760246276855,7706956.5,0.992339551448822,-0.04919065535068512,0.0021994314156472683,43.98862838745117,0.004378509242087603,87.57018280029297,20000.0,3e-06,1056,False
14233,3533,148.33941650390625,13.710332870483398,6954552.0,0.992336630821228,-0.04953332617878914,0.002114487811923027,42.289756774902344,0.004616966471076012,92.3393325805664,20000.0,3e-06,1057,False
14237,3534,137.45974731445312,13.834888458251953,7110142.0,0.9923336505889893,-0.04908858239650726,0.002001322340220213,40.02644729614258,0.004179921001195908,83.59841918945312,20000.0,3e-06,1058,False
14241,3535,138.23782348632812,14.04945182800293,7586487.0,0.9923307299613953,-0.049573108553886414,0.0021268376149237156,42.53675079345703,0.004082581028342247,81.65161895751953,20000.0,3e-06,1059,False
14245,3536,135.33253479003906,13.86444091796875,7860459.5,0.9923276901245117,-0.04949895292520523,0.0018897096160799265,37.794193267822266,0.004183695185929537,83.67390441894531,20000.0,3e-06,1060,False
14249,3537,131.62803649902344,13.75119400024414,7898804.0,0.992324709892273,-0.049546435475349426,0.0019427512306720018,38.85502624511719,0.003951090853661299,79.02182006835938,20000.0,3e-06,1061,False
14253,3538,154.9638671875,13.955599784851074,7404436.0,0.9923217296600342,-0.04908820986747742,0.0023581208661198616,47.162418365478516,0.004692292772233486,93.84585571289062,20000.0,3e-06,1062,False
14257,3539,142.7061309814453,13.962188720703125,7940874.0,0.9923187494277954,-0.049283042550086975,0.0022041089832782745,44.08218002319336,0.004233088344335556,84.6617660522461,20000.0,3e-06,1063,False
14261,3540,156.33505249023438,14.10407543182373,8759083.0,0.9923158288002014,-0.04930124059319496,0.0022775179240852594,45.550357818603516,0.004834030754864216,96.68061828613281,20000.0,3e-06,1064,False
14265,3541,149.63629150390625,14.213409423828125,9213380.0,0.9923127889633179,-0.04934579133987427,0.0021164799109101295,42.32959747314453,0.00465466408059001,93.0932846069336,20000.0,3e-06,1065,False
14269,3542,141.2762451171875,14.068721771240234,8751084.0,0.9923098087310791,-0.04973463714122772,0.002006361959502101,40.12723922729492,0.004354014061391354,87.08028411865234,20000.0,3e-06,1066,False
14273,3543,152.11135864257812,14.461660385131836,8335061.0,0.9923068881034851,-0.048665378242731094,0.0020665787160396576,41.331573486328125,0.004815906286239624,96.31812286376953,20000.0,3e-06,1067,False
14277,3544,134.23110961914062,13.981843948364258,7573672.0,0.9923038482666016,-0.048956289887428284,0.001945246709510684,38.90493392944336,0.004067216534167528,81.34432983398438,20000.0,3e-06,1068,False
14281,3545,139.0757598876953,14.098001480102539,7827451.0,0.9923008680343628,-0.049632757902145386,0.001976130995899439,39.522621154785156,0.004272757098078728,85.45513916015625,20000.0,3e-06,1069,False
14285,3546,154.3147430419922,14.445911407470703,6511302.5,0.9922979474067688,-0.04941045492887497,0.001985813956707716,39.716278076171875,0.005007627420127392,100.15254974365234,20000.0,3e-06,1070,False
14289,3547,146.59725952148438,14.311025619506836,8908732.0,0.9922949075698853,-0.04974253103137016,0.0021500694565474987,43.00138854980469,0.004464241676032543,89.28483581542969,20000.0,3e-06,1071,False
14293,3548,143.98464965820312,14.112591743469238,8245644.5,0.9922919273376465,-0.04929887875914574,0.0019700867123901844,39.4017333984375,0.004523516166955233,90.47032165527344,20000.0,3e-06,1072,False
14297,3549,141.81964111328125,13.93488883972168,7198623.5,0.9922890067100525,-0.04982335865497589,0.0020456090569496155,40.91218185424805,0.004348628222942352,86.97256469726562,20000.0,3e-06,1073,False
14301,3550,154.591796875,14.284374237060547,6531978.0,0.992285966873169,-0.049777425825595856,0.0021899226121604443,43.7984504699707,0.0048254490830004215,96.50897979736328,20000.0,3e-06,1074,False
14305,3551,137.77264404296875,14.295585632324219,8156995.5,0.9922829866409302,-0.049866482615470886,0.0019699307158589363,39.39861297607422,0.004203922115266323,84.07844543457031,20000.0,3e-06,1075,False
14309,3552,141.836181640625,14.265478134155273,8380101.0,0.9922799468040466,-0.04923253133893013,0.0021357580553740263,42.71516036987305,0.004242777358740568,84.85554504394531,20000.0,3e-06,1076,False
14313,3553,145.2906494140625,14.482551574707031,9789814.0,0.9922770261764526,-0.049505360424518585,0.00209873728454113,41.97474670410156,0.004441667813807726,88.83335876464844,20000.0,3e-06,1077,False
14317,3554,149.10377502441406,14.262370109558105,7851048.0,0.9922740459442139,-0.04910211265087128,0.0018889427883550525,37.77885437011719,0.004853127524256706,97.06255340576172,20000.0,3e-06,1078,False
14321,3555,144.48068237304688,14.199525833129883,8839052.0,0.9922710061073303,-0.051139410585165024,0.0019519298803061247,39.038597106933594,0.004562128335237503,91.24256896972656,20000.0,3e-06,1079,False
14325,3556,157.37387084960938,14.472441673278809,8247235.0,0.9922680854797363,-0.049462687224149704,0.0022141537629067898,44.28307342529297,0.004930917173624039,98.61834716796875,20000.0,3e-06,1080,False
14329,3557,152.32382202148438,14.369667053222656,7429127.0,0.9922650456428528,-0.05014025419950485,0.001985777635127306,39.715553283691406,0.004911930300295353,98.23860931396484,20000.0,3e-06,1081,False
14333,3558,139.89059448242188,14.43977165222168,9194804.0,0.9922621250152588,-0.049682214856147766,0.002024670597165823,40.493412017822266,0.00424787076190114,84.95741271972656,20000.0,3e-06,1082,False
14337,3559,138.2549285888672,14.190816879272461,6904115.0,0.9922590851783752,-0.049530498683452606,0.0019973483867943287,39.94696807861328,0.004205856937915087,84.11714172363281,20000.0,3e-06,1083,False
14341,3560,131.93540954589844,14.51768684387207,8118306.5,0.9922561049461365,-0.049028441309928894,0.0019277081592008471,38.55416488647461,0.003943177871406078,78.86355590820312,20000.0,3e-06,1084,False
14345,3561,144.48777770996094,14.421852111816406,6773972.0,0.9922531843185425,-0.049844954162836075,0.002028693212196231,40.5738639831543,0.004474603105336428,89.4920654296875,20000.0,3e-06,1085,False
14349,3562,132.71200561523438,14.2951078414917,8096971.0,0.9922501444816589,-0.04977914318442345,0.0019100452773272991,38.200904846191406,0.004010799340903759,80.21598815917969,20000.0,3e-06,1086,False
14353,3563,137.10975646972656,14.603750228881836,8121834.0,0.9922471642494202,-0.04912668094038963,0.001978139625862241,39.56279373168945,0.0041471607983112335,82.9432144165039,20000.0,3e-06,1087,False
14357,3564,141.88861083984375,14.36154556274414,9258878.0,0.9922441244125366,-0.05008552223443985,0.002111711073666811,42.234222412109375,0.004264642484486103,85.2928466796875,20000.0,3e-06,1088,False
14361,3565,141.640380859375,14.67194938659668,6888808.0,0.9922412037849426,-0.049220114946365356,0.00204963656142354,40.992733001708984,0.0042987847700715065,85.97569274902344,20000.0,3e-06,1089,False
14365,3566,141.16592407226562,14.594043731689453,8271718.5,0.9922382235527039,-0.04961118474602699,0.002140047727152705,42.80095291137695,0.004188546445220709,83.77092742919922,20000.0,3e-06,1090,False
14369,3567,143.44757080078125,14.44075870513916,7990135.0,0.9922351837158203,-0.05013703554868698,0.002203101757913828,44.062034606933594,0.004247239325195551,84.94478607177734,20000.0,3e-06,1091,False
14373,3568,134.92623901367188,14.297391891479492,8801722.0,0.9922322630882263,-0.0501142218708992,0.001958740409463644,39.174808502197266,0.004072701558470726,81.45403289794922,20000.0,3e-06,1092,False
14377,3569,141.17098999023438,14.294046401977539,6423091.0,0.9922292828559875,-0.050522126257419586,0.0019204015843570232,38.40803146362305,0.004423445090651512,88.46890258789062,20000.0,3e-06,1093,False
14381,3570,154.18386840820312,14.537853240966797,8052086.0,0.992226243019104,-0.049880243837833405,0.002084207022562623,41.684139251708984,0.004898093640804291,97.96187591552734,20000.0,3e-06,1094,False
14385,3571,140.758544921875,14.62413215637207,8487667.0,0.99222332239151,-0.05012194812297821,0.0018452366348356009,36.90473175048828,0.004461484495550394,89.22969055175781,20000.0,3e-06,1095,False
14389,3572,142.9827117919922,14.19670295715332,9116888.0,0.9922202825546265,-0.05020518973469734,0.0021374067291617393,42.74813461303711,0.004301893524825573,86.03787231445312,20000.0,3e-06,1096,False
14393,3573,119.12405395507812,14.389777183532715,7379960.5,0.9922173023223877,-0.0502852201461792,0.001986599760130048,39.73199462890625,0.0032501141540706158,65.00228118896484,20000.0,3e-06,1097,False
14397,3574,139.69671630859375,14.268352508544922,7106834.0,0.9922143816947937,-0.050048697739839554,0.0020150290802121162,40.30058288574219,0.004256389103829861,85.1277847290039,20000.0,3e-06,1098,False
14401,3575,156.06393432617188,14.442224502563477,7905492.0,0.9922113418579102,-0.0505019910633564,0.0020284897182136774,40.569793701171875,0.0050525963306427,101.05192565917969,20000.0,3e-06,1099,False
14405,3576,146.71286010742188,14.448467254638672,7689163.0,0.9922084212303162,-0.0506313219666481,0.0022100373171269894,44.20074462890625,0.004403182305395603,88.06364440917969,20000.0,3e-06,1100,False
14409,3577,141.16629028320312,14.692752838134766,7914574.5,0.9922053813934326,-0.049699075520038605,0.0021848566830158234,43.6971321105957,0.004138820338994265,82.77640533447266,20000.0,3e-06,1101,False
14413,3578,142.72251892089844,14.355486869812012,7072231.0,0.9922024011611938,-0.05057118088006973,0.0019436634611338377,38.873268127441406,0.004474688321352005,89.49376678466797,20000.0,3e-06,1102,False
14417,3579,139.19015502929688,14.566152572631836,8696868.0,0.9921993613243103,-0.051101088523864746,0.0021092412061989307,42.1848258972168,0.004121959209442139,82.4391860961914,20000.0,3e-06,1103,False
14421,3580,144.89187622070312,14.241777420043945,7541299.0,0.9921964406967163,-0.050335682928562164,0.0021075792610645294,42.15158462524414,0.0044249254278838634,88.4985122680664,20000.0,3e-06,1104,False
14425,3581,134.84710693359375,15.12373161315918,7348382.0,0.9921934008598328,-0.04943423718214035,0.0019454113207757473,38.908226013183594,0.004040757194161415,80.81514739990234,20000.0,3e-06,1105,False
14429,3582,137.23118591308594,14.559635162353516,7950246.5,0.992190420627594,-0.050057388842105865,0.0020321933552622795,40.64386749267578,0.004101383965462446,82.02767944335938,20000.0,3e-06,1106,False
14433,3583,131.42320251464844,14.632797241210938,7656799.5,0.9921873807907104,-0.04994553327560425,0.0019808870274573565,39.617740631103516,0.0038586328737437725,77.17266082763672,20000.0,3e-06,1107,False
14437,3584,133.23660278320312,14.514604568481445,6871659.5,0.9921844601631165,-0.05019859969615936,0.0021134275011718273,42.268550872802734,0.0038226719480007887,76.45343780517578,20000.0,3e-06,1108,False
14441,3585,170.36985778808594,14.472413063049316,7704024.0,0.9921814203262329,-0.05013599991798401,0.0021090079098939896,42.18015670776367,0.005685864482074976,113.71729278564453,20000.0,3e-06,1109,False
14445,3586,152.3662567138672,14.811832427978516,8027531.0,0.9921784400939941,-0.04972779378294945,0.0019206207944080234,38.41241455078125,0.004957100376486778,99.14200592041016,20000.0,3e-06,1110,False
14449,3587,140.48727416992188,14.690984725952148,9066708.0,0.9921754598617554,-0.05032447725534439,0.0020088141318410635,40.1762809753418,0.004281000234186649,85.62000274658203,20000.0,3e-06,1111,False
14453,3588,148.7976837158203,14.777917861938477,8269380.0,0.9921724796295166,-0.05017844960093498,0.0021996477153152227,43.99295425415039,0.0045013404451310635,90.02680969238281,20000.0,3e-06,1112,False
14457,3589,128.3642578125,14.705442428588867,9767597.0,0.9921695590019226,-0.050492897629737854,0.001929969061166048,38.59938049316406,0.0037529717665165663,75.05943298339844,20000.0,3e-06,1113,False
14461,3590,147.9577178955078,15.133191108703613,9016258.0,0.9921665191650391,-0.04952722415328026,0.00204732408747077,40.94648361206055,0.004593902267515659,91.87804412841797,20000.0,3e-06,1114,False
14465,3591,146.41073608398438,14.863826751708984,7725207.0,0.9921635389328003,-0.0503605492413044,0.0021245444659143686,42.49089050292969,0.004452800843864679,89.05601501464844,20000.0,3e-06,1115,False
14469,3592,142.5286865234375,14.98901081085205,8457626.0,0.9921604990959167,-0.05039031803607941,0.001956499880179763,39.12999725341797,0.004420483950525522,88.40967559814453,20000.0,3e-06,1116,False
14473,3593,147.43003845214844,14.611727714538574,8374812.0,0.9921575784683228,-0.05100445821881294,0.0021159611642360687,42.31922149658203,0.004524954594671726,90.49909210205078,20000.0,3e-06,1117,False
14477,3594,147.58773803710938,14.835723876953125,7538110.0,0.992154598236084,-0.050665345042943954,0.0021596127189695835,43.19225311279297,0.004477987997233868,89.55976104736328,20000.0,3e-06,1118,False
14481,3595,133.69398498535156,14.733322143554688,8137427.5,0.9921515583992004,-0.05003354698419571,0.0021859044209122658,43.71809005737305,0.0037621285300701857,75.24256896972656,20000.0,3e-06,1119,False
14485,3596,121.94633483886719,15.036805152893066,7422575.0,0.9921486377716064,-0.05039543658494949,0.002078803488984704,41.57606887817383,0.0032666728366166353,65.33345794677734,20000.0,3e-06,1120,False
14489,3597,146.1584930419922,14.695158958435059,8837760.0,0.9921455979347229,-0.050609540194272995,0.002362415660172701,47.248313903808594,0.004210751038044691,84.21501922607422,20000.0,3e-06,1121,False
14493,3598,122.15435791015625,14.838266372680664,7566168.5,0.9921426177024841,-0.050854288041591644,0.0018579964525997639,37.15992736816406,0.003507808316498995,70.15616607666016,20000.0,3e-06,1122,False
14497,3599,144.73524475097656,14.762839317321777,8089917.0,0.9921396970748901,-0.05023312568664551,0.0019025099463760853,38.05019760131836,0.004596110433340073,91.92221069335938,20000.0,3e-06,1123,False
14501,3600,143.21189880371094,14.981193542480469,8161280.0,0.9921366572380066,-0.051213983446359634,0.0020775473676621914,41.55094909667969,0.004333987832069397,86.67975616455078,20000.0,3e-06,1124,False
14505,3601,131.32432556152344,14.896785736083984,6212088.0,0.9921337366104126,-0.05020171403884888,0.0019312362419441342,38.624725341796875,0.0038901404477655888,77.80281066894531,20000.0,3e-06,1125,False
14509,3602,137.1077880859375,15.131399154663086,8332975.0,0.992130696773529,-0.05051194131374359,0.002025938592851162,40.51877212524414,0.004072880372405052,81.45761108398438,20000.0,3e-06,1126,False
14513,3603,135.06472778320312,15.042630195617676,8698372.0,0.9921277165412903,-0.05042142793536186,0.0018104136688634753,36.208274841308594,0.004190690815448761,83.8138198852539,20000.0,3e-06,1127,False
14517,3604,148.29974365234375,14.808069229125977,8401992.0,0.9921246767044067,-0.05072951689362526,0.0019562081433832645,39.12416458129883,0.00471837492659688,94.36750030517578,20000.0,3e-06,1128,False
14521,3605,139.3376007080078,14.679759979248047,7635871.0,0.9921217560768127,-0.05121297389268875,0.0020967440214008093,41.934879302978516,0.0041361479088664055,82.72296142578125,20000.0,3e-06,1129,False
14525,3606,135.61941528320312,14.673110961914062,6933351.0,0.992118775844574,-0.050805963575839996,0.002034499542787671,40.68999099731445,0.0040128156542778015,80.25630950927734,20000.0,3e-06,1130,False
14529,3607,138.52931213378906,15.057646751403809,9259338.0,0.9921157360076904,-0.04992009326815605,0.0018788428278639913,37.57685470581055,0.004294740501791239,85.89481353759766,20000.0,3e-06,1131,False
14533,3608,130.60076904296875,14.938499450683594,7043830.5,0.9921128153800964,-0.051089175045490265,0.001866040751338005,37.32081604003906,0.0039170728996396065,78.34146118164062,20000.0,3e-06,1132,False
14537,3609,137.04600524902344,15.523782730102539,8796514.0,0.9921097755432129,-0.050189901143312454,0.0018216896569356322,36.43379211425781,0.0042544216848909855,85.08843231201172,20000.0,3e-06,1133,False
14541,3610,148.12625122070312,14.822689056396484,7717551.0,0.9921067953109741,-0.05082021281123161,0.0018602213822305202,37.20442581176758,0.0048049562610685825,96.09912872314453,20000.0,3e-06,1134,False
14545,3611,155.10556030273438,15.160831451416016,9169875.0,0.9921038150787354,-0.05071116238832474,0.002030511386692524,40.6102294921875,0.004966724663972855,99.3344955444336,20000.0,3e-06,1135,False
14549,3612,148.20452880859375,14.851808547973633,8069400.0,0.9921008348464966,-0.05063741281628609,0.002097139833495021,41.94279479980469,0.004570496268570423,91.40992736816406,20000.0,3e-06,1136,False
14553,3613,136.7848663330078,14.928221702575684,8513136.0,0.9920978546142578,-0.050945449620485306,0.0020238179713487625,40.47636032104492,0.004069014452397823,81.38028717041016,20000.0,3e-06,1137,False
14557,3614,135.27418518066406,15.207645416259766,6679415.0,0.992094874382019,-0.04963622987270355,0.0019128303974866867,38.25660705566406,0.004090496338903904,81.80992889404297,20000.0,3e-06,1138,False
14561,3615,125.89471435546875,15.116726875305176,7431857.5,0.9920918941497803,-0.05070279911160469,0.0019841231405735016,39.682464599609375,0.003554775845259428,71.09552001953125,20000.0,3e-06,1139,False
14565,3616,129.15695190429688,15.049248695373535,7900523.0,0.9920889735221863,-0.05087357014417648,0.001894481247290969,37.889625549316406,0.003810903523117304,76.21807098388672,20000.0,3e-06,1140,False
14569,3617,136.641845703125,15.082033157348633,8678698.0,0.9920859336853027,-0.05099111050367355,0.0019970282446593046,39.9405632019043,0.004080962855368853,81.61925506591797,20000.0,3e-06,1141,False
14573,3618,145.14862060546875,15.349767684936523,8099398.0,0.992082953453064,-0.05085588991641998,0.0022314931266009808,44.62986373901367,0.00425844918936491,85.16898345947266,20000.0,3e-06,1142,False
14577,3619,121.6001205444336,15.055414199829102,8565728.0,0.99208003282547,-0.05132443830370903,0.0018714666366577148,37.4293327331543,0.003455768572166562,69.11537170410156,20000.0,3e-06,1143,False
14581,3620,139.94158935546875,14.997359275817871,8282906.0,0.9920769929885864,-0.051204048097133636,0.0018660050118342042,37.320098876953125,0.004381206352263689,87.62413024902344,20000.0,3e-06,1144,False
14585,3621,139.1985626220703,15.292160034179688,7266868.0,0.9920740127563477,-0.0515122190117836,0.001977347768843174,39.54695510864258,0.004217972047626972,84.35944366455078,20000.0,3e-06,1145,False
14589,3622,140.73065185546875,15.217488288879395,8917296.0,0.9920709729194641,-0.05088485777378082,0.0020306515507400036,40.61302947998047,0.00424500647932291,84.90013122558594,20000.0,3e-06,1146,False
14593,3623,147.67666625976562,15.637567520141602,7523356.5,0.9920680522918701,-0.05017983168363571,0.0018960176967084408,37.920352935791016,0.004705936647951603,94.11873626708984,20000.0,3e-06,1147,False
14597,3624,127.02798461914062,15.344837188720703,9402840.0,0.9920650124549866,-0.050567444413900375,0.0018632602877914906,37.26520538330078,0.0037208967842161655,74.41793823242188,20000.0,3e-06,1148,False
14601,3625,129.8165740966797,15.435226440429688,7842969.5,0.9920620322227478,-0.05024376139044762,0.0021695983596146107,43.3919677734375,0.003549469169229269,70.9893798828125,20000.0,3e-06,1149,False
14605,3626,155.02337646484375,15.52419662475586,8131346.0,0.9920591115951538,-0.05084748566150665,0.00222347816452384,44.46956253051758,0.004751481115818024,95.02962493896484,20000.0,3e-06,1150,False
14609,3627,144.1613311767578,15.278609275817871,8234474.0,0.9920560717582703,-0.050873324275016785,0.0020564773585647345,41.129547119140625,0.004387658555060625,87.753173828125,20000.0,3e-06,1151,False
14613,3628,139.4102325439453,15.46080493927002,9211240.0,0.9920531511306763,-0.05060402303934097,0.0018425066955387592,36.850135803222656,0.004354964476078749,87.09928894042969,20000.0,3e-06,1152,False
14617,3629,136.78994750976562,14.945100784301758,6130516.0,0.9920501708984375,-0.051601022481918335,0.0017911705654114485,35.82341003417969,0.004301071632653475,86.02143096923828,20000.0,3e-06,1153,False
14621,3630,138.93667602539062,15.374673843383789,7409797.0,0.9920472502708435,-0.051657065749168396,0.0017444109544157982,34.88821792602539,0.004433689173310995,88.67378234863281,20000.0,3e-06,1154,False
14625,3631,146.76846313476562,15.66101360321045,6960237.0,0.99204421043396,-0.0511426106095314,0.0021804957650601864,43.60991668701172,0.004374876618385315,87.4975357055664,20000.0,3e-06,1155,False
14629,3632,129.69760131835938,15.387170791625977,7401041.0,0.9920412302017212,-0.051712073385715485,0.001956440042704344,39.12879943847656,0.0037590821739286184,75.181640625,20000.0,3e-06,1156,False
14633,3633,129.6603546142578,15.33717155456543,8397079.0,0.9920381903648376,-0.05129934847354889,0.0019321476574987173,38.64295196533203,0.003784011583775282,75.68022918701172,20000.0,3e-06,1157,False
14637,3634,141.31759643554688,15.491020202636719,7577057.0,0.9920352697372437,-0.051115117967128754,0.001921364339068532,38.42728805541992,0.004369964357465506,87.39928436279297,20000.0,3e-06,1158,False
14641,3635,137.85589599609375,15.101508140563965,7874839.0,0.9920322299003601,-0.051108647137880325,0.0018920120783150196,37.840240478515625,0.004245706833899021,84.91413879394531,20000.0,3e-06,1159,False
14645,3636,135.00213623046875,15.477836608886719,11119630.0,0.9920292496681213,-0.051262471824884415,0.0019409656524658203,38.819313049316406,0.0040352498181164265,80.70499420166016,20000.0,3e-06,1160,False
14649,3637,162.28077697753906,15.51196002960205,7303933.0,0.9920263290405273,-0.05055088549852371,0.0020618881098926067,41.237762451171875,0.005276552401483059,105.53105163574219,20000.0,3e-06,1161,False
14653,3638,126.87079620361328,15.488214492797852,8835346.0,0.9920232892036438,-0.05143868550658226,0.0020500668324530125,41.00133514404297,0.0035190624184906483,70.3812484741211,20000.0,3e-06,1162,False
14657,3639,116.0130615234375,15.18798828125,8265185.0,0.9920203685760498,-0.05178392678499222,0.0017102165147662163,34.20433044433594,0.0033310370054095984,66.62074279785156,20000.0,3e-06,1163,False
14661,3640,135.743408203125,15.608001708984375,8234329.0,0.9920173287391663,-0.05101647973060608,0.001799537567421794,35.990753173828125,0.004207232501357794,84.1446533203125,20000.0,3e-06,1164,False
14665,3641,144.46356201171875,15.669536590576172,7674102.0,0.9920143485069275,-0.05072417110204697,0.002019866369664669,40.3973274230957,0.004419834353029728,88.39669036865234,20000.0,3e-06,1165,False
14669,3642,128.83740234375,15.624139785766602,9157268.0,0.9920114278793335,-0.05125794559717178,0.0019244345603510737,38.48868942260742,0.003736228682100773,74.72457122802734,20000.0,3e-06,1166,False
14673,3643,129.6754913330078,15.646621704101562,7000265.0,0.99200838804245,-0.050687529146671295,0.0019233974162489176,38.46794891357422,0.0037780459970235825,75.56092071533203,20000.0,3e-06,1167,False
14677,3644,127.34906768798828,15.489233016967773,8758384.0,0.9920054078102112,-0.052200816571712494,0.001860554562881589,37.211090087890625,0.0037324372678995132,74.64874267578125,20000.0,3e-06,1168,False
14681,3645,137.32513427734375,15.792736053466797,7669627.5,0.9920024871826172,-0.05145237594842911,0.002083604224026203,41.67208480834961,0.0039930157363414764,79.86031341552734,20000.0,3e-06,1169,False
14685,3646,143.66433715820312,15.594558715820312,8247883.0,0.9919994473457336,-0.05074120685458183,0.0022008083760738373,44.01616668701172,0.004202681127935648,84.05361938476562,20000.0,3e-06,1170,False
14689,3647,138.02821350097656,15.369153022766113,7676342.0,0.9919964671134949,-0.051544010639190674,0.001922624185681343,38.452484130859375,0.00421032914891839,84.20658111572266,20000.0,3e-06,1171,False
14693,3648,134.6064453125,15.748048782348633,8598292.0,0.9919935464859009,-0.05131113901734352,0.002020562533289194,40.411251068115234,0.003922356758266687,78.44713592529297,20000.0,3e-06,1172,False
14697,3649,144.01234436035156,15.819438934326172,8561414.0,0.9919905066490173,-0.05130179226398468,0.0018893657252192497,37.787315368652344,0.0045202793553471565,90.40558624267578,20000.0,3e-06,1173,False
14701,3650,129.6834259033203,15.652767181396484,6988210.5,0.9919875264167786,-0.05156968533992767,0.002063462045043707,41.26924133300781,0.0036380707751959562,72.76141357421875,20000.0,3e-06,1174,False
14705,3651,143.35369873046875,15.87476634979248,7427288.0,0.991984486579895,-0.05096592754125595,0.002037644851952791,40.75289535522461,0.004336301237344742,86.72602844238281,20000.0,3e-06,1175,False
14709,3652,135.63128662109375,15.274770736694336,9382292.0,0.991981565952301,-0.05295438691973686,0.002084441017359495,41.688819885253906,0.003933385014533997,78.6677017211914,20000.0,3e-06,1176,False
14713,3653,146.62831115722656,15.904022216796875,7741885.0,0.9919785857200623,-0.051604434847831726,0.0020121904090046883,40.24380874633789,0.004524024203419685,90.48048400878906,20000.0,3e-06,1177,False
14717,3654,129.39234924316406,15.688667297363281,8274869.0,0.9919756054878235,-0.05162343382835388,0.001934617874212563,38.69235610961914,0.003750566393136978,75.0113296508789,20000.0,3e-06,1178,False
14721,3655,146.37237548828125,15.708045959472656,8528868.0,0.9919726252555847,-0.051466017961502075,0.0019315009703859687,38.63002014160156,0.004601715598255396,92.03430938720703,20000.0,3e-06,1179,False
14725,3656,137.49551391601562,15.506376266479492,7616491.0,0.9919695854187012,-0.052072856575250626,0.0019384205807000399,38.768409729003906,0.004161036107689142,83.22071838378906,20000.0,3e-06,1180,False
14729,3657,130.29754638671875,15.928720474243164,9222652.0,0.9919666647911072,-0.051698729395866394,0.0018962789326906204,37.92557907104492,0.0038221622817218304,76.44324493408203,20000.0,3e-06,1181,False
14733,3658,151.6827392578125,15.713858604431152,7810474.0,0.9919636249542236,-0.05149852856993675,0.0018311911262571812,36.62382125854492,0.004967252723872662,99.34505462646484,20000.0,3e-06,1182,False
14737,3659,148.66763305664062,15.581924438476562,7774916.0,0.9919606447219849,-0.05251536890864372,0.0021332954056560993,42.66590881347656,0.004520989954471588,90.4197998046875,20000.0,3e-06,1183,False
14741,3660,129.50347900390625,15.610651016235352,7041290.5,0.9919577240943909,-0.05153387784957886,0.0019755838438868523,39.51167678833008,0.0037190576549619436,74.38114929199219,20000.0,3e-06,1184,False
14745,3661,139.61761474609375,15.717755317687988,8007022.0,0.9919546842575073,-0.051420506089925766,0.002150225918740034,43.0045166015625,0.004044767469167709,80.89534759521484,20000.0,3e-06,1185,False
14749,3662,136.22007751464844,15.676736831665039,8104514.5,0.9919517040252686,-0.05250711739063263,0.0019825496710836887,39.65099334716797,0.004044617526233196,80.89234924316406,20000.0,3e-06,1186,False
14753,3663,138.63514709472656,15.935526847839355,6762731.0,0.9919487237930298,-0.05231719836592674,0.0018294628243893385,36.589256286621094,0.004305518232285976,86.11036682128906,20000.0,3e-06,1187,False
14757,3664,142.27369689941406,15.664907455444336,8600920.0,0.991945743560791,-0.05133496969938278,0.0020686755888164043,41.373512268066406,0.004261763766407967,85.23527526855469,20000.0,3e-06,1188,False
14761,3665,150.3235321044922,15.96468734741211,7771167.0,0.9919427037239075,-0.05077037960290909,0.0020224289037287235,40.448577880859375,0.0046955132856965065,93.91026306152344,20000.0,3e-06,1189,False
14765,3666,142.18637084960938,16.087188720703125,10116350.0,0.9919397830963135,-0.051039017736911774,0.002087973291054368,41.759464263916016,0.004216985777020454,84.33971405029297,20000.0,3e-06,1190,False
14769,3667,126.9098129272461,15.844941139221191,6966041.0,0.9919367432594299,-0.052507344633340836,0.002028269926086068,40.565399169921875,0.0035249735228717327,70.49947357177734,20000.0,3e-06,1191,False
14773,3668,150.47348022460938,15.975801467895508,7219661.0,0.9919337630271912,-0.05189639702439308,0.001994068268686533,39.88136672973633,0.0047308155335485935,94.6163101196289,20000.0,3e-06,1192,False
14777,3669,144.34385681152344,16.105342864990234,7091728.0,0.9919308423995972,-0.051805805414915085,0.0019485588418319821,38.97117614746094,0.004463367164134979,89.26734161376953,20000.0,3e-06,1193,False
14781,3670,151.9932098388672,15.97330379486084,6814789.5,0.9919278025627136,-0.051263339817523956,0.0019316758261993527,38.63351821899414,0.004869319498538971,97.38639068603516,20000.0,3e-06,1194,False
14785,3671,164.65415954589844,16.207618713378906,7426176.5,0.9919248223304749,-0.052175723016262054,0.0018863063305616379,37.72612762451172,0.0055360207334160805,110.72041320800781,20000.0,3e-06,1195,False
14789,3672,139.17138671875,16.125429153442383,10468447.0,0.9919218420982361,-0.05162704363465309,0.0019809892401099205,39.61978530883789,0.004171308130025864,83.42616271972656,20000.0,3e-06,1196,False
14793,3673,134.25579833984375,15.984082221984863,9462271.0,0.9919188618659973,-0.05229656398296356,0.0018559228628873825,37.11845779418945,0.004057662561535835,81.15325164794922,20000.0,3e-06,1197,False
14797,3674,141.94094848632812,15.954632759094238,8971709.0,0.9919159412384033,-0.051652513444423676,0.002045824658125639,40.9164924621582,0.004253490827977657,85.06981658935547,20000.0,3e-06,1198,False
14801,3675,131.747802734375,15.723939895629883,7492229.0,0.9919129014015198,-0.052126821130514145,0.001993665238842368,39.87330627441406,0.00380752794444561,76.15055847167969,20000.0,3e-06,1199,False
14805,3676,152.17417907714844,15.674224853515625,8472095.0,0.991909921169281,-0.05199757218360901,0.00188646768219769,37.72935485839844,0.004938529804348946,98.77059936523438,20000.0,3e-06,1200,False
14809,3677,143.02981567382812,15.893335342407227,8385163.0,0.9919068813323975,-0.05234811455011368,0.002222801325842738,44.45602798461914,0.004134022630751133,82.68045043945312,20000.0,3e-06,1201,False
14813,3678,134.99436950683594,16.197280883789062,7605315.0,0.9919039607048035,-0.05157705396413803,0.0018501179292798042,37.002357482910156,0.004089736379683018,81.79473114013672,20000.0,3e-06,1202,False
14817,3679,137.86038208007812,15.92909049987793,8191920.0,0.9919009804725647,-0.052335333079099655,0.0021257568150758743,42.51513671875,0.003970807883888483,79.4161605834961,20000.0,3e-06,1203,False
14821,3680,139.31991577148438,16.124135971069336,7871769.5,0.9918979406356812,-0.05157608538866043,0.0019606356509029865,39.212711334228516,0.0041991532780230045,83.98306274414062,20000.0,3e-06,1204,False
14825,3681,150.13253784179688,15.823234558105469,8434280.0,0.9918950200080872,-0.05212084576487541,0.001926286844536662,38.52573776245117,0.004789178259670734,95.78356170654297,20000.0,3e-06,1205,False
14829,3682,148.8941650390625,16.000640869140625,8558882.0,0.9918920397758484,-0.05209019035100937,0.0020747478120028973,41.494956970214844,0.004569928161799908,91.3985595703125,20000.0,3e-06,1206,False
14833,3683,144.93655395507812,16.35427474975586,7911817.0,0.9918889999389648,-0.05173930525779724,0.0020586843602359295,41.17368698120117,0.004370429553091526,87.4085922241211,20000.0,3e-06,1207,False
14837,3684,153.34426879882812,16.10063362121582,9403540.0,0.9918860793113708,-0.051879726350307465,0.0018771002069115639,37.5420036315918,0.0049850819632411,99.7016372680664,20000.0,3e-06,1208,False
14841,3685,134.5935821533203,16.078235626220703,8014026.0,0.9918830394744873,-0.05256880819797516,0.0019842986948788166,39.68597412109375,0.003941468894481659,78.82937622070312,20000.0,3e-06,1209,False
14845,3686,141.53857421875,16.416868209838867,8763223.0,0.9918801188468933,-0.052055515348911285,0.002173470798879862,43.469417572021484,0.004082614555954933,81.65229034423828,20000.0,3e-06,1210,False
14849,3687,141.5225372314453,16.045608520507812,7564002.0,0.9918771386146545,-0.05267500877380371,0.001927150646224618,38.54301452636719,0.004346695728600025,86.93391418457031,20000.0,3e-06,1211,False
14853,3688,138.2594451904297,15.937501907348633,8182654.0,0.991874098777771,-0.05226145684719086,0.002032236196100712,40.64472579956055,0.004083860665559769,81.67721557617188,20000.0,3e-06,1212,False
14857,3689,143.05886840820312,16.062711715698242,7597181.0,0.991871178150177,-0.05342856049537659,0.0019719921983778477,39.439842224121094,0.004377815406769514,87.55630493164062,20000.0,3e-06,1213,False
14861,3690,142.222412109375,15.895458221435547,7805152.5,0.9918681383132935,-0.05371223762631416,0.0019520011264830828,39.04002380371094,0.004364346154034138,87.28692626953125,20000.0,3e-06,1214,False
14865,3691,133.78646850585938,15.918573379516602,7760459.0,0.9918651580810547,-0.05278438329696655,0.00200380920432508,40.0761833190918,0.0038895858451724052,77.79171752929688,20000.0,3e-06,1215,False
14869,3692,132.54608154296875,16.255634307861328,9361370.0,0.9918621182441711,-0.05242740735411644,0.0019759233109652996,39.51846694946289,0.0038385987281799316,76.77197265625,20000.0,3e-06,1216,False
14873,3693,141.77340698242188,16.2842960357666,7935123.0,0.9918591976165771,-0.05201755836606026,0.001827677828259766,36.553558349609375,0.004446777515113354,88.935546875,20000.0,3e-06,1217,False
14877,3694,152.9215545654297,16.19318199157715,9651210.0,0.9918561577796936,-0.05245009809732437,0.002127437386661768,42.54874801635742,0.004708981141448021,94.17962646484375,20000.0,3e-06,1218,False
14881,3695,140.1005096435547,16.33124351501465,8750269.0,0.9918532371520996,-0.051683008670806885,0.0020520510151982307,41.041019439697266,0.004136412404477596,82.7282485961914,20000.0,3e-06,1219,False
14885,3696,133.78662109375,16.091503143310547,7181496.0,0.9918501973152161,-0.052858930081129074,0.001982141751796007,39.6428337097168,0.0039026145823299885,78.05229187011719,20000.0,3e-06,1220,False
14889,3697,155.44314575195312,16.52429962158203,10116391.0,0.9918472170829773,-0.052105702459812164,0.0019368522334843874,38.73704528808594,0.005009089596569538,100.18179321289062,20000.0,3e-06,1221,False
14893,3698,147.33753967285156,16.342559814453125,7651512.0,0.9918441772460938,-0.05216766893863678,0.0020801881328225136,41.603763580322266,0.0044695609249174595,89.39122009277344,20000.0,3e-06,1222,False
14897,3699,142.80624389648438,16.321062088012695,6447998.5,0.9918412566184998,-0.052184995263814926,0.002005181973800063,40.1036376953125,0.004319077357649803,86.38154602050781,20000.0,3e-06,1223,False
14901,3700,133.991455078125,16.301807403564453,7215870.0,0.9918382167816162,-0.05309582129120827,0.0018427912145853043,36.8558235168457,0.004041690845042467,80.83381652832031,20000.0,3e-06,1224,False
14905,3701,133.15859985351562,16.498302459716797,8848314.0,0.9918352365493774,-0.05288735032081604,0.0019168886356055737,38.337772369384766,0.003916126675903797,78.3225326538086,20000.0,3e-06,1225,False
14909,3702,156.3116455078125,16.627296447753906,8697992.0,0.9918322563171387,-0.052496716380119324,0.0020951894111931324,41.90378952026367,0.004889027681201696,97.78055572509766,20000.0,3e-06,1226,False
14913,3703,138.9739227294922,16.49350929260254,8146133.0,0.9918292760848999,-0.05174551159143448,0.002033642493188381,40.6728515625,0.004090378060936928,81.80756378173828,20000.0,3e-06,1227,False
14917,3704,135.66796875,16.116241455078125,8347566.0,0.9918262362480164,-0.05271667242050171,0.0018684305250644684,37.36861038208008,0.004109155852347612,82.18312072753906,20000.0,3e-06,1228,False
14921,3705,129.0645751953125,16.006790161132812,7403430.0,0.9918233156204224,-0.05309094488620758,0.002029726281762123,40.59452438354492,0.0036231630947440863,72.46326446533203,20000.0,3e-06,1229,False
14925,3706,149.658447265625,16.51070213317871,7788783.0,0.9918202757835388,-0.052178919315338135,0.0019877254962921143,39.75450897216797,0.004669661168009043,93.39322662353516,20000.0,3e-06,1230,False
14929,3707,148.74468994140625,16.554794311523438,6781583.0,0.9918172955513,-0.05250892788171768,0.0020555476658046246,41.11095428466797,0.004553947597742081,91.07894897460938,20000.0,3e-06,1231,False
14933,3708,154.2149658203125,16.520891189575195,7120990.0,0.991814374923706,-0.051792509853839874,0.0019626030698418617,39.25205993652344,0.004922100342810154,98.44200897216797,20000.0,3e-06,1232,False
14937,3709,141.77989196777344,16.334815979003906,7743788.0,0.9918113350868225,-0.053789906203746796,0.001967203803360462,39.34407424926758,0.004305050242692232,86.10100555419922,20000.0,3e-06,1233,False
14941,3710,135.1343994140625,16.51023292541504,8121982.5,0.9918083548545837,-0.052673257887363434,0.0019356667762622237,38.71333694458008,0.003995541017502546,79.91082000732422,20000.0,3e-06,1234,False
14945,3711,136.13204956054688,16.641010284423828,7034070.0,0.991805374622345,-0.05300275608897209,0.002032224088907242,40.64448165893555,0.003942327573895454,78.84654998779297,20000.0,3e-06,1235,False
14949,3712,133.70242309570312,16.464162826538086,7770566.0,0.9918023943901062,-0.052898600697517395,0.0018492331728339195,36.98466491699219,0.004012679681181908,80.25359344482422,20000.0,3e-06,1236,False
14953,3713,135.05978393554688,16.6065673828125,6907879.0,0.9917993545532227,-0.05270610749721527,0.0018573348643258214,37.146697998046875,0.004065325483679771,81.30651092529297,20000.0,3e-06,1237,False
14957,3714,140.33726501464844,16.562721252441406,9199911.0,0.9917964339256287,-0.05319451168179512,0.0019185232231393456,38.37046432495117,0.004270204342901707,85.40408325195312,20000.0,3e-06,1238,False
14961,3715,140.99940490722656,16.462154388427734,6913573.0,0.9917933940887451,-0.05265402793884277,0.0019003903726115823,38.007808685302734,0.00432647205889225,86.5294418334961,20000.0,3e-06,1239,False
14965,3716,137.57839965820312,16.437807083129883,9772952.0,0.9917904138565063,-0.05275549367070198,0.0020332522690296173,40.66504669189453,0.004023777786642313,80.47555541992188,20000.0,3e-06,1240,False
14969,3717,127.8228759765625,16.10904312133789,7472205.0,0.9917874932289124,-0.05302383378148079,0.002003676723688841,40.07353591918945,0.0035820147022604942,71.64029693603516,20000.0,3e-06,1241,False
14973,3718,143.2335205078125,16.744895935058594,6794483.0,0.9917844533920288,-0.05243750661611557,0.0019016307778656483,38.032615661621094,0.004422800615429878,88.45600891113281,20000.0,3e-06,1242,False
14977,3719,137.04083251953125,16.697954177856445,7923471.0,0.99178147315979,-0.0533519983291626,0.0019571841694414616,39.14368438720703,0.004059960134327412,81.19920349121094,20000.0,3e-06,1243,False
14981,3720,149.51840209960938,16.815868377685547,7843231.0,0.9917784929275513,-0.052297063171863556,0.001788707566447556,35.77415084838867,0.004846419207751751,96.92838287353516,20000.0,3e-06,1244,False
14985,3721,135.34664916992188,16.454105377197266,7611200.0,0.9917755126953125,-0.05262334644794464,0.0018195798620581627,36.391597747802734,0.004125047009438276,82.50093841552734,20000.0,3e-06,1245,False
14989,3722,140.65234375,16.70471954345703,7735014.0,0.991772472858429,-0.053505368530750275,0.001935382722876966,38.7076530456543,0.004261998925358057,85.23997497558594,20000.0,3e-06,1246,False
14993,3723,139.7194061279297,16.780132293701172,8110055.0,0.991769552230835,-0.05243503302335739,0.001956239342689514,39.124786376953125,0.004190724343061447,83.81448364257812,20000.0,3e-06,1247,False
14997,3724,138.89453125,16.8424015045166,9044789.0,0.9917665123939514,-0.053270697593688965,0.0018231442663818598,36.462886810302734,0.004279462620615959,85.58924865722656,20000.0,3e-06,1248,False
15001,3725,146.72084045410156,16.895809173583984,8062251.0,0.9917635321617126,-0.053289856761693954,0.0020039586815983057,40.07917404174805,0.004487292841076851,89.74585723876953,20000.0,3e-06,1249,False
15005,3726,135.23532104492188,16.76573944091797,10064944.0,0.9917606115341187,-0.05303818732500076,0.0020034643821418285,40.06928634643555,0.003920014947652817,78.40029907226562,20000.0,3e-06,1250,False
15009,3727,141.12442016601562,17.010677337646484,7341127.0,0.9917575716972351,-0.05202622711658478,0.0018050640355795622,36.101280212402344,0.00440062303096056,88.01245880126953,20000.0,3e-06,1251,False
15013,3728,129.0322723388672,16.926170349121094,8379700.5,0.9917546510696411,-0.05219249799847603,0.0018972856923937798,37.94571304321289,0.003708019619807601,74.16039276123047,20000.0,3e-06,1252,False
15017,3729,125.97242736816406,16.772281646728516,9284698.0,0.9917516112327576,-0.05267513543367386,0.0017239033477380872,34.478065490722656,0.003736104117706418,74.72208404541016,20000.0,3e-06,1253,False
15021,3730,130.4622039794922,16.7926025390625,8695210.0,0.9917486310005188,-0.05293066054582596,0.0020931228064000607,41.862457275390625,0.003590357257053256,71.80714416503906,20000.0,3e-06,1254,False
15025,3731,148.6475830078125,16.668724060058594,7608200.0,0.9917457103729248,-0.052195027470588684,0.0018706722185015678,37.41344451904297,0.004728270694613457,94.56541442871094,20000.0,3e-06,1255,False
15029,3732,143.68959045410156,16.770694732666016,6624285.0,0.9917426705360413,-0.053117766976356506,0.0019554176833480597,39.10835266113281,0.004390527494251728,87.810546875,20000.0,3e-06,1256,False
15033,3733,133.5633087158203,16.95249366760254,7807629.0,0.9917396903038025,-0.05349687486886978,0.001924524549394846,38.4904899597168,0.003906016005203128,78.12032318115234,20000.0,3e-06,1257,False
15037,3734,131.28021240234375,16.90981674194336,7503420.5,0.9917367696762085,-0.053464896976947784,0.0018042188603430986,36.08437728881836,0.0039143008179962635,78.28601837158203,20000.0,3e-06,1258,False
15041,3735,134.0401611328125,16.668935775756836,8170869.0,0.9917337894439697,-0.05285119265317917,0.002121994737535715,42.43989562988281,0.0037465663626790047,74.93132781982422,20000.0,3e-06,1259,False
15045,3736,133.63583374023438,17.157594680786133,7830970.5,0.9917307496070862,-0.05226905643939972,0.0018783924169838428,37.567848205566406,0.003945519682019949,78.91039276123047,20000.0,3e-06,1260,False
15049,3737,151.61502075195312,17.091156005859375,6481467.0,0.9917278289794922,-0.05345088243484497,0.0020451629534363747,40.90325927734375,0.004681030288338661,93.62060546875,20000.0,3e-06,1261,False
15053,3738,151.84173583984375,16.633447647094727,9288419.0,0.9917248487472534,-0.05381311848759651,0.002019169507548213,40.38338851928711,0.004741244949400425,94.82489776611328,20000.0,3e-06,1262,False
15057,3739,140.2734375,16.87068748474121,7393609.0,0.9917218685150146,-0.0536758154630661,0.0018774998607113957,37.54999542236328,0.00429263710975647,85.85274505615234,20000.0,3e-06,1263,False
15061,3740,147.56893920898438,16.822784423828125,10239220.0,0.9917188882827759,-0.053087666630744934,0.0020988304167985916,41.97660827636719,0.004438477568328381,88.7695541381836,20000.0,3e-06,1264,False
15065,3741,133.84059143066406,17.050439834594727,7965625.0,0.9917158484458923,-0.05272134765982628,0.0017892778851091862,35.78555679321289,0.004050229676067829,81.00459289550781,20000.0,3e-06,1265,False
15069,3742,129.9513702392578,16.876541137695312,7172854.0,0.9917129278182983,-0.05314044654369354,0.00194323540199548,38.864707946777344,0.0037105060182511806,74.21012115478516,20000.0,3e-06,1266,False
15073,3743,150.16778564453125,16.770282745361328,8126383.0,0.9917099475860596,-0.05357823520898819,0.00184753502253443,36.95069885253906,0.004822339862585068,96.4468002319336,20000.0,3e-06,1267,False
15077,3744,151.48941040039062,16.723609924316406,8924538.0,0.991706907749176,-0.05364265292882919,0.002123899757862091,42.477996826171875,0.004614390432834625,92.28781127929688,20000.0,3e-06,1268,False
15081,3745,126.7702865600586,16.752635955810547,7743013.0,0.991703987121582,-0.05393986776471138,0.0019366857595741749,38.73371505737305,0.0035641968715935946,71.283935546875,20000.0,3e-06,1269,False
15085,3746,160.6875,16.88776969909668,9863114.0,0.9917009472846985,-0.0538606271147728,0.0020772279240190983,41.544559478759766,0.0051127588376402855,102.25518035888672,20000.0,3e-06,1270,False
15089,3747,142.60777282714844,17.03628158569336,6305943.0,0.9916980266571045,-0.05318848788738251,0.002017719205468893,40.35438537597656,0.004260855261236429,85.21710205078125,20000.0,3e-06,1271,False
15093,3748,141.87965393066406,16.946182250976562,8035065.0,0.9916950464248657,-0.053972337394952774,0.0018403088906779885,36.80617904663086,0.004406364634633064,88.1272964477539,20000.0,3e-06,1272,False
15097,3749,140.25057983398438,17.142574310302734,6541746.0,0.9916920065879822,-0.05321888625621796,0.001958053559064865,39.16107177734375,0.004197346977889538,83.94693756103516,20000.0,3e-06,1273,False
15101,3750,144.09689331054688,17.033065795898438,8673902.0,0.9916890859603882,-0.05403111129999161,0.001799953868612647,35.99907684326172,0.004553237929940224,91.06475830078125,20000.0,3e-06,1274,False
15105,3751,133.4678192138672,16.945327758789062,7167987.5,0.9916860461235046,-0.05262776091694832,0.001964881783351302,39.29763412475586,0.003861243138089776,77.22486114501953,20000.0,3e-06,1275,False
15109,3752,146.1251678466797,16.92056655883789,7830367.5,0.9916830658912659,-0.053646400570869446,0.0019475431181490421,38.950862884521484,0.004512686748057604,90.25373840332031,20000.0,3e-06,1276,False
15113,3753,139.47796630859375,17.328088760375977,8617466.0,0.9916800856590271,-0.053419459611177444,0.0017589794006198645,35.179588317871094,0.004348514135926962,86.97028350830078,20000.0,3e-06,1277,False
15117,3754,145.87310791015625,16.714630126953125,8216406.0,0.9916771054267883,-0.053604088723659515,0.00204187398776412,40.83747863769531,0.004416049458086491,88.32099151611328,20000.0,3e-06,1278,False
15121,3755,144.5182647705078,17.029468536376953,9432040.0,0.9916740655899048,-0.053283996880054474,0.0019680755212903023,39.36151123046875,0.004406364168971777,88.12728118896484,20000.0,3e-06,1279,False
15125,3756,151.38516235351562,17.44101333618164,7100319.0,0.9916711449623108,-0.05383853614330292,0.0018484698375687003,36.969398498535156,0.004848737735301256,96.9747543334961,20000.0,3e-06,1280,False
15129,3757,141.77902221679688,17.2359619140625,8558626.0,0.991668164730072,-0.053407665342092514,0.0018146103248000145,36.292205810546875,0.004412543028593063,88.25086212158203,20000.0,3e-06,1281,False
15133,3758,141.85028076171875,17.20321273803711,7274314.0,0.9916651248931885,-0.05334220826625824,0.001969023607671261,39.380470275878906,0.00426333025097847,85.2666015625,20000.0,3e-06,1282,False
15137,3759,145.6842041015625,17.242767333984375,8240291.0,0.9916622042655945,-0.05378513038158417,0.0019271199125796556,38.542396545410156,0.004494952037930489,89.89904022216797,20000.0,3e-06,1283,False
15141,3760,139.48748779296875,16.878894805908203,7546576.0,0.9916591644287109,-0.0534864217042923,0.0019150485750287771,38.30097198486328,0.004215381108224392,84.30762481689453,20000.0,3e-06,1284,False
15145,3761,133.89183044433594,17.388309478759766,8768590.0,0.9916561841964722,-0.053619008511304855,0.0018876967951655388,37.753936767578125,0.003937479108572006,78.74958038330078,20000.0,3e-06,1285,False
15149,3762,145.39627075195312,17.158889770507812,7282717.5,0.9916532039642334,-0.05352487415075302,0.00212265457957983,42.45309066772461,0.004289214499294758,85.78428649902344,20000.0,3e-06,1286,False
15153,3763,135.5919189453125,17.197404861450195,7707669.0,0.9916502237319946,-0.053449712693691254,0.0019317700061947107,38.635398864746094,0.0039879558607935905,79.75911712646484,20000.0,3e-06,1287,False
15157,3764,149.66574096679688,17.372982025146484,10135056.0,0.9916473031044006,-0.0533219613134861,0.001818439457565546,36.36878967285156,0.004796198103576899,95.92396545410156,20000.0,3e-06,1288,False
15161,3765,143.3135223388672,17.14606475830078,8680635.0,0.9916442632675171,-0.05354621261358261,0.0020713438279926777,41.426876068115234,0.004237028770148754,84.7405776977539,20000.0,3e-06,1289,False
15165,3766,136.45016479492188,16.907089233398438,7933416.0,0.9916412830352783,-0.054650407284498215,0.001582076889462769,31.641538619995117,0.004395077005028725,87.90154266357422,20000.0,3e-06,1290,False
15169,3767,130.51773071289062,17.392385482788086,8882520.0,0.9916383624076843,-0.05354233458638191,0.0019244009163230658,38.48801803588867,0.0037318665999919176,74.6373291015625,20000.0,3e-06,1291,False
15173,3768,138.34494018554688,17.20150375366211,7893465.0,0.9916353225708008,-0.05431008338928223,0.0019178148359060287,38.35629653930664,0.00413935724645853,82.78714752197266,20000.0,3e-06,1292,False
15177,3769,128.68896484375,17.65985107421875,8381202.0,0.991632342338562,-0.05279785767197609,0.0019600961823016405,39.20192337036133,0.003591359592974186,71.82719421386719,20000.0,3e-06,1293,False
15181,3770,146.22706604003906,17.09052276611328,9371426.0,0.9916293621063232,-0.053922224789857864,0.0020502321422100067,41.004642486572266,0.004406594671308994,88.13189697265625,20000.0,3e-06,1294,False
15185,3771,136.2047119140625,17.459575653076172,8534638.0,0.9916263818740845,-0.05405033379793167,0.001759783597663045,35.19567108154297,0.004177473485469818,83.54946899414062,20000.0,3e-06,1295,False
15189,3772,140.0086669921875,17.68283462524414,7617465.5,0.9916234612464905,-0.05307145416736603,0.001911914674565196,38.2382926940918,0.004204377066344023,84.08753967285156,20000.0,3e-06,1296,False
15193,3773,152.02000427246094,17.327350616455078,7514856.5,0.9916204214096069,-0.05358896404504776,0.0019587306305766106,39.17461395263672,0.004775902256369591,95.5180435180664,20000.0,3e-06,1297,False
15197,3774,136.53167724609375,17.17775535583496,7919992.0,0.9916174411773682,-0.054361578077077866,0.0020813606679439545,41.62721252441406,0.0038863348308950663,77.72669982910156,20000.0,3e-06,1298,False
15201,3775,139.5050506591797,17.46318244934082,6215966.0,0.9916145205497742,-0.05349854752421379,0.0018304188270121813,36.608375549316406,0.0042716749012470245,85.4334945678711,20000.0,3e-06,1299,False
15205,3776,135.64622497558594,17.133281707763672,7948693.5,0.9916114807128906,-0.054895851761102676,0.0019762993324548006,39.52598571777344,0.003949347883462906,78.9869613647461,20000.0,3e-06,1300,False
15209,3777,133.0274658203125,17.13093376159668,7551223.0,0.9916085004806519,-0.054651889950037,0.0019100566860288382,38.201133728027344,0.0038847695104777813,77.69538879394531,20000.0,3e-06,1301,False
15213,3778,136.4030303955078,17.585147857666016,9651254.0,0.9916054606437683,-0.054162170737981796,0.0018037727568298578,36.07545471191406,0.004137121606618166,82.742431640625,20000.0,3e-06,1302,False
15217,3779,133.6964874267578,17.112728118896484,8157190.0,0.9916025400161743,-0.05391932278871536,0.0018501648446545005,37.0032958984375,0.003979023080319166,79.58045959472656,20000.0,3e-06,1303,False
15221,3780,132.9108428955078,17.620723724365234,8661036.0,0.9915995001792908,-0.05374710261821747,0.0018629718106240034,37.259437561035156,0.0039015342481434345,78.03068542480469,20000.0,3e-06,1304,False
15225,3781,139.16348266601562,17.426984786987305,6422975.0,0.9915965795516968,-0.053690411150455475,0.0018691477598622441,37.38295364379883,0.004217677749693394,84.35355377197266,20000.0,3e-06,1305,False
15229,3782,137.085205078125,17.32749366760254,9162302.0,0.991593599319458,-0.054588913917541504,0.0017985646845772862,35.97129440307617,0.004189320839941502,83.78641510009766,20000.0,3e-06,1306,False
15233,3783,129.52838134765625,17.506366729736328,8041666.5,0.9915905594825745,-0.05428400635719299,0.0019136701012030244,38.27340316772461,0.0036874301731586456,73.74860382080078,20000.0,3e-06,1307,False
15237,3784,157.89779663085938,17.673526763916016,8834816.0,0.9915876388549805,-0.054319366812705994,0.0020551453344523907,41.1029052734375,0.004956068471074104,99.12136840820312,20000.0,3e-06,1308,False
15241,3785,132.99951171875,17.754131317138672,8847912.0,0.9915845990180969,-0.053813956677913666,0.002129578497260809,42.59157180786133,0.00363269099034369,72.65381622314453,20000.0,3e-06,1309,False
15245,3786,131.82264709472656,17.55322265625,8751991.0,0.9915816187858582,-0.05333477631211281,0.0017487668665125966,34.975337982177734,0.003964703995734453,79.29408264160156,20000.0,3e-06,1310,False
15249,3787,134.1495361328125,17.684120178222656,8326994.0,0.9915786385536194,-0.05400952696800232,0.0018770972965285182,37.54194641113281,0.003946173004806042,78.9234619140625,20000.0,3e-06,1311,False
15253,3788,143.14837646484375,17.73505210876465,8537428.0,0.9915756583213806,-0.05352400615811348,0.0018818266689777374,37.636531829833984,0.004388839937746525,87.77680206298828,20000.0,3e-06,1312,False
15257,3789,140.9268341064453,17.28115463256836,6446826.5,0.9915727376937866,-0.05465894937515259,0.0019408654188737273,38.81730651855469,0.0042414190247654915,84.82837677001953,20000.0,3e-06,1313,False
15261,3790,127.22379302978516,17.454639434814453,8035097.0,0.9915696978569031,-0.054480671882629395,0.002037768717855215,40.755374908447266,0.0034506889060139656,69.01377868652344,20000.0,3e-06,1314,False
15265,3791,154.94017028808594,17.685640335083008,7514030.0,0.9915667176246643,-0.053844328969717026,0.001864625490270555,37.292510986328125,0.00499810092151165,99.96202087402344,20000.0,3e-06,1315,False
15269,3792,135.07693481445312,17.778667449951172,9055662.0,0.9915637969970703,-0.053111303597688675,0.0018370762700214982,36.74152374267578,0.004027836956083775,80.5567398071289,20000.0,3e-06,1316,False
15273,3793,145.48170471191406,17.689163208007812,7861825.0,0.9915607571601868,-0.05393221229314804,0.002025303430855274,40.50606918334961,0.004364323802292347,87.2864761352539,20000.0,3e-06,1317,False
15277,3794,130.66021728515625,18.049060821533203,8101011.0,0.991557776927948,-0.05280953273177147,0.0018005419988185167,36.010841369628906,0.0038300161249935627,76.6003189086914,20000.0,3e-06,1318,False
15281,3795,139.7313690185547,17.705718994140625,7765655.0,0.991554856300354,-0.05411802977323532,0.0018926908960565925,37.853816986083984,0.004208591300994158,84.17182922363281,20000.0,3e-06,1319,False
15285,3796,150.62477111816406,17.614181518554688,7001802.0,0.9915518760681152,-0.05456804484128952,0.0020141766872256994,40.28353500366211,0.00463635241612792,92.72705078125,20000.0,3e-06,1320,False
15289,3797,128.04229736328125,17.625890731811523,8587340.0,0.9915488958358765,-0.054098088294267654,0.001743886386975646,34.87772750854492,0.0037769335322082043,75.5386734008789,20000.0,3e-06,1321,False
15293,3798,136.83908081054688,17.90254020690918,9872950.0,0.9915459156036377,-0.05466080456972122,0.0019909264519810677,39.81852722167969,0.003955901134759188,79.1180191040039,20000.0,3e-06,1322,False
15297,3799,138.56524658203125,17.909109115600586,7693059.5,0.9915429949760437,-0.0538640171289444,0.0019337860867381096,38.67572021484375,0.004099021200090647,81.98042297363281,20000.0,3e-06,1323,False
15301,3800,132.1608123779297,17.851585388183594,7400121.5,0.9915400147438049,-0.053979989141225815,0.0016835985006764531,33.67197036743164,0.00403186259791255,80.63725280761719,20000.0,3e-06,1324,False
15305,3801,134.65235900878906,18.263181686401367,8618103.0,0.9915369749069214,-0.05433043837547302,0.0019090324640274048,38.18064880371094,0.003910426516085863,78.20852661132812,20000.0,3e-06,1325,False
15309,3802,133.39608764648438,17.901126861572266,8186375.0,0.9915340542793274,-0.05405781790614128,0.0019774124957621098,39.548248291015625,0.003797335783019662,75.94671630859375,20000.0,3e-06,1326,False
15313,3803,132.5448455810547,17.6800479888916,10192844.0,0.9915310740470886,-0.05417497828602791,0.0018209771951660514,36.4195442199707,0.003922262694686651,78.44525146484375,20000.0,3e-06,1327,False
15317,3804,131.0321044921875,17.754383087158203,9182801.0,0.9915281534194946,-0.05510237067937851,0.0019971858710050583,39.94371795654297,0.003666700329631567,73.3340072631836,20000.0,3e-06,1328,False
15321,3805,138.6978759765625,17.576271057128906,7946158.0,0.9915251135826111,-0.05457444489002228,0.0019448795355856419,38.89759063720703,0.004111200571060181,82.22401428222656,20000.0,3e-06,1329,False
15325,3806,140.2406463623047,18.061481475830078,9534414.0,0.9915221929550171,-0.053974904119968414,0.0019248520256951451,38.497039794921875,0.004184105899184942,83.68212127685547,20000.0,3e-06,1330,False
15329,3807,138.410888671875,17.933917999267578,8547786.0,0.9915192127227783,-0.05437396466732025,0.001851014792919159,37.020294189453125,0.004172833636403084,83.45667266845703,20000.0,3e-06,1331,False
15333,3808,135.5211944580078,18.166637420654297,6616189.5,0.9915161728858948,-0.05428057536482811,0.001784128020517528,35.682559967041016,0.004083599895238876,81.6719970703125,20000.0,3e-06,1332,False
15337,3809,137.01339721679688,17.776968002319336,8738818.0,0.9915132522583008,-0.05489537492394447,0.0017258585430681705,34.51716995239258,0.004235963337123394,84.71926879882812,20000.0,3e-06,1333,False
15341,3810,131.7349853515625,17.929290771484375,8222552.0,0.991510272026062,-0.05459519848227501,0.0020496409852057695,40.992820739746094,0.003640643320977688,72.8128662109375,20000.0,3e-06,1334,False
15345,3811,123.56238555908203,17.838375091552734,7398562.0,0.9915072321891785,-0.053746022284030914,0.0016606859862804413,33.21371841430664,0.0036255144514143467,72.51029205322266,20000.0,3e-06,1335,False
15349,3812,140.95394897460938,18.139381408691406,9869169.0,0.9915043115615845,-0.05489112809300423,0.0017720565665513277,35.441131591796875,0.004368672147393227,87.37344360351562,20000.0,3e-06,1336,False
15353,3813,141.5223388671875,17.836345672607422,7163178.0,0.9915013313293457,-0.05430315434932709,0.0022298269905149937,44.59653854370117,0.003954472951591015,79.08946228027344,20000.0,3e-06,1337,False
15357,3814,135.12362670898438,18.001277923583984,6739589.0,0.9914984107017517,-0.05489411577582359,0.0016432693228125572,32.865386962890625,0.004212847910821438,84.2569580078125,20000.0,3e-06,1338,False
15361,3815,145.11883544921875,17.808988571166992,7904083.0,0.9914953708648682,-0.054817602038383484,0.0019265899900346994,38.53179931640625,0.004438902251422405,88.77804565429688,20000.0,3e-06,1339,False
15365,3816,128.18710327148438,18.081707000732422,9730852.0,0.9914924502372742,-0.05425054207444191,0.0018484924221411347,36.9698486328125,0.0036567775532603264,73.13555145263672,20000.0,3e-06,1340,False
15369,3817,133.02606201171875,17.733747482299805,8699850.0,0.9914894700050354,-0.05444594472646713,0.0019814225379377604,39.62845230102539,0.0037831931840628386,75.66386413574219,20000.0,3e-06,1341,False
15373,3818,131.72679138183594,17.78704071044922,8653726.0,0.9914864301681519,-0.054061051458120346,0.0017775362357497215,35.550724029541016,0.003919451031833887,78.38902282714844,20000.0,3e-06,1342,False
15377,3819,144.6219024658203,18.382610321044922,7653375.5,0.9914835095405579,-0.054328352212905884,0.0020430595614016056,40.86119079589844,0.004268905147910118,85.37810516357422,20000.0,3e-06,1343,False
15381,3820,143.93264770507812,17.92959976196289,7599545.0,0.9914805293083191,-0.05485299602150917,0.001906045014038682,38.12089920043945,0.00439410749822855,87.88214874267578,20000.0,3e-06,1344,False
15385,3821,157.40350341796875,18.28001594543457,8405568.0,0.9914774894714355,-0.05449443310499191,0.001883035758510232,37.66071701049805,0.005073138512670994,101.4627685546875,20000.0,3e-06,1345,False
15389,3822,149.69740295410156,18.07406234741211,8401916.0,0.9914745688438416,-0.054832760244607925,0.0019718476105481386,39.43695068359375,0.004609319381415844,92.18638610839844,20000.0,3e-06,1346,False
15393,3823,140.03599548339844,18.2928466796875,8798370.0,0.9914715886116028,-0.05464406684041023,0.0018429732881486416,36.859466552734375,0.004244184121489525,84.88368225097656,20000.0,3e-06,1347,False
15397,3824,134.81053161621094,17.831424713134766,8199462.5,0.9914686679840088,-0.05507954955101013,0.001974588492885232,39.49177169799805,0.0038743666373193264,77.48733520507812,20000.0,3e-06,1348,False
15401,3825,136.07757568359375,18.158443450927734,10849886.0,0.9914656281471252,-0.054425016045570374,0.0018608052050694823,37.216102600097656,0.0040351515635848045,80.70303344726562,20000.0,3e-06,1349,False
15405,3826,141.99029541015625,18.036540985107422,7397986.5,0.9914627075195312,-0.05491124093532562,0.0018429348710924387,36.85869598388672,0.004354752600193024,87.09505462646484,20000.0,3e-06,1350,False
15409,3827,127.3797836303711,17.98160171508789,9920089.0,0.9914597272872925,-0.055429209023714066,0.001677550608292222,33.5510139465332,0.003792358562350273,75.84716796875,20000.0,3e-06,1351,False
15413,3828,130.83761596679688,18.266197204589844,8248870.5,0.9914566874504089,-0.05478177219629288,0.0018227194668725133,36.45438766479492,0.003805851796641946,76.11703491210938,20000.0,3e-06,1352,False
15417,3829,141.82717895507812,18.333019256591797,7618040.5,0.9914537668228149,-0.054324522614479065,0.0019071586430072784,38.14317321777344,0.004267549142241478,85.35098266601562,20000.0,3e-06,1353,False
15421,3830,137.19691467285156,17.804988861083984,8674331.0,0.9914507865905762,-0.05549626052379608,0.0019439005991443992,38.878013610839844,0.004025695845484734,80.513916015625,20000.0,3e-06,1354,False
15425,3831,122.78153991699219,18.04376220703125,7143750.0,0.9914477467536926,-0.05485016107559204,0.0018706321716308594,37.41264343261719,0.0033662565983831882,67.32513427734375,20000.0,3e-06,1355,False
15429,3832,156.2266845703125,18.57464599609375,7585002.0,0.9914448261260986,-0.054353103041648865,0.001862906152382493,37.258121490478516,0.005019695498049259,100.39391326904297,20000.0,3e-06,1356,False
15433,3833,133.81759643554688,18.226591110229492,6340368.0,0.9914419054985046,-0.055112943053245544,0.001840631477534771,36.81262969970703,0.003938918933272362,78.77838134765625,20000.0,3e-06,1357,False
15437,3834,137.94940185546875,18.315357208251953,7152159.5,0.9914388656616211,-0.054616186767816544,0.0021447231993079185,42.89446258544922,0.0038369791582226753,76.73958587646484,20000.0,3e-06,1358,False
15441,3835,143.80035400390625,18.513216018676758,9575632.0,0.9914358854293823,-0.0549066886305809,0.0021145171485841274,42.29034423828125,0.004149840213358402,82.9968032836914,20000.0,3e-06,1359,False
15445,3836,137.55026245117188,18.373268127441406,9125177.0,0.9914329648017883,-0.05467282608151436,0.0020905123092234135,41.810245513916016,0.0038683374878019094,77.36675262451172,20000.0,3e-06,1360,False
15449,3837,138.49319458007812,18.427188873291016,8661446.0,0.9914299845695496,-0.05502508580684662,0.0019833636470139027,39.667274475097656,0.0040199365466833115,80.39872741699219,20000.0,3e-06,1361,False
15453,3838,132.5628662109375,18.778348922729492,8737388.0,0.991426944732666,-0.05514991283416748,0.0018044643802568316,36.08928680419922,0.003884761594235897,77.69522857666016,20000.0,3e-06,1362,False
15457,3839,134.71302795410156,18.237289428710938,8001117.5,0.991424024105072,-0.05553644895553589,0.0020315602887421846,40.63120651245117,0.003792226780205965,75.84453582763672,20000.0,3e-06,1363,False
15461,3840,137.7713623046875,18.154504776000977,7799723.0,0.9914210438728333,-0.055136606097221375,0.0017143969889730215,34.287940979003906,0.004266445990651846,85.32891845703125,20000.0,3e-06,1364,False
15465,3841,121.62022399902344,18.637252807617188,7720165.0,0.9914180636405945,-0.05516615882515907,0.0015567389782518148,31.13477897644043,0.003592409659177065,71.84819030761719,20000.0,3e-06,1365,False
15469,3842,148.201904296875,18.484580993652344,8784208.0,0.9914150834083557,-0.05585184693336487,0.0019279525149613619,38.559051513671875,0.004557914100587368,91.15827941894531,20000.0,3e-06,1366,False
15473,3843,126.054443359375,18.615310668945312,7115570.0,0.9914120435714722,-0.0543355792760849,0.0018917408306151628,37.834815979003906,0.003480216022580862,69.60431671142578,20000.0,3e-06,1367,False
15477,3844,137.46939086914062,18.440731048583984,8198522.0,0.9914091229438782,-0.055765144526958466,0.0019301003776490688,38.60200881958008,0.00402133259922266,80.42665100097656,20000.0,3e-06,1368,False
15481,3845,116.06183624267578,18.7164249420166,8600098.0,0.9914061427116394,-0.05455983430147171,0.0017693060217425227,35.3861198425293,0.0030979644507169724,61.95928955078125,20000.0,3e-06,1369,False
15485,3846,130.17984008789062,18.49542236328125,8912887.0,0.9914031028747559,-0.05453130975365639,0.0019766066689044237,39.532135009765625,0.003607614431530237,72.15229034423828,20000.0,3e-06,1370,False
15489,3847,136.47702026367188,18.673919677734375,8296225.0,0.9914001822471619,-0.05516381561756134,0.001937897177413106,38.75794219970703,0.003952257800847292,79.04515838623047,20000.0,3e-06,1371,False
15493,3848,128.93673706054688,18.784061431884766,8722276.0,0.9913972020149231,-0.05529439076781273,0.0019848172087222338,39.69634246826172,0.0035228165797889233,70.45632934570312,20000.0,3e-06,1372,False
15497,3849,129.75399780273438,18.67744255065918,8229230.0,0.9913942813873291,-0.055060021579265594,0.0019082314101979136,38.16462707519531,0.003645596094429493,72.91191864013672,20000.0,3e-06,1373,False
15501,3850,131.99363708496094,19.07884979248047,8413730.0,0.9913912415504456,-0.05507275089621544,0.0017602394800633192,35.20478820800781,0.003885500133037567,77.70999908447266,20000.0,3e-06,1374,False
15505,3851,126.67652130126953,18.468578338623047,8412519.0,0.9913883209228516,-0.05496770888566971,0.001652041100896895,33.04082107543945,0.003758355975151062,75.16712188720703,20000.0,3e-06,1375,False
15509,3852,119.8616714477539,18.78895378112793,7407546.0,0.9913853406906128,-0.05442618951201439,0.0018141316249966621,36.282630920410156,0.003239504061639309,64.79008483886719,20000.0,3e-06,1376,False
15513,3853,136.93917846679688,18.861717224121094,8951273.0,0.9913823008537292,-0.05489548668265343,0.0017559211701154709,35.11842346191406,0.004147951491177082,82.95903015136719,20000.0,3e-06,1377,False
15517,3854,135.55259704589844,18.539621353149414,8031453.0,0.9913793802261353,-0.05622844770550728,0.001816143631003797,36.322872161865234,0.004034505225718021,80.69010162353516,20000.0,3e-06,1378,False
15521,3855,118.98234558105469,18.33877944946289,7691279.5,0.9913763999938965,-0.05615982785820961,0.0018938882276415825,37.87776565551758,0.003138289786875248,62.76579666137695,20000.0,3e-06,1379,False
15525,3856,145.435302734375,18.66978645324707,8267792.0,0.9913734793663025,-0.05530868470668793,0.0022322791628539562,44.64558410644531,0.004105997271835804,82.11994171142578,20000.0,3e-06,1380,False
15529,3857,130.53976440429688,18.92181396484375,8625588.0,0.991370439529419,-0.05457625165581703,0.00179551902692765,35.91038131713867,0.00378537829965353,75.70756530761719,20000.0,3e-06,1381,False
15533,3858,127.70182037353516,18.284852981567383,8789534.0,0.991367518901825,-0.056124914437532425,0.0020466293208301067,40.932586669921875,0.003424219321459532,68.48438262939453,20000.0,3e-06,1382,False
15537,3859,130.01596069335938,18.896961212158203,8504872.0,0.9913645386695862,-0.05599027872085571,0.0019391109235584736,38.78221893310547,0.003616838715970516,72.33677673339844,20000.0,3e-06,1383,False
15541,3860,138.82138061523438,18.89240264892578,9595114.0,0.9913614988327026,-0.05473228916525841,0.0018022776348516345,36.04555130004883,0.004194171167910099,83.8834228515625,20000.0,3e-06,1384,False
15545,3861,123.62503051757812,18.798067092895508,7341889.0,0.9913585782051086,-0.05607685446739197,0.0017551137134432793,35.10227584838867,0.003486234461888671,69.72468566894531,20000.0,3e-06,1385,False
15549,3862,134.17527770996094,18.432327270507812,8152874.0,0.9913555979728699,-0.0568675622344017,0.0017567789182066917,35.13557815551758,0.004030368756502867,80.60737609863281,20000.0,3e-06,1386,False
15553,3863,126.07988739013672,18.921842575073242,8777979.0,0.9913526177406311,-0.055042341351509094,0.0018516905838623643,37.0338134765625,0.003506211331114173,70.12422943115234,20000.0,3e-06,1387,False
15557,3864,142.98037719726562,19.052902221679688,8581554.0,0.9913496375083923,-0.05532526224851608,0.0018840336706489325,37.68067169189453,0.004312340170145035,86.2468032836914,20000.0,3e-06,1388,False
15561,3865,137.37017822265625,18.92692756652832,8137083.0,0.9913465976715088,-0.05506577342748642,0.0019037919119000435,38.07583999633789,0.004018370062112808,80.36740112304688,20000.0,3e-06,1389,False
15565,3866,143.63699340820312,18.885168075561523,8689590.0,0.9913436770439148,-0.05550948530435562,0.0017868001013994217,35.73600387573242,0.0044507915154099464,89.01583099365234,20000.0,3e-06,1390,False
15569,3867,146.89205932617188,18.91631317138672,8567680.0,0.991340696811676,-0.05558078736066818,0.001909926300868392,38.198524475097656,0.004488861188292503,89.7772216796875,20000.0,3e-06,1391,False
15573,3868,152.42433166503906,18.88870620727539,6969013.0,0.9913376569747925,-0.054939500987529755,0.0019659721292555332,39.31944274902344,0.004710808862000704,94.21617889404297,20000.0,3e-06,1392,False
15577,3869,118.01985168457031,18.909194946289062,7185756.0,0.9913347363471985,-0.05566544830799103,0.0016989046707749367,33.978092193603516,0.0032566285226494074,65.132568359375,20000.0,3e-06,1393,False
15581,3870,132.42501831054688,18.835329055786133,6478376.0,0.9913317561149597,-0.05542367324233055,0.001996070146560669,39.92140197753906,0.0036834145430475473,73.66828918457031,20000.0,3e-06,1394,False
15585,3871,135.2764129638672,18.76789093017578,7479207.0,0.991328775882721,-0.05594141036272049,0.0018566572107374668,37.13314437866211,0.0039687687531113625,79.37537384033203,20000.0,3e-06,1395,False
15589,3872,127.94337463378906,19.10781478881836,10595773.0,0.9913257956504822,-0.05549069494009018,0.0017331241397187114,34.66248321533203,0.0037086540833115578,74.17308044433594,20000.0,3e-06,1396,False
15593,3873,155.30918884277344,18.990055084228516,9312206.0,0.9913228750228882,-0.05583786591887474,0.0017352909781038761,34.70581817626953,0.005080665461719036,101.61331176757812,20000.0,3e-06,1397,False
15597,3874,137.6917724609375,19.104764938354492,9308621.0,0.9913198947906494,-0.05550846457481384,0.0019373248796910048,38.746498107910156,0.003992024809122086,79.84049987792969,20000.0,3e-06,1398,False
15601,3875,125.80088806152344,19.006011962890625,7535938.0,0.9913168549537659,-0.05549114570021629,0.0017902508843690157,35.80501937866211,0.0035494929179549217,70.98986053466797,20000.0,3e-06,1399,False
15605,3876,130.86431884765625,19.215633392333984,9671988.0,0.9913139343261719,-0.055171750485897064,0.0017487461445853114,34.97492218017578,0.003833688097074628,76.67375946044922,20000.0,3e-06,1400,False
15609,3877,128.33554077148438,19.016857147216797,8567010.0,0.9913109540939331,-0.05581216514110565,0.0017871512100100517,35.74302291870117,0.0036787833087146282,73.57566833496094,20000.0,3e-06,1401,False
15613,3878,131.57037353515625,18.945098876953125,6790932.0,0.9913079738616943,-0.056095998734235764,0.001679922454059124,33.59844970703125,0.00395134137943387,79.02682495117188,20000.0,3e-06,1402,False
15617,3879,125.66421508789062,18.953340530395508,7839648.0,0.9913049936294556,-0.05650656297802925,0.0019766800105571747,39.533599853515625,0.0033588637597858906,67.17727661132812,20000.0,3e-06,1403,False
15621,3880,147.28024291992188,19.099979400634766,7792308.0,0.9913020730018616,-0.056390151381492615,0.0019486341625452042,38.97268295288086,0.004460378549993038,89.20757293701172,20000.0,3e-06,1404,False
15625,3881,133.882568359375,19.017271041870117,9936572.0,0.991299033164978,-0.05610917881131172,0.0019059699261561036,38.11940002441406,0.0038372944109141827,76.74588775634766,20000.0,3e-06,1405,False
15629,3882,129.91502380371094,18.881118774414062,8082318.0,0.9912960529327393,-0.05649534612894058,0.0018421158893033862,36.84231948852539,0.0037095793522894382,74.19158935546875,20000.0,3e-06,1406,False
15633,3883,145.02139282226562,19.117929458618164,8791803.0,0.9912931323051453,-0.055814750492572784,0.0018072347156703472,36.14469528198242,0.004487938713282347,89.75877380371094,20000.0,3e-06,1407,False
15637,3884,132.08233642578125,19.066740036010742,8021571.5,0.9912900924682617,-0.05543280392885208,0.0018450128845870495,36.9002571105957,0.0038057672791182995,76.11534881591797,20000.0,3e-06,1408,False
15641,3885,159.43235778808594,19.235027313232422,8473186.0,0.991287112236023,-0.05542663484811783,0.0017713073175400496,35.4261474609375,0.0052385590970516205,104.77117919921875,20000.0,3e-06,1409,False
15645,3886,132.66522216796875,19.29946517944336,8381288.0,0.9912841320037842,-0.055835604667663574,0.0018623948562890291,37.24789810180664,0.00380589347332716,76.11786651611328,20000.0,3e-06,1410,False
15649,3887,138.03567504882812,19.343629837036133,7386418.0,0.9912811517715454,-0.055246271193027496,0.0019836989231407642,39.67397689819336,0.003950903192162514,79.01806640625,20000.0,3e-06,1411,False
15653,3888,141.9210968017578,19.187759399414062,8763198.0,0.9912782311439514,-0.056271761655807495,0.001717188162729144,34.3437614440918,0.004419479053467512,88.38957977294922,20000.0,3e-06,1412,False
15657,3889,134.03341674804688,19.180095672607422,9354532.0,0.9912751913070679,-0.056675780564546585,0.002166879829019308,43.33759689331055,0.0035757862497121096,71.5157241821289,20000.0,3e-06,1413,False
15661,3890,138.794189453125,19.541553497314453,8717458.0,0.9912722110748291,-0.05615311115980148,0.0018123009940609336,36.24602127075195,0.004150330554693937,83.0066146850586,20000.0,3e-06,1414,False
15665,3891,136.90895080566406,18.984193801879883,9457015.0,0.9912692904472351,-0.056215912103652954,0.0018212152644991875,36.4243049621582,0.004075022414326668,81.50045013427734,20000.0,3e-06,1415,False
15669,3892,137.83326721191406,19.279556274414062,7818365.0,0.9912662506103516,-0.05629444122314453,0.0018607423407956958,37.214847564697266,0.0040669431909918785,81.3388671875,20000.0,3e-06,1416,False
15673,3893,145.78211975097656,19.393478393554688,7992254.5,0.9912633299827576,-0.05572666972875595,0.002033944707363844,40.67889404296875,0.004285487346351147,85.70974731445312,20000.0,3e-06,1417,False
15677,3894,135.60830688476562,19.209304809570312,8109598.0,0.9912603497505188,-0.05606181174516678,0.0018342331750318408,36.684661865234375,0.003985717426985502,79.71434783935547,20000.0,3e-06,1418,False
15681,3895,132.41064453125,19.236194610595703,8567102.0,0.9912573099136353,-0.055745553225278854,0.001731317606754601,34.62635040283203,0.003927404992282391,78.54810333251953,20000.0,3e-06,1419,False
15685,3896,137.45248413085938,19.02256965637207,8192076.0,0.9912543892860413,-0.05606403201818466,0.00197037891484797,39.40757751464844,0.003951116930693388,79.0223388671875,20000.0,3e-06,1420,False
15689,3897,142.16726684570312,19.46625518798828,6573296.0,0.9912514090538025,-0.0556342676281929,0.0019064449006691575,38.12889862060547,0.004228605888783932,84.5721206665039,20000.0,3e-06,1421,False
15693,3898,139.0285186767578,18.939998626708984,7410684.0,0.9912484288215637,-0.056507859379053116,0.001811435678973794,36.22871398925781,0.004192990250885487,83.85980224609375,20000.0,3e-06,1422,False
15697,3899,134.2830352783203,19.254772186279297,8510281.0,0.991245448589325,-0.05590479075908661,0.0019324810709804296,38.649620056152344,0.003818932455033064,76.37864685058594,20000.0,3e-06,1423,False
15701,3900,153.10519409179688,19.383214950561523,7743727.0,0.991242527961731,-0.05608729273080826,0.0018898055423051119,37.796112060546875,0.004796293564140797,95.92587280273438,20000.0,3e-06,1424,False
15705,3901,141.0478515625,19.521240234375,9790704.0,0.9912394881248474,-0.05598406121134758,0.00184714759234339,36.94295120239258,0.004229182843118906,84.58365631103516,20000.0,3e-06,1425,False
15709,3902,151.82733154296875,19.2607421875,8480740.0,0.9912365078926086,-0.05656838417053223,0.0020812074653804302,41.624149322509766,0.004547121934592724,90.94243621826172,20000.0,3e-06,1426,False
15713,3903,122.84679412841797,19.204303741455078,8346593.0,0.9912335872650146,-0.05648801475763321,0.0018650087295100093,37.300174713134766,0.00331711582839489,66.34231567382812,20000.0,3e-06,1427,False
15717,3904,136.1151123046875,19.48930549621582,7866606.0,0.9912306070327759,-0.05627327039837837,0.0017466170247644186,34.93233871459961,0.004084672778844833,81.6934585571289,20000.0,3e-06,1428,False
15721,3905,137.12599182128906,19.4609375,8112474.0,0.9912275671958923,-0.05608825013041496,0.0018792955670505762,37.58591079711914,0.004003956913948059,80.07913970947266,20000.0,3e-06,1429,False
15725,3906,135.2994384765625,19.275310516357422,6521840.0,0.9912246465682983,-0.0572575107216835,0.0015344006242230535,30.688013076782227,0.0042668054811656475,85.33611297607422,20000.0,3e-06,1430,False
15729,3907,123.47734069824219,19.241567611694336,8038750.0,0.9912216663360596,-0.05681262165307999,0.001695840386673808,33.91680908203125,0.003515948075801134,70.31896209716797,20000.0,3e-06,1431,False
15733,3908,130.74020385742188,19.455184936523438,8488514.0,0.9912186861038208,-0.05622797831892967,0.001934056868776679,38.68113708496094,0.0036301943473517895,72.60388946533203,20000.0,3e-06,1432,False
15737,3909,127.55391693115234,19.602420806884766,8327016.5,0.991215705871582,-0.055805403739213943,0.0019416727591305971,38.83345413208008,0.0034559019841253757,69.1180419921875,20000.0,3e-06,1433,False
15741,3910,147.08949279785156,19.08977508544922,8411702.0,0.9912126660346985,-0.057312652468681335,0.0019064806401729584,38.12961196899414,0.0044935052283108234,89.87010192871094,20000.0,3e-06,1434,False
15745,3911,149.65061950683594,19.63739013671875,9024962.0,0.9912097454071045,-0.05584273114800453,0.0019100820645689964,38.20164108276367,0.004590579308569431,91.81158447265625,20000.0,3e-06,1435,False
15749,3912,148.5876007080078,19.544801712036133,7601191.0,0.9912067651748657,-0.056347690522670746,0.0018194261938333511,36.38852310180664,0.0046327137388288975,92.6542739868164,20000.0,3e-06,1436,False
15753,3913,124.39978790283203,19.547760009765625,8344776.0,0.991203784942627,-0.056425441056489944,0.001690034056082368,33.800682067871094,0.0035525672137737274,71.05134582519531,20000.0,3e-06,1437,False
15757,3914,132.87950134277344,19.46161651611328,9148518.0,0.9912008047103882,-0.05694147199392319,0.0017206810880452394,34.41361999511719,0.003950213082134724,79.00426483154297,20000.0,3e-06,1438,False
15761,3915,144.1522216796875,19.387161254882812,7546829.5,0.9911978840827942,-0.056358613073825836,0.001645746873691678,32.91493606567383,0.004592506214976311,91.8501205444336,20000.0,3e-06,1439,False
15765,3916,137.74464416503906,19.872522354125977,9105718.0,0.9911948442459106,-0.056190166622400284,0.002007350092753768,40.147003173828125,0.0038862561341375113,77.7251205444336,20000.0,3e-06,1440,False
15769,3917,130.67037963867188,19.690597534179688,9589976.0,0.9911918640136719,-0.05648091807961464,0.0017978206742554903,35.95641326904297,0.003751168493181467,75.02336883544922,20000.0,3e-06,1441,False
15773,3918,159.637451171875,19.791196823120117,8817804.0,0.9911889433860779,-0.05666010454297066,0.0019038646714761853,38.077293395996094,0.005088447593152523,101.76895141601562,20000.0,3e-06,1442,False
15777,3919,119.67212677001953,19.61469841003418,7812730.0,0.9911859035491943,-0.056819312274456024,0.0017529859906062484,35.05971908569336,0.0032498855143785477,64.99771118164062,20000.0,3e-06,1443,False
15781,3920,139.3402557373047,19.621177673339844,9828867.0,0.9911829829216003,-0.05670806020498276,0.0018118706066161394,36.23741149902344,0.004174083471298218,83.4816665649414,20000.0,3e-06,1444,False
15785,3921,141.60543823242188,19.70071792602539,9636918.0,0.9911800026893616,-0.05654296651482582,0.0017810857389122248,35.6217155456543,0.004314149729907513,86.28299713134766,20000.0,3e-06,1445,False
15789,3922,152.5693817138672,19.93341064453125,8595749.0,0.991176962852478,-0.05594091862440109,0.002073203446343541,41.46406936645508,0.004558595363050699,91.17190551757812,20000.0,3e-06,1446,False
15793,3923,144.31494140625,19.84774398803711,8028857.5,0.991174042224884,-0.05663665384054184,0.0017328537069261074,34.657073974609375,0.004490506369620562,89.81012725830078,20000.0,3e-06,1447,False
15797,3924,138.4779815673828,19.576271057128906,7627963.0,0.9911710619926453,-0.056560806930065155,0.0020164933521300554,40.32986831665039,0.003928592428565025,78.57184600830078,20000.0,3e-06,1448,False
15801,3925,139.9779510498047,20.117610931396484,8255058.0,0.9911680221557617,-0.056361790746450424,0.002030694391578436,40.613887786865234,0.003962322603911161,79.24645233154297,20000.0,3e-06,1449,False
15805,3926,134.02175903320312,20.0187931060791,8959318.0,0.9911651015281677,-0.05639589577913284,0.001682459143921733,33.6491813659668,0.004017689265310764,80.3537826538086,20000.0,3e-06,1450,False
15809,3927,135.73519897460938,20.08291244506836,7371657.0,0.9911621809005737,-0.05644623190164566,0.0017971245106309652,35.94248962402344,0.003985489718616009,79.70979309082031,20000.0,3e-06,1451,False
15813,3928,136.12747192382812,19.937894821166992,9450369.0,0.9911591410636902,-0.05663267895579338,0.0016825988423079252,33.6519775390625,0.0041268798522651196,82.53759765625,20000.0,3e-06,1452,False
15817,3929,131.9329833984375,19.820634841918945,8443222.0,0.9911561608314514,-0.05665852874517441,0.0016897567547857761,33.795135498046875,0.003915860317647457,78.31720733642578,20000.0,3e-06,1453,False
15821,3930,139.16729736328125,19.692386627197266,8828871.0,0.9911532402038574,-0.05692078545689583,0.001781730679795146,35.634613037109375,0.004192015156149864,83.84030151367188,20000.0,3e-06,1454,False
15825,3931,142.09130859375,20.099781036376953,8375256.0,0.9911502599716187,-0.05645490810275078,0.0017892029136419296,35.7840576171875,0.004310373216867447,86.20746612548828,20000.0,3e-06,1455,False
15829,3932,134.36764526367188,19.995925903320312,8978998.0,0.9911472201347351,-0.05604418367147446,0.001991818193346262,39.83636474609375,0.003726767608895898,74.53535461425781,20000.0,3e-06,1456,False
15833,3933,140.9638671875,19.644855499267578,7217126.0,0.9911442995071411,-0.058023661375045776,0.001792023191228509,35.8404655456543,0.004273927770555019,85.47855377197266,20000.0,3e-06,1457,False
15837,3934,142.28363037109375,19.983179092407227,7187144.5,0.9911413788795471,-0.0563884973526001,0.0017823883099481463,35.64776611328125,0.004332634620368481,86.65269470214844,20000.0,3e-06,1458,False
15841,3935,152.3011016845703,19.739931106567383,7136686.0,0.9911383986473083,-0.056613218039274216,0.0017613591626286507,35.2271842956543,0.00486669922247529,97.333984375,20000.0,3e-06,1459,False
15845,3936,134.43553161621094,19.608089447021484,7289599.5,0.9911353588104248,-0.05738568305969238,0.0017267568036913872,34.53513717651367,0.004014615435153246,80.29230499267578,20000.0,3e-06,1460,False
15849,3937,130.0142059326172,20.05388641357422,6862614.0,0.9911324381828308,-0.056644558906555176,0.001701128901913762,34.022579193115234,0.0037968868855386972,75.93773651123047,20000.0,3e-06,1461,False
15853,3938,135.4147491455078,19.81884765625,8400441.0,0.991129457950592,-0.05658448487520218,0.0017236825078725815,34.47365188598633,0.004056112840771675,81.12225341796875,20000.0,3e-06,1462,False
15857,3939,136.12277221679688,20.07573699951172,7391446.0,0.991126537322998,-0.057101935148239136,0.00187166896648705,37.433380126953125,0.00393068278208375,78.61365509033203,20000.0,3e-06,1463,False
15861,3940,126.66151428222656,19.892322540283203,9191672.0,0.9911234974861145,-0.057513147592544556,0.0018671336583793163,37.342674255371094,0.00347132608294487,69.42652130126953,20000.0,3e-06,1464,False
15865,3941,142.40853881835938,20.21126365661621,9253069.0,0.9911205768585205,-0.0569179430603981,0.0020323973149061203,40.647945404052734,0.004077467136085033,81.5493392944336,20000.0,3e-06,1465,False
15869,3942,138.6676025390625,20.407087326049805,9359668.0,0.9911175966262817,-0.05694350227713585,0.0019456823356449604,38.91364669799805,0.003967343829572201,79.34687805175781,20000.0,3e-06,1466,False
15873,3943,142.71359252929688,20.13818359375,9820930.0,0.9911145567893982,-0.056785814464092255,0.0019183824770152569,38.36764907836914,0.004210388287901878,84.207763671875,20000.0,3e-06,1467,False
15877,3944,137.52532958984375,19.860668182373047,8554416.0,0.9911116361618042,-0.05673696845769882,0.0016930573619902134,33.861148834228516,0.004190175794064999,83.80351257324219,20000.0,3e-06,1468,False
15881,3945,132.01025390625,19.98845100402832,7953280.0,0.9911086559295654,-0.057486407458782196,0.001750439521856606,35.0087890625,0.003850650740787387,77.01301574707031,20000.0,3e-06,1469,False
15885,3946,128.10183715820312,20.061031341552734,7660508.0,0.9911056756973267,-0.05721224099397659,0.001707307412289083,34.146148681640625,0.0036947329062968493,73.89466094970703,20000.0,3e-06,1470,False
15889,3947,133.7958984375,20.44202423095703,8681850.0,0.9911026954650879,-0.056736335158348083,0.0016718227416276932,33.43645477294922,0.0039958711713552475,79.91742706298828,20000.0,3e-06,1471,False
15893,3948,139.703369140625,20.371814727783203,6796245.5,0.9910997748374939,-0.05643943324685097,0.0016909411642700434,33.818824768066406,0.004275636747479439,85.51273345947266,20000.0,3e-06,1472,False
15897,3949,118.83470153808594,20.080738067626953,7869703.5,0.9910967350006104,-0.05655328184366226,0.0017687364015728235,35.37472915649414,0.003168961498886347,63.37923049926758,20000.0,3e-06,1473,False
15901,3950,123.57247924804688,19.827966690063477,6959246.0,0.9910937547683716,-0.057032350450754166,0.0016882269410416484,33.7645378112793,0.0034989987034350634,69.97997283935547,20000.0,3e-06,1474,False
15905,3951,130.10977172851562,20.03235626220703,8302491.0,0.9910908341407776,-0.05755050480365753,0.0017214068211615086,34.42813491821289,0.0037824639584869146,75.64927673339844,20000.0,3e-06,1475,False
15909,3952,132.554931640625,19.957050323486328,8502016.0,0.9910878539085388,-0.05721857771277428,0.0019023633794859052,38.04726791381836,0.0037275308277457952,74.55061340332031,20000.0,3e-06,1476,False
15913,3953,131.00045776367188,20.025157928466797,7545968.0,0.9910848736763,-0.05701107531785965,0.0018962633330374956,37.92526626586914,0.0036525018513202667,73.05003356933594,20000.0,3e-06,1477,False
15917,3954,124.91281127929688,20.178478240966797,9184613.0,0.9910818934440613,-0.057461049407720566,0.0018310484010726213,36.620967864990234,0.0034056680742651224,68.11336517333984,20000.0,3e-06,1478,False
15921,3955,117.04357147216797,20.23078155517578,9803436.0,0.9910789728164673,-0.057123295962810516,0.0017013595206663013,34.027191162109375,0.003139280015602708,62.78559875488281,20000.0,3e-06,1479,False
15925,3956,139.4172821044922,20.222841262817383,8674105.0,0.9910759925842285,-0.05674733221530914,0.002031921409070492,40.638427734375,0.003927800804376602,78.55601501464844,20000.0,3e-06,1480,False
15929,3957,129.6740264892578,20.115215301513672,8362891.0,0.991072952747345,-0.05754493176937103,0.001910767750814557,38.215354919433594,0.0035671726800501347,71.34345245361328,20000.0,3e-06,1481,False
15933,3958,127.3661880493164,19.877687454223633,6084494.5,0.991070032119751,-0.05774163454771042,0.001757151447236538,35.143028259277344,0.0036172736436128616,72.34547424316406,20000.0,3e-06,1482,False
15937,3959,127.833984375,20.123912811279297,10181342.0,0.9910670518875122,-0.057280316948890686,0.0016595176421105862,33.19035339355469,0.003725985996425152,74.51972198486328,20000.0,3e-06,1483,False
15941,3960,126.09837341308594,20.475013732910156,7640384.0,0.9910640716552734,-0.05720563232898712,0.0016635926440358162,33.271854400634766,0.0036175749264657497,72.35150146484375,20000.0,3e-06,1484,False
15945,3961,127.89524841308594,20.368839263916016,6703475.5,0.9910610914230347,-0.0570853054523468,0.0015855396632105112,31.710792541503906,0.0037907809019088745,75.81562042236328,20000.0,3e-06,1485,False
15949,3962,147.0016326904297,20.568071365356445,7713350.0,0.9910581707954407,-0.057960402220487595,0.0018610978731885552,37.22195816040039,0.004460580181330442,89.21160125732422,20000.0,3e-06,1486,False
15953,3963,125.15461730957031,20.167743682861328,8425464.0,0.9910551905632019,-0.05807262286543846,0.0015073722461238503,30.147445678710938,0.003741971682757139,74.83943176269531,20000.0,3e-06,1487,False
15957,3964,125.9876708984375,20.543800354003906,9708318.0,0.9910521507263184,-0.05667799711227417,0.001713635167106986,34.272705078125,0.003558558179065585,71.1711654663086,20000.0,3e-06,1488,False
15961,3965,135.9342041015625,20.544254302978516,7006883.0,0.9910492300987244,-0.057311996817588806,0.0018943080212920904,37.88616180419922,0.0038751892279833555,77.5037841796875,20000.0,3e-06,1489,False
15965,3966,142.99891662597656,20.73028564453125,7926336.0,0.9910462498664856,-0.05718299746513367,0.001854609465226531,37.09218978881836,0.004258821718394756,85.17643737792969,20000.0,3e-06,1490,False
15969,3967,121.01011657714844,20.196125030517578,8205890.5,0.9910432696342468,-0.05819326266646385,0.001836913637816906,36.73827362060547,0.0032037862110882998,64.07572174072266,20000.0,3e-06,1491,False
15973,3968,134.7666778564453,20.660024642944336,8227559.0,0.9910402894020081,-0.055959515273571014,0.0019318396225571632,38.63679122924805,0.0037734932266175747,75.46986389160156,20000.0,3e-06,1492,False
15977,3969,122.19869995117188,20.661975860595703,8421728.0,0.9910373687744141,-0.05719224363565445,0.0018008188344538212,36.01637649536133,0.0032760172616690397,65.52034759521484,20000.0,3e-06,1493,False
15981,3970,129.88021850585938,20.27372169494629,9060953.0,0.9910343289375305,-0.057645320892333984,0.0017525593284517527,35.051185607910156,0.0037277659866958857,74.5553207397461,20000.0,3e-06,1494,False
15985,3971,136.10214233398438,20.43204689025879,8214836.5,0.9910313487052917,-0.05715818703174591,0.0018940846202895045,37.881690979003906,0.00388941983692348,77.78839874267578,20000.0,3e-06,1495,False
15989,3972,122.08027648925781,20.378507614135742,9720958.0,0.9910284280776978,-0.05819941312074661,0.0016876154113560915,33.7523078918457,0.003397473134100437,67.949462890625,20000.0,3e-06,1496,False
15993,3973,138.29766845703125,20.17462158203125,8151681.0,0.991025447845459,-0.05812770873308182,0.001673310063779354,33.46620178222656,0.00423284200951457,84.6568374633789,20000.0,3e-06,1497,False
15997,3974,130.34117126464844,20.539691925048828,8138850.0,0.9910224676132202,-0.05771058797836304,0.0018667667172849178,37.33533477783203,0.003623307216912508,72.46614074707031,20000.0,3e-06,1498,False
16001,3975,129.2650146484375,20.79107093811035,8241834.0,0.9910194873809814,-0.05749637633562088,0.0019471044652163982,38.94208908081055,0.003476592944934964,69.5318603515625,20000.0,3e-06,1499,False
16001,3976,127.19498443603516,21.065860748291016,8182212.0,0.9910165667533875,-0.05674074590206146,0.0017980649136006832,35.961299896240234,0.003508391324430704,70.1678237915039,20000.0,3e-06,1500,False
