scenario_id,family_id,category,fault_type,target_V_pu,grid,scr,Rg_ohm,Lg_H,P_load,Q_load,power_factor,t_fault,fault_dur,recover_to_0p9_s,T_sim,trans_resistance,random_seed,xr_ratio,duration_bin_s,scenario_profile
1,1,LVRT,sym3ph,0.1,very_weak,2.0,69.3375,0.331062,359742.3,142466.0,0.9297,0.01272,0.1753,2.0,1.688,0.6869,20260609,1.5,0.16,expanded
2,1,LVRT,sym3ph,0.1,very_weak,2.0,69.3375,0.331062,293689.3,139753.1,0.903,0.021845,0.154,2.0,1.6758,0.3999,20260609,1.5,0.16,expanded
3,2,LVRT,sym3ph,0.1,very_weak,2.0,69.3375,0.331062,346698.5,210499.5,0.8548,0.024,0.4828,2.0,2.0068,0.4381,20260609,1.5,0.5,expanded
4,2,LVRT,sym3ph,0.1,very_weak,2.0,69.3375,0.331062,355527.9,208819.9,0.8623,0.025307,0.4506,2.0,1.9759,0.765,20260609,1.5,0.5,expanded
5,3,LVRT,sym3ph,0.1,very_weak,2.0,39.5285,0.377469,328606.6,130153.1,0.9297,0.014013,0.1478,2.0,1.6618,0.5182,20260609,3.0,0.16,expanded
6,3,LVRT,sym3ph,0.1,very_weak,2.0,39.5285,0.377469,359226.5,159117.0,0.9143,0.02394,0.1767,2.0,1.7006,0.2493,20260609,3.0,0.16,expanded
7,4,LVRT,sym3ph,0.1,very_weak,2.0,39.5285,0.377469,342678.6,115100.9,0.948,0.017807,0.4618,2.0,1.9796,0.5495,20260609,3.0,0.5,expanded
8,4,LVRT,sym3ph,0.1,very_weak,2.0,39.5285,0.377469,322959.0,183990.2,0.8689,0.019391,0.5494,2.0,2.0688,0.3553,20260609,3.0,0.5,expanded
9,5,LVRT,sym3ph,0.1,very_weak,2.0,20.5499,0.392474,335146.6,149439.3,0.9133,0.022526,0.1503,2.0,1.6729,0.3085,20260609,6.0,0.16,expanded
10,5,LVRT,sym3ph,0.1,very_weak,2.0,20.5499,0.392474,303122.8,109480.5,0.9405,0.028258,0.1572,2.0,1.6855,0.3539,20260609,6.0,0.16,expanded
11,6,LVRT,sym3ph,0.1,very_weak,2.0,20.5499,0.392474,352152.9,164639.5,0.9059,0.014604,0.503,2.0,2.0176,0.6567,20260609,6.0,0.5,expanded
12,6,LVRT,sym3ph,0.1,very_weak,2.0,20.5499,0.392474,350797.8,126715.3,0.9405,0.013187,0.4952,2.0,2.0084,0.7725,20260609,6.0,0.5,expanded
13,7,LVRT,sym3ph,0.1,weak,3.0,46.225,0.220708,286730.7,157535.6,0.8764,0.021827,0.1626,2.0,1.6845,0.0886,20260609,1.5,0.16,expanded
14,7,LVRT,sym3ph,0.1,weak,3.0,46.225,0.220708,340094.4,115326.9,0.947,0.018889,0.1527,2.0,1.6716,0.2023,20260609,1.5,0.16,expanded
15,8,LVRT,sym3ph,0.1,weak,3.0,46.225,0.220708,304543.8,126031.5,0.924,0.01766,0.5367,2.0,2.0543,0.6969,20260609,1.5,0.5,expanded
16,8,LVRT,sym3ph,0.1,weak,3.0,46.225,0.220708,320663.5,183555.1,0.8679,0.019495,0.5381,2.0,2.0576,0.6789,20260609,1.5,0.5,expanded
17,9,LVRT,sym3ph,0.1,weak,3.0,26.3523,0.251646,348767.9,117095.9,0.948,0.013695,0.1411,2.0,1.6548,0.6394,20260609,3.0,0.16,expanded
18,9,LVRT,sym3ph,0.1,weak,3.0,26.3523,0.251646,327999.4,180683.5,0.8759,0.017006,0.1428,2.0,1.6598,0.3862,20260609,3.0,0.16,expanded
19,10,LVRT,sym3ph,0.1,weak,3.0,26.3523,0.251646,295391.7,169984.9,0.8667,0.016301,0.5319,2.0,2.0482,0.6424,20260609,3.0,0.5,expanded
20,10,LVRT,sym3ph,0.1,weak,3.0,26.3523,0.251646,344080.0,184454.7,0.8813,0.019102,0.5288,2.0,2.0479,0.6251,20260609,3.0,0.5,expanded
21,11,LVRT,sym3ph,0.1,weak,3.0,13.6999,0.261649,315681.9,162441.8,0.8892,0.028575,0.165,2.0,1.6936,0.5001,20260609,6.0,0.16,expanded
22,11,LVRT,sym3ph,0.1,weak,3.0,13.6999,0.261649,335949.6,115200.8,0.9459,0.017568,0.1402,2.0,1.6577,0.3531,20260609,6.0,0.16,expanded
23,12,LVRT,sym3ph,0.1,weak,3.0,13.6999,0.261649,340013.5,205734.3,0.8556,0.020144,0.4926,2.0,2.0128,0.6717,20260609,6.0,0.5,expanded
24,12,LVRT,sym3ph,0.1,weak,3.0,13.6999,0.261649,351355.4,179154.2,0.8909,0.023425,0.4822,2.0,2.0057,0.1342,20260609,6.0,0.5,expanded
25,13,LVRT,sym3ph,0.1,medium,5.0,27.735,0.132425,356125.8,184956.1,0.8875,0.012491,0.1625,2.0,1.675,0.1998,20260609,1.5,0.16,expanded
26,13,LVRT,sym3ph,0.1,medium,5.0,27.735,0.132425,344954.1,194321.0,0.8713,0.027722,0.1779,2.0,1.7057,0.3105,20260609,1.5,0.16,expanded
27,14,LVRT,sym3ph,0.1,medium,5.0,27.735,0.132425,293822.8,103586.9,0.9431,0.019258,0.5272,2.0,2.0465,0.0691,20260609,1.5,0.5,expanded
28,14,LVRT,sym3ph,0.1,medium,5.0,27.735,0.132425,332736.2,153269.8,0.9083,0.024507,0.465,2.0,1.9895,0.271,20260609,1.5,0.5,expanded
29,15,LVRT,sym3ph,0.1,medium,5.0,15.8114,0.150988,342309.9,145360.0,0.9204,0.014185,0.1796,2.0,1.6938,0.419,20260609,3.0,0.16,expanded
30,15,LVRT,sym3ph,0.1,medium,5.0,15.8114,0.150988,307772.8,115322.1,0.9364,0.02638,0.1552,2.0,1.6815,0.5888,20260609,3.0,0.16,expanded
31,16,LVRT,sym3ph,0.1,medium,5.0,15.8114,0.150988,287674.9,107801.5,0.9364,0.029352,0.5255,2.0,2.0548,0.6225,20260609,3.0,0.5,expanded
32,16,LVRT,sym3ph,0.1,medium,5.0,15.8114,0.150988,339556.2,194218.0,0.868,0.023937,0.4981,2.0,2.0221,0.5808,20260609,3.0,0.5,expanded
33,17,LVRT,sym3ph,0.1,medium,5.0,8.2199,0.156989,335822.5,199866.8,0.8593,0.023322,0.1727,2.0,1.696,0.5664,20260609,6.0,0.16,expanded
34,17,LVRT,sym3ph,0.1,medium,5.0,8.2199,0.156989,318947.8,190586.7,0.8584,0.0182,0.1687,2.0,1.6869,0.273,20260609,6.0,0.16,expanded
35,18,LVRT,sym3ph,0.1,medium,5.0,8.2199,0.156989,349493.8,146484.0,0.9223,0.02835,0.4511,2.0,1.9795,0.1305,20260609,6.0,0.5,expanded
36,18,LVRT,sym3ph,0.1,medium,5.0,8.2199,0.156989,331133.3,173595.3,0.8857,0.023222,0.4931,2.0,2.0163,0.4908,20260609,6.0,0.5,expanded
37,19,LVRT,sym3ph,0.1,strong,10.0,13.8675,0.066212,357809.1,195574.0,0.8775,0.026176,0.1774,2.0,1.7035,0.1793,20260609,1.5,0.16,expanded
38,19,LVRT,sym3ph,0.1,strong,10.0,13.8675,0.066212,291455.3,126760.5,0.917,0.015056,0.1725,2.0,1.6876,0.6712,20260609,1.5,0.16,expanded
39,20,LVRT,sym3ph,0.1,strong,10.0,13.8675,0.066212,331116.1,144273.2,0.9168,0.01644,0.5341,2.0,2.0506,0.2305,20260609,1.5,0.5,expanded
40,20,LVRT,sym3ph,0.1,strong,10.0,13.8675,0.066212,286595.7,162270.5,0.8702,0.025083,0.5299,2.0,2.0549,0.4728,20260609,1.5,0.5,expanded
41,21,LVRT,sym3ph,0.1,strong,10.0,7.9057,0.075494,284977.1,145102.0,0.8911,0.024597,0.1488,2.0,1.6734,0.5572,20260609,3.0,0.16,expanded
42,21,LVRT,sym3ph,0.1,strong,10.0,7.9057,0.075494,301137.4,131762.6,0.9161,0.019586,0.1602,2.0,1.6798,0.4479,20260609,3.0,0.16,expanded
43,22,LVRT,sym3ph,0.1,strong,10.0,7.9057,0.075494,301871.1,105281.2,0.9442,0.021223,0.5311,2.0,2.0523,0.4832,20260609,3.0,0.5,expanded
44,22,LVRT,sym3ph,0.1,strong,10.0,7.9057,0.075494,322028.2,189922.7,0.8614,0.028095,0.4804,2.0,2.0085,0.2199,20260609,3.0,0.5,expanded
45,23,LVRT,sym3ph,0.1,strong,10.0,4.11,0.078495,312003.0,152287.7,0.8987,0.016353,0.158,2.0,1.6743,0.2658,20260609,6.0,0.16,expanded
46,23,LVRT,sym3ph,0.1,strong,10.0,4.11,0.078495,289423.4,175060.4,0.8557,0.014073,0.1725,2.0,1.6866,0.6536,20260609,6.0,0.16,expanded
47,24,LVRT,sym3ph,0.1,strong,10.0,4.11,0.078495,352757.8,166832.6,0.904,0.017754,0.5465,2.0,2.0643,0.5988,20260609,6.0,0.5,expanded
48,24,LVRT,sym3ph,0.1,strong,10.0,4.11,0.078495,325699.7,131547.5,0.9272,0.029892,0.463,2.0,1.9929,0.602,20260609,6.0,0.5,expanded
49,25,LVRT,sym3ph,0.1,very_strong,15.0,9.245,0.044142,328880.6,174298.9,0.8836,0.018373,0.1763,2.0,1.6947,0.2558,20260609,1.5,0.16,expanded
50,25,LVRT,sym3ph,0.1,very_strong,15.0,9.245,0.044142,349086.2,173007.4,0.896,0.017555,0.1763,2.0,1.6938,0.2889,20260609,1.5,0.16,expanded
51,26,LVRT,sym3ph,0.1,very_strong,15.0,9.245,0.044142,347101.6,149978.8,0.918,0.02251,0.521,2.0,2.0435,0.4243,20260609,1.5,0.5,expanded
52,26,LVRT,sym3ph,0.1,very_strong,15.0,9.245,0.044142,286352.8,103507.7,0.9404,0.019105,0.4596,2.0,1.9787,0.5295,20260609,1.5,0.5,expanded
53,27,LVRT,sym3ph,0.1,very_strong,15.0,5.2705,0.050329,312346.2,144350.7,0.9077,0.027057,0.1658,2.0,1.6929,0.3763,20260609,3.0,0.16,expanded
54,27,LVRT,sym3ph,0.1,very_strong,15.0,5.2705,0.050329,351500.9,166511.4,0.9037,0.026919,0.1631,2.0,1.69,0.19,20260609,3.0,0.16,expanded
55,28,LVRT,sym3ph,0.1,very_strong,15.0,5.2705,0.050329,299144.1,145347.8,0.8994,0.017648,0.5304,2.0,2.0481,0.768,20260609,3.0,0.5,expanded
56,28,LVRT,sym3ph,0.1,very_strong,15.0,5.2705,0.050329,303325.9,136921.4,0.9114,0.018008,0.5174,2.0,2.0354,0.6846,20260609,3.0,0.5,expanded
57,29,LVRT,sym3ph,0.1,very_strong,15.0,2.74,0.05233,335175.8,177789.9,0.8834,0.023353,0.159,2.0,1.6823,0.6535,20260609,6.0,0.16,expanded
58,29,LVRT,sym3ph,0.1,very_strong,15.0,2.74,0.05233,339244.0,128953.6,0.9347,0.023523,0.1788,2.0,1.7024,0.1771,20260609,6.0,0.16,expanded
59,30,LVRT,sym3ph,0.1,very_strong,15.0,2.74,0.05233,293083.2,117128.5,0.9286,0.022946,0.5026,2.0,2.0255,0.346,20260609,6.0,0.5,expanded
60,30,LVRT,sym3ph,0.1,very_strong,15.0,2.74,0.05233,283646.8,104588.6,0.9382,0.027068,0.4702,2.0,1.9972,0.2392,20260609,6.0,0.5,expanded
61,31,LVRT,sym3ph,0.2,very_weak,2.0,69.3375,0.331062,319410.2,126022.8,0.9302,0.021198,0.1796,2.0,1.7008,0.5093,20260609,1.5,0.16,expanded
62,31,LVRT,sym3ph,0.2,very_weak,2.0,69.3375,0.331062,287652.1,107376.0,0.9369,0.029985,0.1417,2.0,1.6717,0.6566,20260609,1.5,0.16,expanded
63,32,LVRT,sym3ph,0.2,very_weak,2.0,69.3375,0.331062,306151.0,171819.4,0.8721,0.016222,0.5015,2.0,2.0177,0.6021,20260609,1.5,0.5,expanded
64,32,LVRT,sym3ph,0.2,very_weak,2.0,69.3375,0.331062,298896.8,174960.6,0.863,0.013205,0.5401,2.0,2.0533,0.0723,20260609,1.5,0.5,expanded
65,33,LVRT,sym3ph,0.2,very_weak,2.0,39.5285,0.377469,321962.9,158159.2,0.8976,0.024873,0.1443,2.0,1.6692,0.5847,20260609,3.0,0.16,expanded
66,33,LVRT,sym3ph,0.2,very_weak,2.0,39.5285,0.377469,323464.4,130365.7,0.9275,0.018547,0.1736,2.0,1.6922,0.6884,20260609,3.0,0.16,expanded
67,34,LVRT,sym3ph,0.2,very_weak,2.0,39.5285,0.377469,310743.0,179167.7,0.8663,0.01656,0.4865,2.0,2.003,0.4613,20260609,3.0,0.5,expanded
68,34,LVRT,sym3ph,0.2,very_weak,2.0,39.5285,0.377469,344191.9,180339.4,0.8858,0.025754,0.4534,2.0,1.9792,0.6043,20260609,3.0,0.5,expanded
69,35,LVRT,sym3ph,0.2,very_weak,2.0,20.5499,0.392474,349571.1,169367.2,0.8999,0.01791,0.1491,2.0,1.667,0.0509,20260609,6.0,0.16,expanded
70,35,LVRT,sym3ph,0.2,very_weak,2.0,20.5499,0.392474,293001.4,108840.2,0.9374,0.014993,0.1535,2.0,1.6685,0.7176,20260609,6.0,0.16,expanded
71,36,LVRT,sym3ph,0.2,very_weak,2.0,20.5499,0.392474,326024.7,176628.8,0.8793,0.024776,0.5218,2.0,2.0466,0.7679,20260609,6.0,0.5,expanded
72,36,LVRT,sym3ph,0.2,very_weak,2.0,20.5499,0.392474,339328.6,130169.3,0.9337,0.026928,0.4957,2.0,2.0226,0.4909,20260609,6.0,0.5,expanded
73,37,LVRT,sym3ph,0.2,weak,3.0,46.225,0.220708,320293.7,132756.4,0.9238,0.018486,0.1637,2.0,1.6822,0.7594,20260609,1.5,0.16,expanded
74,37,LVRT,sym3ph,0.2,weak,3.0,46.225,0.220708,308564.2,174976.4,0.8699,0.02368,0.1589,2.0,1.6826,0.5929,20260609,1.5,0.16,expanded
75,38,LVRT,sym3ph,0.2,weak,3.0,46.225,0.220708,302761.0,101275.0,0.9483,0.020663,0.488,2.0,2.0087,0.4445,20260609,1.5,0.5,expanded
76,38,LVRT,sym3ph,0.2,weak,3.0,46.225,0.220708,297626.5,149104.3,0.8941,0.019021,0.4918,2.0,2.0108,0.6471,20260609,1.5,0.5,expanded
77,39,LVRT,sym3ph,0.2,weak,3.0,26.3523,0.251646,336043.2,132173.1,0.9306,0.026383,0.1672,2.0,1.6936,0.7639,20260609,3.0,0.16,expanded
78,39,LVRT,sym3ph,0.2,weak,3.0,26.3523,0.251646,281844.1,135428.5,0.9013,0.019472,0.1645,2.0,1.6839,0.7486,20260609,3.0,0.16,expanded
79,40,LVRT,sym3ph,0.2,weak,3.0,26.3523,0.251646,300127.8,174663.9,0.8643,0.012944,0.5414,2.0,2.0544,0.505,20260609,3.0,0.5,expanded
80,40,LVRT,sym3ph,0.2,weak,3.0,26.3523,0.251646,323323.2,115783.9,0.9415,0.019131,0.5195,2.0,2.0386,0.2864,20260609,3.0,0.5,expanded
81,41,LVRT,sym3ph,0.2,weak,3.0,13.6999,0.261649,289491.1,117817.8,0.9262,0.028536,0.1719,2.0,1.7005,0.0948,20260609,6.0,0.16,expanded
82,41,LVRT,sym3ph,0.2,weak,3.0,13.6999,0.261649,324891.9,183847.4,0.8703,0.013508,0.1576,2.0,1.6711,0.2926,20260609,6.0,0.16,expanded
83,42,LVRT,sym3ph,0.2,weak,3.0,13.6999,0.261649,341515.4,157702.0,0.9079,0.018343,0.4851,2.0,2.0034,0.7379,20260609,6.0,0.5,expanded
84,42,LVRT,sym3ph,0.2,weak,3.0,13.6999,0.261649,327881.6,194240.8,0.8604,0.027693,0.516,2.0,2.0437,0.0736,20260609,6.0,0.5,expanded
85,43,LVRT,sym3ph,0.2,medium,5.0,27.735,0.132425,325777.1,190702.2,0.863,0.019817,0.1791,2.0,1.6989,0.4302,20260609,1.5,0.16,expanded
86,43,LVRT,sym3ph,0.2,medium,5.0,27.735,0.132425,333339.2,122005.0,0.9391,0.029289,0.1522,2.0,1.6814,0.5318,20260609,1.5,0.16,expanded
87,44,LVRT,sym3ph,0.2,medium,5.0,27.735,0.132425,340800.3,141584.7,0.9235,0.013287,0.4942,2.0,2.0075,0.2509,20260609,1.5,0.5,expanded
88,44,LVRT,sym3ph,0.2,medium,5.0,27.735,0.132425,349543.0,127383.3,0.9396,0.014037,0.4778,2.0,1.9918,0.4618,20260609,1.5,0.5,expanded
89,45,LVRT,sym3ph,0.2,medium,5.0,15.8114,0.150988,308768.1,132952.2,0.9185,0.022377,0.1579,2.0,1.6803,0.4172,20260609,3.0,0.16,expanded
90,45,LVRT,sym3ph,0.2,medium,5.0,15.8114,0.150988,294055.3,105247.0,0.9415,0.015832,0.1497,2.0,1.6655,0.0738,20260609,3.0,0.16,expanded
91,46,LVRT,sym3ph,0.2,medium,5.0,15.8114,0.150988,287535.0,149907.6,0.8867,0.016226,0.4792,2.0,1.9954,0.0683,20260609,3.0,0.5,expanded
92,46,LVRT,sym3ph,0.2,medium,5.0,15.8114,0.150988,309498.4,160018.8,0.8883,0.013129,0.5089,2.0,2.022,0.356,20260609,3.0,0.5,expanded
93,47,LVRT,sym3ph,0.2,medium,5.0,8.2199,0.156989,284644.8,136937.2,0.9011,0.023955,0.1594,2.0,1.6834,0.0746,20260609,6.0,0.16,expanded
94,47,LVRT,sym3ph,0.2,medium,5.0,8.2199,0.156989,353286.1,189890.7,0.8808,0.026537,0.1517,2.0,1.6782,0.5949,20260609,6.0,0.16,expanded
95,48,LVRT,sym3ph,0.2,medium,5.0,8.2199,0.156989,305420.3,122049.8,0.9286,0.029443,0.4535,2.0,1.983,0.3505,20260609,6.0,0.5,expanded
96,48,LVRT,sym3ph,0.2,medium,5.0,8.2199,0.156989,282692.1,121946.0,0.9182,0.017498,0.451,2.0,1.9685,0.2764,20260609,6.0,0.5,expanded
97,49,LVRT,sym3ph,0.2,strong,10.0,13.8675,0.066212,330787.6,163158.2,0.8968,0.025913,0.1651,2.0,1.691,0.3575,20260609,1.5,0.16,expanded
98,49,LVRT,sym3ph,0.2,strong,10.0,13.8675,0.066212,334301.9,181185.2,0.8792,0.014242,0.1601,2.0,1.6744,0.0619,20260609,1.5,0.16,expanded
99,50,LVRT,sym3ph,0.2,strong,10.0,13.8675,0.066212,310677.3,190673.3,0.8523,0.025799,0.4664,2.0,1.9922,0.1823,20260609,1.5,0.5,expanded
100,50,LVRT,sym3ph,0.2,strong,10.0,13.8675,0.066212,298740.6,170668.6,0.8683,0.020295,0.5345,2.0,2.0548,0.7747,20260609,1.5,0.5,expanded
101,51,LVRT,sym3ph,0.2,strong,10.0,7.9057,0.075494,298903.1,137821.3,0.9081,0.027369,0.1739,2.0,1.7013,0.7504,20260609,3.0,0.16,expanded
102,51,LVRT,sym3ph,0.2,strong,10.0,7.9057,0.075494,281095.2,141865.9,0.8927,0.029554,0.1451,2.0,1.6746,0.7625,20260609,3.0,0.16,expanded
103,52,LVRT,sym3ph,0.2,strong,10.0,7.9057,0.075494,283684.0,155207.5,0.8773,0.028816,0.5442,2.0,2.073,0.778,20260609,3.0,0.5,expanded
104,52,LVRT,sym3ph,0.2,strong,10.0,7.9057,0.075494,311617.5,136581.5,0.9159,0.02415,0.4729,2.0,1.997,0.6006,20260609,3.0,0.5,expanded
105,53,LVRT,sym3ph,0.2,strong,10.0,4.11,0.078495,345631.0,148453.7,0.9188,0.014479,0.1482,2.0,1.6627,0.4885,20260609,6.0,0.16,expanded
106,53,LVRT,sym3ph,0.2,strong,10.0,4.11,0.078495,336791.0,161494.9,0.9017,0.019768,0.1753,2.0,1.695,0.7554,20260609,6.0,0.16,expanded
107,54,LVRT,sym3ph,0.2,strong,10.0,4.11,0.078495,293103.2,147721.0,0.893,0.027512,0.5045,2.0,2.032,0.5721,20260609,6.0,0.5,expanded
108,54,LVRT,sym3ph,0.2,strong,10.0,4.11,0.078495,289163.6,161251.5,0.8734,0.023469,0.4596,2.0,1.9831,0.6515,20260609,6.0,0.5,expanded
109,55,LVRT,sym3ph,0.2,very_strong,15.0,9.245,0.044142,311072.4,102606.3,0.9497,0.027602,0.1596,2.0,1.6872,0.5788,20260609,1.5,0.16,expanded
110,55,LVRT,sym3ph,0.2,very_strong,15.0,9.245,0.044142,325134.7,186557.3,0.8674,0.015702,0.1683,2.0,1.684,0.6243,20260609,1.5,0.16,expanded
111,56,LVRT,sym3ph,0.2,very_strong,15.0,9.245,0.044142,355598.2,164872.3,0.9072,0.024326,0.5031,2.0,2.0275,0.2746,20260609,1.5,0.5,expanded
112,56,LVRT,sym3ph,0.2,very_strong,15.0,9.245,0.044142,296485.5,170691.9,0.8666,0.028096,0.534,2.0,2.0621,0.2034,20260609,1.5,0.5,expanded
113,57,LVRT,sym3ph,0.2,very_strong,15.0,5.2705,0.050329,303604.7,159283.9,0.8855,0.020821,0.156,2.0,1.6768,0.5279,20260609,3.0,0.16,expanded
114,57,LVRT,sym3ph,0.2,very_strong,15.0,5.2705,0.050329,286336.9,121836.5,0.9202,0.015523,0.1661,2.0,1.6817,0.0663,20260609,3.0,0.16,expanded
115,58,LVRT,sym3ph,0.2,very_strong,15.0,5.2705,0.050329,317608.3,120278.4,0.9352,0.016866,0.5467,2.0,2.0636,0.0776,20260609,3.0,0.5,expanded
116,58,LVRT,sym3ph,0.2,very_strong,15.0,5.2705,0.050329,317288.1,186938.3,0.8616,0.015417,0.5039,2.0,2.0194,0.76,20260609,3.0,0.5,expanded
117,59,LVRT,sym3ph,0.2,very_strong,15.0,2.74,0.05233,328994.6,130752.6,0.9293,0.015902,0.1404,2.0,1.6563,0.5392,20260609,6.0,0.16,expanded
118,59,LVRT,sym3ph,0.2,very_strong,15.0,2.74,0.05233,291367.9,162291.8,0.8736,0.029818,0.1459,2.0,1.6757,0.7109,20260609,6.0,0.16,expanded
119,60,LVRT,sym3ph,0.2,very_strong,15.0,2.74,0.05233,359724.6,135103.6,0.9362,0.029674,0.5145,2.0,2.0442,0.3907,20260609,6.0,0.5,expanded
120,60,LVRT,sym3ph,0.2,very_strong,15.0,2.74,0.05233,348588.2,181718.5,0.8867,0.025238,0.5039,2.0,2.0291,0.5071,20260609,6.0,0.5,expanded
121,61,LVRT,sym3ph,0.35,very_weak,2.0,69.3375,0.331062,316459.8,182293.7,0.8665,0.028358,0.1488,2.0,1.6771,0.7604,20260609,1.5,0.16,expanded
122,61,LVRT,sym3ph,0.35,very_weak,2.0,69.3375,0.331062,297873.9,153034.3,0.8895,0.029107,0.1571,2.0,1.6862,0.7929,20260609,1.5,0.16,expanded
123,62,LVRT,sym3ph,0.35,very_weak,2.0,69.3375,0.331062,331875.2,150683.3,0.9105,0.023473,0.4863,2.0,2.0097,0.7039,20260609,1.5,0.5,expanded
124,62,LVRT,sym3ph,0.35,very_weak,2.0,69.3375,0.331062,290238.0,168519.6,0.8648,0.022374,0.538,2.0,2.0604,0.345,20260609,1.5,0.5,expanded
125,63,LVRT,sym3ph,0.35,very_weak,2.0,39.5285,0.377469,336982.2,187069.8,0.8743,0.029639,0.1744,2.0,1.704,0.2516,20260609,3.0,0.16,expanded
126,63,LVRT,sym3ph,0.35,very_weak,2.0,39.5285,0.377469,326540.4,136488.5,0.9226,0.022945,0.1557,2.0,1.6786,0.6983,20260609,3.0,0.16,expanded
127,64,LVRT,sym3ph,0.35,very_weak,2.0,39.5285,0.377469,308514.7,105844.9,0.9459,0.022228,0.4811,2.0,2.0034,0.1573,20260609,3.0,0.5,expanded
128,64,LVRT,sym3ph,0.35,very_weak,2.0,39.5285,0.377469,308050.6,120316.4,0.9315,0.016275,0.4961,2.0,2.0124,0.7917,20260609,3.0,0.5,expanded
129,65,LVRT,sym3ph,0.35,very_weak,2.0,20.5499,0.392474,292392.4,136999.7,0.9055,0.028031,0.1742,2.0,1.7023,0.6439,20260609,6.0,0.16,expanded
130,65,LVRT,sym3ph,0.35,very_weak,2.0,20.5499,0.392474,353880.2,145181.3,0.9252,0.027069,0.1449,2.0,1.6719,0.0555,20260609,6.0,0.16,expanded
131,66,LVRT,sym3ph,0.35,very_weak,2.0,20.5499,0.392474,296468.2,169883.5,0.8676,0.02302,0.5362,2.0,2.0593,0.2566,20260609,6.0,0.5,expanded
132,66,LVRT,sym3ph,0.35,very_weak,2.0,20.5499,0.392474,338287.2,128735.8,0.9346,0.018899,0.4963,2.0,2.0152,0.6804,20260609,6.0,0.5,expanded
133,67,LVRT,sym3ph,0.35,weak,3.0,46.225,0.220708,343686.9,115355.9,0.948,0.021176,0.1683,2.0,1.6895,0.5867,20260609,1.5,0.16,expanded
134,67,LVRT,sym3ph,0.35,weak,3.0,46.225,0.220708,313640.6,182042.5,0.8649,0.020646,0.1467,2.0,1.6673,0.6895,20260609,1.5,0.16,expanded
135,68,LVRT,sym3ph,0.35,weak,3.0,46.225,0.220708,322148.4,151271.5,0.9052,0.019353,0.4731,2.0,1.9924,0.2537,20260609,1.5,0.5,expanded
136,68,LVRT,sym3ph,0.35,weak,3.0,46.225,0.220708,356642.5,149185.1,0.9225,0.026698,0.4841,2.0,2.0108,0.5993,20260609,1.5,0.5,expanded
137,69,LVRT,sym3ph,0.35,weak,3.0,26.3523,0.251646,334895.8,127179.6,0.9349,0.018552,0.1475,2.0,1.666,0.2998,20260609,3.0,0.16,expanded
138,69,LVRT,sym3ph,0.35,weak,3.0,26.3523,0.251646,309077.2,183525.3,0.8598,0.028539,0.1636,2.0,1.6922,0.1467,20260609,3.0,0.16,expanded
139,70,LVRT,sym3ph,0.35,weak,3.0,26.3523,0.251646,281893.1,138737.5,0.8972,0.028265,0.5054,2.0,2.0337,0.4545,20260609,3.0,0.5,expanded
140,70,LVRT,sym3ph,0.35,weak,3.0,26.3523,0.251646,286565.1,135148.2,0.9045,0.01547,0.4657,2.0,1.9812,0.1417,20260609,3.0,0.5,expanded
141,71,LVRT,sym3ph,0.35,weak,3.0,13.6999,0.261649,308461.2,108385.3,0.9435,0.020688,0.1792,2.0,1.6999,0.6838,20260609,6.0,0.16,expanded
142,71,LVRT,sym3ph,0.35,weak,3.0,13.6999,0.261649,296941.4,156781.1,0.8843,0.015139,0.1462,2.0,1.6613,0.4087,20260609,6.0,0.16,expanded
143,72,LVRT,sym3ph,0.35,weak,3.0,13.6999,0.261649,339641.3,137044.6,0.9274,0.028285,0.4765,2.0,2.0048,0.5501,20260609,6.0,0.5,expanded
144,72,LVRT,sym3ph,0.35,weak,3.0,13.6999,0.261649,331366.4,155238.5,0.9056,0.016129,0.482,2.0,1.9981,0.0815,20260609,6.0,0.5,expanded
145,73,LVRT,sym3ph,0.35,medium,5.0,27.735,0.132425,309777.9,187121.7,0.856,0.027706,0.1733,2.0,1.701,0.6501,20260609,1.5,0.16,expanded
146,73,LVRT,sym3ph,0.35,medium,5.0,27.735,0.132425,340258.0,133714.1,0.9307,0.020076,0.1658,2.0,1.6858,0.7472,20260609,1.5,0.16,expanded
147,74,LVRT,sym3ph,0.35,medium,5.0,27.735,0.132425,346869.7,169293.4,0.8987,0.022369,0.4616,2.0,1.984,0.2988,20260609,1.5,0.5,expanded
148,74,LVRT,sym3ph,0.35,medium,5.0,27.735,0.132425,285212.1,112331.8,0.9304,0.028271,0.4585,2.0,1.9868,0.2946,20260609,1.5,0.5,expanded
149,75,LVRT,sym3ph,0.35,medium,5.0,15.8114,0.150988,359718.8,166052.3,0.9079,0.013983,0.1689,2.0,1.6829,0.3986,20260609,3.0,0.16,expanded
150,75,LVRT,sym3ph,0.35,medium,5.0,15.8114,0.150988,298061.0,152175.4,0.8906,0.019545,0.1647,2.0,1.6843,0.1053,20260609,3.0,0.16,expanded
151,76,LVRT,sym3ph,0.35,medium,5.0,15.8114,0.150988,283127.4,130114.4,0.9086,0.019279,0.5199,2.0,2.0391,0.1729,20260609,3.0,0.5,expanded
152,76,LVRT,sym3ph,0.35,medium,5.0,15.8114,0.150988,286228.3,174179.4,0.8543,0.017676,0.5123,2.0,2.0299,0.6101,20260609,3.0,0.5,expanded
153,77,LVRT,sym3ph,0.35,medium,5.0,8.2199,0.156989,346432.2,146665.5,0.9209,0.01968,0.1434,2.0,1.663,0.3446,20260609,6.0,0.16,expanded
154,77,LVRT,sym3ph,0.35,medium,5.0,8.2199,0.156989,335868.0,162924.1,0.8997,0.026859,0.1469,2.0,1.6738,0.3093,20260609,6.0,0.16,expanded
155,78,LVRT,sym3ph,0.35,medium,5.0,8.2199,0.156989,331921.7,187328.7,0.8709,0.019843,0.4709,2.0,1.9907,0.5917,20260609,6.0,0.5,expanded
156,78,LVRT,sym3ph,0.35,medium,5.0,8.2199,0.156989,343204.3,209098.9,0.854,0.025958,0.5025,2.0,2.0285,0.0512,20260609,6.0,0.5,expanded
157,79,LVRT,sym3ph,0.35,strong,10.0,13.8675,0.066212,316427.3,127555.4,0.9275,0.018259,0.1649,2.0,1.6831,0.1049,20260609,1.5,0.16,expanded
158,79,LVRT,sym3ph,0.35,strong,10.0,13.8675,0.066212,312177.1,164527.1,0.8847,0.014838,0.1534,2.0,1.6683,0.0917,20260609,1.5,0.16,expanded
159,80,LVRT,sym3ph,0.35,strong,10.0,13.8675,0.066212,328603.8,175595.5,0.882,0.029876,0.4618,2.0,1.9917,0.452,20260609,1.5,0.5,expanded
160,80,LVRT,sym3ph,0.35,strong,10.0,13.8675,0.066212,283107.5,115646.8,0.9257,0.019426,0.4635,2.0,1.983,0.7414,20260609,1.5,0.5,expanded
161,81,LVRT,sym3ph,0.35,strong,10.0,7.9057,0.075494,316113.9,178028.7,0.8713,0.029373,0.1614,2.0,1.6908,0.485,20260609,3.0,0.16,expanded
162,81,LVRT,sym3ph,0.35,strong,10.0,7.9057,0.075494,338320.2,151875.4,0.9123,0.023149,0.1691,2.0,1.6922,0.6541,20260609,3.0,0.16,expanded
163,82,LVRT,sym3ph,0.35,strong,10.0,7.9057,0.075494,343716.7,175782.7,0.8903,0.012046,0.5229,2.0,2.0349,0.4788,20260609,3.0,0.5,expanded
164,82,LVRT,sym3ph,0.35,strong,10.0,7.9057,0.075494,316110.4,105572.5,0.9485,0.029986,0.4587,2.0,1.9887,0.2224,20260609,3.0,0.5,expanded
165,83,LVRT,sym3ph,0.35,strong,10.0,4.11,0.078495,298021.5,158833.4,0.8825,0.015352,0.1454,2.0,1.6608,0.3169,20260609,6.0,0.16,expanded
166,83,LVRT,sym3ph,0.35,strong,10.0,4.11,0.078495,336608.1,116933.7,0.9446,0.026929,0.1685,2.0,1.6954,0.1151,20260609,6.0,0.16,expanded
167,84,LVRT,sym3ph,0.35,strong,10.0,4.11,0.078495,287365.1,108448.5,0.9356,0.024743,0.4821,2.0,2.0069,0.1908,20260609,6.0,0.5,expanded
168,84,LVRT,sym3ph,0.35,strong,10.0,4.11,0.078495,342074.2,166585.2,0.8991,0.017604,0.45,2.0,1.9676,0.7263,20260609,6.0,0.5,expanded
169,85,LVRT,sym3ph,0.35,very_strong,15.0,9.245,0.044142,290521.9,150878.7,0.8875,0.017561,0.1775,2.0,1.695,0.7887,20260609,1.5,0.16,expanded
170,85,LVRT,sym3ph,0.35,very_strong,15.0,9.245,0.044142,282204.2,172079.8,0.8538,0.028741,0.1739,2.0,1.7026,0.611,20260609,1.5,0.16,expanded
171,86,LVRT,sym3ph,0.35,very_strong,15.0,9.245,0.044142,291919.5,130440.3,0.913,0.027435,0.5401,2.0,2.0675,0.1386,20260609,1.5,0.5,expanded
172,86,LVRT,sym3ph,0.35,very_strong,15.0,9.245,0.044142,324235.6,178135.3,0.8764,0.028142,0.4883,2.0,2.0164,0.0698,20260609,1.5,0.5,expanded
173,87,LVRT,sym3ph,0.35,very_strong,15.0,5.2705,0.050329,305016.0,141471.0,0.9072,0.018751,0.1514,2.0,1.6702,0.6322,20260609,3.0,0.16,expanded
174,87,LVRT,sym3ph,0.35,very_strong,15.0,5.2705,0.050329,316092.0,148169.7,0.9055,0.023175,0.1628,2.0,1.686,0.5854,20260609,3.0,0.16,expanded
175,88,LVRT,sym3ph,0.35,very_strong,15.0,5.2705,0.050329,322935.8,153463.2,0.9032,0.018767,0.4941,2.0,2.0129,0.6603,20260609,3.0,0.5,expanded
176,88,LVRT,sym3ph,0.35,very_strong,15.0,5.2705,0.050329,325528.5,197149.0,0.8554,0.024705,0.5231,2.0,2.0478,0.5981,20260609,3.0,0.5,expanded
177,89,LVRT,sym3ph,0.35,very_strong,15.0,2.74,0.05233,300189.6,135921.6,0.911,0.022159,0.1441,2.0,1.6663,0.1821,20260609,6.0,0.16,expanded
178,89,LVRT,sym3ph,0.35,very_strong,15.0,2.74,0.05233,330482.0,173105.5,0.8858,0.026098,0.1623,2.0,1.6884,0.3561,20260609,6.0,0.16,expanded
179,90,LVRT,sym3ph,0.35,very_strong,15.0,2.74,0.05233,293897.1,179058.1,0.854,0.021109,0.5474,2.0,2.0685,0.145,20260609,6.0,0.5,expanded
180,90,LVRT,sym3ph,0.35,very_strong,15.0,2.74,0.05233,307567.4,178818.4,0.8645,0.014714,0.4975,2.0,2.0122,0.7373,20260609,6.0,0.5,expanded
181,91,LVRT,sym3ph,0.5,very_weak,2.0,69.3375,0.331062,346076.7,143863.3,0.9234,0.021518,0.1512,2.0,1.6727,0.4773,20260609,1.5,0.16,expanded
182,91,LVRT,sym3ph,0.5,very_weak,2.0,69.3375,0.331062,312087.7,140749.5,0.9116,0.026724,0.1511,2.0,1.6778,0.5428,20260609,1.5,0.16,expanded
183,92,LVRT,sym3ph,0.5,very_weak,2.0,69.3375,0.331062,310952.0,118627.7,0.9343,0.014561,0.4599,2.0,1.9744,0.3568,20260609,1.5,0.5,expanded
184,92,LVRT,sym3ph,0.5,very_weak,2.0,69.3375,0.331062,285976.4,98144.4,0.9458,0.017871,0.5383,2.0,2.0562,0.4625,20260609,1.5,0.5,expanded
185,93,LVRT,sym3ph,0.5,very_weak,2.0,39.5285,0.377469,328964.5,173725.9,0.8843,0.021131,0.178,2.0,1.6991,0.2804,20260609,3.0,0.16,expanded
186,93,LVRT,sym3ph,0.5,very_weak,2.0,39.5285,0.377469,359759.3,210947.1,0.8626,0.014692,0.1719,2.0,1.6866,0.2126,20260609,3.0,0.16,expanded
187,94,LVRT,sym3ph,0.5,very_weak,2.0,39.5285,0.377469,335374.2,113159.3,0.9475,0.017362,0.4875,2.0,2.0048,0.3207,20260609,3.0,0.5,expanded
188,94,LVRT,sym3ph,0.5,very_weak,2.0,39.5285,0.377469,314859.2,118241.9,0.9362,0.012119,0.4576,2.0,1.9697,0.1467,20260609,3.0,0.5,expanded
189,95,LVRT,sym3ph,0.5,very_weak,2.0,20.5499,0.392474,316739.4,161095.4,0.8913,0.013333,0.1477,2.0,1.661,0.1678,20260609,6.0,0.16,expanded
190,95,LVRT,sym3ph,0.5,very_weak,2.0,20.5499,0.392474,296985.8,178787.9,0.8567,0.021295,0.1791,2.0,1.7004,0.4304,20260609,6.0,0.16,expanded
191,96,LVRT,sym3ph,0.5,very_weak,2.0,20.5499,0.392474,309055.0,114683.8,0.9375,0.025228,0.4817,2.0,2.0069,0.4491,20260609,6.0,0.5,expanded
192,96,LVRT,sym3ph,0.5,very_weak,2.0,20.5499,0.392474,308088.0,157532.3,0.8904,0.029888,0.4658,2.0,1.9957,0.2653,20260609,6.0,0.5,expanded
193,97,LVRT,sym3ph,0.5,weak,3.0,46.225,0.220708,280230.1,139241.8,0.8955,0.026901,0.1454,2.0,1.6723,0.5553,20260609,1.5,0.16,expanded
194,97,LVRT,sym3ph,0.5,weak,3.0,46.225,0.220708,308983.4,188500.9,0.8537,0.021705,0.164,2.0,1.6857,0.3247,20260609,1.5,0.16,expanded
195,98,LVRT,sym3ph,0.5,weak,3.0,46.225,0.220708,354090.4,154662.1,0.9164,0.024774,0.5186,2.0,2.0433,0.4176,20260609,1.5,0.5,expanded
196,98,LVRT,sym3ph,0.5,weak,3.0,46.225,0.220708,349179.9,183477.3,0.8852,0.015975,0.4946,2.0,2.0106,0.6322,20260609,1.5,0.5,expanded
197,99,LVRT,sym3ph,0.5,weak,3.0,26.3523,0.251646,343824.4,185108.0,0.8805,0.012923,0.163,2.0,1.6759,0.1356,20260609,3.0,0.16,expanded
198,99,LVRT,sym3ph,0.5,weak,3.0,26.3523,0.251646,319872.6,120081.3,0.9362,0.027526,0.1726,2.0,1.7001,0.1522,20260609,3.0,0.16,expanded
199,100,LVRT,sym3ph,0.5,weak,3.0,26.3523,0.251646,322225.9,170055.5,0.8844,0.021243,0.4759,2.0,1.9971,0.3145,20260609,3.0,0.5,expanded
200,100,LVRT,sym3ph,0.5,weak,3.0,26.3523,0.251646,358343.7,205216.9,0.8678,0.021041,0.4636,2.0,1.9847,0.6254,20260609,3.0,0.5,expanded
201,101,LVRT,sym3ph,0.5,weak,3.0,13.6999,0.261649,354642.5,214895.4,0.8552,0.022988,0.1508,2.0,1.6738,0.2951,20260609,6.0,0.16,expanded
202,101,LVRT,sym3ph,0.5,weak,3.0,13.6999,0.261649,336470.0,187496.9,0.8735,0.012012,0.1781,2.0,1.6901,0.2397,20260609,6.0,0.16,expanded
203,102,LVRT,sym3ph,0.5,weak,3.0,13.6999,0.261649,344678.5,160778.8,0.9063,0.029371,0.4885,2.0,2.0179,0.7068,20260609,6.0,0.5,expanded
204,102,LVRT,sym3ph,0.5,weak,3.0,13.6999,0.261649,352517.6,202425.0,0.8672,0.019816,0.4915,2.0,2.0114,0.3633,20260609,6.0,0.5,expanded
205,103,LVRT,sym3ph,0.5,medium,5.0,27.735,0.132425,324198.8,146105.5,0.9117,0.021504,0.1478,2.0,1.6693,0.6999,20260609,1.5,0.16,expanded
206,103,LVRT,sym3ph,0.5,medium,5.0,27.735,0.132425,356700.0,185220.3,0.8875,0.015098,0.163,2.0,1.6781,0.442,20260609,1.5,0.16,expanded
207,104,LVRT,sym3ph,0.5,medium,5.0,27.735,0.132425,328812.7,198956.5,0.8556,0.02528,0.5138,2.0,2.0391,0.6262,20260609,1.5,0.5,expanded
208,104,LVRT,sym3ph,0.5,medium,5.0,27.735,0.132425,346044.5,206557.9,0.8587,0.024514,0.466,2.0,1.9905,0.3203,20260609,1.5,0.5,expanded
209,105,LVRT,sym3ph,0.5,medium,5.0,15.8114,0.150988,326702.8,190035.2,0.8644,0.026576,0.154,2.0,1.6806,0.467,20260609,3.0,0.16,expanded
210,105,LVRT,sym3ph,0.5,medium,5.0,15.8114,0.150988,343805.0,132031.0,0.9335,0.013374,0.1582,2.0,1.6716,0.0804,20260609,3.0,0.16,expanded
211,106,LVRT,sym3ph,0.5,medium,5.0,15.8114,0.150988,320764.2,163345.6,0.8911,0.028916,0.5188,2.0,2.0477,0.7722,20260609,3.0,0.5,expanded
212,106,LVRT,sym3ph,0.5,medium,5.0,15.8114,0.150988,294739.8,134180.0,0.9101,0.020896,0.4675,2.0,1.9884,0.4827,20260609,3.0,0.5,expanded
213,107,LVRT,sym3ph,0.5,medium,5.0,8.2199,0.156989,329092.0,151825.7,0.908,0.027698,0.162,2.0,1.6897,0.6656,20260609,6.0,0.16,expanded
214,107,LVRT,sym3ph,0.5,medium,5.0,8.2199,0.156989,288054.6,111746.6,0.9323,0.015957,0.1498,2.0,1.6657,0.6901,20260609,6.0,0.16,expanded
215,108,LVRT,sym3ph,0.5,medium,5.0,8.2199,0.156989,282576.7,95971.4,0.9469,0.013817,0.5007,2.0,2.0146,0.094,20260609,6.0,0.5,expanded
216,108,LVRT,sym3ph,0.5,medium,5.0,8.2199,0.156989,358024.2,153387.7,0.9192,0.023584,0.4796,2.0,2.0032,0.603,20260609,6.0,0.5,expanded
217,109,LVRT,sym3ph,0.5,strong,10.0,13.8675,0.066212,296062.3,97755.4,0.9496,0.022111,0.1559,2.0,1.678,0.4572,20260609,1.5,0.16,expanded
218,109,LVRT,sym3ph,0.5,strong,10.0,13.8675,0.066212,300618.5,118590.6,0.9302,0.022999,0.1514,2.0,1.6744,0.7234,20260609,1.5,0.16,expanded
219,110,LVRT,sym3ph,0.5,strong,10.0,13.8675,0.066212,314213.9,123061.7,0.9311,0.015439,0.4515,2.0,1.9669,0.5807,20260609,1.5,0.5,expanded
220,110,LVRT,sym3ph,0.5,strong,10.0,13.8675,0.066212,322301.6,175651.9,0.8781,0.025912,0.5461,2.0,2.072,0.7427,20260609,1.5,0.5,expanded
221,111,LVRT,sym3ph,0.5,strong,10.0,7.9057,0.075494,344609.6,126250.8,0.939,0.022179,0.146,2.0,1.6681,0.2763,20260609,3.0,0.16,expanded
222,111,LVRT,sym3ph,0.5,strong,10.0,7.9057,0.075494,326154.6,180915.2,0.8745,0.026322,0.1548,2.0,1.6811,0.4866,20260609,3.0,0.16,expanded
223,112,LVRT,sym3ph,0.5,strong,10.0,7.9057,0.075494,320767.4,176002.0,0.8767,0.018701,0.4721,2.0,1.9908,0.4014,20260609,3.0,0.5,expanded
224,112,LVRT,sym3ph,0.5,strong,10.0,7.9057,0.075494,356104.8,121118.0,0.9467,0.025313,0.5477,2.0,2.073,0.1505,20260609,3.0,0.5,expanded
225,113,LVRT,sym3ph,0.5,strong,10.0,4.11,0.078495,302802.3,172772.0,0.8686,0.025999,0.141,2.0,1.667,0.4964,20260609,6.0,0.16,expanded
226,113,LVRT,sym3ph,0.5,strong,10.0,4.11,0.078495,313736.9,175161.5,0.8731,0.014887,0.1476,2.0,1.6625,0.2627,20260609,6.0,0.16,expanded
227,114,LVRT,sym3ph,0.5,strong,10.0,4.11,0.078495,296245.0,138023.7,0.9064,0.020645,0.5222,2.0,2.0429,0.5586,20260609,6.0,0.5,expanded
228,114,LVRT,sym3ph,0.5,strong,10.0,4.11,0.078495,336027.1,197042.4,0.8626,0.01557,0.4808,2.0,1.9963,0.7572,20260609,6.0,0.5,expanded
229,115,LVRT,sym3ph,0.5,very_strong,15.0,9.245,0.044142,310862.2,124864.6,0.9279,0.012941,0.1494,2.0,1.6623,0.3935,20260609,1.5,0.16,expanded
230,115,LVRT,sym3ph,0.5,very_strong,15.0,9.245,0.044142,285647.7,167479.6,0.8627,0.025735,0.1573,2.0,1.683,0.3417,20260609,1.5,0.16,expanded
231,116,LVRT,sym3ph,0.5,very_strong,15.0,9.245,0.044142,307444.9,174092.1,0.8702,0.027517,0.4831,2.0,2.0106,0.2311,20260609,1.5,0.5,expanded
232,116,LVRT,sym3ph,0.5,very_strong,15.0,9.245,0.044142,351859.5,118276.7,0.9479,0.024792,0.4983,2.0,2.0231,0.7727,20260609,1.5,0.5,expanded
233,117,LVRT,sym3ph,0.5,very_strong,15.0,5.2705,0.050329,315239.4,106396.1,0.9475,0.029182,0.1484,2.0,1.6776,0.6387,20260609,3.0,0.16,expanded
234,117,LVRT,sym3ph,0.5,very_strong,15.0,5.2705,0.050329,344952.8,155657.3,0.9115,0.017604,0.1716,2.0,1.6892,0.6679,20260609,3.0,0.16,expanded
235,118,LVRT,sym3ph,0.5,very_strong,15.0,5.2705,0.050329,299002.4,174895.5,0.8632,0.026786,0.5062,2.0,2.033,0.761,20260609,3.0,0.5,expanded
236,118,LVRT,sym3ph,0.5,very_strong,15.0,5.2705,0.050329,329320.9,193967.3,0.8616,0.01891,0.4508,2.0,1.9697,0.5411,20260609,3.0,0.5,expanded
237,119,LVRT,sym3ph,0.5,very_strong,15.0,2.74,0.05233,299478.7,127900.1,0.9196,0.021223,0.1486,2.0,1.6698,0.7131,20260609,6.0,0.16,expanded
238,119,LVRT,sym3ph,0.5,very_strong,15.0,2.74,0.05233,313922.1,163535.7,0.8869,0.022774,0.1674,2.0,1.6902,0.3132,20260609,6.0,0.16,expanded
239,120,LVRT,sym3ph,0.5,very_strong,15.0,2.74,0.05233,322623.9,161344.1,0.8944,0.028232,0.487,2.0,2.0153,0.1305,20260609,6.0,0.5,expanded
240,120,LVRT,sym3ph,0.5,very_strong,15.0,2.74,0.05233,347029.9,190421.9,0.8767,0.012451,0.509,2.0,2.0215,0.1864,20260609,6.0,0.5,expanded
241,121,LVRT,sym3ph,0.7,very_weak,2.0,69.3375,0.331062,335117.5,171362.8,0.8903,0.023984,0.164,2.0,1.688,0.4947,20260609,1.5,0.16,expanded
242,121,LVRT,sym3ph,0.7,very_weak,2.0,69.3375,0.331062,357163.9,173787.5,0.8992,0.022362,0.1649,2.0,1.6873,0.1957,20260609,1.5,0.16,expanded
243,122,LVRT,sym3ph,0.7,very_weak,2.0,69.3375,0.331062,282375.3,113010.6,0.9284,0.012453,0.5257,2.0,2.0382,0.3618,20260609,1.5,0.5,expanded
244,122,LVRT,sym3ph,0.7,very_weak,2.0,69.3375,0.331062,301992.6,109835.3,0.9398,0.026798,0.4844,2.0,2.0112,0.0944,20260609,1.5,0.5,expanded
245,123,LVRT,sym3ph,0.7,very_weak,2.0,39.5285,0.377469,355586.3,148063.1,0.9232,0.017294,0.179,2.0,1.6963,0.2288,20260609,3.0,0.16,expanded
246,123,LVRT,sym3ph,0.7,very_weak,2.0,39.5285,0.377469,313440.0,180261.5,0.8669,0.014118,0.1602,2.0,1.6744,0.492,20260609,3.0,0.16,expanded
247,124,LVRT,sym3ph,0.7,very_weak,2.0,39.5285,0.377469,308659.3,150512.5,0.8988,0.028188,0.462,2.0,1.9902,0.5241,20260609,3.0,0.5,expanded
248,124,LVRT,sym3ph,0.7,very_weak,2.0,39.5285,0.377469,348067.0,118911.5,0.9463,0.025428,0.4805,2.0,2.0059,0.4789,20260609,3.0,0.5,expanded
249,125,LVRT,sym3ph,0.7,very_weak,2.0,20.5499,0.392474,349061.3,209937.5,0.857,0.02337,0.1626,2.0,1.6859,0.7163,20260609,6.0,0.16,expanded
250,125,LVRT,sym3ph,0.7,very_weak,2.0,20.5499,0.392474,324374.5,157952.3,0.8991,0.025016,0.1666,2.0,1.6916,0.7805,20260609,6.0,0.16,expanded
251,126,LVRT,sym3ph,0.7,very_weak,2.0,20.5499,0.392474,332950.0,197042.9,0.8606,0.018216,0.482,2.0,2.0003,0.1462,20260609,6.0,0.5,expanded
252,126,LVRT,sym3ph,0.7,very_weak,2.0,20.5499,0.392474,356475.6,143392.7,0.9278,0.021818,0.4751,2.0,1.9969,0.6128,20260609,6.0,0.5,expanded
253,127,LVRT,sym3ph,0.7,weak,3.0,46.225,0.220708,352531.5,189956.7,0.8803,0.027189,0.1531,2.0,1.6803,0.2028,20260609,1.5,0.16,expanded
254,127,LVRT,sym3ph,0.7,weak,3.0,46.225,0.220708,310055.6,114979.6,0.9376,0.024046,0.1521,2.0,1.6762,0.7874,20260609,1.5,0.16,expanded
255,128,LVRT,sym3ph,0.7,weak,3.0,46.225,0.220708,317639.9,148727.7,0.9056,0.029946,0.5476,2.0,2.0775,0.1086,20260609,1.5,0.5,expanded
256,128,LVRT,sym3ph,0.7,weak,3.0,46.225,0.220708,294003.4,145616.1,0.8961,0.027935,0.4858,2.0,2.0137,0.4943,20260609,1.5,0.5,expanded
257,129,LVRT,sym3ph,0.7,weak,3.0,26.3523,0.251646,343743.3,173524.8,0.8927,0.015044,0.1585,2.0,1.6736,0.7438,20260609,3.0,0.16,expanded
258,129,LVRT,sym3ph,0.7,weak,3.0,26.3523,0.251646,333636.3,137088.9,0.925,0.013204,0.1497,2.0,1.6629,0.5438,20260609,3.0,0.16,expanded
259,130,LVRT,sym3ph,0.7,weak,3.0,26.3523,0.251646,310075.7,186453.5,0.857,0.021901,0.4702,2.0,1.9921,0.3369,20260609,3.0,0.5,expanded
260,130,LVRT,sym3ph,0.7,weak,3.0,26.3523,0.251646,344814.8,150350.7,0.9167,0.015785,0.5321,2.0,2.0479,0.7434,20260609,3.0,0.5,expanded
261,131,LVRT,sym3ph,0.7,weak,3.0,13.6999,0.261649,324109.2,156167.0,0.9009,0.02904,0.1471,2.0,1.6762,0.5275,20260609,6.0,0.16,expanded
262,131,LVRT,sym3ph,0.7,weak,3.0,13.6999,0.261649,295981.1,137131.8,0.9073,0.029978,0.1559,2.0,1.6859,0.1013,20260609,6.0,0.16,expanded
263,132,LVRT,sym3ph,0.7,weak,3.0,13.6999,0.261649,288716.1,113709.2,0.9304,0.021647,0.4531,2.0,1.9748,0.086,20260609,6.0,0.5,expanded
264,132,LVRT,sym3ph,0.7,weak,3.0,13.6999,0.261649,323479.3,155894.9,0.9008,0.017446,0.5263,2.0,2.0438,0.5837,20260609,6.0,0.5,expanded
265,133,LVRT,sym3ph,0.7,medium,5.0,27.735,0.132425,348257.2,151222.5,0.9173,0.028753,0.1682,2.0,1.697,0.3507,20260609,1.5,0.16,expanded
266,133,LVRT,sym3ph,0.7,medium,5.0,27.735,0.132425,320951.2,155428.7,0.9,0.019387,0.166,2.0,1.6854,0.5678,20260609,1.5,0.16,expanded
267,134,LVRT,sym3ph,0.7,medium,5.0,27.735,0.132425,307753.6,117121.5,0.9346,0.01296,0.4973,2.0,2.0102,0.6892,20260609,1.5,0.5,expanded
268,134,LVRT,sym3ph,0.7,medium,5.0,27.735,0.132425,341986.4,193263.6,0.8706,0.025208,0.4742,2.0,1.9994,0.0789,20260609,1.5,0.5,expanded
269,135,LVRT,sym3ph,0.7,medium,5.0,15.8114,0.150988,332457.9,175149.8,0.8847,0.029073,0.147,2.0,1.6761,0.3457,20260609,3.0,0.16,expanded
270,135,LVRT,sym3ph,0.7,medium,5.0,15.8114,0.150988,358214.2,167132.9,0.9062,0.018613,0.1606,2.0,1.6792,0.7167,20260609,3.0,0.16,expanded
271,136,LVRT,sym3ph,0.7,medium,5.0,15.8114,0.150988,338596.9,155694.4,0.9086,0.022113,0.5031,2.0,2.0252,0.798,20260609,3.0,0.5,expanded
272,136,LVRT,sym3ph,0.7,medium,5.0,15.8114,0.150988,323275.3,154621.6,0.9021,0.021785,0.5461,2.0,2.0679,0.7108,20260609,3.0,0.5,expanded
273,137,LVRT,sym3ph,0.7,medium,5.0,8.2199,0.156989,352897.4,121149.1,0.9458,0.013403,0.1434,2.0,1.6568,0.2622,20260609,6.0,0.16,expanded
274,137,LVRT,sym3ph,0.7,medium,5.0,8.2199,0.156989,298198.5,130176.1,0.9165,0.021314,0.1744,2.0,1.6957,0.2546,20260609,6.0,0.16,expanded
275,138,LVRT,sym3ph,0.7,medium,5.0,8.2199,0.156989,325398.6,142978.0,0.9155,0.023155,0.4585,2.0,1.9816,0.442,20260609,6.0,0.5,expanded
276,138,LVRT,sym3ph,0.7,medium,5.0,8.2199,0.156989,338564.7,193013.0,0.8687,0.021662,0.5451,2.0,2.0668,0.3418,20260609,6.0,0.5,expanded
277,139,LVRT,sym3ph,0.7,strong,10.0,13.8675,0.066212,301945.2,182558.3,0.8557,0.017078,0.1645,2.0,1.6816,0.7735,20260609,1.5,0.16,expanded
278,139,LVRT,sym3ph,0.7,strong,10.0,13.8675,0.066212,335506.4,151442.6,0.9114,0.023192,0.1661,2.0,1.6893,0.2275,20260609,1.5,0.16,expanded
279,140,LVRT,sym3ph,0.7,strong,10.0,13.8675,0.066212,320318.7,108500.5,0.9471,0.02549,0.5234,2.0,2.0489,0.4226,20260609,1.5,0.5,expanded
280,140,LVRT,sym3ph,0.7,strong,10.0,13.8675,0.066212,312810.8,116198.8,0.9374,0.015511,0.4734,2.0,1.9889,0.7942,20260609,1.5,0.5,expanded
281,141,LVRT,sym3ph,0.7,strong,10.0,7.9057,0.075494,322512.0,198914.2,0.8511,0.012409,0.1533,2.0,1.6657,0.4042,20260609,3.0,0.16,expanded
282,141,LVRT,sym3ph,0.7,strong,10.0,7.9057,0.075494,291984.5,135543.7,0.907,0.024305,0.1423,2.0,1.6666,0.1834,20260609,3.0,0.16,expanded
283,142,LVRT,sym3ph,0.7,strong,10.0,7.9057,0.075494,294061.2,135632.0,0.9081,0.022367,0.46,2.0,1.9823,0.5649,20260609,3.0,0.5,expanded
284,142,LVRT,sym3ph,0.7,strong,10.0,7.9057,0.075494,291855.9,146837.1,0.8933,0.022705,0.5012,2.0,2.0239,0.3356,20260609,3.0,0.5,expanded
285,143,LVRT,sym3ph,0.7,strong,10.0,4.11,0.078495,302473.5,136378.0,0.9116,0.021769,0.1665,2.0,1.6883,0.7056,20260609,6.0,0.16,expanded
286,143,LVRT,sym3ph,0.7,strong,10.0,4.11,0.078495,326219.0,147977.4,0.9107,0.014616,0.1426,2.0,1.6572,0.5403,20260609,6.0,0.16,expanded
287,144,LVRT,sym3ph,0.7,strong,10.0,4.11,0.078495,316623.9,123756.2,0.9314,0.025312,0.4886,2.0,2.0139,0.6823,20260609,6.0,0.5,expanded
288,144,LVRT,sym3ph,0.7,strong,10.0,4.11,0.078495,320231.9,121842.7,0.9346,0.013986,0.5376,2.0,2.0516,0.729,20260609,6.0,0.5,expanded
289,145,LVRT,sym3ph,0.7,very_strong,15.0,9.245,0.044142,314488.3,129565.1,0.9246,0.021419,0.1676,2.0,1.6891,0.0923,20260609,1.5,0.16,expanded
290,145,LVRT,sym3ph,0.7,very_strong,15.0,9.245,0.044142,284591.7,96025.5,0.9475,0.025774,0.1407,2.0,1.6665,0.5426,20260609,1.5,0.16,expanded
291,146,LVRT,sym3ph,0.7,very_strong,15.0,9.245,0.044142,307322.2,168617.6,0.8767,0.025092,0.504,2.0,2.0291,0.4807,20260609,1.5,0.5,expanded
292,146,LVRT,sym3ph,0.7,very_strong,15.0,9.245,0.044142,355239.6,187293.5,0.8846,0.018802,0.45,2.0,1.9688,0.7069,20260609,1.5,0.5,expanded
293,147,LVRT,sym3ph,0.7,very_strong,15.0,5.2705,0.050329,307506.1,178589.6,0.8647,0.027806,0.1507,2.0,1.6785,0.3564,20260609,3.0,0.16,expanded
294,147,LVRT,sym3ph,0.7,very_strong,15.0,5.2705,0.050329,328489.1,196106.0,0.8586,0.021873,0.1504,2.0,1.6723,0.458,20260609,3.0,0.16,expanded
295,148,LVRT,sym3ph,0.7,very_strong,15.0,5.2705,0.050329,285837.4,119521.5,0.9226,0.025257,0.5451,2.0,2.0703,0.432,20260609,3.0,0.5,expanded
296,148,LVRT,sym3ph,0.7,very_strong,15.0,5.2705,0.050329,304374.5,146067.3,0.9016,0.015065,0.5451,2.0,2.0602,0.1726,20260609,3.0,0.5,expanded
297,149,LVRT,sym3ph,0.7,very_strong,15.0,2.74,0.05233,287765.6,112997.3,0.9308,0.013824,0.1474,2.0,1.6612,0.489,20260609,6.0,0.16,expanded
298,149,LVRT,sym3ph,0.7,very_strong,15.0,2.74,0.05233,340152.9,198131.3,0.8641,0.029058,0.174,2.0,1.703,0.4636,20260609,6.0,0.16,expanded
299,150,LVRT,sym3ph,0.7,very_strong,15.0,2.74,0.05233,310892.9,187959.5,0.8558,0.018313,0.4663,2.0,1.9846,0.6732,20260609,6.0,0.5,expanded
300,150,LVRT,sym3ph,0.7,very_strong,15.0,2.74,0.05233,328383.3,148002.4,0.9117,0.023251,0.4667,2.0,1.99,0.5262,20260609,6.0,0.5,expanded
301,151,LVRT,sym3ph,0.85,very_weak,2.0,69.3375,0.331062,296753.6,161608.2,0.8782,0.01357,0.1736,2.0,1.6871,0.2165,20260609,1.5,0.16,expanded
302,151,LVRT,sym3ph,0.85,very_weak,2.0,69.3375,0.331062,288095.9,148635.8,0.8887,0.015073,0.1539,2.0,1.6689,0.5723,20260609,1.5,0.16,expanded
303,152,LVRT,sym3ph,0.85,very_weak,2.0,69.3375,0.331062,326726.8,175929.3,0.8805,0.016116,0.5187,2.0,2.0348,0.5821,20260609,1.5,0.5,expanded
304,152,LVRT,sym3ph,0.85,very_weak,2.0,69.3375,0.331062,354845.7,197790.3,0.8735,0.023031,0.5082,2.0,2.0312,0.4271,20260609,1.5,0.5,expanded
305,153,LVRT,sym3ph,0.85,very_weak,2.0,39.5285,0.377469,341730.3,204596.8,0.858,0.026818,0.165,2.0,1.6918,0.1892,20260609,3.0,0.16,expanded
306,153,LVRT,sym3ph,0.85,very_weak,2.0,39.5285,0.377469,330926.9,162712.6,0.8974,0.023768,0.1793,2.0,1.7031,0.2904,20260609,3.0,0.16,expanded
307,154,LVRT,sym3ph,0.85,very_weak,2.0,39.5285,0.377469,308353.9,178646.0,0.8653,0.01481,0.5043,2.0,2.0191,0.4876,20260609,3.0,0.5,expanded
308,154,LVRT,sym3ph,0.85,very_weak,2.0,39.5285,0.377469,291605.9,113826.4,0.9315,0.015398,0.5474,2.0,2.0628,0.1675,20260609,3.0,0.5,expanded
309,155,LVRT,sym3ph,0.85,very_weak,2.0,20.5499,0.392474,285935.1,158282.4,0.8749,0.018944,0.1411,2.0,1.6601,0.0976,20260609,6.0,0.16,expanded
310,155,LVRT,sym3ph,0.85,very_weak,2.0,20.5499,0.392474,322499.4,131855.4,0.9256,0.015587,0.1603,2.0,1.6759,0.3195,20260609,6.0,0.16,expanded
311,156,LVRT,sym3ph,0.85,very_weak,2.0,20.5499,0.392474,349953.2,139492.0,0.9289,0.017306,0.5066,2.0,2.0239,0.3452,20260609,6.0,0.5,expanded
312,156,LVRT,sym3ph,0.85,very_weak,2.0,20.5499,0.392474,304172.1,155234.8,0.8907,0.023643,0.5187,2.0,2.0423,0.5603,20260609,6.0,0.5,expanded
313,157,LVRT,sym3ph,0.85,weak,3.0,46.225,0.220708,330463.1,194900.2,0.8614,0.027224,0.1704,2.0,1.6976,0.1524,20260609,1.5,0.16,expanded
314,157,LVRT,sym3ph,0.85,weak,3.0,46.225,0.220708,282455.4,97814.4,0.9449,0.014957,0.1766,2.0,1.6915,0.4235,20260609,1.5,0.16,expanded
315,158,LVRT,sym3ph,0.85,weak,3.0,46.225,0.220708,290160.6,138030.3,0.903,0.022989,0.4883,2.0,2.0113,0.0651,20260609,1.5,0.5,expanded
316,158,LVRT,sym3ph,0.85,weak,3.0,46.225,0.220708,303775.4,110035.8,0.9402,0.020491,0.4511,2.0,1.9716,0.3788,20260609,1.5,0.5,expanded
317,159,LVRT,sym3ph,0.85,weak,3.0,26.3523,0.251646,287281.5,128693.6,0.9126,0.01372,0.1666,2.0,1.6803,0.651,20260609,3.0,0.16,expanded
318,159,LVRT,sym3ph,0.85,weak,3.0,26.3523,0.251646,347414.8,210763.5,0.855,0.017652,0.1642,2.0,1.6818,0.4208,20260609,3.0,0.16,expanded
319,160,LVRT,sym3ph,0.85,weak,3.0,26.3523,0.251646,298699.5,179450.6,0.8572,0.022516,0.4891,2.0,2.0116,0.7678,20260609,3.0,0.5,expanded
320,160,LVRT,sym3ph,0.85,weak,3.0,26.3523,0.251646,299589.5,174191.2,0.8645,0.017753,0.5305,2.0,2.0483,0.4662,20260609,3.0,0.5,expanded
321,161,LVRT,sym3ph,0.85,weak,3.0,13.6999,0.261649,312536.1,122635.4,0.9309,0.022584,0.155,2.0,1.6776,0.7657,20260609,6.0,0.16,expanded
322,161,LVRT,sym3ph,0.85,weak,3.0,13.6999,0.261649,315611.7,135888.5,0.9185,0.016745,0.1591,2.0,1.6758,0.436,20260609,6.0,0.16,expanded
323,162,LVRT,sym3ph,0.85,weak,3.0,13.6999,0.261649,354844.3,210329.5,0.8602,0.016676,0.4501,2.0,1.9668,0.7694,20260609,6.0,0.5,expanded
324,162,LVRT,sym3ph,0.85,weak,3.0,13.6999,0.261649,316290.8,160457.1,0.8918,0.017627,0.4549,2.0,1.9725,0.0613,20260609,6.0,0.5,expanded
325,163,LVRT,sym3ph,0.85,medium,5.0,27.735,0.132425,352395.2,159310.4,0.9112,0.014731,0.1564,2.0,1.6712,0.2254,20260609,1.5,0.16,expanded
326,163,LVRT,sym3ph,0.85,medium,5.0,27.735,0.132425,284965.5,126837.2,0.9136,0.01236,0.1684,2.0,1.6807,0.2489,20260609,1.5,0.16,expanded
327,164,LVRT,sym3ph,0.85,medium,5.0,27.735,0.132425,338728.2,202722.2,0.8581,0.017914,0.462,2.0,1.9799,0.4302,20260609,1.5,0.5,expanded
328,164,LVRT,sym3ph,0.85,medium,5.0,27.735,0.132425,339443.2,128696.4,0.9351,0.014758,0.4798,2.0,1.9946,0.484,20260609,1.5,0.5,expanded
329,165,LVRT,sym3ph,0.85,medium,5.0,15.8114,0.150988,296438.6,122065.7,0.9247,0.013837,0.1748,2.0,1.6887,0.1652,20260609,3.0,0.16,expanded
330,165,LVRT,sym3ph,0.85,medium,5.0,15.8114,0.150988,323871.4,155086.8,0.9019,0.027682,0.1613,2.0,1.689,0.1265,20260609,3.0,0.16,expanded
331,166,LVRT,sym3ph,0.85,medium,5.0,15.8114,0.150988,320099.1,172658.1,0.8801,0.012517,0.5086,2.0,2.0212,0.1739,20260609,3.0,0.5,expanded
332,166,LVRT,sym3ph,0.85,medium,5.0,15.8114,0.150988,286202.7,157141.7,0.8766,0.017981,0.5258,2.0,2.0438,0.6218,20260609,3.0,0.5,expanded
333,167,LVRT,sym3ph,0.85,medium,5.0,8.2199,0.156989,350972.3,129819.3,0.9379,0.020879,0.1664,2.0,1.6873,0.4117,20260609,6.0,0.16,expanded
334,167,LVRT,sym3ph,0.85,medium,5.0,8.2199,0.156989,355156.6,196849.4,0.8746,0.018869,0.1772,2.0,1.6961,0.257,20260609,6.0,0.16,expanded
335,168,LVRT,sym3ph,0.85,medium,5.0,8.2199,0.156989,329918.0,129178.6,0.9312,0.013032,0.4595,2.0,1.9726,0.5956,20260609,6.0,0.5,expanded
336,168,LVRT,sym3ph,0.85,medium,5.0,8.2199,0.156989,320257.5,194109.9,0.8552,0.014506,0.459,2.0,1.9735,0.2666,20260609,6.0,0.5,expanded
337,169,LVRT,sym3ph,0.85,strong,10.0,13.8675,0.066212,347219.0,182410.5,0.8853,0.024874,0.1732,2.0,1.6981,0.5396,20260609,1.5,0.16,expanded
338,169,LVRT,sym3ph,0.85,strong,10.0,13.8675,0.066212,349063.7,202387.7,0.8651,0.016687,0.1572,2.0,1.6738,0.0771,20260609,1.5,0.16,expanded
339,170,LVRT,sym3ph,0.85,strong,10.0,13.8675,0.066212,309917.6,115861.2,0.9367,0.023541,0.5292,2.0,2.0528,0.1829,20260609,1.5,0.5,expanded
340,170,LVRT,sym3ph,0.85,strong,10.0,13.8675,0.066212,331436.7,148606.9,0.9125,0.023212,0.4803,2.0,2.0035,0.5813,20260609,1.5,0.5,expanded
341,171,LVRT,sym3ph,0.85,strong,10.0,7.9057,0.075494,344885.1,176325.3,0.8904,0.016646,0.164,2.0,1.6806,0.4805,20260609,3.0,0.16,expanded
342,171,LVRT,sym3ph,0.85,strong,10.0,7.9057,0.075494,280240.0,170884.2,0.8538,0.025185,0.166,2.0,1.6911,0.5166,20260609,3.0,0.16,expanded
343,172,LVRT,sym3ph,0.85,strong,10.0,7.9057,0.075494,352285.8,195921.7,0.8739,0.025053,0.5356,2.0,2.0606,0.2514,20260609,3.0,0.5,expanded
344,172,LVRT,sym3ph,0.85,strong,10.0,7.9057,0.075494,356821.3,218116.6,0.8532,0.016903,0.517,2.0,2.034,0.4928,20260609,3.0,0.5,expanded
345,173,LVRT,sym3ph,0.85,strong,10.0,4.11,0.078495,298053.0,142773.7,0.9019,0.021601,0.1711,2.0,1.6927,0.1178,20260609,6.0,0.16,expanded
346,173,LVRT,sym3ph,0.85,strong,10.0,4.11,0.078495,325857.6,127597.4,0.9312,0.028466,0.1678,2.0,1.6963,0.3964,20260609,6.0,0.16,expanded
347,174,LVRT,sym3ph,0.85,strong,10.0,4.11,0.078495,344731.5,138161.7,0.9282,0.016005,0.466,2.0,1.982,0.7356,20260609,6.0,0.5,expanded
348,174,LVRT,sym3ph,0.85,strong,10.0,4.11,0.078495,315596.2,120958.3,0.9338,0.02683,0.4661,2.0,1.9929,0.1282,20260609,6.0,0.5,expanded
349,175,LVRT,sym3ph,0.85,very_strong,15.0,9.245,0.044142,289584.4,143121.0,0.8965,0.01446,0.1788,2.0,1.6933,0.4945,20260609,1.5,0.16,expanded
350,175,LVRT,sym3ph,0.85,very_strong,15.0,9.245,0.044142,341530.7,116158.1,0.9467,0.020542,0.1692,2.0,1.6897,0.5959,20260609,1.5,0.16,expanded
351,176,LVRT,sym3ph,0.85,very_strong,15.0,9.245,0.044142,309332.7,128244.4,0.9238,0.015302,0.4941,2.0,2.0094,0.1864,20260609,1.5,0.5,expanded
352,176,LVRT,sym3ph,0.85,very_strong,15.0,9.245,0.044142,288918.0,175138.5,0.8551,0.028429,0.5053,2.0,2.0338,0.5612,20260609,1.5,0.5,expanded
353,177,LVRT,sym3ph,0.85,very_strong,15.0,5.2705,0.050329,342350.6,126152.5,0.9383,0.023652,0.1487,2.0,1.6724,0.415,20260609,3.0,0.16,expanded
354,177,LVRT,sym3ph,0.85,very_strong,15.0,5.2705,0.050329,283272.7,100190.1,0.9428,0.028794,0.1637,2.0,1.6925,0.1437,20260609,3.0,0.16,expanded
355,178,LVRT,sym3ph,0.85,very_strong,15.0,5.2705,0.050329,283773.6,117777.6,0.9236,0.018854,0.541,2.0,2.0598,0.3989,20260609,3.0,0.5,expanded
356,178,LVRT,sym3ph,0.85,very_strong,15.0,5.2705,0.050329,284516.0,136736.0,0.9013,0.021122,0.5273,2.0,2.0485,0.5328,20260609,3.0,0.5,expanded
357,179,LVRT,sym3ph,0.85,very_strong,15.0,2.74,0.05233,341491.6,186851.5,0.8773,0.020784,0.1554,2.0,1.6762,0.175,20260609,6.0,0.16,expanded
358,179,LVRT,sym3ph,0.85,very_strong,15.0,2.74,0.05233,332535.1,190612.3,0.8676,0.012131,0.1431,2.0,1.6553,0.5309,20260609,6.0,0.16,expanded
359,180,LVRT,sym3ph,0.85,very_strong,15.0,2.74,0.05233,335812.2,159307.9,0.9035,0.023233,0.4614,2.0,1.9846,0.1904,20260609,6.0,0.5,expanded
360,180,LVRT,sym3ph,0.85,very_strong,15.0,2.74,0.05233,349720.9,128004.9,0.9391,0.024045,0.549,2.0,2.0731,0.0787,20260609,6.0,0.5,expanded
361,181,LVRT,1ph_g,0.1,very_weak,2.0,69.3375,0.331062,304440.8,169062.9,0.8742,0.023023,0.1441,2.0,1.6671,0.423,20260609,1.5,0.16,expanded
362,181,LVRT,1ph_g,0.1,very_weak,2.0,69.3375,0.331062,288030.1,163701.5,0.8694,0.019845,0.156,2.0,1.6758,0.1193,20260609,1.5,0.16,expanded
363,182,LVRT,1ph_g,0.1,very_weak,2.0,69.3375,0.331062,314295.7,187144.8,0.8592,0.017919,0.507,2.0,2.0249,0.1024,20260609,1.5,0.5,expanded
364,182,LVRT,1ph_g,0.1,very_weak,2.0,69.3375,0.331062,356536.0,135365.5,0.9349,0.014578,0.4589,2.0,1.9735,0.7515,20260609,1.5,0.5,expanded
365,183,LVRT,1ph_g,0.1,very_weak,2.0,39.5285,0.377469,349110.2,141277.7,0.927,0.019769,0.1744,2.0,1.6941,0.5681,20260609,3.0,0.16,expanded
366,183,LVRT,1ph_g,0.1,very_weak,2.0,39.5285,0.377469,283678.9,140044.1,0.8967,0.024289,0.1565,2.0,1.6808,0.4333,20260609,3.0,0.16,expanded
367,184,LVRT,1ph_g,0.1,very_weak,2.0,39.5285,0.377469,311726.4,165523.8,0.8832,0.019316,0.4841,2.0,2.0034,0.186,20260609,3.0,0.5,expanded
368,184,LVRT,1ph_g,0.1,very_weak,2.0,39.5285,0.377469,348024.0,201986.3,0.8649,0.017072,0.5412,2.0,2.0582,0.4603,20260609,3.0,0.5,expanded
369,185,LVRT,1ph_g,0.1,very_weak,2.0,20.5499,0.392474,354489.3,182197.7,0.8894,0.016255,0.1725,2.0,1.6888,0.3319,20260609,6.0,0.16,expanded
370,185,LVRT,1ph_g,0.1,very_weak,2.0,20.5499,0.392474,332329.4,126585.3,0.9345,0.017589,0.1674,2.0,1.685,0.3007,20260609,6.0,0.16,expanded
371,186,LVRT,1ph_g,0.1,very_weak,2.0,20.5499,0.392474,290165.4,123731.9,0.9199,0.020873,0.4837,2.0,2.0045,0.6876,20260609,6.0,0.5,expanded
372,186,LVRT,1ph_g,0.1,very_weak,2.0,20.5499,0.392474,357295.4,117529.9,0.9499,0.029285,0.5167,2.0,2.046,0.5351,20260609,6.0,0.5,expanded
373,187,LVRT,1ph_g,0.1,weak,3.0,46.225,0.220708,348654.9,171631.7,0.8972,0.01645,0.1433,2.0,1.6598,0.3178,20260609,1.5,0.16,expanded
374,187,LVRT,1ph_g,0.1,weak,3.0,46.225,0.220708,345909.5,145885.9,0.9214,0.017035,0.17,2.0,1.687,0.2609,20260609,1.5,0.16,expanded
375,188,LVRT,1ph_g,0.1,weak,3.0,46.225,0.220708,302428.0,171978.6,0.8693,0.023077,0.4642,2.0,1.9872,0.5686,20260609,1.5,0.5,expanded
376,188,LVRT,1ph_g,0.1,weak,3.0,46.225,0.220708,309139.8,130891.9,0.9209,0.022556,0.5338,2.0,2.0563,0.6197,20260609,1.5,0.5,expanded
377,189,LVRT,1ph_g,0.1,weak,3.0,26.3523,0.251646,316429.9,146444.8,0.9075,0.027833,0.1495,2.0,1.6773,0.7416,20260609,3.0,0.16,expanded
378,189,LVRT,1ph_g,0.1,weak,3.0,26.3523,0.251646,296728.6,104997.7,0.9427,0.021108,0.1438,2.0,1.6649,0.6038,20260609,3.0,0.16,expanded
379,190,LVRT,1ph_g,0.1,weak,3.0,26.3523,0.251646,307499.0,168817.5,0.8766,0.015818,0.5467,2.0,2.0626,0.5676,20260609,3.0,0.5,expanded
380,190,LVRT,1ph_g,0.1,weak,3.0,26.3523,0.251646,334659.9,186864.1,0.8731,0.014265,0.5261,2.0,2.0403,0.0735,20260609,3.0,0.5,expanded
381,191,LVRT,1ph_g,0.1,weak,3.0,13.6999,0.261649,354515.8,217777.8,0.8521,0.026102,0.1682,2.0,1.6943,0.6701,20260609,6.0,0.16,expanded
382,191,LVRT,1ph_g,0.1,weak,3.0,13.6999,0.261649,301494.9,123306.3,0.9256,0.023914,0.1524,2.0,1.6764,0.483,20260609,6.0,0.16,expanded
383,192,LVRT,1ph_g,0.1,weak,3.0,13.6999,0.261649,297518.0,133107.5,0.9128,0.012302,0.5163,2.0,2.0286,0.6072,20260609,6.0,0.5,expanded
384,192,LVRT,1ph_g,0.1,weak,3.0,13.6999,0.261649,341769.1,154878.9,0.9108,0.021927,0.4607,2.0,1.9827,0.6989,20260609,6.0,0.5,expanded
385,193,LVRT,1ph_g,0.1,medium,5.0,27.735,0.132425,295578.5,117471.0,0.9293,0.012084,0.176,2.0,1.6881,0.3191,20260609,1.5,0.16,expanded
386,193,LVRT,1ph_g,0.1,medium,5.0,27.735,0.132425,352954.3,213237.4,0.8559,0.01416,0.1739,2.0,1.6881,0.0819,20260609,1.5,0.16,expanded
387,194,LVRT,1ph_g,0.1,medium,5.0,27.735,0.132425,358814.9,170956.6,0.9028,0.028606,0.4608,2.0,1.9894,0.5694,20260609,1.5,0.5,expanded
388,194,LVRT,1ph_g,0.1,medium,5.0,27.735,0.132425,292209.1,178316.5,0.8536,0.017389,0.5125,2.0,2.0299,0.0804,20260609,1.5,0.5,expanded
389,195,LVRT,1ph_g,0.1,medium,5.0,15.8114,0.150988,321825.9,182070.2,0.8704,0.01846,0.1758,2.0,1.6943,0.7377,20260609,3.0,0.16,expanded
390,195,LVRT,1ph_g,0.1,medium,5.0,15.8114,0.150988,302765.4,158131.6,0.8864,0.012721,0.169,2.0,1.6817,0.4396,20260609,3.0,0.16,expanded
391,196,LVRT,1ph_g,0.1,medium,5.0,15.8114,0.150988,311362.1,168789.1,0.8791,0.025507,0.4803,2.0,2.0059,0.3541,20260609,3.0,0.5,expanded
392,196,LVRT,1ph_g,0.1,medium,5.0,15.8114,0.150988,345863.3,138507.4,0.9283,0.022788,0.5496,2.0,2.0724,0.2603,20260609,3.0,0.5,expanded
393,197,LVRT,1ph_g,0.1,medium,5.0,8.2199,0.156989,284105.5,95021.2,0.9484,0.029242,0.1699,2.0,1.6991,0.2945,20260609,6.0,0.16,expanded
394,197,LVRT,1ph_g,0.1,medium,5.0,8.2199,0.156989,332857.8,114727.7,0.9454,0.022152,0.1761,2.0,1.6982,0.269,20260609,6.0,0.16,expanded
395,198,LVRT,1ph_g,0.1,medium,5.0,8.2199,0.156989,312042.6,170902.3,0.8771,0.029289,0.5286,2.0,2.0579,0.5152,20260609,6.0,0.5,expanded
396,198,LVRT,1ph_g,0.1,medium,5.0,8.2199,0.156989,326273.5,139459.5,0.9195,0.029007,0.4865,2.0,2.0155,0.5966,20260609,6.0,0.5,expanded
397,199,LVRT,1ph_g,0.1,strong,10.0,13.8675,0.066212,288575.8,169951.5,0.8617,0.017369,0.1584,2.0,1.6757,0.6,20260609,1.5,0.16,expanded
398,199,LVRT,1ph_g,0.1,strong,10.0,13.8675,0.066212,298183.5,129572.6,0.9172,0.014585,0.1665,2.0,1.6811,0.7614,20260609,1.5,0.16,expanded
399,200,LVRT,1ph_g,0.1,strong,10.0,13.8675,0.066212,295459.1,99785.4,0.9474,0.01907,0.4722,2.0,1.9913,0.4798,20260609,1.5,0.5,expanded
400,200,LVRT,1ph_g,0.1,strong,10.0,13.8675,0.066212,313393.0,183972.5,0.8624,0.023628,0.5191,2.0,2.0428,0.4059,20260609,1.5,0.5,expanded
401,201,LVRT,1ph_g,0.1,strong,10.0,7.9057,0.075494,324786.9,194443.6,0.858,0.027787,0.1641,2.0,1.6919,0.2084,20260609,3.0,0.16,expanded
402,201,LVRT,1ph_g,0.1,strong,10.0,7.9057,0.075494,340136.9,170082.0,0.8944,0.027939,0.1491,2.0,1.6771,0.4341,20260609,3.0,0.16,expanded
403,202,LVRT,1ph_g,0.1,strong,10.0,7.9057,0.075494,297181.2,172518.1,0.8648,0.018619,0.4718,2.0,1.9904,0.2148,20260609,3.0,0.5,expanded
404,202,LVRT,1ph_g,0.1,strong,10.0,7.9057,0.075494,322829.0,109996.4,0.9466,0.025751,0.4888,2.0,2.0145,0.5175,20260609,3.0,0.5,expanded
405,203,LVRT,1ph_g,0.1,strong,10.0,4.11,0.078495,345760.1,135807.5,0.9308,0.027128,0.1631,2.0,1.6902,0.7536,20260609,6.0,0.16,expanded
406,203,LVRT,1ph_g,0.1,strong,10.0,4.11,0.078495,284507.5,172043.0,0.8557,0.015632,0.14,2.0,1.6557,0.4638,20260609,6.0,0.16,expanded
407,204,LVRT,1ph_g,0.1,strong,10.0,4.11,0.078495,348472.5,183581.6,0.8847,0.026454,0.5102,2.0,2.0367,0.4706,20260609,6.0,0.5,expanded
408,204,LVRT,1ph_g,0.1,strong,10.0,4.11,0.078495,301267.5,148523.3,0.8969,0.019675,0.5334,2.0,2.0531,0.4466,20260609,6.0,0.5,expanded
409,205,LVRT,1ph_g,0.1,very_strong,15.0,9.245,0.044142,356667.7,167582.2,0.9051,0.029314,0.1503,2.0,1.6796,0.46,20260609,1.5,0.16,expanded
410,205,LVRT,1ph_g,0.1,very_strong,15.0,9.245,0.044142,292076.6,121218.9,0.9236,0.017852,0.151,2.0,1.6688,0.2936,20260609,1.5,0.16,expanded
411,206,LVRT,1ph_g,0.1,very_strong,15.0,9.245,0.044142,341199.0,173994.1,0.8909,0.017968,0.538,2.0,2.056,0.3504,20260609,1.5,0.5,expanded
412,206,LVRT,1ph_g,0.1,very_strong,15.0,9.245,0.044142,334108.1,136811.4,0.9254,0.013092,0.5196,2.0,2.0327,0.0658,20260609,1.5,0.5,expanded
413,207,LVRT,1ph_g,0.1,very_strong,15.0,5.2705,0.050329,294531.0,100092.3,0.9468,0.019727,0.1626,2.0,1.6824,0.5514,20260609,3.0,0.16,expanded
414,207,LVRT,1ph_g,0.1,very_strong,15.0,5.2705,0.050329,299727.7,99755.9,0.9488,0.028246,0.1622,2.0,1.6904,0.1013,20260609,3.0,0.16,expanded
415,208,LVRT,1ph_g,0.1,very_strong,15.0,5.2705,0.050329,285035.3,122001.0,0.9193,0.012289,0.5011,2.0,2.0134,0.0601,20260609,3.0,0.5,expanded
416,208,LVRT,1ph_g,0.1,very_strong,15.0,5.2705,0.050329,335144.0,149782.8,0.913,0.012146,0.4838,2.0,1.9959,0.318,20260609,3.0,0.5,expanded
417,209,LVRT,1ph_g,0.1,very_strong,15.0,2.74,0.05233,322773.9,140368.4,0.917,0.029615,0.1786,2.0,1.7082,0.4829,20260609,6.0,0.16,expanded
418,209,LVRT,1ph_g,0.1,very_strong,15.0,2.74,0.05233,353429.0,211343.6,0.8583,0.016279,0.1785,2.0,1.6948,0.7128,20260609,6.0,0.16,expanded
419,210,LVRT,1ph_g,0.1,very_strong,15.0,2.74,0.05233,331039.0,124374.4,0.9361,0.017906,0.4639,2.0,1.9818,0.526,20260609,6.0,0.5,expanded
420,210,LVRT,1ph_g,0.1,very_strong,15.0,2.74,0.05233,307165.7,170764.9,0.874,0.018372,0.4966,2.0,2.015,0.4755,20260609,6.0,0.5,expanded
421,211,LVRT,1ph_g,0.2,very_weak,2.0,69.3375,0.331062,323910.1,176232.7,0.8784,0.023953,0.146,2.0,1.67,0.6067,20260609,1.5,0.16,expanded
422,211,LVRT,1ph_g,0.2,very_weak,2.0,69.3375,0.331062,324062.7,136814.4,0.9213,0.020593,0.1753,2.0,1.6959,0.1038,20260609,1.5,0.16,expanded
423,212,LVRT,1ph_g,0.2,very_weak,2.0,69.3375,0.331062,326064.1,141470.7,0.9174,0.018227,0.5023,2.0,2.0205,0.6304,20260609,1.5,0.5,expanded
424,212,LVRT,1ph_g,0.2,very_weak,2.0,69.3375,0.331062,286079.1,118057.7,0.9244,0.020247,0.5335,2.0,2.0537,0.4437,20260609,1.5,0.5,expanded
425,213,LVRT,1ph_g,0.2,very_weak,2.0,39.5285,0.377469,289896.2,172772.1,0.859,0.021595,0.1646,2.0,1.6862,0.7012,20260609,3.0,0.16,expanded
426,213,LVRT,1ph_g,0.2,very_weak,2.0,39.5285,0.377469,302922.0,163152.0,0.8804,0.012303,0.1467,2.0,1.659,0.7139,20260609,3.0,0.16,expanded
427,214,LVRT,1ph_g,0.2,very_weak,2.0,39.5285,0.377469,327696.5,202134.0,0.8511,0.023044,0.5056,2.0,2.0286,0.0648,20260609,3.0,0.5,expanded
428,214,LVRT,1ph_g,0.2,very_weak,2.0,39.5285,0.377469,355101.9,201474.7,0.8698,0.01882,0.4602,2.0,1.9791,0.5059,20260609,3.0,0.5,expanded
429,215,LVRT,1ph_g,0.2,very_weak,2.0,20.5499,0.392474,316996.9,147349.1,0.9068,0.018807,0.1636,2.0,1.6824,0.4973,20260609,6.0,0.16,expanded
430,215,LVRT,1ph_g,0.2,very_weak,2.0,20.5499,0.392474,345199.7,172862.5,0.8942,0.021559,0.1412,2.0,1.6627,0.3473,20260609,6.0,0.16,expanded
431,216,LVRT,1ph_g,0.2,very_weak,2.0,20.5499,0.392474,356022.3,210069.9,0.8613,0.025994,0.4642,2.0,1.9902,0.1627,20260609,6.0,0.5,expanded
432,216,LVRT,1ph_g,0.2,very_weak,2.0,20.5499,0.392474,295230.8,137053.0,0.907,0.013749,0.5082,2.0,2.022,0.6294,20260609,6.0,0.5,expanded
433,217,LVRT,1ph_g,0.2,weak,3.0,46.225,0.220708,310793.0,129021.8,0.9236,0.023381,0.1764,2.0,1.6998,0.3059,20260609,1.5,0.16,expanded
434,217,LVRT,1ph_g,0.2,weak,3.0,46.225,0.220708,311509.0,181104.0,0.8645,0.028968,0.1568,2.0,1.6858,0.5288,20260609,1.5,0.16,expanded
435,218,LVRT,1ph_g,0.2,weak,3.0,46.225,0.220708,329536.6,189637.0,0.8667,0.020555,0.457,2.0,1.9775,0.34,20260609,1.5,0.5,expanded
436,218,LVRT,1ph_g,0.2,weak,3.0,46.225,0.220708,291287.4,154009.1,0.884,0.013737,0.5339,2.0,2.0477,0.7433,20260609,1.5,0.5,expanded
437,219,LVRT,1ph_g,0.2,weak,3.0,26.3523,0.251646,298990.8,163767.2,0.8771,0.019885,0.1749,2.0,1.6948,0.293,20260609,3.0,0.16,expanded
438,219,LVRT,1ph_g,0.2,weak,3.0,26.3523,0.251646,290920.2,140076.0,0.901,0.01874,0.1739,2.0,1.6927,0.5145,20260609,3.0,0.16,expanded
439,220,LVRT,1ph_g,0.2,weak,3.0,26.3523,0.251646,327720.9,183592.0,0.8724,0.026622,0.4805,2.0,2.0071,0.3278,20260609,3.0,0.5,expanded
440,220,LVRT,1ph_g,0.2,weak,3.0,26.3523,0.251646,317939.5,177819.6,0.8728,0.024822,0.4937,2.0,2.0185,0.7796,20260609,3.0,0.5,expanded
441,221,LVRT,1ph_g,0.2,weak,3.0,13.6999,0.261649,356794.9,180184.7,0.8926,0.020492,0.1638,2.0,1.6843,0.6391,20260609,6.0,0.16,expanded
442,221,LVRT,1ph_g,0.2,weak,3.0,13.6999,0.261649,326016.8,188705.8,0.8655,0.018126,0.1749,2.0,1.693,0.0929,20260609,6.0,0.16,expanded
443,222,LVRT,1ph_g,0.2,weak,3.0,13.6999,0.261649,340049.1,154737.2,0.9102,0.017456,0.4849,2.0,2.0023,0.783,20260609,6.0,0.5,expanded
444,222,LVRT,1ph_g,0.2,weak,3.0,13.6999,0.261649,288569.7,149078.5,0.8884,0.015564,0.4771,2.0,1.9926,0.4492,20260609,6.0,0.5,expanded
445,223,LVRT,1ph_g,0.2,medium,5.0,27.735,0.132425,318967.8,147953.3,0.9072,0.02077,0.169,2.0,1.6898,0.1003,20260609,1.5,0.16,expanded
446,223,LVRT,1ph_g,0.2,medium,5.0,27.735,0.132425,321120.2,191716.5,0.8586,0.022368,0.1667,2.0,1.689,0.6272,20260609,1.5,0.16,expanded
447,224,LVRT,1ph_g,0.2,medium,5.0,27.735,0.132425,319782.0,109858.0,0.9457,0.012923,0.4688,2.0,1.9817,0.4842,20260609,1.5,0.5,expanded
448,224,LVRT,1ph_g,0.2,medium,5.0,27.735,0.132425,357125.7,136709.9,0.9339,0.023205,0.5185,2.0,2.0417,0.0607,20260609,1.5,0.5,expanded
449,225,LVRT,1ph_g,0.2,medium,5.0,15.8114,0.150988,320176.1,118722.7,0.9376,0.016241,0.146,2.0,1.6622,0.6503,20260609,3.0,0.16,expanded
450,225,LVRT,1ph_g,0.2,medium,5.0,15.8114,0.150988,351917.3,119915.7,0.9466,0.029211,0.142,2.0,1.6712,0.1283,20260609,3.0,0.16,expanded
451,226,LVRT,1ph_g,0.2,medium,5.0,15.8114,0.150988,293078.6,106790.4,0.9396,0.016792,0.4915,2.0,2.0083,0.7535,20260609,3.0,0.5,expanded
452,226,LVRT,1ph_g,0.2,medium,5.0,15.8114,0.150988,354613.3,118621.8,0.9483,0.014928,0.4749,2.0,1.9898,0.5728,20260609,3.0,0.5,expanded
453,227,LVRT,1ph_g,0.2,medium,5.0,8.2199,0.156989,346610.9,211434.9,0.8537,0.015922,0.1482,2.0,1.6641,0.484,20260609,6.0,0.16,expanded
454,227,LVRT,1ph_g,0.2,medium,5.0,8.2199,0.156989,298399.3,136130.8,0.9098,0.02144,0.175,2.0,1.6965,0.4315,20260609,6.0,0.16,expanded
455,228,LVRT,1ph_g,0.2,medium,5.0,8.2199,0.156989,337238.0,203563.8,0.8561,0.029068,0.5153,2.0,2.0444,0.2304,20260609,6.0,0.5,expanded
456,228,LVRT,1ph_g,0.2,medium,5.0,8.2199,0.156989,351818.6,160851.9,0.9095,0.013168,0.4696,2.0,1.9827,0.1603,20260609,6.0,0.5,expanded
457,229,LVRT,1ph_g,0.2,strong,10.0,13.8675,0.066212,305148.9,159408.5,0.8863,0.014567,0.1413,2.0,1.6559,0.6889,20260609,1.5,0.16,expanded
458,229,LVRT,1ph_g,0.2,strong,10.0,13.8675,0.066212,334999.5,155207.5,0.9073,0.021121,0.1455,2.0,1.6666,0.2118,20260609,1.5,0.16,expanded
459,230,LVRT,1ph_g,0.2,strong,10.0,13.8675,0.066212,328512.2,124368.1,0.9352,0.014953,0.4722,2.0,1.9871,0.4191,20260609,1.5,0.5,expanded
460,230,LVRT,1ph_g,0.2,strong,10.0,13.8675,0.066212,354740.1,134656.0,0.9349,0.022241,0.5477,2.0,2.07,0.5573,20260609,1.5,0.5,expanded
461,231,LVRT,1ph_g,0.2,strong,10.0,7.9057,0.075494,306236.2,146897.6,0.9016,0.01797,0.1429,2.0,1.6609,0.2115,20260609,3.0,0.16,expanded
462,231,LVRT,1ph_g,0.2,strong,10.0,7.9057,0.075494,311593.4,152985.2,0.8976,0.015571,0.1657,2.0,1.6812,0.7331,20260609,3.0,0.16,expanded
463,232,LVRT,1ph_g,0.2,strong,10.0,7.9057,0.075494,344533.0,137981.0,0.9283,0.012221,0.545,2.0,2.0572,0.1125,20260609,3.0,0.5,expanded
464,232,LVRT,1ph_g,0.2,strong,10.0,7.9057,0.075494,334468.3,124467.9,0.9372,0.025419,0.4844,2.0,2.0098,0.6842,20260609,3.0,0.5,expanded
465,233,LVRT,1ph_g,0.2,strong,10.0,4.11,0.078495,304368.3,106767.9,0.9436,0.020654,0.143,2.0,1.6637,0.5162,20260609,6.0,0.16,expanded
466,233,LVRT,1ph_g,0.2,strong,10.0,4.11,0.078495,322649.9,196360.1,0.8542,0.012607,0.1614,2.0,1.6741,0.7347,20260609,6.0,0.16,expanded
467,234,LVRT,1ph_g,0.2,strong,10.0,4.11,0.078495,351717.0,184421.3,0.8856,0.017227,0.4786,2.0,1.9959,0.0607,20260609,6.0,0.5,expanded
468,234,LVRT,1ph_g,0.2,strong,10.0,4.11,0.078495,324593.4,175483.1,0.8797,0.02423,0.5122,2.0,2.0364,0.054,20260609,6.0,0.5,expanded
469,235,LVRT,1ph_g,0.2,very_strong,15.0,9.245,0.044142,343690.7,207564.9,0.856,0.029105,0.1566,2.0,1.6857,0.4133,20260609,1.5,0.16,expanded
470,235,LVRT,1ph_g,0.2,very_strong,15.0,9.245,0.044142,290073.5,98917.0,0.9465,0.012334,0.1523,2.0,1.6646,0.7541,20260609,1.5,0.16,expanded
471,236,LVRT,1ph_g,0.2,very_strong,15.0,9.245,0.044142,320191.2,172445.9,0.8804,0.023986,0.4563,2.0,1.9803,0.404,20260609,1.5,0.5,expanded
472,236,LVRT,1ph_g,0.2,very_strong,15.0,9.245,0.044142,310988.8,191842.6,0.8511,0.019117,0.5314,2.0,2.0505,0.2193,20260609,1.5,0.5,expanded
473,237,LVRT,1ph_g,0.2,very_strong,15.0,5.2705,0.050329,331035.5,149447.2,0.9114,0.019481,0.1768,2.0,1.6962,0.1626,20260609,3.0,0.16,expanded
474,237,LVRT,1ph_g,0.2,very_strong,15.0,5.2705,0.050329,312915.4,115007.0,0.9386,0.025156,0.1409,2.0,1.6661,0.1829,20260609,3.0,0.16,expanded
475,238,LVRT,1ph_g,0.2,very_strong,15.0,5.2705,0.050329,350066.0,205258.0,0.8626,0.023281,0.5109,2.0,2.0342,0.7793,20260609,3.0,0.5,expanded
476,238,LVRT,1ph_g,0.2,very_strong,15.0,5.2705,0.050329,310048.8,109788.3,0.9426,0.02557,0.5427,2.0,2.0683,0.5916,20260609,3.0,0.5,expanded
477,239,LVRT,1ph_g,0.2,very_strong,15.0,2.74,0.05233,358650.9,141097.5,0.9306,0.021204,0.1648,2.0,1.686,0.7904,20260609,6.0,0.16,expanded
478,239,LVRT,1ph_g,0.2,very_strong,15.0,2.74,0.05233,311921.7,184880.1,0.8602,0.023668,0.1689,2.0,1.6926,0.1728,20260609,6.0,0.16,expanded
479,240,LVRT,1ph_g,0.2,very_strong,15.0,2.74,0.05233,346130.5,128133.3,0.9378,0.018173,0.5346,2.0,2.0528,0.3784,20260609,6.0,0.5,expanded
480,240,LVRT,1ph_g,0.2,very_strong,15.0,2.74,0.05233,340787.1,208507.9,0.853,0.018188,0.5062,2.0,2.0244,0.6364,20260609,6.0,0.5,expanded
481,241,LVRT,1ph_g,0.35,very_weak,2.0,69.3375,0.331062,286463.6,111186.6,0.9322,0.013064,0.1437,2.0,1.6568,0.1163,20260609,1.5,0.16,expanded
482,241,LVRT,1ph_g,0.35,very_weak,2.0,69.3375,0.331062,350471.7,165459.9,0.9043,0.022816,0.1728,2.0,1.6956,0.1005,20260609,1.5,0.16,expanded
483,242,LVRT,1ph_g,0.35,very_weak,2.0,69.3375,0.331062,346075.0,178775.5,0.8885,0.0153,0.4955,2.0,2.0108,0.4564,20260609,1.5,0.5,expanded
484,242,LVRT,1ph_g,0.35,very_weak,2.0,69.3375,0.331062,333079.7,135269.6,0.9265,0.016264,0.4586,2.0,1.9748,0.2114,20260609,1.5,0.5,expanded
485,243,LVRT,1ph_g,0.35,very_weak,2.0,39.5285,0.377469,300318.4,129425.3,0.9183,0.029596,0.152,2.0,1.6816,0.1362,20260609,3.0,0.16,expanded
486,243,LVRT,1ph_g,0.35,very_weak,2.0,39.5285,0.377469,354728.1,123808.2,0.9441,0.013172,0.1589,2.0,1.6721,0.7491,20260609,3.0,0.16,expanded
487,244,LVRT,1ph_g,0.35,very_weak,2.0,39.5285,0.377469,329049.1,195058.4,0.8602,0.019694,0.4735,2.0,1.9932,0.4884,20260609,3.0,0.5,expanded
488,244,LVRT,1ph_g,0.35,very_weak,2.0,39.5285,0.377469,322375.7,138365.5,0.9189,0.029216,0.4657,2.0,1.9949,0.774,20260609,3.0,0.5,expanded
489,245,LVRT,1ph_g,0.35,very_weak,2.0,20.5499,0.392474,348127.8,159835.6,0.9088,0.026626,0.1479,2.0,1.6746,0.0727,20260609,6.0,0.16,expanded
490,245,LVRT,1ph_g,0.35,very_weak,2.0,20.5499,0.392474,344145.4,173003.0,0.8935,0.022627,0.1781,2.0,1.7007,0.7634,20260609,6.0,0.16,expanded
491,246,LVRT,1ph_g,0.35,very_weak,2.0,20.5499,0.392474,292391.9,142230.7,0.8993,0.026683,0.5144,2.0,2.0411,0.1231,20260609,6.0,0.5,expanded
492,246,LVRT,1ph_g,0.35,very_weak,2.0,20.5499,0.392474,357440.5,168219.1,0.9048,0.018859,0.5339,2.0,2.0528,0.0869,20260609,6.0,0.5,expanded
493,247,LVRT,1ph_g,0.35,weak,3.0,46.225,0.220708,309259.7,119372.5,0.9329,0.028456,0.1655,2.0,1.694,0.0669,20260609,1.5,0.16,expanded
494,247,LVRT,1ph_g,0.35,weak,3.0,46.225,0.220708,325228.8,157175.8,0.9004,0.028587,0.1685,2.0,1.6971,0.2194,20260609,1.5,0.16,expanded
495,248,LVRT,1ph_g,0.35,weak,3.0,46.225,0.220708,346338.4,137285.0,0.9296,0.020547,0.457,2.0,1.9775,0.7936,20260609,1.5,0.5,expanded
496,248,LVRT,1ph_g,0.35,weak,3.0,46.225,0.220708,302281.4,127796.7,0.9211,0.027966,0.52,2.0,2.048,0.3816,20260609,1.5,0.5,expanded
497,249,LVRT,1ph_g,0.35,weak,3.0,26.3523,0.251646,329437.3,187392.8,0.8692,0.012693,0.1622,2.0,1.6749,0.559,20260609,3.0,0.16,expanded
498,249,LVRT,1ph_g,0.35,weak,3.0,26.3523,0.251646,350659.5,164266.3,0.9056,0.023166,0.1586,2.0,1.6818,0.7615,20260609,3.0,0.16,expanded
499,250,LVRT,1ph_g,0.35,weak,3.0,26.3523,0.251646,319910.4,106892.0,0.9485,0.016566,0.5395,2.0,2.0561,0.6963,20260609,3.0,0.5,expanded
500,250,LVRT,1ph_g,0.35,weak,3.0,26.3523,0.251646,343310.4,136294.4,0.9294,0.028592,0.4528,2.0,1.9814,0.11,20260609,3.0,0.5,expanded
501,251,LVRT,1ph_g,0.35,weak,3.0,13.6999,0.261649,308954.9,143226.9,0.9073,0.022496,0.1653,2.0,1.6878,0.2895,20260609,6.0,0.16,expanded
502,251,LVRT,1ph_g,0.35,weak,3.0,13.6999,0.261649,317317.7,158822.9,0.8942,0.017994,0.1773,2.0,1.6953,0.1181,20260609,6.0,0.16,expanded
503,252,LVRT,1ph_g,0.35,weak,3.0,13.6999,0.261649,297780.3,116752.8,0.931,0.022225,0.4582,2.0,1.9804,0.6767,20260609,6.0,0.5,expanded
504,252,LVRT,1ph_g,0.35,weak,3.0,13.6999,0.261649,314196.7,128951.6,0.9251,0.014201,0.4596,2.0,1.9738,0.1525,20260609,6.0,0.5,expanded
505,253,LVRT,1ph_g,0.35,medium,5.0,27.735,0.132425,341316.5,147224.1,0.9182,0.018344,0.1697,2.0,1.6881,0.2556,20260609,1.5,0.16,expanded
506,253,LVRT,1ph_g,0.35,medium,5.0,27.735,0.132425,339042.9,203215.7,0.8577,0.019995,0.1552,2.0,1.6752,0.5295,20260609,1.5,0.16,expanded
507,254,LVRT,1ph_g,0.35,medium,5.0,27.735,0.132425,320618.1,166735.6,0.8872,0.017168,0.548,2.0,2.0652,0.5946,20260609,1.5,0.5,expanded
508,254,LVRT,1ph_g,0.35,medium,5.0,27.735,0.132425,295928.3,104126.4,0.9433,0.023786,0.532,2.0,2.0558,0.1872,20260609,1.5,0.5,expanded
509,255,LVRT,1ph_g,0.35,medium,5.0,15.8114,0.150988,330360.2,169391.0,0.8898,0.015392,0.1793,2.0,1.6947,0.1225,20260609,3.0,0.16,expanded
510,255,LVRT,1ph_g,0.35,medium,5.0,15.8114,0.150988,282268.9,155100.0,0.8764,0.022115,0.1648,2.0,1.6869,0.26,20260609,3.0,0.16,expanded
511,256,LVRT,1ph_g,0.35,medium,5.0,15.8114,0.150988,344047.5,187923.5,0.8776,0.012335,0.483,2.0,1.9953,0.659,20260609,3.0,0.5,expanded
512,256,LVRT,1ph_g,0.35,medium,5.0,15.8114,0.150988,333527.7,130635.4,0.9311,0.024214,0.5,2.0,2.0242,0.7332,20260609,3.0,0.5,expanded
513,257,LVRT,1ph_g,0.35,medium,5.0,8.2199,0.156989,289293.6,111357.9,0.9332,0.016644,0.1658,2.0,1.6825,0.3933,20260609,6.0,0.16,expanded
514,257,LVRT,1ph_g,0.35,medium,5.0,8.2199,0.156989,328244.0,183233.2,0.8732,0.027037,0.1698,2.0,1.6968,0.3761,20260609,6.0,0.16,expanded
515,258,LVRT,1ph_g,0.35,medium,5.0,8.2199,0.156989,317009.6,193104.4,0.854,0.016404,0.4517,2.0,1.9681,0.1407,20260609,6.0,0.5,expanded
516,258,LVRT,1ph_g,0.35,medium,5.0,8.2199,0.156989,335306.3,182199.7,0.8787,0.022755,0.5385,2.0,2.0613,0.0975,20260609,6.0,0.5,expanded
517,259,LVRT,1ph_g,0.35,strong,10.0,13.8675,0.066212,356883.3,120292.7,0.9476,0.015395,0.1788,2.0,1.6942,0.4858,20260609,1.5,0.16,expanded
518,259,LVRT,1ph_g,0.35,strong,10.0,13.8675,0.066212,332738.0,184787.0,0.8742,0.013658,0.177,2.0,1.6907,0.5824,20260609,1.5,0.16,expanded
519,260,LVRT,1ph_g,0.35,strong,10.0,13.8675,0.066212,345809.8,138212.2,0.9286,0.027546,0.4606,2.0,1.9881,0.6666,20260609,1.5,0.5,expanded
520,260,LVRT,1ph_g,0.35,strong,10.0,13.8675,0.066212,323906.4,163666.7,0.8925,0.025954,0.4782,2.0,2.0041,0.2209,20260609,1.5,0.5,expanded
521,261,LVRT,1ph_g,0.35,strong,10.0,7.9057,0.075494,291272.7,159210.0,0.8775,0.014539,0.1467,2.0,1.6613,0.5387,20260609,3.0,0.16,expanded
522,261,LVRT,1ph_g,0.35,strong,10.0,7.9057,0.075494,287994.8,177509.2,0.8513,0.014568,0.1731,2.0,1.6876,0.2798,20260609,3.0,0.16,expanded
523,262,LVRT,1ph_g,0.35,strong,10.0,7.9057,0.075494,336975.6,144269.3,0.9193,0.028746,0.5035,2.0,2.0323,0.4007,20260609,3.0,0.5,expanded
524,262,LVRT,1ph_g,0.35,strong,10.0,7.9057,0.075494,319728.3,117889.0,0.9383,0.020526,0.4775,2.0,1.9981,0.1074,20260609,3.0,0.5,expanded
525,263,LVRT,1ph_g,0.35,strong,10.0,4.11,0.078495,343586.6,181480.6,0.8842,0.024589,0.1582,2.0,1.6828,0.1325,20260609,6.0,0.16,expanded
526,263,LVRT,1ph_g,0.35,strong,10.0,4.11,0.078495,294882.9,148865.2,0.8927,0.012385,0.1617,2.0,1.6741,0.1852,20260609,6.0,0.16,expanded
527,264,LVRT,1ph_g,0.35,strong,10.0,4.11,0.078495,314072.4,164056.9,0.8864,0.019419,0.5293,2.0,2.0487,0.2095,20260609,6.0,0.5,expanded
528,264,LVRT,1ph_g,0.35,strong,10.0,4.11,0.078495,320229.0,142187.0,0.914,0.026443,0.5208,2.0,2.0473,0.29,20260609,6.0,0.5,expanded
529,265,LVRT,1ph_g,0.35,very_strong,15.0,9.245,0.044142,303524.7,168738.5,0.874,0.020515,0.1507,2.0,1.6712,0.2451,20260609,1.5,0.16,expanded
530,265,LVRT,1ph_g,0.35,very_strong,15.0,9.245,0.044142,296011.4,136809.4,0.9077,0.022425,0.1685,2.0,1.691,0.5931,20260609,1.5,0.16,expanded
531,266,LVRT,1ph_g,0.35,very_strong,15.0,9.245,0.044142,345323.4,170157.0,0.897,0.025097,0.4609,2.0,1.986,0.384,20260609,1.5,0.5,expanded
532,266,LVRT,1ph_g,0.35,very_strong,15.0,9.245,0.044142,302739.6,157841.1,0.8867,0.021471,0.4854,2.0,2.0069,0.0632,20260609,1.5,0.5,expanded
533,267,LVRT,1ph_g,0.35,very_strong,15.0,5.2705,0.050329,333148.7,176532.3,0.8836,0.025903,0.1521,2.0,1.678,0.4739,20260609,3.0,0.16,expanded
534,267,LVRT,1ph_g,0.35,very_strong,15.0,5.2705,0.050329,319789.6,166017.7,0.8875,0.015984,0.1527,2.0,1.6687,0.3018,20260609,3.0,0.16,expanded
535,268,LVRT,1ph_g,0.35,very_strong,15.0,5.2705,0.050329,316438.2,126191.7,0.9289,0.020162,0.4782,2.0,1.9984,0.2083,20260609,3.0,0.5,expanded
536,268,LVRT,1ph_g,0.35,very_strong,15.0,5.2705,0.050329,288660.8,121859.5,0.9213,0.014376,0.5201,2.0,2.0345,0.5917,20260609,3.0,0.5,expanded
537,269,LVRT,1ph_g,0.35,very_strong,15.0,2.74,0.05233,300811.0,107645.5,0.9415,0.013151,0.1621,2.0,1.6752,0.1148,20260609,6.0,0.16,expanded
538,269,LVRT,1ph_g,0.35,very_strong,15.0,2.74,0.05233,347482.7,141067.7,0.9266,0.021124,0.1431,2.0,1.6642,0.7726,20260609,6.0,0.16,expanded
539,270,LVRT,1ph_g,0.35,very_strong,15.0,2.74,0.05233,321326.2,131050.5,0.926,0.027091,0.461,2.0,1.9881,0.2173,20260609,6.0,0.5,expanded
540,270,LVRT,1ph_g,0.35,very_strong,15.0,2.74,0.05233,313781.5,172733.8,0.876,0.028666,0.4693,2.0,1.998,0.2061,20260609,6.0,0.5,expanded
541,271,LVRT,1ph_g,0.5,very_weak,2.0,69.3375,0.331062,345185.5,204572.2,0.8603,0.016007,0.1586,2.0,1.6746,0.7753,20260609,1.5,0.16,expanded
542,271,LVRT,1ph_g,0.5,very_weak,2.0,69.3375,0.331062,358987.3,213627.1,0.8594,0.016269,0.1656,2.0,1.6819,0.2891,20260609,1.5,0.16,expanded
543,272,LVRT,1ph_g,0.5,very_weak,2.0,69.3375,0.331062,348504.6,182565.1,0.8858,0.012444,0.5386,2.0,2.051,0.3922,20260609,1.5,0.5,expanded
544,272,LVRT,1ph_g,0.5,very_weak,2.0,69.3375,0.331062,351205.7,150020.4,0.9196,0.014808,0.5152,2.0,2.03,0.2149,20260609,1.5,0.5,expanded
545,273,LVRT,1ph_g,0.5,very_weak,2.0,39.5285,0.377469,322491.1,157336.2,0.8987,0.0236,0.1416,2.0,1.6652,0.7426,20260609,3.0,0.16,expanded
546,273,LVRT,1ph_g,0.5,very_weak,2.0,39.5285,0.377469,294128.9,173340.4,0.8615,0.020511,0.1442,2.0,1.6647,0.7113,20260609,3.0,0.16,expanded
547,274,LVRT,1ph_g,0.5,very_weak,2.0,39.5285,0.377469,301108.0,180807.9,0.8573,0.019527,0.4921,2.0,2.0117,0.7143,20260609,3.0,0.5,expanded
548,274,LVRT,1ph_g,0.5,very_weak,2.0,39.5285,0.377469,335257.5,198926.4,0.86,0.021196,0.4828,2.0,2.004,0.3487,20260609,3.0,0.5,expanded
549,275,LVRT,1ph_g,0.5,very_weak,2.0,20.5499,0.392474,345667.3,161241.3,0.9063,0.027396,0.1514,2.0,1.6788,0.7911,20260609,6.0,0.16,expanded
550,275,LVRT,1ph_g,0.5,very_weak,2.0,20.5499,0.392474,339215.7,160737.9,0.9037,0.024593,0.1712,2.0,1.6958,0.4914,20260609,6.0,0.16,expanded
551,276,LVRT,1ph_g,0.5,very_weak,2.0,20.5499,0.392474,354499.8,124675.3,0.9434,0.026441,0.4557,2.0,1.9821,0.5494,20260609,6.0,0.5,expanded
552,276,LVRT,1ph_g,0.5,very_weak,2.0,20.5499,0.392474,302111.8,162117.1,0.8812,0.019906,0.4839,2.0,2.0038,0.6794,20260609,6.0,0.5,expanded
553,277,LVRT,1ph_g,0.5,weak,3.0,46.225,0.220708,299487.9,154132.0,0.8892,0.014186,0.1616,2.0,1.6757,0.327,20260609,1.5,0.16,expanded
554,277,LVRT,1ph_g,0.5,weak,3.0,46.225,0.220708,304793.0,153625.8,0.893,0.02722,0.1579,2.0,1.6851,0.7452,20260609,1.5,0.16,expanded
555,278,LVRT,1ph_g,0.5,weak,3.0,46.225,0.220708,289415.2,132160.1,0.9096,0.014443,0.5237,2.0,2.0382,0.2205,20260609,1.5,0.5,expanded
556,278,LVRT,1ph_g,0.5,weak,3.0,46.225,0.220708,316775.4,178281.6,0.8715,0.02313,0.458,2.0,1.9811,0.6938,20260609,1.5,0.5,expanded
557,279,LVRT,1ph_g,0.5,weak,3.0,26.3523,0.251646,330866.9,121638.3,0.9386,0.020739,0.1445,2.0,1.6652,0.3875,20260609,3.0,0.16,expanded
558,279,LVRT,1ph_g,0.5,weak,3.0,26.3523,0.251646,328620.8,176301.4,0.8812,0.01851,0.1602,2.0,1.6787,0.3694,20260609,3.0,0.16,expanded
559,280,LVRT,1ph_g,0.5,weak,3.0,26.3523,0.251646,318640.0,156121.0,0.898,0.028877,0.5298,2.0,2.0587,0.2907,20260609,3.0,0.5,expanded
560,280,LVRT,1ph_g,0.5,weak,3.0,26.3523,0.251646,311527.1,182780.7,0.8625,0.020416,0.4597,2.0,1.9801,0.6504,20260609,3.0,0.5,expanded
561,281,LVRT,1ph_g,0.5,weak,3.0,13.6999,0.261649,325838.5,154538.0,0.9035,0.025445,0.1752,2.0,1.7007,0.1713,20260609,6.0,0.16,expanded
562,281,LVRT,1ph_g,0.5,weak,3.0,13.6999,0.261649,331794.3,201962.2,0.8542,0.01421,0.1551,2.0,1.6693,0.6064,20260609,6.0,0.16,expanded
563,282,LVRT,1ph_g,0.5,weak,3.0,13.6999,0.261649,301994.6,141278.1,0.9058,0.022132,0.51,2.0,2.0321,0.3977,20260609,6.0,0.5,expanded
564,282,LVRT,1ph_g,0.5,weak,3.0,13.6999,0.261649,312022.7,192363.6,0.8512,0.016757,0.5124,2.0,2.0291,0.3597,20260609,6.0,0.5,expanded
565,283,LVRT,1ph_g,0.5,medium,5.0,27.735,0.132425,304726.1,110694.4,0.9399,0.01306,0.17,2.0,1.683,0.5137,20260609,1.5,0.16,expanded
566,283,LVRT,1ph_g,0.5,medium,5.0,27.735,0.132425,291651.0,96180.2,0.9497,0.026131,0.1443,2.0,1.6704,0.3067,20260609,1.5,0.16,expanded
567,284,LVRT,1ph_g,0.5,medium,5.0,27.735,0.132425,299752.7,163694.6,0.8777,0.026546,0.5093,2.0,2.0358,0.1184,20260609,1.5,0.5,expanded
568,284,LVRT,1ph_g,0.5,medium,5.0,27.735,0.132425,288088.0,116741.5,0.9268,0.013095,0.5092,2.0,2.0223,0.1124,20260609,1.5,0.5,expanded
569,285,LVRT,1ph_g,0.5,medium,5.0,15.8114,0.150988,321045.0,187246.9,0.8638,0.016099,0.152,2.0,1.668,0.3394,20260609,3.0,0.16,expanded
570,285,LVRT,1ph_g,0.5,medium,5.0,15.8114,0.150988,325971.1,183009.1,0.872,0.025444,0.1653,2.0,1.6908,0.2843,20260609,3.0,0.16,expanded
571,286,LVRT,1ph_g,0.5,medium,5.0,15.8114,0.150988,345855.8,188351.2,0.8782,0.029321,0.524,2.0,2.0534,0.7786,20260609,3.0,0.5,expanded
572,286,LVRT,1ph_g,0.5,medium,5.0,15.8114,0.150988,303228.7,186433.3,0.8519,0.013434,0.4655,2.0,1.9789,0.761,20260609,3.0,0.5,expanded
573,287,LVRT,1ph_g,0.5,medium,5.0,8.2199,0.156989,288274.9,138530.5,0.9013,0.014344,0.1667,2.0,1.681,0.4349,20260609,6.0,0.16,expanded
574,287,LVRT,1ph_g,0.5,medium,5.0,8.2199,0.156989,323644.0,190402.9,0.8619,0.01936,0.1499,2.0,1.6693,0.5446,20260609,6.0,0.16,expanded
575,288,LVRT,1ph_g,0.5,medium,5.0,8.2199,0.156989,309254.5,159218.3,0.8891,0.023345,0.5192,2.0,2.0425,0.4951,20260609,6.0,0.5,expanded
576,288,LVRT,1ph_g,0.5,medium,5.0,8.2199,0.156989,300444.3,179528.0,0.8584,0.025947,0.4546,2.0,1.9805,0.3566,20260609,6.0,0.5,expanded
577,289,LVRT,1ph_g,0.5,strong,10.0,13.8675,0.066212,351918.4,216465.3,0.8518,0.026439,0.1568,2.0,1.6832,0.377,20260609,1.5,0.16,expanded
578,289,LVRT,1ph_g,0.5,strong,10.0,13.8675,0.066212,290205.6,165998.3,0.868,0.013836,0.1654,2.0,1.6793,0.2576,20260609,1.5,0.16,expanded
579,290,LVRT,1ph_g,0.5,strong,10.0,13.8675,0.066212,287746.1,134239.0,0.9062,0.015701,0.5261,2.0,2.0418,0.2347,20260609,1.5,0.5,expanded
580,290,LVRT,1ph_g,0.5,strong,10.0,13.8675,0.066212,314274.7,164223.5,0.8863,0.018693,0.5463,2.0,2.065,0.4061,20260609,1.5,0.5,expanded
581,291,LVRT,1ph_g,0.5,strong,10.0,7.9057,0.075494,297542.0,106760.0,0.9412,0.016208,0.1529,2.0,1.6691,0.6405,20260609,3.0,0.16,expanded
582,291,LVRT,1ph_g,0.5,strong,10.0,7.9057,0.075494,314992.3,163029.7,0.8881,0.029791,0.1428,2.0,1.6725,0.6762,20260609,3.0,0.16,expanded
583,292,LVRT,1ph_g,0.5,strong,10.0,7.9057,0.075494,284897.3,153221.0,0.8807,0.015859,0.549,2.0,2.0649,0.0641,20260609,3.0,0.5,expanded
584,292,LVRT,1ph_g,0.5,strong,10.0,7.9057,0.075494,318437.7,176149.5,0.875,0.022667,0.4501,2.0,1.9727,0.7299,20260609,3.0,0.5,expanded
585,293,LVRT,1ph_g,0.5,strong,10.0,4.11,0.078495,294395.0,143119.3,0.8994,0.026326,0.1574,2.0,1.6837,0.5221,20260609,6.0,0.16,expanded
586,293,LVRT,1ph_g,0.5,strong,10.0,4.11,0.078495,356099.5,183517.2,0.8889,0.018835,0.157,2.0,1.6758,0.1338,20260609,6.0,0.16,expanded
587,294,LVRT,1ph_g,0.5,strong,10.0,4.11,0.078495,352607.7,162913.5,0.9078,0.029687,0.4594,2.0,1.9891,0.5195,20260609,6.0,0.5,expanded
588,294,LVRT,1ph_g,0.5,strong,10.0,4.11,0.078495,296806.2,140664.3,0.9037,0.017992,0.4626,2.0,1.9806,0.5654,20260609,6.0,0.5,expanded
589,295,LVRT,1ph_g,0.5,very_strong,15.0,9.245,0.044142,323495.1,137964.7,0.9198,0.014293,0.1702,2.0,1.6845,0.7222,20260609,1.5,0.16,expanded
590,295,LVRT,1ph_g,0.5,very_strong,15.0,9.245,0.044142,328519.2,122914.1,0.9366,0.013579,0.1631,2.0,1.6766,0.1679,20260609,1.5,0.16,expanded
591,296,LVRT,1ph_g,0.5,very_strong,15.0,9.245,0.044142,299466.2,136787.2,0.9096,0.025219,0.4692,2.0,1.9944,0.6582,20260609,1.5,0.5,expanded
592,296,LVRT,1ph_g,0.5,very_strong,15.0,9.245,0.044142,359449.6,139618.3,0.9322,0.013682,0.5036,2.0,2.0173,0.4212,20260609,1.5,0.5,expanded
593,297,LVRT,1ph_g,0.5,very_strong,15.0,5.2705,0.050329,290584.7,162895.0,0.8723,0.016513,0.1466,2.0,1.6631,0.2509,20260609,3.0,0.16,expanded
594,297,LVRT,1ph_g,0.5,very_strong,15.0,5.2705,0.050329,348774.9,139753.9,0.9283,0.017178,0.1728,2.0,1.69,0.7253,20260609,3.0,0.16,expanded
595,298,LVRT,1ph_g,0.5,very_strong,15.0,5.2705,0.050329,309786.2,140724.0,0.9105,0.027287,0.5489,2.0,2.0762,0.3875,20260609,3.0,0.5,expanded
596,298,LVRT,1ph_g,0.5,very_strong,15.0,5.2705,0.050329,319937.2,167695.6,0.8857,0.024116,0.4765,2.0,2.0006,0.7065,20260609,3.0,0.5,expanded
597,299,LVRT,1ph_g,0.5,very_strong,15.0,2.74,0.05233,284296.6,164196.7,0.8659,0.023332,0.17,2.0,1.6933,0.2566,20260609,6.0,0.16,expanded
598,299,LVRT,1ph_g,0.5,very_strong,15.0,2.74,0.05233,331467.8,131289.1,0.9297,0.017964,0.1499,2.0,1.6678,0.4888,20260609,6.0,0.16,expanded
599,300,LVRT,1ph_g,0.5,very_strong,15.0,2.74,0.05233,321841.9,166178.7,0.8885,0.025212,0.4789,2.0,2.0041,0.3336,20260609,6.0,0.5,expanded
600,300,LVRT,1ph_g,0.5,very_strong,15.0,2.74,0.05233,358035.6,179991.9,0.8935,0.018931,0.4507,2.0,1.9697,0.2789,20260609,6.0,0.5,expanded
601,301,LVRT,1ph_g,0.7,very_weak,2.0,69.3375,0.331062,301687.7,111134.0,0.9384,0.013782,0.1628,2.0,1.6766,0.7218,20260609,1.5,0.16,expanded
602,301,LVRT,1ph_g,0.7,very_weak,2.0,69.3375,0.331062,343544.6,197429.3,0.867,0.021929,0.1495,2.0,1.6715,0.2179,20260609,1.5,0.16,expanded
603,302,LVRT,1ph_g,0.7,very_weak,2.0,69.3375,0.331062,350677.4,177506.2,0.8922,0.019996,0.4915,2.0,2.0115,0.1725,20260609,1.5,0.5,expanded
604,302,LVRT,1ph_g,0.7,very_weak,2.0,69.3375,0.331062,316809.8,175121.6,0.8752,0.029809,0.5371,2.0,2.0669,0.6434,20260609,1.5,0.5,expanded
605,303,LVRT,1ph_g,0.7,very_weak,2.0,39.5285,0.377469,333173.6,185777.6,0.8734,0.02114,0.169,2.0,1.6901,0.7376,20260609,3.0,0.16,expanded
606,303,LVRT,1ph_g,0.7,very_weak,2.0,39.5285,0.377469,298456.3,127296.9,0.9198,0.023959,0.1749,2.0,1.6988,0.4909,20260609,3.0,0.16,expanded
607,304,LVRT,1ph_g,0.7,very_weak,2.0,39.5285,0.377469,341635.5,127283.3,0.9371,0.02816,0.4837,2.0,2.0118,0.1442,20260609,3.0,0.5,expanded
608,304,LVRT,1ph_g,0.7,very_weak,2.0,39.5285,0.377469,353819.0,163039.0,0.9082,0.015952,0.4728,2.0,1.9887,0.3974,20260609,3.0,0.5,expanded
609,305,LVRT,1ph_g,0.7,very_weak,2.0,20.5499,0.392474,356135.9,165063.6,0.9073,0.012059,0.151,2.0,1.663,0.18,20260609,6.0,0.16,expanded
610,305,LVRT,1ph_g,0.7,very_weak,2.0,20.5499,0.392474,311618.8,135829.0,0.9167,0.029236,0.1434,2.0,1.6726,0.1386,20260609,6.0,0.16,expanded
611,306,LVRT,1ph_g,0.7,very_weak,2.0,20.5499,0.392474,301291.5,165041.1,0.877,0.026251,0.4898,2.0,2.016,0.0738,20260609,6.0,0.5,expanded
612,306,LVRT,1ph_g,0.7,very_weak,2.0,20.5499,0.392474,314629.3,109819.7,0.9441,0.018347,0.5264,2.0,2.0447,0.7101,20260609,6.0,0.5,expanded
613,307,LVRT,1ph_g,0.7,weak,3.0,46.225,0.220708,306256.3,144158.7,0.9048,0.018266,0.1669,2.0,1.6852,0.5683,20260609,1.5,0.16,expanded
614,307,LVRT,1ph_g,0.7,weak,3.0,46.225,0.220708,308511.5,159311.0,0.8885,0.016506,0.1656,2.0,1.6821,0.7441,20260609,1.5,0.16,expanded
615,308,LVRT,1ph_g,0.7,weak,3.0,46.225,0.220708,289771.4,130336.1,0.912,0.021064,0.4998,2.0,2.0209,0.0877,20260609,1.5,0.5,expanded
616,308,LVRT,1ph_g,0.7,weak,3.0,46.225,0.220708,280565.7,168242.8,0.8576,0.024768,0.5075,2.0,2.0323,0.1561,20260609,1.5,0.5,expanded
617,309,LVRT,1ph_g,0.7,weak,3.0,26.3523,0.251646,284535.5,134273.6,0.9044,0.016775,0.1563,2.0,1.673,0.7181,20260609,3.0,0.16,expanded
618,309,LVRT,1ph_g,0.7,weak,3.0,26.3523,0.251646,295035.8,173220.5,0.8624,0.015803,0.1731,2.0,1.6889,0.4515,20260609,3.0,0.16,expanded
619,310,LVRT,1ph_g,0.7,weak,3.0,26.3523,0.251646,287250.5,175033.0,0.854,0.021701,0.4954,2.0,2.0171,0.5207,20260609,3.0,0.5,expanded
620,310,LVRT,1ph_g,0.7,weak,3.0,26.3523,0.251646,339055.0,126161.2,0.9372,0.014629,0.5406,2.0,2.0552,0.2298,20260609,3.0,0.5,expanded
621,311,LVRT,1ph_g,0.7,weak,3.0,13.6999,0.261649,325791.7,193514.0,0.8598,0.017485,0.1654,2.0,1.6829,0.5557,20260609,6.0,0.16,expanded
622,311,LVRT,1ph_g,0.7,weak,3.0,13.6999,0.261649,295930.5,140044.4,0.9039,0.026025,0.1603,2.0,1.6863,0.7857,20260609,6.0,0.16,expanded
623,312,LVRT,1ph_g,0.7,weak,3.0,13.6999,0.261649,330597.9,156114.3,0.9043,0.02193,0.4774,2.0,1.9993,0.6572,20260609,6.0,0.5,expanded
624,312,LVRT,1ph_g,0.7,weak,3.0,13.6999,0.261649,326217.2,154195.7,0.9041,0.017427,0.5215,2.0,2.0389,0.3443,20260609,6.0,0.5,expanded
625,313,LVRT,1ph_g,0.7,medium,5.0,27.735,0.132425,300010.4,137434.7,0.9091,0.02201,0.142,2.0,1.664,0.4927,20260609,1.5,0.16,expanded
626,313,LVRT,1ph_g,0.7,medium,5.0,27.735,0.132425,308140.2,143307.9,0.9067,0.016251,0.1526,2.0,1.6689,0.7061,20260609,1.5,0.16,expanded
627,314,LVRT,1ph_g,0.7,medium,5.0,27.735,0.132425,308833.4,158228.9,0.89,0.026174,0.5167,2.0,2.0428,0.4859,20260609,1.5,0.5,expanded
628,314,LVRT,1ph_g,0.7,medium,5.0,27.735,0.132425,282708.8,120258.4,0.9202,0.022343,0.4642,2.0,1.9866,0.418,20260609,1.5,0.5,expanded
629,315,LVRT,1ph_g,0.7,medium,5.0,15.8114,0.150988,312509.0,180844.8,0.8655,0.018385,0.1601,2.0,1.6784,0.0963,20260609,3.0,0.16,expanded
630,315,LVRT,1ph_g,0.7,medium,5.0,15.8114,0.150988,297622.5,168520.0,0.8702,0.019532,0.1671,2.0,1.6866,0.7446,20260609,3.0,0.16,expanded
631,316,LVRT,1ph_g,0.7,medium,5.0,15.8114,0.150988,306704.1,122386.3,0.9288,0.020738,0.494,2.0,2.0147,0.1243,20260609,3.0,0.5,expanded
632,316,LVRT,1ph_g,0.7,medium,5.0,15.8114,0.150988,333398.3,117221.9,0.9434,0.01693,0.4862,2.0,2.0031,0.3769,20260609,3.0,0.5,expanded
633,317,LVRT,1ph_g,0.7,medium,5.0,8.2199,0.156989,337975.0,205060.6,0.8549,0.01825,0.179,2.0,1.6972,0.5736,20260609,6.0,0.16,expanded
634,317,LVRT,1ph_g,0.7,medium,5.0,8.2199,0.156989,336392.0,200294.2,0.8592,0.023823,0.1533,2.0,1.6771,0.0832,20260609,6.0,0.16,expanded
635,318,LVRT,1ph_g,0.7,medium,5.0,8.2199,0.156989,338637.9,190981.3,0.871,0.012198,0.478,2.0,1.9902,0.334,20260609,6.0,0.5,expanded
636,318,LVRT,1ph_g,0.7,medium,5.0,8.2199,0.156989,295523.4,179440.8,0.8548,0.020427,0.5458,2.0,2.0662,0.1539,20260609,6.0,0.5,expanded
637,319,LVRT,1ph_g,0.7,strong,10.0,13.8675,0.066212,281308.9,109440.2,0.932,0.026766,0.1418,2.0,1.6686,0.351,20260609,1.5,0.16,expanded
638,319,LVRT,1ph_g,0.7,strong,10.0,13.8675,0.066212,286129.0,152493.3,0.8825,0.022831,0.1446,2.0,1.6674,0.0594,20260609,1.5,0.16,expanded
639,320,LVRT,1ph_g,0.7,strong,10.0,13.8675,0.066212,342814.2,139679.1,0.9261,0.017599,0.5474,2.0,2.065,0.5771,20260609,1.5,0.5,expanded
640,320,LVRT,1ph_g,0.7,strong,10.0,13.8675,0.066212,342616.5,210823.3,0.8517,0.015576,0.4557,2.0,1.9713,0.5917,20260609,1.5,0.5,expanded
641,321,LVRT,1ph_g,0.7,strong,10.0,7.9057,0.075494,355073.7,131751.1,0.9375,0.025362,0.171,2.0,1.6964,0.3765,20260609,3.0,0.16,expanded
642,321,LVRT,1ph_g,0.7,strong,10.0,7.9057,0.075494,327029.4,119301.5,0.9394,0.017602,0.1562,2.0,1.6739,0.7968,20260609,3.0,0.16,expanded
643,322,LVRT,1ph_g,0.7,strong,10.0,7.9057,0.075494,292388.2,148094.5,0.8921,0.027901,0.4581,2.0,1.986,0.5658,20260609,3.0,0.5,expanded
644,322,LVRT,1ph_g,0.7,strong,10.0,7.9057,0.075494,332969.9,110702.8,0.9489,0.022462,0.4913,2.0,2.0138,0.2198,20260609,3.0,0.5,expanded
645,323,LVRT,1ph_g,0.7,strong,10.0,4.11,0.078495,307014.0,137026.6,0.9132,0.021055,0.1405,2.0,1.6615,0.4969,20260609,6.0,0.16,expanded
646,323,LVRT,1ph_g,0.7,strong,10.0,4.11,0.078495,351148.7,169778.8,0.9003,0.012268,0.1578,2.0,1.6701,0.2166,20260609,6.0,0.16,expanded
647,324,LVRT,1ph_g,0.7,strong,10.0,4.11,0.078495,301459.3,172235.4,0.8683,0.017752,0.4955,2.0,2.0132,0.6795,20260609,6.0,0.5,expanded
648,324,LVRT,1ph_g,0.7,strong,10.0,4.11,0.078495,302161.9,113995.2,0.9356,0.023537,0.5171,2.0,2.0406,0.1302,20260609,6.0,0.5,expanded
649,325,LVRT,1ph_g,0.7,very_strong,15.0,9.245,0.044142,282260.9,113386.0,0.9279,0.019267,0.1769,2.0,1.6962,0.6129,20260609,1.5,0.16,expanded
650,325,LVRT,1ph_g,0.7,very_strong,15.0,9.245,0.044142,357824.0,209480.3,0.863,0.023309,0.1546,2.0,1.6779,0.6717,20260609,1.5,0.16,expanded
651,326,LVRT,1ph_g,0.7,very_strong,15.0,9.245,0.044142,321956.7,174333.4,0.8794,0.024522,0.5123,2.0,2.0368,0.0985,20260609,1.5,0.5,expanded
652,326,LVRT,1ph_g,0.7,very_strong,15.0,9.245,0.044142,339023.3,174282.5,0.8894,0.021946,0.4607,2.0,1.9826,0.7448,20260609,1.5,0.5,expanded
653,327,LVRT,1ph_g,0.7,very_strong,15.0,5.2705,0.050329,310974.2,103930.1,0.9484,0.022206,0.1791,2.0,1.7013,0.4718,20260609,3.0,0.16,expanded
654,327,LVRT,1ph_g,0.7,very_strong,15.0,5.2705,0.050329,290274.0,119260.0,0.925,0.012413,0.1567,2.0,1.6691,0.1305,20260609,3.0,0.16,expanded
655,328,LVRT,1ph_g,0.7,very_strong,15.0,5.2705,0.050329,295552.0,170122.2,0.8667,0.022005,0.4521,2.0,1.9741,0.605,20260609,3.0,0.5,expanded
656,328,LVRT,1ph_g,0.7,very_strong,15.0,5.2705,0.050329,295515.7,180070.3,0.854,0.021579,0.5323,2.0,2.0539,0.5538,20260609,3.0,0.5,expanded
657,329,LVRT,1ph_g,0.7,very_strong,15.0,2.74,0.05233,297515.6,137453.4,0.9078,0.029358,0.1718,2.0,1.7012,0.2806,20260609,6.0,0.16,expanded
658,329,LVRT,1ph_g,0.7,very_strong,15.0,2.74,0.05233,291898.8,105658.3,0.9403,0.019928,0.1449,2.0,1.6648,0.1405,20260609,6.0,0.16,expanded
659,330,LVRT,1ph_g,0.7,very_strong,15.0,2.74,0.05233,336989.5,174140.4,0.8884,0.022134,0.5111,2.0,2.0332,0.5901,20260609,6.0,0.5,expanded
660,330,LVRT,1ph_g,0.7,very_strong,15.0,2.74,0.05233,303686.2,140563.5,0.9075,0.029598,0.5174,2.0,2.047,0.7718,20260609,6.0,0.5,expanded
661,331,LVRT,1ph_g,0.85,very_weak,2.0,69.3375,0.331062,290531.6,102602.9,0.9429,0.022316,0.1744,2.0,1.6968,0.7542,20260609,1.5,0.16,expanded
662,331,LVRT,1ph_g,0.85,very_weak,2.0,69.3375,0.331062,352326.4,198264.5,0.8715,0.022409,0.1482,2.0,1.6706,0.2374,20260609,1.5,0.16,expanded
663,332,LVRT,1ph_g,0.85,very_weak,2.0,69.3375,0.331062,301090.5,152538.9,0.8921,0.024988,0.5293,2.0,2.0543,0.3212,20260609,1.5,0.5,expanded
664,332,LVRT,1ph_g,0.85,very_weak,2.0,69.3375,0.331062,314188.7,144439.6,0.9086,0.020056,0.4755,2.0,1.9956,0.6495,20260609,1.5,0.5,expanded
665,333,LVRT,1ph_g,0.85,very_weak,2.0,39.5285,0.377469,280222.0,166998.1,0.859,0.012874,0.1536,2.0,1.6665,0.2688,20260609,3.0,0.16,expanded
666,333,LVRT,1ph_g,0.85,very_weak,2.0,39.5285,0.377469,305447.2,182797.4,0.8581,0.029744,0.1426,2.0,1.6724,0.6822,20260609,3.0,0.16,expanded
667,334,LVRT,1ph_g,0.85,very_weak,2.0,39.5285,0.377469,310308.0,146109.8,0.9047,0.013627,0.4988,2.0,2.0124,0.092,20260609,3.0,0.5,expanded
668,334,LVRT,1ph_g,0.85,very_weak,2.0,39.5285,0.377469,308798.7,103006.6,0.9486,0.022764,0.5035,2.0,2.0263,0.0809,20260609,3.0,0.5,expanded
669,335,LVRT,1ph_g,0.85,very_weak,2.0,20.5499,0.392474,300894.8,156938.3,0.8866,0.022563,0.1656,2.0,1.6882,0.0676,20260609,6.0,0.16,expanded
670,335,LVRT,1ph_g,0.85,very_weak,2.0,20.5499,0.392474,340989.2,159695.9,0.9056,0.01852,0.1477,2.0,1.6663,0.0977,20260609,6.0,0.16,expanded
671,336,LVRT,1ph_g,0.85,very_weak,2.0,20.5499,0.392474,297539.9,173907.7,0.8633,0.019071,0.5362,2.0,2.0553,0.4105,20260609,6.0,0.5,expanded
672,336,LVRT,1ph_g,0.85,very_weak,2.0,20.5499,0.392474,281231.2,169280.5,0.8568,0.013495,0.4718,2.0,1.9853,0.1438,20260609,6.0,0.5,expanded
673,337,LVRT,1ph_g,0.85,weak,3.0,46.225,0.220708,283135.4,166842.1,0.8615,0.018731,0.1702,2.0,1.6889,0.3972,20260609,1.5,0.16,expanded
674,337,LVRT,1ph_g,0.85,weak,3.0,46.225,0.220708,324376.5,178542.8,0.8761,0.015956,0.167,2.0,1.683,0.5166,20260609,1.5,0.16,expanded
675,338,LVRT,1ph_g,0.85,weak,3.0,46.225,0.220708,328825.7,123654.2,0.936,0.02989,0.4783,2.0,2.0082,0.2801,20260609,1.5,0.5,expanded
676,338,LVRT,1ph_g,0.85,weak,3.0,46.225,0.220708,298006.8,170725.6,0.8677,0.028002,0.5208,2.0,2.0488,0.3226,20260609,1.5,0.5,expanded
677,339,LVRT,1ph_g,0.85,weak,3.0,26.3523,0.251646,287549.4,150065.9,0.8865,0.020276,0.1563,2.0,1.6766,0.1157,20260609,3.0,0.16,expanded
678,339,LVRT,1ph_g,0.85,weak,3.0,26.3523,0.251646,356320.1,125771.0,0.943,0.02911,0.1515,2.0,1.6806,0.295,20260609,3.0,0.16,expanded
679,340,LVRT,1ph_g,0.85,weak,3.0,26.3523,0.251646,306551.6,184005.7,0.8574,0.017479,0.4595,2.0,1.977,0.402,20260609,3.0,0.5,expanded
680,340,LVRT,1ph_g,0.85,weak,3.0,26.3523,0.251646,301357.2,156004.3,0.8881,0.026569,0.4677,2.0,1.9943,0.5725,20260609,3.0,0.5,expanded
681,341,LVRT,1ph_g,0.85,weak,3.0,13.6999,0.261649,358387.3,143755.1,0.9281,0.013466,0.1441,2.0,1.6576,0.3259,20260609,6.0,0.16,expanded
682,341,LVRT,1ph_g,0.85,weak,3.0,13.6999,0.261649,333502.8,127828.3,0.9338,0.022799,0.1741,2.0,1.6969,0.205,20260609,6.0,0.16,expanded
683,342,LVRT,1ph_g,0.85,weak,3.0,13.6999,0.261649,302648.3,170659.2,0.8711,0.022416,0.4816,2.0,2.004,0.5626,20260609,6.0,0.5,expanded
684,342,LVRT,1ph_g,0.85,weak,3.0,13.6999,0.261649,354820.0,216557.5,0.8536,0.019991,0.5069,2.0,2.0269,0.6476,20260609,6.0,0.5,expanded
685,343,LVRT,1ph_g,0.85,medium,5.0,27.735,0.132425,282321.0,130805.2,0.9073,0.027438,0.1603,2.0,1.6878,0.476,20260609,1.5,0.16,expanded
686,343,LVRT,1ph_g,0.85,medium,5.0,27.735,0.132425,350921.2,212996.5,0.8549,0.019183,0.1501,2.0,1.6693,0.2493,20260609,1.5,0.16,expanded
687,344,LVRT,1ph_g,0.85,medium,5.0,27.735,0.132425,311535.2,151860.4,0.8989,0.027678,0.5114,2.0,2.039,0.3313,20260609,1.5,0.5,expanded
688,344,LVRT,1ph_g,0.85,medium,5.0,27.735,0.132425,292047.0,146606.8,0.8937,0.020618,0.486,2.0,2.0066,0.7463,20260609,1.5,0.5,expanded
689,345,LVRT,1ph_g,0.85,medium,5.0,15.8114,0.150988,340876.6,168246.7,0.8967,0.021822,0.1763,2.0,1.6982,0.4228,20260609,3.0,0.16,expanded
690,345,LVRT,1ph_g,0.85,medium,5.0,15.8114,0.150988,357401.6,140004.8,0.9311,0.028995,0.1696,2.0,1.6986,0.7662,20260609,3.0,0.16,expanded
691,346,LVRT,1ph_g,0.85,medium,5.0,15.8114,0.150988,299562.4,183754.4,0.8524,0.016835,0.454,2.0,1.9709,0.6232,20260609,3.0,0.5,expanded
692,346,LVRT,1ph_g,0.85,medium,5.0,15.8114,0.150988,356510.4,143141.1,0.928,0.019468,0.485,2.0,2.0045,0.3593,20260609,3.0,0.5,expanded
693,347,LVRT,1ph_g,0.85,medium,5.0,8.2199,0.156989,288024.9,172809.4,0.8575,0.024934,0.144,2.0,1.6689,0.1679,20260609,6.0,0.16,expanded
694,347,LVRT,1ph_g,0.85,medium,5.0,8.2199,0.156989,320515.7,196065.3,0.8531,0.026672,0.1743,2.0,1.7009,0.5276,20260609,6.0,0.16,expanded
695,348,LVRT,1ph_g,0.85,medium,5.0,8.2199,0.156989,296917.9,99710.1,0.948,0.024427,0.4663,2.0,1.9907,0.6061,20260609,6.0,0.5,expanded
696,348,LVRT,1ph_g,0.85,medium,5.0,8.2199,0.156989,309190.5,154665.5,0.8943,0.022637,0.4592,2.0,1.9818,0.4692,20260609,6.0,0.5,expanded
697,349,LVRT,1ph_g,0.85,strong,10.0,13.8675,0.066212,323685.8,184016.9,0.8693,0.014854,0.1423,2.0,1.6571,0.552,20260609,1.5,0.16,expanded
698,349,LVRT,1ph_g,0.85,strong,10.0,13.8675,0.066212,294056.1,101941.6,0.9448,0.022029,0.1531,2.0,1.6751,0.5837,20260609,1.5,0.16,expanded
699,350,LVRT,1ph_g,0.85,strong,10.0,13.8675,0.066212,313090.9,171679.0,0.8768,0.017529,0.5053,2.0,2.0228,0.7628,20260609,1.5,0.5,expanded
700,350,LVRT,1ph_g,0.85,strong,10.0,13.8675,0.066212,309715.2,102536.6,0.9493,0.020046,0.4958,2.0,2.0158,0.7358,20260609,1.5,0.5,expanded
701,351,LVRT,1ph_g,0.85,strong,10.0,7.9057,0.075494,327233.1,126228.7,0.933,0.026246,0.1575,2.0,1.6838,0.5439,20260609,3.0,0.16,expanded
702,351,LVRT,1ph_g,0.85,strong,10.0,7.9057,0.075494,302497.2,128261.3,0.9207,0.029723,0.1446,2.0,1.6744,0.6207,20260609,3.0,0.16,expanded
703,352,LVRT,1ph_g,0.85,strong,10.0,7.9057,0.075494,331263.2,132925.1,0.9281,0.02738,0.4516,2.0,1.9789,0.2318,20260609,3.0,0.5,expanded
704,352,LVRT,1ph_g,0.85,strong,10.0,7.9057,0.075494,318026.8,134776.8,0.9207,0.02902,0.4596,2.0,1.9886,0.6235,20260609,3.0,0.5,expanded
705,353,LVRT,1ph_g,0.85,strong,10.0,4.11,0.078495,310703.3,183209.0,0.8614,0.019801,0.1475,2.0,1.6673,0.6258,20260609,6.0,0.16,expanded
706,353,LVRT,1ph_g,0.85,strong,10.0,4.11,0.078495,340635.1,133351.3,0.9312,0.029905,0.1666,2.0,1.6965,0.5713,20260609,6.0,0.16,expanded
707,354,LVRT,1ph_g,0.85,strong,10.0,4.11,0.078495,341318.8,183537.5,0.8807,0.025838,0.4593,2.0,1.9851,0.4639,20260609,6.0,0.5,expanded
708,354,LVRT,1ph_g,0.85,strong,10.0,4.11,0.078495,314090.6,158171.6,0.8931,0.019112,0.4614,2.0,1.9805,0.0778,20260609,6.0,0.5,expanded
709,355,LVRT,1ph_g,0.85,very_strong,15.0,9.245,0.044142,312190.3,122445.1,0.931,0.018168,0.1478,2.0,1.6659,0.5942,20260609,1.5,0.16,expanded
710,355,LVRT,1ph_g,0.85,very_strong,15.0,9.245,0.044142,348372.9,196098.1,0.8714,0.025997,0.1453,2.0,1.6713,0.7057,20260609,1.5,0.16,expanded
711,356,LVRT,1ph_g,0.85,very_strong,15.0,9.245,0.044142,329737.4,186706.3,0.8702,0.018459,0.5191,2.0,2.0375,0.6282,20260609,1.5,0.5,expanded
712,356,LVRT,1ph_g,0.85,very_strong,15.0,9.245,0.044142,327361.2,154612.3,0.9042,0.022989,0.4524,2.0,1.9754,0.2119,20260609,1.5,0.5,expanded
713,357,LVRT,1ph_g,0.85,very_strong,15.0,5.2705,0.050329,300794.5,110675.2,0.9385,0.016107,0.1572,2.0,1.6733,0.5133,20260609,3.0,0.16,expanded
714,357,LVRT,1ph_g,0.85,very_strong,15.0,5.2705,0.050329,329445.9,118708.8,0.9408,0.027949,0.1721,2.0,1.7,0.4545,20260609,3.0,0.16,expanded
715,358,LVRT,1ph_g,0.85,very_strong,15.0,5.2705,0.050329,322106.8,106178.2,0.9497,0.014927,0.498,2.0,2.0129,0.6403,20260609,3.0,0.5,expanded
716,358,LVRT,1ph_g,0.85,very_strong,15.0,5.2705,0.050329,307467.6,131627.4,0.9193,0.014711,0.5405,2.0,2.0552,0.6354,20260609,3.0,0.5,expanded
717,359,LVRT,1ph_g,0.85,very_strong,15.0,2.74,0.05233,300226.0,135482.5,0.9115,0.025197,0.1431,2.0,1.6683,0.6047,20260609,6.0,0.16,expanded
718,359,LVRT,1ph_g,0.85,very_strong,15.0,2.74,0.05233,298023.4,166997.0,0.8724,0.029109,0.174,2.0,1.7031,0.5551,20260609,6.0,0.16,expanded
719,360,LVRT,1ph_g,0.85,very_strong,15.0,2.74,0.05233,317818.5,117981.4,0.9375,0.015566,0.5015,2.0,2.017,0.6612,20260609,6.0,0.5,expanded
720,360,LVRT,1ph_g,0.85,very_strong,15.0,2.74,0.05233,310214.2,121627.0,0.931,0.020115,0.4627,2.0,1.9828,0.484,20260609,6.0,0.5,expanded
721,361,LVRT,2ph,0.1,very_weak,2.0,69.3375,0.331062,280540.5,122299.4,0.9167,0.014425,0.1542,2.0,1.6686,0.1285,20260609,1.5,0.16,expanded
722,361,LVRT,2ph,0.1,very_weak,2.0,69.3375,0.331062,328612.3,179619.2,0.8775,0.016569,0.1706,2.0,1.6872,0.7425,20260609,1.5,0.16,expanded
723,362,LVRT,2ph,0.1,very_weak,2.0,69.3375,0.331062,344523.5,138550.3,0.9278,0.014765,0.5336,2.0,2.0484,0.4162,20260609,1.5,0.5,expanded
724,362,LVRT,2ph,0.1,very_weak,2.0,69.3375,0.331062,344856.2,158079.3,0.909,0.014136,0.5225,2.0,2.0366,0.3156,20260609,1.5,0.5,expanded
725,363,LVRT,2ph,0.1,very_weak,2.0,39.5285,0.377469,297400.6,177074.5,0.8592,0.019969,0.1564,2.0,1.6764,0.0958,20260609,3.0,0.16,expanded
726,363,LVRT,2ph,0.1,very_weak,2.0,39.5285,0.377469,337866.9,157200.4,0.9067,0.016283,0.1475,2.0,1.6638,0.1186,20260609,3.0,0.16,expanded
727,364,LVRT,2ph,0.1,very_weak,2.0,39.5285,0.377469,313228.1,126711.6,0.927,0.014122,0.495,2.0,2.0091,0.1705,20260609,3.0,0.5,expanded
728,364,LVRT,2ph,0.1,very_weak,2.0,39.5285,0.377469,304997.6,178476.4,0.8631,0.027102,0.5129,2.0,2.04,0.1082,20260609,3.0,0.5,expanded
729,365,LVRT,2ph,0.1,very_weak,2.0,20.5499,0.392474,328185.1,109243.6,0.9488,0.020596,0.1585,2.0,1.6791,0.3826,20260609,6.0,0.16,expanded
730,365,LVRT,2ph,0.1,very_weak,2.0,20.5499,0.392474,312660.4,165475.3,0.8838,0.025725,0.166,2.0,1.6917,0.7931,20260609,6.0,0.16,expanded
731,366,LVRT,2ph,0.1,very_weak,2.0,20.5499,0.392474,340023.1,181890.9,0.8818,0.026726,0.5142,2.0,2.0409,0.1231,20260609,6.0,0.5,expanded
732,366,LVRT,2ph,0.1,very_weak,2.0,20.5499,0.392474,289601.7,113601.5,0.9309,0.029872,0.5,2.0,2.0299,0.2414,20260609,6.0,0.5,expanded
733,367,LVRT,2ph,0.1,weak,3.0,46.225,0.220708,301385.8,162056.0,0.8807,0.018052,0.1544,2.0,1.6724,0.2617,20260609,1.5,0.16,expanded
734,367,LVRT,2ph,0.1,weak,3.0,46.225,0.220708,326339.2,143989.2,0.9149,0.017641,0.1474,2.0,1.665,0.8,20260609,1.5,0.16,expanded
735,368,LVRT,2ph,0.1,weak,3.0,46.225,0.220708,283770.1,174018.3,0.8525,0.01325,0.5,2.0,2.0132,0.2044,20260609,1.5,0.5,expanded
736,368,LVRT,2ph,0.1,weak,3.0,46.225,0.220708,303759.4,151486.0,0.8949,0.026627,0.5079,2.0,2.0345,0.1733,20260609,1.5,0.5,expanded
737,369,LVRT,2ph,0.1,weak,3.0,26.3523,0.251646,294578.0,152788.6,0.8877,0.012025,0.1797,2.0,1.6917,0.6071,20260609,3.0,0.16,expanded
738,369,LVRT,2ph,0.1,weak,3.0,26.3523,0.251646,315680.1,148485.4,0.9049,0.024521,0.1799,2.0,1.7044,0.4749,20260609,3.0,0.16,expanded
739,370,LVRT,2ph,0.1,weak,3.0,26.3523,0.251646,305152.7,181787.3,0.8591,0.023655,0.4688,2.0,1.9924,0.1724,20260609,3.0,0.5,expanded
740,370,LVRT,2ph,0.1,weak,3.0,26.3523,0.251646,359430.8,210767.6,0.8626,0.023061,0.4555,2.0,1.9786,0.1482,20260609,3.0,0.5,expanded
741,371,LVRT,2ph,0.1,weak,3.0,13.6999,0.261649,321330.8,153265.0,0.9026,0.026804,0.1647,2.0,1.6915,0.4511,20260609,6.0,0.16,expanded
742,371,LVRT,2ph,0.1,weak,3.0,13.6999,0.261649,322729.9,151261.6,0.9055,0.019691,0.142,2.0,1.6617,0.2304,20260609,6.0,0.16,expanded
743,372,LVRT,2ph,0.1,weak,3.0,13.6999,0.261649,318310.7,144553.5,0.9105,0.014764,0.5373,2.0,2.052,0.7422,20260609,6.0,0.5,expanded
744,372,LVRT,2ph,0.1,weak,3.0,13.6999,0.261649,323746.3,110016.7,0.9468,0.025383,0.5314,2.0,2.0568,0.5068,20260609,6.0,0.5,expanded
745,373,LVRT,2ph,0.1,medium,5.0,27.735,0.132425,342488.2,161011.3,0.905,0.025454,0.1456,2.0,1.671,0.4048,20260609,1.5,0.16,expanded
746,373,LVRT,2ph,0.1,medium,5.0,27.735,0.132425,301643.8,174736.1,0.8653,0.013423,0.1479,2.0,1.6614,0.47,20260609,1.5,0.16,expanded
747,374,LVRT,2ph,0.1,medium,5.0,27.735,0.132425,350331.7,138057.4,0.9304,0.024649,0.4737,2.0,1.9983,0.5853,20260609,1.5,0.5,expanded
748,374,LVRT,2ph,0.1,medium,5.0,27.735,0.132425,290295.4,119933.4,0.9242,0.015125,0.5346,2.0,2.0497,0.3847,20260609,1.5,0.5,expanded
749,375,LVRT,2ph,0.1,medium,5.0,15.8114,0.150988,304788.8,117178.0,0.9334,0.025056,0.1478,2.0,1.6728,0.2014,20260609,3.0,0.16,expanded
750,375,LVRT,2ph,0.1,medium,5.0,15.8114,0.150988,334712.7,203757.7,0.8542,0.018402,0.173,2.0,1.6914,0.5358,20260609,3.0,0.16,expanded
751,376,LVRT,2ph,0.1,medium,5.0,15.8114,0.150988,358648.7,215306.3,0.8574,0.015812,0.5143,2.0,2.0301,0.0628,20260609,3.0,0.5,expanded
752,376,LVRT,2ph,0.1,medium,5.0,15.8114,0.150988,321007.7,187090.1,0.864,0.02698,0.4511,2.0,1.978,0.2877,20260609,3.0,0.5,expanded
753,377,LVRT,2ph,0.1,medium,5.0,8.2199,0.156989,298306.1,123652.1,0.9238,0.017745,0.1678,2.0,1.6856,0.2583,20260609,6.0,0.16,expanded
754,377,LVRT,2ph,0.1,medium,5.0,8.2199,0.156989,321339.1,107424.2,0.9484,0.014642,0.1472,2.0,1.6619,0.1569,20260609,6.0,0.16,expanded
755,378,LVRT,2ph,0.1,medium,5.0,8.2199,0.156989,300191.0,156121.8,0.8872,0.027746,0.5278,2.0,2.0556,0.5034,20260609,6.0,0.5,expanded
756,378,LVRT,2ph,0.1,medium,5.0,8.2199,0.156989,297014.5,174637.2,0.862,0.027685,0.4851,2.0,2.0128,0.2566,20260609,6.0,0.5,expanded
757,379,LVRT,2ph,0.1,strong,10.0,13.8675,0.066212,340708.5,195289.2,0.8676,0.017428,0.142,2.0,1.6595,0.6539,20260609,1.5,0.16,expanded
758,379,LVRT,2ph,0.1,strong,10.0,13.8675,0.066212,330566.3,203129.8,0.852,0.026158,0.1588,2.0,1.685,0.1267,20260609,1.5,0.16,expanded
759,380,LVRT,2ph,0.1,strong,10.0,13.8675,0.066212,284445.1,113482.8,0.9288,0.016931,0.4509,2.0,1.9679,0.0697,20260609,1.5,0.5,expanded
760,380,LVRT,2ph,0.1,strong,10.0,13.8675,0.066212,285268.5,135703.8,0.903,0.021791,0.4576,2.0,1.9794,0.4618,20260609,1.5,0.5,expanded
761,381,LVRT,2ph,0.1,strong,10.0,7.9057,0.075494,301004.8,141379.8,0.9051,0.026775,0.162,2.0,1.6888,0.7806,20260609,3.0,0.16,expanded
762,381,LVRT,2ph,0.1,strong,10.0,7.9057,0.075494,299218.7,169944.9,0.8695,0.013186,0.1489,2.0,1.6621,0.3973,20260609,3.0,0.16,expanded
763,382,LVRT,2ph,0.1,strong,10.0,7.9057,0.075494,338455.6,126402.4,0.9368,0.022349,0.4859,2.0,2.0083,0.0766,20260609,3.0,0.5,expanded
764,382,LVRT,2ph,0.1,strong,10.0,7.9057,0.075494,325375.3,134318.9,0.9243,0.02687,0.4731,2.0,2.0,0.7296,20260609,3.0,0.5,expanded
765,383,LVRT,2ph,0.1,strong,10.0,4.11,0.078495,337353.4,132862.8,0.9304,0.021309,0.1544,2.0,1.6757,0.5921,20260609,6.0,0.16,expanded
766,383,LVRT,2ph,0.1,strong,10.0,4.11,0.078495,297026.6,176453.5,0.8597,0.013968,0.1434,2.0,1.6574,0.4796,20260609,6.0,0.16,expanded
767,384,LVRT,2ph,0.1,strong,10.0,4.11,0.078495,355402.0,159692.3,0.9122,0.018036,0.4864,2.0,2.0044,0.4036,20260609,6.0,0.5,expanded
768,384,LVRT,2ph,0.1,strong,10.0,4.11,0.078495,285485.5,165368.4,0.8653,0.02385,0.5418,2.0,2.0656,0.2088,20260609,6.0,0.5,expanded
769,385,LVRT,2ph,0.1,very_strong,15.0,9.245,0.044142,318951.6,150423.6,0.9045,0.029218,0.1475,2.0,1.6768,0.3521,20260609,1.5,0.16,expanded
770,385,LVRT,2ph,0.1,very_strong,15.0,9.245,0.044142,317758.3,131918.8,0.9236,0.022595,0.1726,2.0,1.6952,0.6215,20260609,1.5,0.16,expanded
771,386,LVRT,2ph,0.1,very_strong,15.0,9.245,0.044142,317608.9,156809.3,0.8967,0.024565,0.5338,2.0,2.0584,0.369,20260609,1.5,0.5,expanded
772,386,LVRT,2ph,0.1,very_strong,15.0,9.245,0.044142,289047.9,126601.5,0.916,0.012647,0.4795,2.0,1.9922,0.1127,20260609,1.5,0.5,expanded
773,387,LVRT,2ph,0.1,very_strong,15.0,5.2705,0.050329,347599.7,177192.6,0.8909,0.022492,0.1797,2.0,1.7022,0.3968,20260609,3.0,0.16,expanded
774,387,LVRT,2ph,0.1,very_strong,15.0,5.2705,0.050329,339551.5,139797.8,0.9247,0.025483,0.1749,2.0,1.7004,0.4173,20260609,3.0,0.16,expanded
775,388,LVRT,2ph,0.1,very_strong,15.0,5.2705,0.050329,288726.1,172663.7,0.8582,0.028213,0.4928,2.0,2.021,0.1166,20260609,3.0,0.5,expanded
776,388,LVRT,2ph,0.1,very_strong,15.0,5.2705,0.050329,354151.4,207286.9,0.863,0.015711,0.4572,2.0,1.9729,0.7356,20260609,3.0,0.5,expanded
777,389,LVRT,2ph,0.1,very_strong,15.0,2.74,0.05233,341558.1,160270.3,0.9053,0.021996,0.1761,2.0,1.6981,0.4358,20260609,6.0,0.16,expanded
778,389,LVRT,2ph,0.1,very_strong,15.0,2.74,0.05233,297947.3,150138.3,0.893,0.014665,0.1611,2.0,1.6758,0.204,20260609,6.0,0.16,expanded
779,390,LVRT,2ph,0.1,very_strong,15.0,2.74,0.05233,289482.2,110360.9,0.9344,0.013859,0.5252,2.0,2.0391,0.4791,20260609,6.0,0.5,expanded
780,390,LVRT,2ph,0.1,very_strong,15.0,2.74,0.05233,301124.1,167564.0,0.8738,0.020745,0.4773,2.0,1.998,0.3461,20260609,6.0,0.5,expanded
781,391,LVRT,2ph,0.2,very_weak,2.0,69.3375,0.331062,290051.2,156958.2,0.8795,0.012824,0.1681,2.0,1.681,0.5104,20260609,1.5,0.16,expanded
782,391,LVRT,2ph,0.2,very_weak,2.0,69.3375,0.331062,283213.6,101440.3,0.9414,0.028889,0.1681,2.0,1.697,0.5215,20260609,1.5,0.16,expanded
783,392,LVRT,2ph,0.2,very_weak,2.0,69.3375,0.331062,309639.7,129543.3,0.9225,0.016936,0.5349,2.0,2.0519,0.4048,20260609,1.5,0.5,expanded
784,392,LVRT,2ph,0.2,very_weak,2.0,69.3375,0.331062,314881.5,182680.3,0.865,0.012029,0.5488,2.0,2.0608,0.3671,20260609,1.5,0.5,expanded
785,393,LVRT,2ph,0.2,very_weak,2.0,39.5285,0.377469,352359.6,213899.6,0.8548,0.017505,0.1465,2.0,1.664,0.6958,20260609,3.0,0.16,expanded
786,393,LVRT,2ph,0.2,very_weak,2.0,39.5285,0.377469,345211.1,181776.4,0.8848,0.027514,0.1645,2.0,1.692,0.185,20260609,3.0,0.16,expanded
787,394,LVRT,2ph,0.2,very_weak,2.0,39.5285,0.377469,331034.6,168748.5,0.8909,0.021253,0.5023,2.0,2.0236,0.3594,20260609,3.0,0.5,expanded
788,394,LVRT,2ph,0.2,very_weak,2.0,39.5285,0.377469,351834.8,185039.6,0.8851,0.019673,0.4527,2.0,1.9724,0.1987,20260609,3.0,0.5,expanded
789,395,LVRT,2ph,0.2,very_weak,2.0,20.5499,0.392474,298426.4,181660.0,0.8542,0.02296,0.1718,2.0,1.6947,0.6206,20260609,6.0,0.16,expanded
790,395,LVRT,2ph,0.2,very_weak,2.0,20.5499,0.392474,301981.7,157633.2,0.8865,0.015495,0.1495,2.0,1.665,0.5103,20260609,6.0,0.16,expanded
791,396,LVRT,2ph,0.2,very_weak,2.0,20.5499,0.392474,339244.8,149327.9,0.9153,0.02142,0.4578,2.0,1.9792,0.4017,20260609,6.0,0.5,expanded
792,396,LVRT,2ph,0.2,very_weak,2.0,20.5499,0.392474,291707.2,175061.8,0.8574,0.026153,0.5167,2.0,2.0428,0.6187,20260609,6.0,0.5,expanded
793,397,LVRT,2ph,0.2,weak,3.0,46.225,0.220708,329281.4,191871.5,0.864,0.027335,0.1459,2.0,1.6732,0.6699,20260609,1.5,0.16,expanded
794,397,LVRT,2ph,0.2,weak,3.0,46.225,0.220708,312196.3,179207.5,0.8673,0.013133,0.1789,2.0,1.692,0.7754,20260609,1.5,0.16,expanded
795,398,LVRT,2ph,0.2,weak,3.0,46.225,0.220708,329438.8,108980.8,0.9494,0.013665,0.4782,2.0,1.9918,0.3095,20260609,1.5,0.5,expanded
796,398,LVRT,2ph,0.2,weak,3.0,46.225,0.220708,334463.3,199083.2,0.8593,0.024924,0.5205,2.0,2.0454,0.0957,20260609,1.5,0.5,expanded
797,399,LVRT,2ph,0.2,weak,3.0,26.3523,0.251646,324484.6,181333.7,0.8729,0.023918,0.1737,2.0,1.6977,0.7982,20260609,3.0,0.16,expanded
798,399,LVRT,2ph,0.2,weak,3.0,26.3523,0.251646,294926.0,171387.1,0.8646,0.013537,0.1625,2.0,1.6761,0.1757,20260609,3.0,0.16,expanded
799,400,LVRT,2ph,0.2,weak,3.0,26.3523,0.251646,300546.2,131761.3,0.9159,0.017339,0.506,2.0,2.0233,0.2587,20260609,3.0,0.5,expanded
800,400,LVRT,2ph,0.2,weak,3.0,26.3523,0.251646,327811.3,193901.1,0.8607,0.028918,0.5134,2.0,2.0423,0.5507,20260609,3.0,0.5,expanded
801,401,LVRT,2ph,0.2,weak,3.0,13.6999,0.261649,336954.3,194143.9,0.8665,0.020264,0.166,2.0,1.6862,0.0899,20260609,6.0,0.16,expanded
802,401,LVRT,2ph,0.2,weak,3.0,13.6999,0.261649,347268.9,119273.1,0.9458,0.014735,0.1765,2.0,1.6913,0.7312,20260609,6.0,0.16,expanded
803,402,LVRT,2ph,0.2,weak,3.0,13.6999,0.261649,328113.2,147139.3,0.9125,0.019227,0.5316,2.0,2.0509,0.4944,20260609,6.0,0.5,expanded
804,402,LVRT,2ph,0.2,weak,3.0,13.6999,0.261649,353428.3,180761.1,0.8903,0.02277,0.4987,2.0,2.0215,0.721,20260609,6.0,0.5,expanded
805,403,LVRT,2ph,0.2,medium,5.0,27.735,0.132425,290413.4,138691.1,0.9024,0.028335,0.162,2.0,1.6903,0.2976,20260609,1.5,0.16,expanded
806,403,LVRT,2ph,0.2,medium,5.0,27.735,0.132425,294136.7,130105.1,0.9145,0.024635,0.1772,2.0,1.7018,0.2964,20260609,1.5,0.16,expanded
807,404,LVRT,2ph,0.2,medium,5.0,27.735,0.132425,356085.9,158773.7,0.9133,0.027461,0.5118,2.0,2.0393,0.3284,20260609,1.5,0.5,expanded
808,404,LVRT,2ph,0.2,medium,5.0,27.735,0.132425,306858.3,183942.0,0.8577,0.029891,0.4636,2.0,1.9935,0.7227,20260609,1.5,0.5,expanded
809,405,LVRT,2ph,0.2,medium,5.0,15.8114,0.150988,283441.3,162677.4,0.8673,0.029332,0.1404,2.0,1.6697,0.1071,20260609,3.0,0.16,expanded
810,405,LVRT,2ph,0.2,medium,5.0,15.8114,0.150988,298820.5,164608.1,0.8759,0.014214,0.1454,2.0,1.6596,0.6198,20260609,3.0,0.16,expanded
811,406,LVRT,2ph,0.2,medium,5.0,15.8114,0.150988,306704.4,132237.0,0.9183,0.015135,0.4736,2.0,1.9887,0.3174,20260609,3.0,0.5,expanded
812,406,LVRT,2ph,0.2,medium,5.0,15.8114,0.150988,342094.2,200663.1,0.8626,0.028916,0.5178,2.0,2.0467,0.0782,20260609,3.0,0.5,expanded
813,407,LVRT,2ph,0.2,medium,5.0,8.2199,0.156989,329857.8,186057.5,0.871,0.015622,0.1709,2.0,1.6865,0.1022,20260609,6.0,0.16,expanded
814,407,LVRT,2ph,0.2,medium,5.0,8.2199,0.156989,288900.0,117101.3,0.9268,0.027188,0.1534,2.0,1.6806,0.777,20260609,6.0,0.16,expanded
815,408,LVRT,2ph,0.2,medium,5.0,8.2199,0.156989,330067.2,175231.8,0.8832,0.025584,0.4675,2.0,1.9931,0.1529,20260609,6.0,0.5,expanded
816,408,LVRT,2ph,0.2,medium,5.0,8.2199,0.156989,311328.7,151251.1,0.8995,0.018163,0.5192,2.0,2.0374,0.7711,20260609,6.0,0.5,expanded
817,409,LVRT,2ph,0.2,strong,10.0,13.8675,0.066212,301835.9,126139.9,0.9227,0.02575,0.1451,2.0,1.6708,0.3191,20260609,1.5,0.16,expanded
818,409,LVRT,2ph,0.2,strong,10.0,13.8675,0.066212,331511.4,142100.5,0.9191,0.021558,0.1442,2.0,1.6657,0.6649,20260609,1.5,0.16,expanded
819,410,LVRT,2ph,0.2,strong,10.0,13.8675,0.066212,340582.5,190477.8,0.8728,0.016425,0.5488,2.0,2.0652,0.36,20260609,1.5,0.5,expanded
820,410,LVRT,2ph,0.2,strong,10.0,13.8675,0.066212,353419.4,125495.0,0.9424,0.020085,0.4796,2.0,1.9997,0.2136,20260609,1.5,0.5,expanded
821,411,LVRT,2ph,0.2,strong,10.0,7.9057,0.075494,285954.5,146552.1,0.8899,0.017057,0.1624,2.0,1.6794,0.3868,20260609,3.0,0.16,expanded
822,411,LVRT,2ph,0.2,strong,10.0,7.9057,0.075494,354440.4,145659.6,0.9249,0.025781,0.1643,2.0,1.6901,0.7992,20260609,3.0,0.16,expanded
823,412,LVRT,2ph,0.2,strong,10.0,7.9057,0.075494,334283.9,196300.0,0.8623,0.012341,0.4523,2.0,1.9647,0.63,20260609,3.0,0.5,expanded
824,412,LVRT,2ph,0.2,strong,10.0,7.9057,0.075494,341097.5,162852.5,0.9024,0.029235,0.4646,2.0,1.9938,0.1009,20260609,3.0,0.5,expanded
825,413,LVRT,2ph,0.2,strong,10.0,4.11,0.078495,310604.8,179332.4,0.866,0.016612,0.1675,2.0,1.6841,0.4407,20260609,6.0,0.16,expanded
826,413,LVRT,2ph,0.2,strong,10.0,4.11,0.078495,316307.4,134904.7,0.9198,0.02533,0.1723,2.0,1.6976,0.5776,20260609,6.0,0.16,expanded
827,414,LVRT,2ph,0.2,strong,10.0,4.11,0.078495,312332.8,182786.8,0.8631,0.024355,0.4837,2.0,2.0081,0.3192,20260609,6.0,0.5,expanded
828,414,LVRT,2ph,0.2,strong,10.0,4.11,0.078495,296103.1,100431.2,0.947,0.027103,0.5037,2.0,2.0308,0.5029,20260609,6.0,0.5,expanded
829,415,LVRT,2ph,0.2,very_strong,15.0,9.245,0.044142,285121.2,145381.5,0.8909,0.022349,0.1426,2.0,1.665,0.5553,20260609,1.5,0.16,expanded
830,415,LVRT,2ph,0.2,very_strong,15.0,9.245,0.044142,290000.1,174871.4,0.8564,0.01258,0.1514,2.0,1.664,0.134,20260609,1.5,0.16,expanded
831,416,LVRT,2ph,0.2,very_strong,15.0,9.245,0.044142,327523.8,168771.1,0.8889,0.016009,0.4775,2.0,1.9935,0.5202,20260609,1.5,0.5,expanded
832,416,LVRT,2ph,0.2,very_strong,15.0,9.245,0.044142,281184.9,149338.5,0.8832,0.023304,0.5352,2.0,2.0585,0.7142,20260609,1.5,0.5,expanded
833,417,LVRT,2ph,0.2,very_strong,15.0,5.2705,0.050329,312303.8,118488.6,0.935,0.013395,0.1428,2.0,1.6562,0.3919,20260609,3.0,0.16,expanded
834,417,LVRT,2ph,0.2,very_strong,15.0,5.2705,0.050329,336125.4,199346.3,0.8601,0.026868,0.167,2.0,1.6939,0.6074,20260609,3.0,0.16,expanded
835,418,LVRT,2ph,0.2,very_strong,15.0,5.2705,0.050329,322413.2,153208.7,0.9032,0.02534,0.5493,2.0,2.0746,0.6913,20260609,3.0,0.5,expanded
836,418,LVRT,2ph,0.2,very_strong,15.0,5.2705,0.050329,355266.9,205346.9,0.8658,0.021892,0.5313,2.0,2.0532,0.7663,20260609,3.0,0.5,expanded
837,419,LVRT,2ph,0.2,very_strong,15.0,2.74,0.05233,330479.0,192570.1,0.864,0.02476,0.1511,2.0,1.6758,0.4734,20260609,6.0,0.16,expanded
838,419,LVRT,2ph,0.2,very_strong,15.0,2.74,0.05233,346698.0,167488.2,0.9004,0.023638,0.146,2.0,1.6696,0.1131,20260609,6.0,0.16,expanded
839,420,LVRT,2ph,0.2,very_strong,15.0,2.74,0.05233,339758.6,114266.7,0.9478,0.027623,0.5452,2.0,2.0728,0.1093,20260609,6.0,0.5,expanded
840,420,LVRT,2ph,0.2,very_strong,15.0,2.74,0.05233,315117.5,109609.5,0.9445,0.020608,0.5274,2.0,2.0481,0.0825,20260609,6.0,0.5,expanded
841,421,LVRT,2ph,0.35,very_weak,2.0,69.3375,0.331062,316034.0,190601.6,0.8563,0.016791,0.1548,2.0,1.6716,0.1329,20260609,1.5,0.16,expanded
842,421,LVRT,2ph,0.35,very_weak,2.0,69.3375,0.331062,343357.5,207518.1,0.8558,0.029313,0.1675,2.0,1.6968,0.4321,20260609,1.5,0.16,expanded
843,422,LVRT,2ph,0.35,very_weak,2.0,69.3375,0.331062,340265.3,203160.8,0.8586,0.026937,0.5153,2.0,2.0422,0.4738,20260609,1.5,0.5,expanded
844,422,LVRT,2ph,0.35,very_weak,2.0,69.3375,0.331062,332115.0,191662.4,0.8661,0.023534,0.5112,2.0,2.0347,0.16,20260609,1.5,0.5,expanded
845,423,LVRT,2ph,0.35,very_weak,2.0,39.5285,0.377469,338976.6,128408.9,0.9352,0.02613,0.1497,2.0,1.6759,0.4002,20260609,3.0,0.16,expanded
846,423,LVRT,2ph,0.35,very_weak,2.0,39.5285,0.377469,329337.4,159254.7,0.9003,0.018635,0.1655,2.0,1.6842,0.1989,20260609,3.0,0.16,expanded
847,424,LVRT,2ph,0.35,very_weak,2.0,39.5285,0.377469,318036.7,134140.3,0.9214,0.012033,0.5498,2.0,2.0618,0.4889,20260609,3.0,0.5,expanded
848,424,LVRT,2ph,0.35,very_weak,2.0,39.5285,0.377469,310085.0,150887.8,0.8992,0.01622,0.5344,2.0,2.0506,0.7047,20260609,3.0,0.5,expanded
849,425,LVRT,2ph,0.35,very_weak,2.0,20.5499,0.392474,295133.8,167616.9,0.8695,0.017151,0.1507,2.0,1.6678,0.3207,20260609,6.0,0.16,expanded
850,425,LVRT,2ph,0.35,very_weak,2.0,20.5499,0.392474,347390.2,160053.0,0.9082,0.026498,0.1496,2.0,1.6761,0.6397,20260609,6.0,0.16,expanded
851,426,LVRT,2ph,0.35,very_weak,2.0,20.5499,0.392474,334871.4,128030.4,0.9341,0.021211,0.5466,2.0,2.0678,0.1995,20260609,6.0,0.5,expanded
852,426,LVRT,2ph,0.35,very_weak,2.0,20.5499,0.392474,288293.6,138776.9,0.901,0.012271,0.4558,2.0,1.968,0.3715,20260609,6.0,0.5,expanded
853,427,LVRT,2ph,0.35,weak,3.0,46.225,0.220708,336188.3,122633.1,0.9394,0.013968,0.1531,2.0,1.667,0.1903,20260609,1.5,0.16,expanded
854,427,LVRT,2ph,0.35,weak,3.0,46.225,0.220708,337124.4,189591.2,0.8716,0.016966,0.1759,2.0,1.6929,0.4214,20260609,1.5,0.16,expanded
855,428,LVRT,2ph,0.35,weak,3.0,46.225,0.220708,320043.5,156564.1,0.8983,0.018702,0.4993,2.0,2.018,0.798,20260609,1.5,0.5,expanded
856,428,LVRT,2ph,0.35,weak,3.0,46.225,0.220708,316189.9,135785.2,0.9189,0.027435,0.4742,2.0,2.0016,0.7422,20260609,1.5,0.5,expanded
857,429,LVRT,2ph,0.35,weak,3.0,26.3523,0.251646,337529.9,175184.1,0.8876,0.026719,0.1482,2.0,1.6749,0.4634,20260609,3.0,0.16,expanded
858,429,LVRT,2ph,0.35,weak,3.0,26.3523,0.251646,326866.5,146413.1,0.9126,0.015246,0.1793,2.0,1.6946,0.5879,20260609,3.0,0.16,expanded
859,430,LVRT,2ph,0.35,weak,3.0,26.3523,0.251646,302432.6,151180.3,0.8945,0.019419,0.5407,2.0,2.0601,0.129,20260609,3.0,0.5,expanded
860,430,LVRT,2ph,0.35,weak,3.0,26.3523,0.251646,319169.6,154040.9,0.9006,0.019677,0.4581,2.0,1.9778,0.7577,20260609,3.0,0.5,expanded
861,431,LVRT,2ph,0.35,weak,3.0,13.6999,0.261649,307777.3,105906.0,0.9456,0.025002,0.1589,2.0,1.6839,0.7122,20260609,6.0,0.16,expanded
862,431,LVRT,2ph,0.35,weak,3.0,13.6999,0.261649,317058.4,106416.2,0.948,0.015951,0.1676,2.0,1.6836,0.5072,20260609,6.0,0.16,expanded
863,432,LVRT,2ph,0.35,weak,3.0,13.6999,0.261649,339525.6,113740.4,0.9482,0.016321,0.4841,2.0,2.0005,0.3055,20260609,6.0,0.5,expanded
864,432,LVRT,2ph,0.35,weak,3.0,13.6999,0.261649,347347.6,134013.4,0.933,0.025121,0.5241,2.0,2.0492,0.1101,20260609,6.0,0.5,expanded
865,433,LVRT,2ph,0.35,medium,5.0,27.735,0.132425,313255.0,170836.4,0.8779,0.026559,0.1487,2.0,1.6753,0.637,20260609,1.5,0.16,expanded
866,433,LVRT,2ph,0.35,medium,5.0,27.735,0.132425,287603.0,175258.8,0.8539,0.014375,0.1519,2.0,1.6663,0.4421,20260609,1.5,0.16,expanded
867,434,LVRT,2ph,0.35,medium,5.0,27.735,0.132425,300245.8,125330.5,0.9228,0.018655,0.4717,2.0,1.9903,0.7456,20260609,1.5,0.5,expanded
868,434,LVRT,2ph,0.35,medium,5.0,27.735,0.132425,292219.8,144189.8,0.8968,0.0177,0.4943,2.0,2.012,0.5542,20260609,1.5,0.5,expanded
869,435,LVRT,2ph,0.35,medium,5.0,15.8114,0.150988,316256.9,121883.3,0.9331,0.017955,0.1522,2.0,1.6701,0.4026,20260609,3.0,0.16,expanded
870,435,LVRT,2ph,0.35,medium,5.0,15.8114,0.150988,299052.0,150855.9,0.8928,0.026986,0.1532,2.0,1.6802,0.116,20260609,3.0,0.16,expanded
871,436,LVRT,2ph,0.35,medium,5.0,15.8114,0.150988,281767.4,102774.8,0.9395,0.027541,0.5182,2.0,2.0457,0.0827,20260609,3.0,0.5,expanded
872,436,LVRT,2ph,0.35,medium,5.0,15.8114,0.150988,335216.2,141454.9,0.9213,0.016596,0.4755,2.0,1.9921,0.3525,20260609,3.0,0.5,expanded
873,437,LVRT,2ph,0.35,medium,5.0,8.2199,0.156989,307056.1,158481.5,0.8886,0.01386,0.1757,2.0,1.6896,0.4278,20260609,6.0,0.16,expanded
874,437,LVRT,2ph,0.35,medium,5.0,8.2199,0.156989,359202.5,172694.0,0.9013,0.017572,0.1652,2.0,1.6828,0.6815,20260609,6.0,0.16,expanded
875,438,LVRT,2ph,0.35,medium,5.0,8.2199,0.156989,309060.5,107444.8,0.9445,0.022208,0.5145,2.0,2.0367,0.4536,20260609,6.0,0.5,expanded
876,438,LVRT,2ph,0.35,medium,5.0,8.2199,0.156989,347792.2,195955.6,0.8712,0.027237,0.4712,2.0,1.9984,0.7978,20260609,6.0,0.5,expanded
877,439,LVRT,2ph,0.35,strong,10.0,13.8675,0.066212,319207.3,173046.7,0.8791,0.02855,0.1409,2.0,1.6695,0.6107,20260609,1.5,0.16,expanded
878,439,LVRT,2ph,0.35,strong,10.0,13.8675,0.066212,302657.2,161367.0,0.8824,0.029886,0.1688,2.0,1.6987,0.641,20260609,1.5,0.16,expanded
879,440,LVRT,2ph,0.35,strong,10.0,13.8675,0.066212,323511.1,141173.7,0.9165,0.018793,0.4987,2.0,2.0175,0.6033,20260609,1.5,0.5,expanded
880,440,LVRT,2ph,0.35,strong,10.0,13.8675,0.066212,280642.0,150234.4,0.8816,0.018696,0.4501,2.0,1.9687,0.2797,20260609,1.5,0.5,expanded
881,441,LVRT,2ph,0.35,strong,10.0,7.9057,0.075494,348416.7,209922.8,0.8565,0.016103,0.1659,2.0,1.682,0.5471,20260609,3.0,0.16,expanded
882,441,LVRT,2ph,0.35,strong,10.0,7.9057,0.075494,293099.2,111298.6,0.9349,0.023992,0.1409,2.0,1.6649,0.405,20260609,3.0,0.16,expanded
883,442,LVRT,2ph,0.35,strong,10.0,7.9057,0.075494,290062.6,157436.6,0.8789,0.026387,0.517,2.0,2.0434,0.5142,20260609,3.0,0.5,expanded
884,442,LVRT,2ph,0.35,strong,10.0,7.9057,0.075494,285751.0,124124.6,0.9172,0.019689,0.537,2.0,2.0567,0.7021,20260609,3.0,0.5,expanded
885,443,LVRT,2ph,0.35,strong,10.0,4.11,0.078495,297976.6,160311.0,0.8806,0.019683,0.1607,2.0,1.6804,0.3911,20260609,6.0,0.16,expanded
886,443,LVRT,2ph,0.35,strong,10.0,4.11,0.078495,311795.1,169496.6,0.8786,0.02536,0.1639,2.0,1.6893,0.491,20260609,6.0,0.16,expanded
887,444,LVRT,2ph,0.35,strong,10.0,4.11,0.078495,300293.2,150505.1,0.894,0.021358,0.5391,2.0,2.0604,0.6233,20260609,6.0,0.5,expanded
888,444,LVRT,2ph,0.35,strong,10.0,4.11,0.078495,314996.5,107690.4,0.9462,0.027909,0.4871,2.0,2.015,0.4624,20260609,6.0,0.5,expanded
889,445,LVRT,2ph,0.35,very_strong,15.0,9.245,0.044142,347605.5,159921.6,0.9085,0.024012,0.1653,2.0,1.6893,0.787,20260609,1.5,0.16,expanded
890,445,LVRT,2ph,0.35,very_strong,15.0,9.245,0.044142,315528.5,127625.9,0.927,0.026181,0.1489,2.0,1.6751,0.4629,20260609,1.5,0.16,expanded
891,446,LVRT,2ph,0.35,very_strong,15.0,9.245,0.044142,357390.7,135842.3,0.9348,0.02383,0.4856,2.0,2.0094,0.409,20260609,1.5,0.5,expanded
892,446,LVRT,2ph,0.35,very_strong,15.0,9.245,0.044142,358621.9,149293.5,0.9232,0.012777,0.483,2.0,1.9958,0.4416,20260609,1.5,0.5,expanded
893,447,LVRT,2ph,0.35,very_strong,15.0,5.2705,0.050329,356581.3,205533.7,0.8664,0.01782,0.157,2.0,1.6748,0.3757,20260609,3.0,0.16,expanded
894,447,LVRT,2ph,0.35,very_strong,15.0,5.2705,0.050329,312526.3,169687.6,0.8788,0.012245,0.1448,2.0,1.657,0.4738,20260609,3.0,0.16,expanded
895,448,LVRT,2ph,0.35,very_strong,15.0,5.2705,0.050329,332556.6,186031.9,0.8727,0.021276,0.5036,2.0,2.0249,0.1804,20260609,3.0,0.5,expanded
896,448,LVRT,2ph,0.35,very_strong,15.0,5.2705,0.050329,346702.0,178375.8,0.8892,0.023023,0.5403,2.0,2.0633,0.7561,20260609,3.0,0.5,expanded
897,449,LVRT,2ph,0.35,very_strong,15.0,2.74,0.05233,287014.9,118082.0,0.9248,0.024465,0.1605,2.0,1.6849,0.4108,20260609,6.0,0.16,expanded
898,449,LVRT,2ph,0.35,very_strong,15.0,2.74,0.05233,288197.6,138499.1,0.9013,0.015475,0.1492,2.0,1.6647,0.3591,20260609,6.0,0.16,expanded
899,450,LVRT,2ph,0.35,very_strong,15.0,2.74,0.05233,325692.1,112762.4,0.945,0.027206,0.4862,2.0,2.0134,0.7228,20260609,6.0,0.5,expanded
900,450,LVRT,2ph,0.35,very_strong,15.0,2.74,0.05233,284303.0,172505.7,0.8549,0.015155,0.5298,2.0,2.045,0.3119,20260609,6.0,0.5,expanded
901,451,LVRT,2ph,0.5,very_weak,2.0,69.3375,0.331062,344607.6,145374.8,0.9214,0.026643,0.1776,2.0,1.7042,0.537,20260609,1.5,0.16,expanded
902,451,LVRT,2ph,0.5,very_weak,2.0,69.3375,0.331062,353618.3,212124.5,0.8575,0.023278,0.1417,2.0,1.665,0.7447,20260609,1.5,0.16,expanded
903,452,LVRT,2ph,0.5,very_weak,2.0,69.3375,0.331062,287076.8,135021.5,0.9049,0.016135,0.4856,2.0,2.0018,0.4718,20260609,1.5,0.5,expanded
904,452,LVRT,2ph,0.5,very_weak,2.0,69.3375,0.331062,346712.6,148277.2,0.9194,0.0193,0.5499,2.0,2.0692,0.2012,20260609,1.5,0.5,expanded
905,453,LVRT,2ph,0.5,very_weak,2.0,39.5285,0.377469,334056.5,150233.1,0.912,0.018604,0.1496,2.0,1.6682,0.397,20260609,3.0,0.16,expanded
906,453,LVRT,2ph,0.5,very_weak,2.0,39.5285,0.377469,320228.9,105672.3,0.9496,0.014745,0.1677,2.0,1.6825,0.5583,20260609,3.0,0.16,expanded
907,454,LVRT,2ph,0.5,very_weak,2.0,39.5285,0.377469,335224.7,205636.4,0.8524,0.014778,0.4816,2.0,1.9963,0.4673,20260609,3.0,0.5,expanded
908,454,LVRT,2ph,0.5,very_weak,2.0,39.5285,0.377469,312636.4,141129.7,0.9114,0.01963,0.5113,2.0,2.031,0.4839,20260609,3.0,0.5,expanded
909,455,LVRT,2ph,0.5,very_weak,2.0,20.5499,0.392474,319848.0,193456.4,0.8557,0.012629,0.1524,2.0,1.665,0.3319,20260609,6.0,0.16,expanded
910,455,LVRT,2ph,0.5,very_weak,2.0,20.5499,0.392474,304131.1,146727.0,0.9007,0.014795,0.1753,2.0,1.6901,0.7449,20260609,6.0,0.16,expanded
911,456,LVRT,2ph,0.5,very_weak,2.0,20.5499,0.392474,322395.2,122928.7,0.9344,0.01514,0.4875,2.0,2.0026,0.5441,20260609,6.0,0.5,expanded
912,456,LVRT,2ph,0.5,very_weak,2.0,20.5499,0.392474,292448.7,98410.2,0.9478,0.022981,0.5118,2.0,2.0347,0.4216,20260609,6.0,0.5,expanded
913,457,LVRT,2ph,0.5,weak,3.0,46.225,0.220708,348627.8,179191.0,0.8894,0.017958,0.1674,2.0,1.6854,0.4282,20260609,1.5,0.16,expanded
914,457,LVRT,2ph,0.5,weak,3.0,46.225,0.220708,329351.0,109076.1,0.9493,0.022736,0.1786,2.0,1.7013,0.769,20260609,1.5,0.16,expanded
915,458,LVRT,2ph,0.5,weak,3.0,46.225,0.220708,298880.9,102460.7,0.946,0.02284,0.5398,2.0,2.0626,0.2315,20260609,1.5,0.5,expanded
916,458,LVRT,2ph,0.5,weak,3.0,46.225,0.220708,311049.8,155122.6,0.8949,0.027271,0.4598,2.0,1.987,0.4022,20260609,1.5,0.5,expanded
917,459,LVRT,2ph,0.5,weak,3.0,26.3523,0.251646,280485.0,168854.3,0.8567,0.026339,0.1706,2.0,1.6969,0.6494,20260609,3.0,0.16,expanded
918,459,LVRT,2ph,0.5,weak,3.0,26.3523,0.251646,348738.8,122712.0,0.9433,0.022161,0.1542,2.0,1.6763,0.1677,20260609,3.0,0.16,expanded
919,460,LVRT,2ph,0.5,weak,3.0,26.3523,0.251646,295612.7,164985.7,0.8732,0.013611,0.4558,2.0,1.9694,0.3516,20260609,3.0,0.5,expanded
920,460,LVRT,2ph,0.5,weak,3.0,26.3523,0.251646,321342.3,153704.8,0.9021,0.024743,0.4883,2.0,2.013,0.3955,20260609,3.0,0.5,expanded
921,461,LVRT,2ph,0.5,weak,3.0,13.6999,0.261649,300878.1,180756.5,0.8572,0.025351,0.1498,2.0,1.6751,0.7289,20260609,6.0,0.16,expanded
922,461,LVRT,2ph,0.5,weak,3.0,13.6999,0.261649,301051.1,109469.7,0.9398,0.020362,0.176,2.0,1.6963,0.0916,20260609,6.0,0.16,expanded
923,462,LVRT,2ph,0.5,weak,3.0,13.6999,0.261649,293024.0,145828.2,0.8953,0.022387,0.512,2.0,2.0344,0.499,20260609,6.0,0.5,expanded
924,462,LVRT,2ph,0.5,weak,3.0,13.6999,0.261649,318175.8,121721.5,0.934,0.023723,0.5313,2.0,2.055,0.4901,20260609,6.0,0.5,expanded
925,463,LVRT,2ph,0.5,medium,5.0,27.735,0.132425,357796.3,123766.3,0.9451,0.014669,0.1666,2.0,1.6813,0.4338,20260609,1.5,0.16,expanded
926,463,LVRT,2ph,0.5,medium,5.0,27.735,0.132425,284124.3,132846.5,0.9059,0.028013,0.1526,2.0,1.6806,0.686,20260609,1.5,0.16,expanded
927,464,LVRT,2ph,0.5,medium,5.0,27.735,0.132425,323801.8,129007.7,0.929,0.022959,0.4603,2.0,1.9833,0.2568,20260609,1.5,0.5,expanded
928,464,LVRT,2ph,0.5,medium,5.0,27.735,0.132425,323572.5,166591.8,0.8891,0.020241,0.5115,2.0,2.0317,0.7633,20260609,1.5,0.5,expanded
929,465,LVRT,2ph,0.5,medium,5.0,15.8114,0.150988,300939.9,142505.0,0.9038,0.022361,0.1681,2.0,1.6905,0.222,20260609,3.0,0.16,expanded
930,465,LVRT,2ph,0.5,medium,5.0,15.8114,0.150988,330861.0,151976.5,0.9087,0.019132,0.1494,2.0,1.6685,0.7935,20260609,3.0,0.16,expanded
931,466,LVRT,2ph,0.5,medium,5.0,15.8114,0.150988,310362.4,126023.5,0.9265,0.015583,0.4867,2.0,2.0023,0.4953,20260609,3.0,0.5,expanded
932,466,LVRT,2ph,0.5,medium,5.0,15.8114,0.150988,291351.7,124380.9,0.9197,0.022949,0.4737,2.0,1.9967,0.3757,20260609,3.0,0.5,expanded
933,467,LVRT,2ph,0.5,medium,5.0,8.2199,0.156989,317437.7,182661.0,0.8667,0.026393,0.1559,2.0,1.6823,0.7509,20260609,6.0,0.16,expanded
934,467,LVRT,2ph,0.5,medium,5.0,8.2199,0.156989,329149.5,200671.1,0.8538,0.023285,0.1655,2.0,1.6888,0.1331,20260609,6.0,0.16,expanded
935,468,LVRT,2ph,0.5,medium,5.0,8.2199,0.156989,332501.9,167924.5,0.8926,0.017557,0.4938,2.0,2.0114,0.2045,20260609,6.0,0.5,expanded
936,468,LVRT,2ph,0.5,medium,5.0,8.2199,0.156989,348302.9,169494.7,0.8992,0.018572,0.4752,2.0,1.9938,0.3756,20260609,6.0,0.5,expanded
937,469,LVRT,2ph,0.5,strong,10.0,13.8675,0.066212,338073.5,126985.6,0.9361,0.022364,0.1439,2.0,1.6663,0.306,20260609,1.5,0.16,expanded
938,469,LVRT,2ph,0.5,strong,10.0,13.8675,0.066212,282433.4,140671.5,0.8951,0.029877,0.1462,2.0,1.6761,0.3821,20260609,1.5,0.16,expanded
939,470,LVRT,2ph,0.5,strong,10.0,13.8675,0.066212,330754.2,175381.2,0.8835,0.025082,0.4827,2.0,2.0078,0.7476,20260609,1.5,0.5,expanded
940,470,LVRT,2ph,0.5,strong,10.0,13.8675,0.066212,281355.9,105163.9,0.9367,0.015894,0.5276,2.0,2.0435,0.3626,20260609,1.5,0.5,expanded
941,471,LVRT,2ph,0.5,strong,10.0,7.9057,0.075494,305264.3,178791.4,0.8629,0.017933,0.158,2.0,1.6759,0.6746,20260609,3.0,0.16,expanded
942,471,LVRT,2ph,0.5,strong,10.0,7.9057,0.075494,311455.4,189315.2,0.8545,0.024957,0.1585,2.0,1.6834,0.7961,20260609,3.0,0.16,expanded
943,472,LVRT,2ph,0.5,strong,10.0,7.9057,0.075494,321858.4,175589.9,0.8779,0.014839,0.5209,2.0,2.0357,0.1348,20260609,3.0,0.5,expanded
944,472,LVRT,2ph,0.5,strong,10.0,7.9057,0.075494,317446.6,132626.4,0.9227,0.016959,0.5179,2.0,2.0349,0.746,20260609,3.0,0.5,expanded
945,473,LVRT,2ph,0.5,strong,10.0,4.11,0.078495,356894.3,207667.2,0.8643,0.022681,0.1618,2.0,1.6844,0.5106,20260609,6.0,0.16,expanded
946,473,LVRT,2ph,0.5,strong,10.0,4.11,0.078495,357558.7,171650.9,0.9015,0.023371,0.1438,2.0,1.6671,0.3428,20260609,6.0,0.16,expanded
947,474,LVRT,2ph,0.5,strong,10.0,4.11,0.078495,320896.6,177483.1,0.8751,0.023915,0.507,2.0,2.0309,0.6944,20260609,6.0,0.5,expanded
948,474,LVRT,2ph,0.5,strong,10.0,4.11,0.078495,303008.1,101314.7,0.9484,0.021096,0.5094,2.0,2.0305,0.5767,20260609,6.0,0.5,expanded
949,475,LVRT,2ph,0.5,very_strong,15.0,9.245,0.044142,280811.8,140225.8,0.8947,0.022755,0.1585,2.0,1.6812,0.6625,20260609,1.5,0.16,expanded
950,475,LVRT,2ph,0.5,very_strong,15.0,9.245,0.044142,310982.7,136786.2,0.9154,0.018779,0.1681,2.0,1.6869,0.1274,20260609,1.5,0.16,expanded
951,476,LVRT,2ph,0.5,very_strong,15.0,9.245,0.044142,340253.8,187630.2,0.8757,0.027864,0.4607,2.0,1.9885,0.2251,20260609,1.5,0.5,expanded
952,476,LVRT,2ph,0.5,very_strong,15.0,9.245,0.044142,299347.1,182051.2,0.8544,0.022386,0.5065,2.0,2.0288,0.4241,20260609,1.5,0.5,expanded
953,477,LVRT,2ph,0.5,very_strong,15.0,5.2705,0.050329,328928.5,159476.8,0.8998,0.020646,0.1552,2.0,1.6759,0.2865,20260609,3.0,0.16,expanded
954,477,LVRT,2ph,0.5,very_strong,15.0,5.2705,0.050329,344786.3,190246.3,0.8756,0.026209,0.1519,2.0,1.6781,0.4419,20260609,3.0,0.16,expanded
955,478,LVRT,2ph,0.5,very_strong,15.0,5.2705,0.050329,302592.9,184646.7,0.8536,0.024826,0.5187,2.0,2.0436,0.0516,20260609,3.0,0.5,expanded
956,478,LVRT,2ph,0.5,very_strong,15.0,5.2705,0.050329,306807.2,116078.9,0.9353,0.024176,0.465,2.0,1.9891,0.1795,20260609,3.0,0.5,expanded
957,479,LVRT,2ph,0.5,very_strong,15.0,2.74,0.05233,358392.5,170083.7,0.9034,0.027913,0.1776,2.0,1.7055,0.7319,20260609,6.0,0.16,expanded
958,479,LVRT,2ph,0.5,very_strong,15.0,2.74,0.05233,328103.9,171578.7,0.8861,0.023251,0.1507,2.0,1.6739,0.1128,20260609,6.0,0.16,expanded
959,480,LVRT,2ph,0.5,very_strong,15.0,2.74,0.05233,350595.9,121468.7,0.9449,0.012279,0.5361,2.0,2.0484,0.2481,20260609,6.0,0.5,expanded
960,480,LVRT,2ph,0.5,very_strong,15.0,2.74,0.05233,289562.0,102721.2,0.9425,0.017437,0.4717,2.0,1.9891,0.1695,20260609,6.0,0.5,expanded
961,481,LVRT,2ph,0.7,very_weak,2.0,69.3375,0.331062,354857.6,198777.6,0.8724,0.027922,0.1499,2.0,1.6778,0.719,20260609,1.5,0.16,expanded
962,481,LVRT,2ph,0.7,very_weak,2.0,69.3375,0.331062,318310.2,169215.9,0.883,0.013333,0.1551,2.0,1.6684,0.2662,20260609,1.5,0.16,expanded
963,482,LVRT,2ph,0.7,very_weak,2.0,69.3375,0.331062,307160.3,189643.8,0.8509,0.021591,0.5187,2.0,2.0402,0.7194,20260609,1.5,0.5,expanded
964,482,LVRT,2ph,0.7,very_weak,2.0,69.3375,0.331062,345433.9,207405.1,0.8573,0.019995,0.486,2.0,2.006,0.3853,20260609,1.5,0.5,expanded
965,483,LVRT,2ph,0.7,very_weak,2.0,39.5285,0.377469,287409.2,98815.0,0.9457,0.012966,0.1501,2.0,1.6631,0.6364,20260609,3.0,0.16,expanded
966,483,LVRT,2ph,0.7,very_weak,2.0,39.5285,0.377469,311074.4,144593.4,0.9068,0.029336,0.1642,2.0,1.6936,0.7238,20260609,3.0,0.16,expanded
967,484,LVRT,2ph,0.7,very_weak,2.0,39.5285,0.377469,337898.2,170650.9,0.8926,0.016753,0.4828,2.0,1.9996,0.6868,20260609,3.0,0.5,expanded
968,484,LVRT,2ph,0.7,very_weak,2.0,39.5285,0.377469,328085.9,111567.3,0.9468,0.017623,0.5166,2.0,2.0342,0.4879,20260609,3.0,0.5,expanded
969,485,LVRT,2ph,0.7,very_weak,2.0,20.5499,0.392474,347458.5,192346.5,0.8749,0.021473,0.1571,2.0,1.6785,0.3657,20260609,6.0,0.16,expanded
970,485,LVRT,2ph,0.7,very_weak,2.0,20.5499,0.392474,305493.1,125846.4,0.9246,0.015659,0.1474,2.0,1.6631,0.0544,20260609,6.0,0.16,expanded
971,486,LVRT,2ph,0.7,very_weak,2.0,20.5499,0.392474,305356.9,163002.7,0.8822,0.02014,0.4838,2.0,2.0039,0.512,20260609,6.0,0.5,expanded
972,486,LVRT,2ph,0.7,very_weak,2.0,20.5499,0.392474,323930.3,196516.7,0.855,0.025116,0.5373,2.0,2.0624,0.1999,20260609,6.0,0.5,expanded
973,487,LVRT,2ph,0.7,weak,3.0,46.225,0.220708,299257.3,108084.4,0.9405,0.016623,0.1652,2.0,1.6818,0.1505,20260609,1.5,0.16,expanded
974,487,LVRT,2ph,0.7,weak,3.0,46.225,0.220708,316064.1,181303.9,0.8674,0.012667,0.1625,2.0,1.6752,0.7056,20260609,1.5,0.16,expanded
975,488,LVRT,2ph,0.7,weak,3.0,46.225,0.220708,336911.0,141436.0,0.922,0.01935,0.4541,2.0,1.9735,0.5046,20260609,1.5,0.5,expanded
976,488,LVRT,2ph,0.7,weak,3.0,46.225,0.220708,306932.2,178552.9,0.8644,0.01272,0.4861,2.0,1.9988,0.3946,20260609,1.5,0.5,expanded
977,489,LVRT,2ph,0.7,weak,3.0,26.3523,0.251646,317237.3,151505.4,0.9024,0.019464,0.1606,2.0,1.6801,0.754,20260609,3.0,0.16,expanded
978,489,LVRT,2ph,0.7,weak,3.0,26.3523,0.251646,280947.4,132469.1,0.9045,0.01614,0.1417,2.0,1.6579,0.7595,20260609,3.0,0.16,expanded
979,490,LVRT,2ph,0.7,weak,3.0,26.3523,0.251646,300407.6,107690.6,0.9413,0.016033,0.5312,2.0,2.0473,0.2076,20260609,3.0,0.5,expanded
980,490,LVRT,2ph,0.7,weak,3.0,26.3523,0.251646,332171.7,122466.9,0.9383,0.027883,0.5321,2.0,2.06,0.6498,20260609,3.0,0.5,expanded
981,491,LVRT,2ph,0.7,weak,3.0,13.6999,0.261649,292093.8,144004.6,0.8969,0.016498,0.1792,2.0,1.6957,0.7755,20260609,6.0,0.16,expanded
982,491,LVRT,2ph,0.7,weak,3.0,13.6999,0.261649,311310.5,177984.1,0.8681,0.015248,0.1401,2.0,1.6553,0.0922,20260609,6.0,0.16,expanded
983,492,LVRT,2ph,0.7,weak,3.0,13.6999,0.261649,324331.7,194461.1,0.8577,0.018529,0.4688,2.0,1.9873,0.3168,20260609,6.0,0.5,expanded
984,492,LVRT,2ph,0.7,weak,3.0,13.6999,0.261649,294599.9,135439.8,0.9086,0.025777,0.4712,2.0,1.9969,0.3288,20260609,6.0,0.5,expanded
985,493,LVRT,2ph,0.7,medium,5.0,27.735,0.132425,333897.4,151626.7,0.9105,0.012164,0.1544,2.0,1.6666,0.0659,20260609,1.5,0.16,expanded
986,493,LVRT,2ph,0.7,medium,5.0,27.735,0.132425,325975.4,143946.5,0.9148,0.029949,0.1657,2.0,1.6956,0.4483,20260609,1.5,0.16,expanded
987,494,LVRT,2ph,0.7,medium,5.0,27.735,0.132425,300356.7,145471.0,0.9,0.022411,0.5269,2.0,2.0493,0.7503,20260609,1.5,0.5,expanded
988,494,LVRT,2ph,0.7,medium,5.0,27.735,0.132425,335160.1,169870.2,0.892,0.021437,0.5394,2.0,2.0608,0.051,20260609,1.5,0.5,expanded
989,495,LVRT,2ph,0.7,medium,5.0,15.8114,0.150988,318306.4,142573.9,0.9126,0.026918,0.15,2.0,1.677,0.4044,20260609,3.0,0.16,expanded
990,495,LVRT,2ph,0.7,medium,5.0,15.8114,0.150988,317433.6,126763.0,0.9287,0.024951,0.1409,2.0,1.6658,0.0732,20260609,3.0,0.16,expanded
991,496,LVRT,2ph,0.7,medium,5.0,15.8114,0.150988,326864.9,129120.6,0.9301,0.019068,0.4743,2.0,1.9934,0.1026,20260609,3.0,0.5,expanded
992,496,LVRT,2ph,0.7,medium,5.0,15.8114,0.150988,304463.5,141320.0,0.9071,0.02644,0.4607,2.0,1.9871,0.473,20260609,3.0,0.5,expanded
993,497,LVRT,2ph,0.7,medium,5.0,8.2199,0.156989,314035.9,160799.8,0.8901,0.017268,0.1413,2.0,1.6586,0.2903,20260609,6.0,0.16,expanded
994,497,LVRT,2ph,0.7,medium,5.0,8.2199,0.156989,357664.1,128017.4,0.9415,0.018453,0.143,2.0,1.6614,0.2597,20260609,6.0,0.16,expanded
995,498,LVRT,2ph,0.7,medium,5.0,8.2199,0.156989,282324.3,158799.3,0.8716,0.016828,0.5007,2.0,2.0176,0.7397,20260609,6.0,0.5,expanded
996,498,LVRT,2ph,0.7,medium,5.0,8.2199,0.156989,336120.4,156062.4,0.907,0.013643,0.4695,2.0,1.9832,0.0517,20260609,6.0,0.5,expanded
997,499,LVRT,2ph,0.7,strong,10.0,13.8675,0.066212,356054.4,198327.1,0.8736,0.027345,0.1697,2.0,1.697,0.3827,20260609,1.5,0.16,expanded
998,499,LVRT,2ph,0.7,strong,10.0,13.8675,0.066212,297862.4,143444.3,0.901,0.019336,0.1476,2.0,1.667,0.5956,20260609,1.5,0.16,expanded
999,500,LVRT,2ph,0.7,strong,10.0,13.8675,0.066212,337551.6,180233.1,0.8821,0.018787,0.4802,2.0,1.999,0.674,20260609,1.5,0.5,expanded
1000,500,LVRT,2ph,0.7,strong,10.0,13.8675,0.066212,297678.0,160379.6,0.8804,0.020886,0.453,2.0,1.9739,0.1758,20260609,1.5,0.5,expanded
1001,501,LVRT,2ph,0.7,strong,10.0,7.9057,0.075494,325675.9,174341.4,0.8816,0.029362,0.1419,2.0,1.6713,0.5139,20260609,3.0,0.16,expanded
1002,501,LVRT,2ph,0.7,strong,10.0,7.9057,0.075494,319425.3,166329.9,0.887,0.013324,0.1532,2.0,1.6666,0.4591,20260609,3.0,0.16,expanded
1003,502,LVRT,2ph,0.7,strong,10.0,7.9057,0.075494,329891.0,180639.6,0.8771,0.016301,0.4656,2.0,1.9819,0.6721,20260609,3.0,0.5,expanded
1004,502,LVRT,2ph,0.7,strong,10.0,7.9057,0.075494,295128.2,177149.8,0.8574,0.012622,0.4957,2.0,2.0083,0.1049,20260609,3.0,0.5,expanded
1005,503,LVRT,2ph,0.7,strong,10.0,4.11,0.078495,310840.1,154922.1,0.895,0.02712,0.1668,2.0,1.6939,0.101,20260609,6.0,0.16,expanded
1006,503,LVRT,2ph,0.7,strong,10.0,4.11,0.078495,304068.4,147507.7,0.8997,0.029105,0.1513,2.0,1.6804,0.7523,20260609,6.0,0.16,expanded
1007,504,LVRT,2ph,0.7,strong,10.0,4.11,0.078495,323979.0,142749.7,0.9151,0.027741,0.5104,2.0,2.0381,0.1263,20260609,6.0,0.5,expanded
1008,504,LVRT,2ph,0.7,strong,10.0,4.11,0.078495,300045.9,173235.7,0.866,0.021588,0.5499,2.0,2.0715,0.2858,20260609,6.0,0.5,expanded
1009,505,LVRT,2ph,0.7,very_strong,15.0,9.245,0.044142,335374.9,193189.7,0.8665,0.021157,0.1579,2.0,1.6791,0.6547,20260609,1.5,0.16,expanded
1010,505,LVRT,2ph,0.7,very_strong,15.0,9.245,0.044142,284404.1,139893.1,0.8973,0.017929,0.1479,2.0,1.6659,0.4375,20260609,1.5,0.16,expanded
1011,506,LVRT,2ph,0.7,very_strong,15.0,9.245,0.044142,325640.1,158474.6,0.8992,0.024464,0.4965,2.0,2.0209,0.6371,20260609,1.5,0.5,expanded
1012,506,LVRT,2ph,0.7,very_strong,15.0,9.245,0.044142,334420.7,120149.2,0.9411,0.025913,0.5327,2.0,2.0586,0.6108,20260609,1.5,0.5,expanded
1013,507,LVRT,2ph,0.7,very_strong,15.0,5.2705,0.050329,315870.8,141853.7,0.9122,0.015914,0.177,2.0,1.6929,0.1369,20260609,3.0,0.16,expanded
1014,507,LVRT,2ph,0.7,very_strong,15.0,5.2705,0.050329,334742.1,205221.1,0.8525,0.012695,0.1659,2.0,1.6786,0.2131,20260609,3.0,0.16,expanded
1015,508,LVRT,2ph,0.7,very_strong,15.0,5.2705,0.050329,296190.6,134809.7,0.9102,0.027347,0.5095,2.0,2.0368,0.7878,20260609,3.0,0.5,expanded
1016,508,LVRT,2ph,0.7,very_strong,15.0,5.2705,0.050329,301030.2,116066.4,0.933,0.018312,0.4731,2.0,1.9914,0.6698,20260609,3.0,0.5,expanded
1017,509,LVRT,2ph,0.7,very_strong,15.0,2.74,0.05233,311098.9,113335.9,0.9396,0.024508,0.1513,2.0,1.6758,0.0858,20260609,6.0,0.16,expanded
1018,509,LVRT,2ph,0.7,very_strong,15.0,2.74,0.05233,344968.9,127411.1,0.9381,0.026752,0.1527,2.0,1.6794,0.1157,20260609,6.0,0.16,expanded
1019,510,LVRT,2ph,0.7,very_strong,15.0,2.74,0.05233,328318.6,124733.8,0.9348,0.026757,0.5042,2.0,2.031,0.3416,20260609,6.0,0.5,expanded
1020,510,LVRT,2ph,0.7,very_strong,15.0,2.74,0.05233,308268.1,173454.4,0.8715,0.026228,0.4847,2.0,2.011,0.7256,20260609,6.0,0.5,expanded
1021,511,LVRT,2ph,0.85,very_weak,2.0,69.3375,0.331062,350643.2,197352.5,0.8715,0.019751,0.1648,2.0,1.6846,0.6558,20260609,1.5,0.16,expanded
1022,511,LVRT,2ph,0.85,very_weak,2.0,69.3375,0.331062,359937.7,202653.3,0.8714,0.023819,0.161,2.0,1.6848,0.1074,20260609,1.5,0.16,expanded
1023,512,LVRT,2ph,0.85,very_weak,2.0,69.3375,0.331062,284768.8,144447.8,0.8918,0.028027,0.4588,2.0,1.9868,0.7571,20260609,1.5,0.5,expanded
1024,512,LVRT,2ph,0.85,very_weak,2.0,69.3375,0.331062,339732.9,138554.2,0.926,0.027866,0.5201,2.0,2.048,0.4834,20260609,1.5,0.5,expanded
1025,513,LVRT,2ph,0.85,very_weak,2.0,39.5285,0.377469,338290.2,180802.2,0.8819,0.016487,0.1766,2.0,1.6931,0.3773,20260609,3.0,0.16,expanded
1026,513,LVRT,2ph,0.85,very_weak,2.0,39.5285,0.377469,343626.7,152096.1,0.9144,0.017629,0.1552,2.0,1.6729,0.1304,20260609,3.0,0.16,expanded
1027,514,LVRT,2ph,0.85,very_weak,2.0,39.5285,0.377469,289392.1,167510.0,0.8655,0.014373,0.4905,2.0,2.0049,0.5557,20260609,3.0,0.5,expanded
1028,514,LVRT,2ph,0.85,very_weak,2.0,39.5285,0.377469,292233.1,176422.9,0.8561,0.01401,0.4714,2.0,1.9854,0.5361,20260609,3.0,0.5,expanded
1029,515,LVRT,2ph,0.85,very_weak,2.0,20.5499,0.392474,323450.3,120582.2,0.937,0.017453,0.1633,2.0,1.6807,0.5218,20260609,6.0,0.16,expanded
1030,515,LVRT,2ph,0.85,very_weak,2.0,20.5499,0.392474,297861.6,158608.6,0.8827,0.027099,0.1449,2.0,1.672,0.193,20260609,6.0,0.16,expanded
1031,516,LVRT,2ph,0.85,very_weak,2.0,20.5499,0.392474,356287.9,187338.3,0.8851,0.013976,0.549,2.0,2.063,0.0552,20260609,6.0,0.5,expanded
1032,516,LVRT,2ph,0.85,very_weak,2.0,20.5499,0.392474,304905.5,126535.4,0.9236,0.023585,0.5331,2.0,2.0567,0.7851,20260609,6.0,0.5,expanded
1033,517,LVRT,2ph,0.85,weak,3.0,46.225,0.220708,285188.3,119661.1,0.9221,0.013844,0.1775,2.0,1.6913,0.2548,20260609,1.5,0.16,expanded
1034,517,LVRT,2ph,0.85,weak,3.0,46.225,0.220708,338760.9,120009.5,0.9426,0.012212,0.1574,2.0,1.6696,0.5473,20260609,1.5,0.16,expanded
1035,518,LVRT,2ph,0.85,weak,3.0,46.225,0.220708,300507.8,157031.3,0.8863,0.026475,0.5114,2.0,2.0379,0.309,20260609,1.5,0.5,expanded
1036,518,LVRT,2ph,0.85,weak,3.0,46.225,0.220708,335032.8,132244.9,0.9302,0.020678,0.5447,2.0,2.0654,0.7385,20260609,1.5,0.5,expanded
1037,519,LVRT,2ph,0.85,weak,3.0,26.3523,0.251646,331392.7,133054.1,0.928,0.013985,0.1661,2.0,1.6801,0.608,20260609,3.0,0.16,expanded
1038,519,LVRT,2ph,0.85,weak,3.0,26.3523,0.251646,281845.4,154020.3,0.8775,0.015748,0.1414,2.0,1.6571,0.6186,20260609,3.0,0.16,expanded
1039,520,LVRT,2ph,0.85,weak,3.0,26.3523,0.251646,300241.5,99173.9,0.9495,0.013584,0.5458,2.0,2.0594,0.0832,20260609,3.0,0.5,expanded
1040,520,LVRT,2ph,0.85,weak,3.0,26.3523,0.251646,286176.9,114316.1,0.9286,0.026276,0.4719,2.0,1.9981,0.699,20260609,3.0,0.5,expanded
1041,521,LVRT,2ph,0.85,weak,3.0,13.6999,0.261649,310048.2,186246.8,0.8572,0.022893,0.1551,2.0,1.678,0.5225,20260609,6.0,0.16,expanded
1042,521,LVRT,2ph,0.85,weak,3.0,13.6999,0.261649,287862.8,124620.9,0.9177,0.023179,0.1786,2.0,1.7018,0.3264,20260609,6.0,0.16,expanded
1043,522,LVRT,2ph,0.85,weak,3.0,13.6999,0.261649,343084.2,210341.7,0.8525,0.012903,0.5368,2.0,2.0497,0.5014,20260609,6.0,0.5,expanded
1044,522,LVRT,2ph,0.85,weak,3.0,13.6999,0.261649,321688.9,117263.5,0.9395,0.012582,0.504,2.0,2.0166,0.6594,20260609,6.0,0.5,expanded
1045,523,LVRT,2ph,0.85,medium,5.0,27.735,0.132425,300251.3,136611.5,0.9102,0.021479,0.1442,2.0,1.6657,0.2904,20260609,1.5,0.16,expanded
1046,523,LVRT,2ph,0.85,medium,5.0,27.735,0.132425,347359.2,151679.5,0.9164,0.023943,0.1485,2.0,1.6724,0.7851,20260609,1.5,0.16,expanded
1047,524,LVRT,2ph,0.85,medium,5.0,27.735,0.132425,303602.4,134933.6,0.9138,0.022855,0.5022,2.0,2.0251,0.3132,20260609,1.5,0.5,expanded
1048,524,LVRT,2ph,0.85,medium,5.0,27.735,0.132425,326091.4,107416.7,0.9498,0.020716,0.5052,2.0,2.0259,0.3317,20260609,1.5,0.5,expanded
1049,525,LVRT,2ph,0.85,medium,5.0,15.8114,0.150988,332783.0,202992.2,0.8537,0.027046,0.154,2.0,1.681,0.5172,20260609,3.0,0.16,expanded
1050,525,LVRT,2ph,0.85,medium,5.0,15.8114,0.150988,336369.2,162559.2,0.9004,0.019107,0.1764,2.0,1.6955,0.4548,20260609,3.0,0.16,expanded
1051,526,LVRT,2ph,0.85,medium,5.0,15.8114,0.150988,312615.4,112219.9,0.9412,0.024755,0.5487,2.0,2.0734,0.453,20260609,3.0,0.5,expanded
1052,526,LVRT,2ph,0.85,medium,5.0,15.8114,0.150988,294792.0,127617.8,0.9177,0.015372,0.4538,2.0,1.9692,0.7284,20260609,3.0,0.5,expanded
1053,527,LVRT,2ph,0.85,medium,5.0,8.2199,0.156989,299436.4,130815.0,0.9164,0.023461,0.178,2.0,1.7015,0.1235,20260609,6.0,0.16,expanded
1054,527,LVRT,2ph,0.85,medium,5.0,8.2199,0.156989,286876.2,124273.3,0.9176,0.019214,0.1722,2.0,1.6914,0.116,20260609,6.0,0.16,expanded
1055,528,LVRT,2ph,0.85,medium,5.0,8.2199,0.156989,358122.5,180645.1,0.8928,0.021466,0.4581,2.0,1.9796,0.2365,20260609,6.0,0.5,expanded
1056,528,LVRT,2ph,0.85,medium,5.0,8.2199,0.156989,327099.4,199263.8,0.854,0.026674,0.5207,2.0,2.0473,0.1301,20260609,6.0,0.5,expanded
1057,529,LVRT,2ph,0.85,strong,10.0,13.8675,0.066212,346507.7,199290.7,0.8669,0.014224,0.1651,2.0,1.6793,0.3028,20260609,1.5,0.16,expanded
1058,529,LVRT,2ph,0.85,strong,10.0,13.8675,0.066212,286553.6,98030.5,0.9462,0.013899,0.1676,2.0,1.6815,0.5194,20260609,1.5,0.16,expanded
1059,530,LVRT,2ph,0.85,strong,10.0,13.8675,0.066212,322986.4,172537.9,0.882,0.02254,0.485,2.0,2.0075,0.7175,20260609,1.5,0.5,expanded
1060,530,LVRT,2ph,0.85,strong,10.0,13.8675,0.066212,317152.2,164158.6,0.8881,0.022066,0.4985,2.0,2.0206,0.1185,20260609,1.5,0.5,expanded
1061,531,LVRT,2ph,0.85,strong,10.0,7.9057,0.075494,349062.1,141963.8,0.9263,0.027794,0.1711,2.0,1.6989,0.0778,20260609,3.0,0.16,expanded
1062,531,LVRT,2ph,0.85,strong,10.0,7.9057,0.075494,307673.3,110621.2,0.941,0.018745,0.1477,2.0,1.6664,0.249,20260609,3.0,0.16,expanded
1063,532,LVRT,2ph,0.85,strong,10.0,7.9057,0.075494,349174.1,186605.4,0.882,0.025795,0.492,2.0,2.0178,0.5186,20260609,3.0,0.5,expanded
1064,532,LVRT,2ph,0.85,strong,10.0,7.9057,0.075494,341465.4,193023.1,0.8705,0.023407,0.5452,2.0,2.0687,0.6486,20260609,3.0,0.5,expanded
1065,533,LVRT,2ph,0.85,strong,10.0,4.11,0.078495,280263.1,161870.1,0.8659,0.025567,0.1495,2.0,1.675,0.3431,20260609,6.0,0.16,expanded
1066,533,LVRT,2ph,0.85,strong,10.0,4.11,0.078495,306835.6,148655.3,0.8999,0.024784,0.1735,2.0,1.6983,0.7656,20260609,6.0,0.16,expanded
1067,534,LVRT,2ph,0.85,strong,10.0,4.11,0.078495,335045.9,207342.3,0.8503,0.014899,0.5146,2.0,2.0295,0.567,20260609,6.0,0.5,expanded
1068,534,LVRT,2ph,0.85,strong,10.0,4.11,0.078495,357093.2,181913.3,0.891,0.017823,0.4901,2.0,2.0079,0.5809,20260609,6.0,0.5,expanded
1069,535,LVRT,2ph,0.85,very_strong,15.0,9.245,0.044142,303819.4,109105.2,0.9412,0.025529,0.1712,2.0,1.6968,0.0669,20260609,1.5,0.16,expanded
1070,535,LVRT,2ph,0.85,very_strong,15.0,9.245,0.044142,303666.5,155819.0,0.8897,0.018327,0.1475,2.0,1.6658,0.7682,20260609,1.5,0.16,expanded
1071,536,LVRT,2ph,0.85,very_strong,15.0,9.245,0.044142,356278.9,168134.7,0.9044,0.015849,0.5414,2.0,2.0573,0.3219,20260609,1.5,0.5,expanded
1072,536,LVRT,2ph,0.85,very_strong,15.0,9.245,0.044142,282621.7,148981.8,0.8846,0.016731,0.518,2.0,2.0347,0.1974,20260609,1.5,0.5,expanded
1073,537,LVRT,2ph,0.85,very_strong,15.0,5.2705,0.050329,314972.0,193950.4,0.8515,0.018203,0.1765,2.0,1.6947,0.2705,20260609,3.0,0.16,expanded
1074,537,LVRT,2ph,0.85,very_strong,15.0,5.2705,0.050329,350247.5,182866.7,0.8865,0.024556,0.1682,2.0,1.6928,0.4996,20260609,3.0,0.16,expanded
1075,538,LVRT,2ph,0.85,very_strong,15.0,5.2705,0.050329,292469.3,131477.9,0.9121,0.015367,0.4579,2.0,1.9732,0.4016,20260609,3.0,0.5,expanded
1076,538,LVRT,2ph,0.85,very_strong,15.0,5.2705,0.050329,321135.8,190091.3,0.8605,0.029974,0.4849,2.0,2.0149,0.4956,20260609,3.0,0.5,expanded
1077,539,LVRT,2ph,0.85,very_strong,15.0,2.74,0.05233,326256.0,171442.6,0.8852,0.018656,0.1427,2.0,1.6613,0.7202,20260609,6.0,0.16,expanded
1078,539,LVRT,2ph,0.85,very_strong,15.0,2.74,0.05233,341223.7,147770.6,0.9176,0.019812,0.1432,2.0,1.663,0.1156,20260609,6.0,0.16,expanded
1079,540,LVRT,2ph,0.85,very_strong,15.0,2.74,0.05233,283172.3,108417.5,0.9339,0.013336,0.5005,2.0,2.0139,0.5866,20260609,6.0,0.5,expanded
1080,540,LVRT,2ph,0.85,very_strong,15.0,2.74,0.05233,286244.7,143150.6,0.8944,0.021374,0.5496,2.0,2.071,0.6325,20260609,6.0,0.5,expanded
1081,541,LVRT,2ph_g,0.1,very_weak,2.0,69.3375,0.331062,301295.7,101310.8,0.9479,0.021848,0.1526,2.0,1.6744,0.0684,20260609,1.5,0.16,expanded
1082,541,LVRT,2ph_g,0.1,very_weak,2.0,69.3375,0.331062,283347.6,123460.7,0.9168,0.02382,0.1794,2.0,1.7032,0.0587,20260609,1.5,0.16,expanded
1083,542,LVRT,2ph_g,0.1,very_weak,2.0,69.3375,0.331062,358436.5,166585.6,0.9068,0.013916,0.4657,2.0,1.9796,0.4501,20260609,1.5,0.5,expanded
1084,542,LVRT,2ph_g,0.1,very_weak,2.0,69.3375,0.331062,335299.7,180339.7,0.8807,0.029031,0.4884,2.0,2.0175,0.6161,20260609,1.5,0.5,expanded
1085,543,LVRT,2ph_g,0.1,very_weak,2.0,39.5285,0.377469,284811.2,176309.0,0.8503,0.017108,0.1775,2.0,1.6946,0.5324,20260609,3.0,0.16,expanded
1086,543,LVRT,2ph_g,0.1,very_weak,2.0,39.5285,0.377469,288882.4,166352.7,0.8666,0.024136,0.1727,2.0,1.6968,0.6689,20260609,3.0,0.16,expanded
1087,544,LVRT,2ph_g,0.1,very_weak,2.0,39.5285,0.377469,328581.7,116892.9,0.9422,0.019674,0.471,2.0,1.9907,0.736,20260609,3.0,0.5,expanded
1088,544,LVRT,2ph_g,0.1,very_weak,2.0,39.5285,0.377469,336413.8,167684.9,0.895,0.025925,0.5283,2.0,2.0542,0.6919,20260609,3.0,0.5,expanded
1089,545,LVRT,2ph_g,0.1,very_weak,2.0,20.5499,0.392474,307641.2,159500.6,0.8878,0.029874,0.1673,2.0,1.6971,0.3169,20260609,6.0,0.16,expanded
1090,545,LVRT,2ph_g,0.1,very_weak,2.0,20.5499,0.392474,329110.3,146663.8,0.9134,0.018128,0.1737,2.0,1.6918,0.7045,20260609,6.0,0.16,expanded
1091,546,LVRT,2ph_g,0.1,very_weak,2.0,20.5499,0.392474,298113.4,183108.5,0.8521,0.018695,0.4543,2.0,1.973,0.4014,20260609,6.0,0.5,expanded
1092,546,LVRT,2ph_g,0.1,very_weak,2.0,20.5499,0.392474,355477.5,211923.3,0.8589,0.02655,0.4851,2.0,2.0117,0.2216,20260609,6.0,0.5,expanded
1093,547,LVRT,2ph_g,0.1,weak,3.0,46.225,0.220708,353272.4,174870.5,0.8962,0.021692,0.1706,2.0,1.6923,0.1931,20260609,1.5,0.16,expanded
1094,547,LVRT,2ph_g,0.1,weak,3.0,46.225,0.220708,359464.0,220669.8,0.8522,0.028839,0.1548,2.0,1.6836,0.534,20260609,1.5,0.16,expanded
1095,548,LVRT,2ph_g,0.1,weak,3.0,46.225,0.220708,319003.7,118114.7,0.9378,0.029031,0.4615,2.0,1.9906,0.2297,20260609,1.5,0.5,expanded
1096,548,LVRT,2ph_g,0.1,weak,3.0,46.225,0.220708,355194.4,190144.3,0.8816,0.018743,0.5392,2.0,2.0579,0.256,20260609,1.5,0.5,expanded
1097,549,LVRT,2ph_g,0.1,weak,3.0,26.3523,0.251646,316412.7,171793.1,0.8788,0.021934,0.1602,2.0,1.6822,0.7884,20260609,3.0,0.16,expanded
1098,549,LVRT,2ph_g,0.1,weak,3.0,26.3523,0.251646,283857.2,110537.2,0.9318,0.023721,0.179,2.0,1.7027,0.2082,20260609,3.0,0.16,expanded
1099,550,LVRT,2ph_g,0.1,weak,3.0,26.3523,0.251646,325491.7,189882.9,0.8638,0.013091,0.5377,2.0,2.0508,0.1807,20260609,3.0,0.5,expanded
1100,550,LVRT,2ph_g,0.1,weak,3.0,26.3523,0.251646,335057.5,206147.3,0.8517,0.025092,0.5385,2.0,2.0636,0.5031,20260609,3.0,0.5,expanded
1101,551,LVRT,2ph_g,0.1,weak,3.0,13.6999,0.261649,353559.5,118785.9,0.9479,0.021706,0.1488,2.0,1.6705,0.1275,20260609,6.0,0.16,expanded
1102,551,LVRT,2ph_g,0.1,weak,3.0,13.6999,0.261649,298124.0,158950.8,0.8824,0.012491,0.1499,2.0,1.6624,0.1802,20260609,6.0,0.16,expanded
1103,552,LVRT,2ph_g,0.1,weak,3.0,13.6999,0.261649,335051.8,157434.0,0.9051,0.018722,0.538,2.0,2.0567,0.5765,20260609,6.0,0.5,expanded
1104,552,LVRT,2ph_g,0.1,weak,3.0,13.6999,0.261649,324325.7,190980.1,0.8617,0.024194,0.5426,2.0,2.0668,0.3128,20260609,6.0,0.5,expanded
1105,553,LVRT,2ph_g,0.1,medium,5.0,27.735,0.132425,285855.8,122064.0,0.9197,0.013855,0.1686,2.0,1.6825,0.2824,20260609,1.5,0.16,expanded
1106,553,LVRT,2ph_g,0.1,medium,5.0,27.735,0.132425,353422.5,163569.1,0.9075,0.019977,0.1472,2.0,1.6672,0.09,20260609,1.5,0.16,expanded
1107,554,LVRT,2ph_g,0.1,medium,5.0,27.735,0.132425,283700.4,169059.9,0.859,0.020695,0.53,2.0,2.0507,0.7385,20260609,1.5,0.5,expanded
1108,554,LVRT,2ph_g,0.1,medium,5.0,27.735,0.132425,321989.3,135938.4,0.9213,0.019248,0.4538,2.0,1.9731,0.5211,20260609,1.5,0.5,expanded
1109,555,LVRT,2ph_g,0.1,medium,5.0,15.8114,0.150988,319043.0,171699.5,0.8806,0.02904,0.1539,2.0,1.6829,0.5843,20260609,3.0,0.16,expanded
1110,555,LVRT,2ph_g,0.1,medium,5.0,15.8114,0.150988,290163.9,132027.3,0.9102,0.021126,0.1777,2.0,1.6988,0.7147,20260609,3.0,0.16,expanded
1111,556,LVRT,2ph_g,0.1,medium,5.0,15.8114,0.150988,283652.3,151589.9,0.882,0.022392,0.468,2.0,1.9904,0.5383,20260609,3.0,0.5,expanded
1112,556,LVRT,2ph_g,0.1,medium,5.0,15.8114,0.150988,297624.0,147574.3,0.8959,0.021135,0.4556,2.0,1.9768,0.1137,20260609,3.0,0.5,expanded
1113,557,LVRT,2ph_g,0.1,medium,5.0,8.2199,0.156989,304519.3,141226.9,0.9072,0.018794,0.1523,2.0,1.6711,0.2717,20260609,6.0,0.16,expanded
1114,557,LVRT,2ph_g,0.1,medium,5.0,8.2199,0.156989,345595.2,148193.1,0.9191,0.016996,0.1591,2.0,1.6761,0.3902,20260609,6.0,0.16,expanded
1115,558,LVRT,2ph_g,0.1,medium,5.0,8.2199,0.156989,345642.2,141572.2,0.9254,0.023422,0.4979,2.0,2.0213,0.7759,20260609,6.0,0.5,expanded
1116,558,LVRT,2ph_g,0.1,medium,5.0,8.2199,0.156989,313785.5,189951.6,0.8555,0.018859,0.4789,2.0,1.9977,0.1445,20260609,6.0,0.5,expanded
1117,559,LVRT,2ph_g,0.1,strong,10.0,13.8675,0.066212,359747.1,166698.4,0.9073,0.027186,0.1637,2.0,1.6909,0.106,20260609,1.5,0.16,expanded
1118,559,LVRT,2ph_g,0.1,strong,10.0,13.8675,0.066212,353877.9,164609.5,0.9067,0.028537,0.1471,2.0,1.6756,0.2163,20260609,1.5,0.16,expanded
1119,560,LVRT,2ph_g,0.1,strong,10.0,13.8675,0.066212,306911.8,101026.2,0.9499,0.028279,0.5146,2.0,2.0429,0.0564,20260609,1.5,0.5,expanded
1120,560,LVRT,2ph_g,0.1,strong,10.0,13.8675,0.066212,284525.7,174745.4,0.8521,0.016633,0.5451,2.0,2.0617,0.571,20260609,1.5,0.5,expanded
1121,561,LVRT,2ph_g,0.1,strong,10.0,7.9057,0.075494,300107.7,113400.2,0.9354,0.021384,0.1471,2.0,1.6685,0.7313,20260609,3.0,0.16,expanded
1122,561,LVRT,2ph_g,0.1,strong,10.0,7.9057,0.075494,345897.8,163462.8,0.9041,0.024361,0.1444,2.0,1.6687,0.2547,20260609,3.0,0.16,expanded
1123,562,LVRT,2ph_g,0.1,strong,10.0,7.9057,0.075494,356844.8,156982.8,0.9153,0.023042,0.4634,2.0,1.9864,0.564,20260609,3.0,0.5,expanded
1124,562,LVRT,2ph_g,0.1,strong,10.0,7.9057,0.075494,333706.1,120850.5,0.9402,0.017539,0.5056,2.0,2.0231,0.481,20260609,3.0,0.5,expanded
1125,563,LVRT,2ph_g,0.1,strong,10.0,4.11,0.078495,358382.2,204221.1,0.8688,0.01907,0.158,2.0,1.6771,0.4134,20260609,6.0,0.16,expanded
1126,563,LVRT,2ph_g,0.1,strong,10.0,4.11,0.078495,330001.0,110335.9,0.9484,0.029371,0.1689,2.0,1.6983,0.0905,20260609,6.0,0.16,expanded
1127,564,LVRT,2ph_g,0.1,strong,10.0,4.11,0.078495,343825.6,152115.9,0.9145,0.018286,0.5358,2.0,2.0541,0.1018,20260609,6.0,0.5,expanded
1128,564,LVRT,2ph_g,0.1,strong,10.0,4.11,0.078495,308805.9,140129.5,0.9106,0.015851,0.4588,2.0,1.9746,0.2911,20260609,6.0,0.5,expanded
1129,565,LVRT,2ph_g,0.1,very_strong,15.0,9.245,0.044142,289150.9,177225.1,0.8526,0.016573,0.1528,2.0,1.6694,0.5535,20260609,1.5,0.16,expanded
1130,565,LVRT,2ph_g,0.1,very_strong,15.0,9.245,0.044142,290037.7,176014.5,0.8549,0.025256,0.1541,2.0,1.6794,0.1201,20260609,1.5,0.16,expanded
1131,566,LVRT,2ph_g,0.1,very_strong,15.0,9.245,0.044142,326950.5,176411.9,0.8801,0.027243,0.49,2.0,2.0173,0.5519,20260609,1.5,0.5,expanded
1132,566,LVRT,2ph_g,0.1,very_strong,15.0,9.245,0.044142,286872.9,101159.9,0.9431,0.012412,0.4959,2.0,2.0083,0.5083,20260609,1.5,0.5,expanded
1133,567,LVRT,2ph_g,0.1,very_strong,15.0,5.2705,0.050329,324421.5,164822.6,0.8915,0.02999,0.1697,2.0,1.6997,0.2357,20260609,3.0,0.16,expanded
1134,567,LVRT,2ph_g,0.1,very_strong,15.0,5.2705,0.050329,318721.3,195845.3,0.852,0.019884,0.176,2.0,1.6959,0.7974,20260609,3.0,0.16,expanded
1135,568,LVRT,2ph_g,0.1,very_strong,15.0,5.2705,0.050329,305800.4,142942.8,0.9059,0.029768,0.5134,2.0,2.0432,0.1625,20260609,3.0,0.5,expanded
1136,568,LVRT,2ph_g,0.1,very_strong,15.0,5.2705,0.050329,331411.2,109038.9,0.9499,0.023437,0.4648,2.0,1.9882,0.1393,20260609,3.0,0.5,expanded
1137,569,LVRT,2ph_g,0.1,very_strong,15.0,2.74,0.05233,307673.0,107671.1,0.9439,0.022849,0.1516,2.0,1.6745,0.3647,20260609,6.0,0.16,expanded
1138,569,LVRT,2ph_g,0.1,very_strong,15.0,2.74,0.05233,348877.0,149868.8,0.9188,0.028485,0.1689,2.0,1.6974,0.3034,20260609,6.0,0.16,expanded
1139,570,LVRT,2ph_g,0.1,very_strong,15.0,2.74,0.05233,353103.5,188179.6,0.8825,0.024671,0.4612,2.0,1.9859,0.0659,20260609,6.0,0.5,expanded
1140,570,LVRT,2ph_g,0.1,very_strong,15.0,2.74,0.05233,310962.2,156855.5,0.8928,0.025499,0.4773,2.0,2.0028,0.0877,20260609,6.0,0.5,expanded
1141,571,LVRT,2ph_g,0.2,very_weak,2.0,69.3375,0.331062,296433.2,135639.8,0.9093,0.027,0.1605,2.0,1.6875,0.7464,20260609,1.5,0.16,expanded
1142,571,LVRT,2ph_g,0.2,very_weak,2.0,69.3375,0.331062,323458.5,118006.5,0.9394,0.015889,0.1725,2.0,1.6884,0.564,20260609,1.5,0.16,expanded
1143,572,LVRT,2ph_g,0.2,very_weak,2.0,69.3375,0.331062,290251.5,159241.2,0.8767,0.015739,0.4969,2.0,2.0126,0.0834,20260609,1.5,0.5,expanded
1144,572,LVRT,2ph_g,0.2,very_weak,2.0,69.3375,0.331062,320099.9,126835.5,0.9297,0.020959,0.5063,2.0,2.0273,0.7833,20260609,1.5,0.5,expanded
1145,573,LVRT,2ph_g,0.2,very_weak,2.0,39.5285,0.377469,337936.0,159109.4,0.9047,0.020673,0.1769,2.0,1.6976,0.1753,20260609,3.0,0.16,expanded
1146,573,LVRT,2ph_g,0.2,very_weak,2.0,39.5285,0.377469,340450.8,122307.6,0.9411,0.018318,0.1415,2.0,1.6599,0.6664,20260609,3.0,0.16,expanded
1147,574,LVRT,2ph_g,0.2,very_weak,2.0,39.5285,0.377469,336494.3,181697.3,0.8799,0.022989,0.5093,2.0,2.0323,0.5817,20260609,3.0,0.5,expanded
1148,574,LVRT,2ph_g,0.2,very_weak,2.0,39.5285,0.377469,315480.5,161995.3,0.8896,0.012166,0.5116,2.0,2.0238,0.3531,20260609,3.0,0.5,expanded
1149,575,LVRT,2ph_g,0.2,very_weak,2.0,20.5499,0.392474,284100.6,124930.7,0.9154,0.016614,0.1688,2.0,1.6854,0.7397,20260609,6.0,0.16,expanded
1150,575,LVRT,2ph_g,0.2,very_weak,2.0,20.5499,0.392474,295275.1,114813.9,0.932,0.023037,0.1711,2.0,1.6941,0.6754,20260609,6.0,0.16,expanded
1151,576,LVRT,2ph_g,0.2,very_weak,2.0,20.5499,0.392474,354622.5,143492.5,0.927,0.018073,0.5265,2.0,2.0446,0.7428,20260609,6.0,0.5,expanded
1152,576,LVRT,2ph_g,0.2,very_weak,2.0,20.5499,0.392474,343247.5,193530.4,0.8711,0.017563,0.4808,2.0,1.9984,0.6176,20260609,6.0,0.5,expanded
1153,577,LVRT,2ph_g,0.2,weak,3.0,46.225,0.220708,353272.6,133048.3,0.9358,0.022706,0.1618,2.0,1.6845,0.737,20260609,1.5,0.16,expanded
1154,577,LVRT,2ph_g,0.2,weak,3.0,46.225,0.220708,313709.9,155420.0,0.8961,0.018558,0.1536,2.0,1.6722,0.4731,20260609,1.5,0.16,expanded
1155,578,LVRT,2ph_g,0.2,weak,3.0,46.225,0.220708,327565.1,190486.4,0.8645,0.014566,0.4955,2.0,2.0101,0.5014,20260609,1.5,0.5,expanded
1156,578,LVRT,2ph_g,0.2,weak,3.0,46.225,0.220708,357164.4,179626.2,0.8934,0.029495,0.4728,2.0,2.0023,0.4006,20260609,1.5,0.5,expanded
1157,579,LVRT,2ph_g,0.2,weak,3.0,26.3523,0.251646,285853.9,168921.0,0.8609,0.021373,0.1502,2.0,1.6715,0.6328,20260609,3.0,0.16,expanded
1158,579,LVRT,2ph_g,0.2,weak,3.0,26.3523,0.251646,354930.0,198030.5,0.8733,0.021364,0.172,2.0,1.6934,0.7016,20260609,3.0,0.16,expanded
1159,580,LVRT,2ph_g,0.2,weak,3.0,26.3523,0.251646,286188.0,165437.5,0.8658,0.013276,0.4598,2.0,1.9731,0.624,20260609,3.0,0.5,expanded
1160,580,LVRT,2ph_g,0.2,weak,3.0,26.3523,0.251646,307912.9,182015.6,0.8608,0.022656,0.4802,2.0,2.0028,0.3288,20260609,3.0,0.5,expanded
1161,581,LVRT,2ph_g,0.2,weak,3.0,13.6999,0.261649,314579.6,187748.6,0.8587,0.018074,0.1469,2.0,1.665,0.6278,20260609,6.0,0.16,expanded
1162,581,LVRT,2ph_g,0.2,weak,3.0,13.6999,0.261649,284301.6,135849.0,0.9023,0.018076,0.1798,2.0,1.6979,0.2979,20260609,6.0,0.16,expanded
1163,582,LVRT,2ph_g,0.2,weak,3.0,13.6999,0.261649,352420.9,159046.1,0.9115,0.015002,0.4694,2.0,1.9844,0.1767,20260609,6.0,0.5,expanded
1164,582,LVRT,2ph_g,0.2,weak,3.0,13.6999,0.261649,293593.8,119842.3,0.9258,0.017387,0.4989,2.0,2.0163,0.5438,20260609,6.0,0.5,expanded
1165,583,LVRT,2ph_g,0.2,medium,5.0,27.735,0.132425,292999.2,171915.9,0.8625,0.012401,0.1737,2.0,1.6861,0.0751,20260609,1.5,0.16,expanded
1166,583,LVRT,2ph_g,0.2,medium,5.0,27.735,0.132425,321710.3,163441.2,0.8915,0.013329,0.1693,2.0,1.6827,0.0883,20260609,1.5,0.16,expanded
1167,584,LVRT,2ph_g,0.2,medium,5.0,27.735,0.132425,332708.7,146327.5,0.9154,0.023997,0.4767,2.0,2.0007,0.7003,20260609,1.5,0.5,expanded
1168,584,LVRT,2ph_g,0.2,medium,5.0,27.735,0.132425,311954.0,176188.2,0.8707,0.025219,0.4778,2.0,2.003,0.6288,20260609,1.5,0.5,expanded
1169,585,LVRT,2ph_g,0.2,medium,5.0,15.8114,0.150988,348430.3,154292.7,0.9144,0.01316,0.1552,2.0,1.6684,0.6902,20260609,3.0,0.16,expanded
1170,585,LVRT,2ph_g,0.2,medium,5.0,15.8114,0.150988,321335.5,173502.5,0.8799,0.020971,0.1535,2.0,1.6745,0.6567,20260609,3.0,0.16,expanded
1171,586,LVRT,2ph_g,0.2,medium,5.0,15.8114,0.150988,300143.7,105836.2,0.9431,0.025539,0.4662,2.0,1.9918,0.4185,20260609,3.0,0.5,expanded
1172,586,LVRT,2ph_g,0.2,medium,5.0,15.8114,0.150988,342789.5,207996.2,0.8549,0.025845,0.5456,2.0,2.0714,0.4038,20260609,3.0,0.5,expanded
1173,587,LVRT,2ph_g,0.2,medium,5.0,8.2199,0.156989,300614.3,116865.5,0.932,0.027179,0.1662,2.0,1.6934,0.0635,20260609,6.0,0.16,expanded
1174,587,LVRT,2ph_g,0.2,medium,5.0,8.2199,0.156989,338243.2,174953.5,0.8882,0.027392,0.1505,2.0,1.6779,0.2502,20260609,6.0,0.16,expanded
1175,588,LVRT,2ph_g,0.2,medium,5.0,8.2199,0.156989,305993.9,161620.9,0.8842,0.028575,0.4737,2.0,2.0023,0.6759,20260609,6.0,0.5,expanded
1176,588,LVRT,2ph_g,0.2,medium,5.0,8.2199,0.156989,345168.0,146263.5,0.9207,0.027114,0.5311,2.0,2.0582,0.4812,20260609,6.0,0.5,expanded
1177,589,LVRT,2ph_g,0.2,strong,10.0,13.8675,0.066212,282467.1,145197.4,0.8894,0.013088,0.1599,2.0,1.673,0.3664,20260609,1.5,0.16,expanded
1178,589,LVRT,2ph_g,0.2,strong,10.0,13.8675,0.066212,295371.0,169510.4,0.8673,0.017102,0.1444,2.0,1.6615,0.2696,20260609,1.5,0.16,expanded
1179,590,LVRT,2ph_g,0.2,strong,10.0,13.8675,0.066212,292696.8,153666.4,0.8854,0.020166,0.5323,2.0,2.0525,0.4463,20260609,1.5,0.5,expanded
1180,590,LVRT,2ph_g,0.2,strong,10.0,13.8675,0.066212,329832.3,134020.8,0.9264,0.018006,0.4744,2.0,1.9924,0.7447,20260609,1.5,0.5,expanded
1181,591,LVRT,2ph_g,0.2,strong,10.0,7.9057,0.075494,285411.1,167750.0,0.8621,0.017745,0.1692,2.0,1.687,0.1505,20260609,3.0,0.16,expanded
1182,591,LVRT,2ph_g,0.2,strong,10.0,7.9057,0.075494,356330.3,190629.0,0.8817,0.017402,0.1651,2.0,1.6825,0.0619,20260609,3.0,0.16,expanded
1183,592,LVRT,2ph_g,0.2,strong,10.0,7.9057,0.075494,353063.4,130260.8,0.9382,0.014427,0.4722,2.0,1.9866,0.2384,20260609,3.0,0.5,expanded
1184,592,LVRT,2ph_g,0.2,strong,10.0,7.9057,0.075494,309238.6,144029.2,0.9065,0.013613,0.5352,2.0,2.0488,0.3688,20260609,3.0,0.5,expanded
1185,593,LVRT,2ph_g,0.2,strong,10.0,4.11,0.078495,321988.9,191483.8,0.8595,0.022934,0.1733,2.0,1.6962,0.2437,20260609,6.0,0.16,expanded
1186,593,LVRT,2ph_g,0.2,strong,10.0,4.11,0.078495,296816.6,112133.5,0.9355,0.012214,0.1749,2.0,1.6871,0.3949,20260609,6.0,0.16,expanded
1187,594,LVRT,2ph_g,0.2,strong,10.0,4.11,0.078495,322707.8,189338.7,0.8625,0.02507,0.4716,2.0,1.9967,0.7431,20260609,6.0,0.5,expanded
1188,594,LVRT,2ph_g,0.2,strong,10.0,4.11,0.078495,341072.8,126900.2,0.9372,0.0272,0.5283,2.0,2.0555,0.4265,20260609,6.0,0.5,expanded
1189,595,LVRT,2ph_g,0.2,very_strong,15.0,9.245,0.044142,333878.5,191465.9,0.8675,0.021796,0.1623,2.0,1.6841,0.0944,20260609,1.5,0.16,expanded
1190,595,LVRT,2ph_g,0.2,very_strong,15.0,9.245,0.044142,304929.6,119494.1,0.9311,0.01334,0.1759,2.0,1.6892,0.1666,20260609,1.5,0.16,expanded
1191,596,LVRT,2ph_g,0.2,very_strong,15.0,9.245,0.044142,338617.0,180025.2,0.883,0.020885,0.4612,2.0,1.9821,0.2349,20260609,1.5,0.5,expanded
1192,596,LVRT,2ph_g,0.2,very_strong,15.0,9.245,0.044142,328467.7,139558.5,0.9204,0.022452,0.5083,2.0,2.0308,0.2489,20260609,1.5,0.5,expanded
1193,597,LVRT,2ph_g,0.2,very_strong,15.0,5.2705,0.050329,286385.0,140770.5,0.8974,0.020554,0.1766,2.0,1.6971,0.526,20260609,3.0,0.16,expanded
1194,597,LVRT,2ph_g,0.2,very_strong,15.0,5.2705,0.050329,312554.7,141058.6,0.9115,0.020966,0.1673,2.0,1.6883,0.2146,20260609,3.0,0.16,expanded
1195,598,LVRT,2ph_g,0.2,very_strong,15.0,5.2705,0.050329,327252.7,176756.4,0.8799,0.023348,0.511,2.0,2.0344,0.3297,20260609,3.0,0.5,expanded
1196,598,LVRT,2ph_g,0.2,very_strong,15.0,5.2705,0.050329,299569.3,101120.1,0.9475,0.014442,0.5295,2.0,2.0439,0.3122,20260609,3.0,0.5,expanded
1197,599,LVRT,2ph_g,0.2,very_strong,15.0,2.74,0.05233,314907.3,129111.5,0.9253,0.028209,0.1613,2.0,1.6895,0.1973,20260609,6.0,0.16,expanded
1198,599,LVRT,2ph_g,0.2,very_strong,15.0,2.74,0.05233,327320.5,125862.1,0.9334,0.02248,0.1401,2.0,1.6626,0.4334,20260609,6.0,0.16,expanded
1199,600,LVRT,2ph_g,0.2,very_strong,15.0,2.74,0.05233,315112.0,190964.8,0.8552,0.01276,0.5028,2.0,2.0155,0.306,20260609,6.0,0.5,expanded
1200,600,LVRT,2ph_g,0.2,very_strong,15.0,2.74,0.05233,309547.3,134597.0,0.9171,0.025942,0.5488,2.0,2.0747,0.277,20260609,6.0,0.5,expanded
1201,601,LVRT,2ph_g,0.35,very_weak,2.0,69.3375,0.331062,287672.2,111220.3,0.9327,0.026886,0.1717,2.0,1.6986,0.097,20260609,1.5,0.16,expanded
1202,601,LVRT,2ph_g,0.35,very_weak,2.0,69.3375,0.331062,316582.2,147974.9,0.9059,0.01233,0.1717,2.0,1.684,0.6793,20260609,1.5,0.16,expanded
1203,602,LVRT,2ph_g,0.35,very_weak,2.0,69.3375,0.331062,284094.9,94511.8,0.9489,0.027243,0.4736,2.0,2.0008,0.0846,20260609,1.5,0.5,expanded
1204,602,LVRT,2ph_g,0.35,very_weak,2.0,69.3375,0.331062,356046.4,205907.1,0.8657,0.027929,0.4508,2.0,1.9787,0.2004,20260609,1.5,0.5,expanded
1205,603,LVRT,2ph_g,0.35,very_weak,2.0,39.5285,0.377469,334416.5,182108.4,0.8782,0.018487,0.1669,2.0,1.6854,0.7514,20260609,3.0,0.16,expanded
1206,603,LVRT,2ph_g,0.35,very_weak,2.0,39.5285,0.377469,354401.9,136823.5,0.9329,0.01483,0.1677,2.0,1.6825,0.3301,20260609,3.0,0.16,expanded
1207,604,LVRT,2ph_g,0.35,very_weak,2.0,39.5285,0.377469,316874.3,160528.9,0.8921,0.014969,0.5235,2.0,2.0384,0.7063,20260609,3.0,0.5,expanded
1208,604,LVRT,2ph_g,0.35,very_weak,2.0,39.5285,0.377469,342790.1,130395.2,0.9347,0.027436,0.5439,2.0,2.0713,0.2687,20260609,3.0,0.5,expanded
1209,605,LVRT,2ph_g,0.35,very_weak,2.0,20.5499,0.392474,310626.6,184234.9,0.8601,0.021603,0.1653,2.0,1.6869,0.7969,20260609,6.0,0.16,expanded
1210,605,LVRT,2ph_g,0.35,very_weak,2.0,20.5499,0.392474,324304.0,174997.7,0.88,0.027466,0.1698,2.0,1.6973,0.5746,20260609,6.0,0.16,expanded
1211,606,LVRT,2ph_g,0.35,very_weak,2.0,20.5499,0.392474,291921.5,129551.6,0.914,0.016888,0.5276,2.0,2.0445,0.2677,20260609,6.0,0.5,expanded
1212,606,LVRT,2ph_g,0.35,very_weak,2.0,20.5499,0.392474,316151.3,176275.9,0.8734,0.028328,0.4859,2.0,2.0143,0.6072,20260609,6.0,0.5,expanded
1213,607,LVRT,2ph_g,0.35,weak,3.0,46.225,0.220708,309249.7,141670.9,0.9091,0.028881,0.1445,2.0,1.6734,0.0761,20260609,1.5,0.16,expanded
1214,607,LVRT,2ph_g,0.35,weak,3.0,46.225,0.220708,288431.8,101385.7,0.9434,0.019886,0.1469,2.0,1.6667,0.7353,20260609,1.5,0.16,expanded
1215,608,LVRT,2ph_g,0.35,weak,3.0,46.225,0.220708,287245.1,136491.0,0.9032,0.019702,0.4539,2.0,1.9736,0.4116,20260609,1.5,0.5,expanded
1216,608,LVRT,2ph_g,0.35,weak,3.0,46.225,0.220708,317957.1,110487.8,0.9446,0.026124,0.506,2.0,2.0321,0.5523,20260609,1.5,0.5,expanded
1217,609,LVRT,2ph_g,0.35,weak,3.0,26.3523,0.251646,287319.0,126357.8,0.9154,0.018016,0.1536,2.0,1.6716,0.513,20260609,3.0,0.16,expanded
1218,609,LVRT,2ph_g,0.35,weak,3.0,26.3523,0.251646,302487.6,148723.8,0.8974,0.028097,0.1738,2.0,1.7019,0.2265,20260609,3.0,0.16,expanded
1219,610,LVRT,2ph_g,0.35,weak,3.0,26.3523,0.251646,321463.6,165871.8,0.8887,0.026098,0.4847,2.0,2.0108,0.6155,20260609,3.0,0.5,expanded
1220,610,LVRT,2ph_g,0.35,weak,3.0,26.3523,0.251646,332912.4,193655.3,0.8644,0.027356,0.5011,2.0,2.0285,0.0893,20260609,3.0,0.5,expanded
1221,611,LVRT,2ph_g,0.35,weak,3.0,13.6999,0.261649,283549.3,154459.5,0.8782,0.025772,0.171,2.0,1.6968,0.3039,20260609,6.0,0.16,expanded
1222,611,LVRT,2ph_g,0.35,weak,3.0,13.6999,0.261649,343613.4,210848.1,0.8523,0.02451,0.1602,2.0,1.6848,0.6761,20260609,6.0,0.16,expanded
1223,612,LVRT,2ph_g,0.35,weak,3.0,13.6999,0.261649,345829.2,182385.6,0.8845,0.025832,0.5304,2.0,2.0562,0.3307,20260609,6.0,0.5,expanded
1224,612,LVRT,2ph_g,0.35,weak,3.0,13.6999,0.261649,343876.1,161343.3,0.9053,0.020408,0.5327,2.0,2.0531,0.4867,20260609,6.0,0.5,expanded
1225,613,LVRT,2ph_g,0.35,medium,5.0,27.735,0.132425,289912.3,137594.0,0.9034,0.024479,0.1594,2.0,1.6839,0.0543,20260609,1.5,0.16,expanded
1226,613,LVRT,2ph_g,0.35,medium,5.0,27.735,0.132425,307552.2,170413.4,0.8747,0.01378,0.1549,2.0,1.6686,0.1478,20260609,1.5,0.16,expanded
1227,614,LVRT,2ph_g,0.35,medium,5.0,27.735,0.132425,327590.8,182889.2,0.8731,0.016916,0.5258,2.0,2.0427,0.7394,20260609,1.5,0.5,expanded
1228,614,LVRT,2ph_g,0.35,medium,5.0,27.735,0.132425,338599.2,123189.6,0.9397,0.01992,0.4639,2.0,1.9838,0.6822,20260609,1.5,0.5,expanded
1229,615,LVRT,2ph_g,0.35,medium,5.0,15.8114,0.150988,339767.0,143582.1,0.9211,0.02453,0.1482,2.0,1.6727,0.4172,20260609,3.0,0.16,expanded
1230,615,LVRT,2ph_g,0.35,medium,5.0,15.8114,0.150988,300604.7,121138.6,0.9275,0.02118,0.1523,2.0,1.6734,0.688,20260609,3.0,0.16,expanded
1231,616,LVRT,2ph_g,0.35,medium,5.0,15.8114,0.150988,314352.1,176272.8,0.8722,0.027491,0.4586,2.0,1.986,0.6409,20260609,3.0,0.5,expanded
1232,616,LVRT,2ph_g,0.35,medium,5.0,15.8114,0.150988,347649.1,211904.9,0.8539,0.018723,0.5392,2.0,2.0579,0.6563,20260609,3.0,0.5,expanded
1233,617,LVRT,2ph_g,0.35,medium,5.0,8.2199,0.156989,317545.1,156968.1,0.8965,0.016849,0.1607,2.0,1.6776,0.6536,20260609,6.0,0.16,expanded
1234,617,LVRT,2ph_g,0.35,medium,5.0,8.2199,0.156989,346469.1,193974.7,0.8726,0.029533,0.1774,2.0,1.7069,0.7816,20260609,6.0,0.16,expanded
1235,618,LVRT,2ph_g,0.35,medium,5.0,8.2199,0.156989,311764.5,175545.1,0.8714,0.021085,0.4548,2.0,1.9758,0.1493,20260609,6.0,0.5,expanded
1236,618,LVRT,2ph_g,0.35,medium,5.0,8.2199,0.156989,337118.8,200724.6,0.8592,0.015761,0.5076,2.0,2.0234,0.2382,20260609,6.0,0.5,expanded
1237,619,LVRT,2ph_g,0.35,strong,10.0,13.8675,0.066212,285702.2,164882.6,0.8661,0.020985,0.1481,2.0,1.6691,0.2655,20260609,1.5,0.16,expanded
1238,619,LVRT,2ph_g,0.35,strong,10.0,13.8675,0.066212,351774.7,176873.5,0.8934,0.01978,0.1696,2.0,1.6894,0.0884,20260609,1.5,0.16,expanded
1239,620,LVRT,2ph_g,0.35,strong,10.0,13.8675,0.066212,283570.3,137362.7,0.9,0.012897,0.5112,2.0,2.024,0.5908,20260609,1.5,0.5,expanded
1240,620,LVRT,2ph_g,0.35,strong,10.0,13.8675,0.066212,295309.9,150646.0,0.8908,0.029687,0.5068,2.0,2.0365,0.0858,20260609,1.5,0.5,expanded
1241,621,LVRT,2ph_g,0.35,strong,10.0,7.9057,0.075494,352162.7,154841.3,0.9154,0.01506,0.1429,2.0,1.6579,0.479,20260609,3.0,0.16,expanded
1242,621,LVRT,2ph_g,0.35,strong,10.0,7.9057,0.075494,307462.3,187551.2,0.8537,0.026802,0.1557,2.0,1.6825,0.6403,20260609,3.0,0.16,expanded
1243,622,LVRT,2ph_g,0.35,strong,10.0,7.9057,0.075494,339803.0,198041.9,0.864,0.018728,0.5379,2.0,2.0566,0.7595,20260609,3.0,0.5,expanded
1244,622,LVRT,2ph_g,0.35,strong,10.0,7.9057,0.075494,293631.0,118569.1,0.9273,0.018919,0.4998,2.0,2.0188,0.1471,20260609,3.0,0.5,expanded
1245,623,LVRT,2ph_g,0.35,strong,10.0,4.11,0.078495,354031.0,128263.3,0.9402,0.024971,0.1522,2.0,1.6771,0.0974,20260609,6.0,0.16,expanded
1246,623,LVRT,2ph_g,0.35,strong,10.0,4.11,0.078495,326037.6,192762.3,0.8608,0.027772,0.1795,2.0,1.7073,0.5128,20260609,6.0,0.16,expanded
1247,624,LVRT,2ph_g,0.35,strong,10.0,4.11,0.078495,322134.7,110281.3,0.9461,0.024765,0.5065,2.0,2.0313,0.2957,20260609,6.0,0.5,expanded
1248,624,LVRT,2ph_g,0.35,strong,10.0,4.11,0.078495,337561.4,178928.4,0.8836,0.018406,0.4829,2.0,2.0013,0.0685,20260609,6.0,0.5,expanded
1249,625,LVRT,2ph_g,0.35,very_strong,15.0,9.245,0.044142,345553.6,205977.0,0.859,0.013443,0.1789,2.0,1.6923,0.5487,20260609,1.5,0.16,expanded
1250,625,LVRT,2ph_g,0.35,very_strong,15.0,9.245,0.044142,345237.5,160822.0,0.9065,0.022077,0.1437,2.0,1.6658,0.409,20260609,1.5,0.16,expanded
1251,626,LVRT,2ph_g,0.35,very_strong,15.0,9.245,0.044142,351462.4,150895.4,0.9189,0.027724,0.5476,2.0,2.0754,0.512,20260609,1.5,0.5,expanded
1252,626,LVRT,2ph_g,0.35,very_strong,15.0,9.245,0.044142,288098.9,155804.5,0.8796,0.029221,0.4604,2.0,1.9896,0.1897,20260609,1.5,0.5,expanded
1253,627,LVRT,2ph_g,0.35,very_strong,15.0,5.2705,0.050329,311858.2,122196.4,0.9311,0.020303,0.1677,2.0,1.688,0.5747,20260609,3.0,0.16,expanded
1254,627,LVRT,2ph_g,0.35,very_strong,15.0,5.2705,0.050329,355880.6,162415.7,0.9097,0.018121,0.1698,2.0,1.6879,0.3024,20260609,3.0,0.16,expanded
1255,628,LVRT,2ph_g,0.35,very_strong,15.0,5.2705,0.050329,294135.2,152046.0,0.8883,0.026771,0.5027,2.0,2.0295,0.323,20260609,3.0,0.5,expanded
1256,628,LVRT,2ph_g,0.35,very_strong,15.0,5.2705,0.050329,286391.2,168036.7,0.8625,0.014849,0.492,2.0,2.0069,0.1639,20260609,3.0,0.5,expanded
1257,629,LVRT,2ph_g,0.35,very_strong,15.0,2.74,0.05233,355933.1,159242.3,0.9128,0.028723,0.1436,2.0,1.6723,0.575,20260609,6.0,0.16,expanded
1258,629,LVRT,2ph_g,0.35,very_strong,15.0,2.74,0.05233,337634.9,202871.4,0.8572,0.022545,0.1706,2.0,1.6931,0.4434,20260609,6.0,0.16,expanded
1259,630,LVRT,2ph_g,0.35,very_strong,15.0,2.74,0.05233,300141.3,117248.2,0.9315,0.029985,0.507,2.0,2.037,0.3699,20260609,6.0,0.5,expanded
1260,630,LVRT,2ph_g,0.35,very_strong,15.0,2.74,0.05233,357649.4,172623.6,0.9006,0.014805,0.5172,2.0,2.032,0.491,20260609,6.0,0.5,expanded
1261,631,LVRT,2ph_g,0.5,very_weak,2.0,69.3375,0.331062,317730.6,136465.5,0.9188,0.023182,0.1598,2.0,1.683,0.2915,20260609,1.5,0.16,expanded
1262,631,LVRT,2ph_g,0.5,very_weak,2.0,69.3375,0.331062,312261.1,145719.6,0.9062,0.017679,0.1603,2.0,1.678,0.3569,20260609,1.5,0.16,expanded
1263,632,LVRT,2ph_g,0.5,very_weak,2.0,69.3375,0.331062,296362.5,161833.8,0.8777,0.02118,0.5421,2.0,2.0633,0.6696,20260609,1.5,0.5,expanded
1264,632,LVRT,2ph_g,0.5,very_weak,2.0,69.3375,0.331062,327471.7,119024.3,0.9398,0.020794,0.4613,2.0,1.9821,0.3924,20260609,1.5,0.5,expanded
1265,633,LVRT,2ph_g,0.5,very_weak,2.0,39.5285,0.377469,307315.8,188050.5,0.853,0.020323,0.1581,2.0,1.6784,0.3302,20260609,3.0,0.16,expanded
1266,633,LVRT,2ph_g,0.5,very_weak,2.0,39.5285,0.377469,337988.4,124789.7,0.9381,0.020166,0.1704,2.0,1.6906,0.0825,20260609,3.0,0.16,expanded
1267,634,LVRT,2ph_g,0.5,very_weak,2.0,39.5285,0.377469,323718.1,175069.5,0.8796,0.018762,0.5261,2.0,2.0448,0.5389,20260609,3.0,0.5,expanded
1268,634,LVRT,2ph_g,0.5,very_weak,2.0,39.5285,0.377469,307221.8,103962.1,0.9472,0.021757,0.4516,2.0,1.9734,0.081,20260609,3.0,0.5,expanded
1269,635,LVRT,2ph_g,0.5,very_weak,2.0,20.5499,0.392474,320565.9,135229.1,0.9214,0.017203,0.1409,2.0,1.6581,0.6217,20260609,6.0,0.16,expanded
1270,635,LVRT,2ph_g,0.5,very_weak,2.0,20.5499,0.392474,344413.4,139859.7,0.9265,0.028734,0.1689,2.0,1.6976,0.5809,20260609,6.0,0.16,expanded
1271,636,LVRT,2ph_g,0.5,very_weak,2.0,20.5499,0.392474,350253.2,132520.3,0.9353,0.012884,0.47,2.0,1.9829,0.7046,20260609,6.0,0.5,expanded
1272,636,LVRT,2ph_g,0.5,very_weak,2.0,20.5499,0.392474,354117.5,160801.9,0.9105,0.029246,0.5407,2.0,2.0699,0.5505,20260609,6.0,0.5,expanded
1273,637,LVRT,2ph_g,0.5,weak,3.0,46.225,0.220708,295034.6,123404.7,0.9226,0.026025,0.177,2.0,1.703,0.4374,20260609,1.5,0.16,expanded
1274,637,LVRT,2ph_g,0.5,weak,3.0,46.225,0.220708,295030.1,161927.8,0.8766,0.020905,0.1466,2.0,1.6675,0.748,20260609,1.5,0.16,expanded
1275,638,LVRT,2ph_g,0.5,weak,3.0,46.225,0.220708,286030.3,161671.4,0.8706,0.012604,0.5152,2.0,2.0278,0.7647,20260609,1.5,0.5,expanded
1276,638,LVRT,2ph_g,0.5,weak,3.0,46.225,0.220708,331403.2,160242.6,0.9003,0.028608,0.4549,2.0,1.9835,0.5372,20260609,1.5,0.5,expanded
1277,639,LVRT,2ph_g,0.5,weak,3.0,26.3523,0.251646,336273.3,199200.6,0.8604,0.02736,0.158,2.0,1.6853,0.6067,20260609,3.0,0.16,expanded
1278,639,LVRT,2ph_g,0.5,weak,3.0,26.3523,0.251646,310398.8,129403.9,0.923,0.019989,0.1481,2.0,1.6681,0.5091,20260609,3.0,0.16,expanded
1279,640,LVRT,2ph_g,0.5,weak,3.0,26.3523,0.251646,345286.9,176356.3,0.8906,0.02121,0.544,2.0,2.0652,0.2474,20260609,3.0,0.5,expanded
1280,640,LVRT,2ph_g,0.5,weak,3.0,26.3523,0.251646,293011.8,104322.7,0.9421,0.016879,0.4648,2.0,1.9817,0.0568,20260609,3.0,0.5,expanded
1281,641,LVRT,2ph_g,0.5,weak,3.0,13.6999,0.261649,334197.0,187885.1,0.8717,0.02469,0.1418,2.0,1.6665,0.4439,20260609,6.0,0.16,expanded
1282,641,LVRT,2ph_g,0.5,weak,3.0,13.6999,0.261649,282487.7,132754.0,0.905,0.014565,0.1523,2.0,1.6669,0.717,20260609,6.0,0.16,expanded
1283,642,LVRT,2ph_g,0.5,weak,3.0,13.6999,0.261649,308604.7,153093.0,0.8958,0.018911,0.5381,2.0,2.057,0.2765,20260609,6.0,0.5,expanded
1284,642,LVRT,2ph_g,0.5,weak,3.0,13.6999,0.261649,290028.0,98507.3,0.9469,0.018134,0.4719,2.0,1.99,0.1556,20260609,6.0,0.5,expanded
1285,643,LVRT,2ph_g,0.5,medium,5.0,27.735,0.132425,305637.2,159585.4,0.8864,0.024919,0.1717,2.0,1.6966,0.4892,20260609,1.5,0.16,expanded
1286,643,LVRT,2ph_g,0.5,medium,5.0,27.735,0.132425,309674.8,177192.8,0.868,0.020141,0.1588,2.0,1.6789,0.1234,20260609,1.5,0.16,expanded
1287,644,LVRT,2ph_g,0.5,medium,5.0,27.735,0.132425,301975.4,180941.5,0.8578,0.017867,0.5371,2.0,2.055,0.6961,20260609,1.5,0.5,expanded
1288,644,LVRT,2ph_g,0.5,medium,5.0,27.735,0.132425,313722.4,177021.0,0.8709,0.023922,0.5233,2.0,2.0472,0.2035,20260609,1.5,0.5,expanded
1289,645,LVRT,2ph_g,0.5,medium,5.0,15.8114,0.150988,357799.3,195783.0,0.8773,0.016187,0.1647,2.0,1.6809,0.489,20260609,3.0,0.16,expanded
1290,645,LVRT,2ph_g,0.5,medium,5.0,15.8114,0.150988,302927.8,183011.0,0.8559,0.017845,0.1763,2.0,1.6941,0.4005,20260609,3.0,0.16,expanded
1291,646,LVRT,2ph_g,0.5,medium,5.0,15.8114,0.150988,285244.5,116358.5,0.9259,0.015519,0.4684,2.0,1.984,0.5997,20260609,3.0,0.5,expanded
1292,646,LVRT,2ph_g,0.5,medium,5.0,15.8114,0.150988,289860.5,111967.0,0.9328,0.016973,0.4686,2.0,1.9855,0.5097,20260609,3.0,0.5,expanded
1293,647,LVRT,2ph_g,0.5,medium,5.0,8.2199,0.156989,300827.6,181856.1,0.8558,0.015231,0.1506,2.0,1.6659,0.4193,20260609,6.0,0.16,expanded
1294,647,LVRT,2ph_g,0.5,medium,5.0,8.2199,0.156989,323745.6,156181.6,0.9007,0.028196,0.1755,2.0,1.7037,0.148,20260609,6.0,0.16,expanded
1295,648,LVRT,2ph_g,0.5,medium,5.0,8.2199,0.156989,344050.5,149796.2,0.9169,0.028965,0.4609,2.0,1.9898,0.5964,20260609,6.0,0.5,expanded
1296,648,LVRT,2ph_g,0.5,medium,5.0,8.2199,0.156989,322228.2,122629.1,0.9346,0.023154,0.5466,2.0,2.0698,0.4149,20260609,6.0,0.5,expanded
1297,649,LVRT,2ph_g,0.5,strong,10.0,13.8675,0.066212,316465.0,131125.6,0.9238,0.022065,0.1495,2.0,1.6715,0.3493,20260609,1.5,0.16,expanded
1298,649,LVRT,2ph_g,0.5,strong,10.0,13.8675,0.066212,328285.7,119442.7,0.9397,0.017601,0.1659,2.0,1.6835,0.5776,20260609,1.5,0.16,expanded
1299,650,LVRT,2ph_g,0.5,strong,10.0,13.8675,0.066212,317556.4,194233.3,0.8531,0.022506,0.4661,2.0,1.9886,0.0959,20260609,1.5,0.5,expanded
1300,650,LVRT,2ph_g,0.5,strong,10.0,13.8675,0.066212,338391.4,156585.8,0.9075,0.014063,0.5148,2.0,2.0289,0.3069,20260609,1.5,0.5,expanded
1301,651,LVRT,2ph_g,0.5,strong,10.0,7.9057,0.075494,280154.9,107024.6,0.9342,0.027302,0.174,2.0,1.7013,0.377,20260609,3.0,0.16,expanded
1302,651,LVRT,2ph_g,0.5,strong,10.0,7.9057,0.075494,304196.3,100508.4,0.9495,0.026817,0.1495,2.0,1.6763,0.7483,20260609,3.0,0.16,expanded
1303,652,LVRT,2ph_g,0.5,strong,10.0,7.9057,0.075494,289443.2,127204.4,0.9155,0.022457,0.5252,2.0,2.0477,0.2316,20260609,3.0,0.5,expanded
1304,652,LVRT,2ph_g,0.5,strong,10.0,7.9057,0.075494,321564.1,131951.5,0.9251,0.012258,0.4633,2.0,1.9756,0.4557,20260609,3.0,0.5,expanded
1305,653,LVRT,2ph_g,0.5,strong,10.0,4.11,0.078495,305853.8,104302.5,0.9465,0.028609,0.1566,2.0,1.6852,0.7065,20260609,6.0,0.16,expanded
1306,653,LVRT,2ph_g,0.5,strong,10.0,4.11,0.078495,351960.0,197974.4,0.8716,0.016994,0.1566,2.0,1.6736,0.202,20260609,6.0,0.16,expanded
1307,654,LVRT,2ph_g,0.5,strong,10.0,4.11,0.078495,326771.8,188104.4,0.8667,0.013974,0.5129,2.0,2.0269,0.4416,20260609,6.0,0.5,expanded
1308,654,LVRT,2ph_g,0.5,strong,10.0,4.11,0.078495,310105.5,179658.2,0.8653,0.022939,0.5061,2.0,2.029,0.1061,20260609,6.0,0.5,expanded
1309,655,LVRT,2ph_g,0.5,very_strong,15.0,9.245,0.044142,348491.9,148267.0,0.9202,0.022639,0.1457,2.0,1.6683,0.5848,20260609,1.5,0.16,expanded
1310,655,LVRT,2ph_g,0.5,very_strong,15.0,9.245,0.044142,293872.1,112238.0,0.9342,0.021088,0.1719,2.0,1.693,0.744,20260609,1.5,0.16,expanded
1311,656,LVRT,2ph_g,0.5,very_strong,15.0,9.245,0.044142,341393.9,147399.0,0.9181,0.021366,0.4902,2.0,2.0116,0.1431,20260609,1.5,0.5,expanded
1312,656,LVRT,2ph_g,0.5,very_strong,15.0,9.245,0.044142,290319.5,99690.7,0.9458,0.027324,0.4563,2.0,1.9836,0.7918,20260609,1.5,0.5,expanded
1313,657,LVRT,2ph_g,0.5,very_strong,15.0,5.2705,0.050329,339535.6,175070.6,0.8888,0.020403,0.1727,2.0,1.6931,0.3165,20260609,3.0,0.16,expanded
1314,657,LVRT,2ph_g,0.5,very_strong,15.0,5.2705,0.050329,297108.1,163551.9,0.876,0.014806,0.1577,2.0,1.6725,0.546,20260609,3.0,0.16,expanded
1315,658,LVRT,2ph_g,0.5,very_strong,15.0,5.2705,0.050329,316219.0,136807.5,0.9178,0.020951,0.4732,2.0,1.9941,0.1996,20260609,3.0,0.5,expanded
1316,658,LVRT,2ph_g,0.5,very_strong,15.0,5.2705,0.050329,322742.1,157136.9,0.8991,0.027579,0.5196,2.0,2.0471,0.4151,20260609,3.0,0.5,expanded
1317,659,LVRT,2ph_g,0.5,very_strong,15.0,2.74,0.05233,344775.8,145400.9,0.9214,0.01592,0.1655,2.0,1.6814,0.7093,20260609,6.0,0.16,expanded
1318,659,LVRT,2ph_g,0.5,very_strong,15.0,2.74,0.05233,345985.1,138575.7,0.9283,0.019436,0.1594,2.0,1.6788,0.0883,20260609,6.0,0.16,expanded
1319,660,LVRT,2ph_g,0.5,very_strong,15.0,2.74,0.05233,294298.9,152259.8,0.8882,0.018606,0.5329,2.0,2.0516,0.3768,20260609,6.0,0.5,expanded
1320,660,LVRT,2ph_g,0.5,very_strong,15.0,2.74,0.05233,316235.3,157232.6,0.8954,0.01805,0.4911,2.0,2.0091,0.1353,20260609,6.0,0.5,expanded
1321,661,LVRT,2ph_g,0.7,very_weak,2.0,69.3375,0.331062,309848.5,172532.5,0.8737,0.013502,0.1491,2.0,1.6626,0.3127,20260609,1.5,0.16,expanded
1322,661,LVRT,2ph_g,0.7,very_weak,2.0,69.3375,0.331062,334499.6,129552.1,0.9325,0.018446,0.1588,2.0,1.6772,0.7446,20260609,1.5,0.16,expanded
1323,662,LVRT,2ph_g,0.7,very_weak,2.0,69.3375,0.331062,284949.4,175165.7,0.8519,0.01937,0.4587,2.0,1.9781,0.0765,20260609,1.5,0.5,expanded
1324,662,LVRT,2ph_g,0.7,very_weak,2.0,69.3375,0.331062,295901.9,99372.2,0.948,0.021741,0.5365,2.0,2.0582,0.1352,20260609,1.5,0.5,expanded
1325,663,LVRT,2ph_g,0.7,very_weak,2.0,39.5285,0.377469,330381.7,187576.8,0.8696,0.012779,0.1664,2.0,1.6792,0.5842,20260609,3.0,0.16,expanded
1326,663,LVRT,2ph_g,0.7,very_weak,2.0,39.5285,0.377469,304196.3,173042.4,0.8692,0.015352,0.1756,2.0,1.691,0.7078,20260609,3.0,0.16,expanded
1327,664,LVRT,2ph_g,0.7,very_weak,2.0,39.5285,0.377469,309632.4,130258.4,0.9218,0.015587,0.5128,2.0,2.0284,0.2034,20260609,3.0,0.5,expanded
1328,664,LVRT,2ph_g,0.7,very_weak,2.0,39.5285,0.377469,346126.8,124141.8,0.9413,0.014722,0.5028,2.0,2.0175,0.5069,20260609,3.0,0.5,expanded
1329,665,LVRT,2ph_g,0.7,very_weak,2.0,20.5499,0.392474,288219.3,175865.7,0.8536,0.02717,0.1648,2.0,1.6919,0.6878,20260609,6.0,0.16,expanded
1330,665,LVRT,2ph_g,0.7,very_weak,2.0,20.5499,0.392474,326679.7,151733.4,0.9069,0.017211,0.1427,2.0,1.6599,0.3754,20260609,6.0,0.16,expanded
1331,666,LVRT,2ph_g,0.7,very_weak,2.0,20.5499,0.392474,356489.6,220383.8,0.8506,0.024304,0.4548,2.0,1.9791,0.7984,20260609,6.0,0.5,expanded
1332,666,LVRT,2ph_g,0.7,very_weak,2.0,20.5499,0.392474,293856.6,143282.9,0.8988,0.026459,0.4592,2.0,1.9856,0.1192,20260609,6.0,0.5,expanded
1333,667,LVRT,2ph_g,0.7,weak,3.0,46.225,0.220708,340478.3,162501.7,0.9025,0.02647,0.16,2.0,1.6865,0.057,20260609,1.5,0.16,expanded
1334,667,LVRT,2ph_g,0.7,weak,3.0,46.225,0.220708,330476.1,197187.4,0.8587,0.014575,0.1526,2.0,1.6672,0.6428,20260609,1.5,0.16,expanded
1335,668,LVRT,2ph_g,0.7,weak,3.0,46.225,0.220708,309326.4,180044.0,0.8643,0.023118,0.5214,2.0,2.0445,0.7492,20260609,1.5,0.5,expanded
1336,668,LVRT,2ph_g,0.7,weak,3.0,46.225,0.220708,326558.2,167083.6,0.8902,0.028532,0.4605,2.0,1.989,0.1547,20260609,1.5,0.5,expanded
1337,669,LVRT,2ph_g,0.7,weak,3.0,26.3523,0.251646,301305.7,142275.8,0.9043,0.014523,0.156,2.0,1.6705,0.5852,20260609,3.0,0.16,expanded
1338,669,LVRT,2ph_g,0.7,weak,3.0,26.3523,0.251646,359745.7,197662.7,0.8764,0.027943,0.1413,2.0,1.6693,0.1111,20260609,3.0,0.16,expanded
1339,670,LVRT,2ph_g,0.7,weak,3.0,26.3523,0.251646,351973.1,197750.9,0.8718,0.027492,0.4859,2.0,2.0133,0.3199,20260609,3.0,0.5,expanded
1340,670,LVRT,2ph_g,0.7,weak,3.0,26.3523,0.251646,352467.3,152243.4,0.918,0.01619,0.5018,2.0,2.018,0.113,20260609,3.0,0.5,expanded
1341,671,LVRT,2ph_g,0.7,weak,3.0,13.6999,0.261649,340004.9,159263.0,0.9056,0.012332,0.1798,2.0,1.6921,0.7826,20260609,6.0,0.16,expanded
1342,671,LVRT,2ph_g,0.7,weak,3.0,13.6999,0.261649,315848.6,132930.8,0.9217,0.023173,0.1515,2.0,1.6746,0.7334,20260609,6.0,0.16,expanded
1343,672,LVRT,2ph_g,0.7,weak,3.0,13.6999,0.261649,294273.5,146060.6,0.8957,0.024949,0.4957,2.0,2.0206,0.0734,20260609,6.0,0.5,expanded
1344,672,LVRT,2ph_g,0.7,weak,3.0,13.6999,0.261649,286135.5,137780.5,0.901,0.018577,0.5462,2.0,2.0648,0.3562,20260609,6.0,0.5,expanded
1345,673,LVRT,2ph_g,0.7,medium,5.0,27.735,0.132425,324366.5,118997.4,0.9388,0.022556,0.1611,2.0,1.6836,0.2443,20260609,1.5,0.16,expanded
1346,673,LVRT,2ph_g,0.7,medium,5.0,27.735,0.132425,308202.9,131872.7,0.9194,0.028859,0.153,2.0,1.6819,0.2001,20260609,1.5,0.16,expanded
1347,674,LVRT,2ph_g,0.7,medium,5.0,27.735,0.132425,286694.1,98349.5,0.9459,0.025068,0.4505,2.0,1.9756,0.1971,20260609,1.5,0.5,expanded
1348,674,LVRT,2ph_g,0.7,medium,5.0,27.735,0.132425,296025.5,149538.7,0.8926,0.029515,0.482,2.0,2.0115,0.3242,20260609,1.5,0.5,expanded
1349,675,LVRT,2ph_g,0.7,medium,5.0,15.8114,0.150988,304947.5,149226.6,0.8982,0.028197,0.1792,2.0,1.7074,0.2632,20260609,3.0,0.16,expanded
1350,675,LVRT,2ph_g,0.7,medium,5.0,15.8114,0.150988,330190.9,116609.0,0.9429,0.017973,0.1603,2.0,1.6783,0.5376,20260609,3.0,0.16,expanded
1351,676,LVRT,2ph_g,0.7,medium,5.0,15.8114,0.150988,285940.5,130394.1,0.9099,0.017606,0.5239,2.0,2.0415,0.6113,20260609,3.0,0.5,expanded
1352,676,LVRT,2ph_g,0.7,medium,5.0,15.8114,0.150988,346629.3,173202.6,0.8945,0.028431,0.5415,2.0,2.0699,0.6312,20260609,3.0,0.5,expanded
1353,677,LVRT,2ph_g,0.7,medium,5.0,8.2199,0.156989,292399.9,134294.8,0.9087,0.021933,0.1441,2.0,1.666,0.3073,20260609,6.0,0.16,expanded
1354,677,LVRT,2ph_g,0.7,medium,5.0,8.2199,0.156989,305812.5,175461.3,0.8674,0.026875,0.1703,2.0,1.6972,0.5685,20260609,6.0,0.16,expanded
1355,678,LVRT,2ph_g,0.7,medium,5.0,8.2199,0.156989,289899.2,154021.6,0.8831,0.015333,0.5273,2.0,2.0427,0.114,20260609,6.0,0.5,expanded
1356,678,LVRT,2ph_g,0.7,medium,5.0,8.2199,0.156989,343396.3,160500.0,0.9059,0.014421,0.4747,2.0,1.9891,0.6006,20260609,6.0,0.5,expanded
1357,679,LVRT,2ph_g,0.7,strong,10.0,13.8675,0.066212,347593.0,125228.1,0.9408,0.012782,0.1685,2.0,1.6813,0.0823,20260609,1.5,0.16,expanded
1358,679,LVRT,2ph_g,0.7,strong,10.0,13.8675,0.066212,282662.1,142401.4,0.8931,0.027863,0.1677,2.0,1.6955,0.1196,20260609,1.5,0.16,expanded
1359,680,LVRT,2ph_g,0.7,strong,10.0,13.8675,0.066212,314416.7,125882.0,0.9284,0.027549,0.5385,2.0,2.0661,0.6529,20260609,1.5,0.5,expanded
1360,680,LVRT,2ph_g,0.7,strong,10.0,13.8675,0.066212,339861.5,149075.7,0.9158,0.014524,0.546,2.0,2.0606,0.6151,20260609,1.5,0.5,expanded
1361,681,LVRT,2ph_g,0.7,strong,10.0,7.9057,0.075494,333140.0,184947.2,0.8743,0.019697,0.1621,2.0,1.6818,0.6889,20260609,3.0,0.16,expanded
1362,681,LVRT,2ph_g,0.7,strong,10.0,7.9057,0.075494,324471.1,194497.5,0.8577,0.01323,0.1783,2.0,1.6916,0.5511,20260609,3.0,0.16,expanded
1363,682,LVRT,2ph_g,0.7,strong,10.0,7.9057,0.075494,352537.3,127748.9,0.9402,0.015899,0.5441,2.0,2.06,0.5289,20260609,3.0,0.5,expanded
1364,682,LVRT,2ph_g,0.7,strong,10.0,7.9057,0.075494,324236.6,154202.0,0.9031,0.026859,0.4957,2.0,2.0225,0.3614,20260609,3.0,0.5,expanded
1365,683,LVRT,2ph_g,0.7,strong,10.0,4.11,0.078495,313550.8,146774.4,0.9057,0.015862,0.1711,2.0,1.6869,0.6881,20260609,6.0,0.16,expanded
1366,683,LVRT,2ph_g,0.7,strong,10.0,4.11,0.078495,307067.4,122101.4,0.9292,0.019416,0.1769,2.0,1.6963,0.4699,20260609,6.0,0.16,expanded
1367,684,LVRT,2ph_g,0.7,strong,10.0,4.11,0.078495,339600.6,113939.3,0.9481,0.013935,0.5111,2.0,2.025,0.6312,20260609,6.0,0.5,expanded
1368,684,LVRT,2ph_g,0.7,strong,10.0,4.11,0.078495,320465.4,192881.9,0.8568,0.024287,0.5237,2.0,2.048,0.5084,20260609,6.0,0.5,expanded
1369,685,LVRT,2ph_g,0.7,very_strong,15.0,9.245,0.044142,359728.1,149172.7,0.9237,0.023187,0.1658,2.0,1.689,0.7596,20260609,1.5,0.16,expanded
1370,685,LVRT,2ph_g,0.7,very_strong,15.0,9.245,0.044142,333591.0,137448.6,0.9246,0.024661,0.1662,2.0,1.6908,0.1317,20260609,1.5,0.16,expanded
1371,686,LVRT,2ph_g,0.7,very_strong,15.0,9.245,0.044142,314113.0,189346.6,0.8564,0.023404,0.4516,2.0,1.975,0.2698,20260609,1.5,0.5,expanded
1372,686,LVRT,2ph_g,0.7,very_strong,15.0,9.245,0.044142,335303.3,126770.2,0.9354,0.0126,0.4741,2.0,1.9867,0.5358,20260609,1.5,0.5,expanded
1373,687,LVRT,2ph_g,0.7,very_strong,15.0,5.2705,0.050329,332835.4,138142.0,0.9236,0.020149,0.1748,2.0,1.6949,0.4288,20260609,3.0,0.16,expanded
1374,687,LVRT,2ph_g,0.7,very_strong,15.0,5.2705,0.050329,307355.0,139696.6,0.9104,0.022503,0.1749,2.0,1.6974,0.6831,20260609,3.0,0.16,expanded
1375,688,LVRT,2ph_g,0.7,very_strong,15.0,5.2705,0.050329,295746.9,154663.3,0.8861,0.02016,0.5024,2.0,2.0225,0.7231,20260609,3.0,0.5,expanded
1376,688,LVRT,2ph_g,0.7,very_strong,15.0,5.2705,0.050329,301554.6,161346.2,0.8817,0.02978,0.5016,2.0,2.0314,0.711,20260609,3.0,0.5,expanded
1377,689,LVRT,2ph_g,0.7,very_strong,15.0,2.74,0.05233,324412.4,147079.6,0.9108,0.020321,0.1411,2.0,1.6614,0.245,20260609,6.0,0.16,expanded
1378,689,LVRT,2ph_g,0.7,very_strong,15.0,2.74,0.05233,284674.8,140577.2,0.8966,0.02067,0.1698,2.0,1.6904,0.1219,20260609,6.0,0.16,expanded
1379,690,LVRT,2ph_g,0.7,very_strong,15.0,2.74,0.05233,340398.6,142523.7,0.9224,0.017479,0.4958,2.0,2.0133,0.1779,20260609,6.0,0.5,expanded
1380,690,LVRT,2ph_g,0.7,very_strong,15.0,2.74,0.05233,336405.7,178103.1,0.8838,0.029687,0.4871,2.0,2.0168,0.4513,20260609,6.0,0.5,expanded
1381,691,LVRT,2ph_g,0.85,very_weak,2.0,69.3375,0.331062,357186.0,184648.1,0.8883,0.029157,0.1494,2.0,1.6785,0.1817,20260609,1.5,0.16,expanded
1382,691,LVRT,2ph_g,0.85,very_weak,2.0,69.3375,0.331062,322091.2,161465.9,0.894,0.028015,0.15,2.0,1.678,0.4106,20260609,1.5,0.16,expanded
1383,692,LVRT,2ph_g,0.85,very_weak,2.0,69.3375,0.331062,350875.3,116397.2,0.9491,0.017368,0.5264,2.0,2.0438,0.0774,20260609,1.5,0.5,expanded
1384,692,LVRT,2ph_g,0.85,very_weak,2.0,69.3375,0.331062,333113.2,183041.8,0.8764,0.025797,0.5323,2.0,2.0581,0.6084,20260609,1.5,0.5,expanded
1385,693,LVRT,2ph_g,0.85,very_weak,2.0,39.5285,0.377469,308310.3,182707.9,0.8603,0.017588,0.1649,2.0,1.6824,0.7429,20260609,3.0,0.16,expanded
1386,693,LVRT,2ph_g,0.85,very_weak,2.0,39.5285,0.377469,342422.0,197495.7,0.8662,0.01248,0.1505,2.0,1.663,0.7423,20260609,3.0,0.16,expanded
1387,694,LVRT,2ph_g,0.85,very_weak,2.0,39.5285,0.377469,325070.7,172636.1,0.8832,0.014573,0.5172,2.0,2.0318,0.2181,20260609,3.0,0.5,expanded
1388,694,LVRT,2ph_g,0.85,very_weak,2.0,39.5285,0.377469,333939.2,169241.7,0.892,0.022819,0.5395,2.0,2.0623,0.1134,20260609,3.0,0.5,expanded
1389,695,LVRT,2ph_g,0.85,very_weak,2.0,20.5499,0.392474,352334.7,131111.7,0.9372,0.019517,0.1493,2.0,1.6688,0.0653,20260609,6.0,0.16,expanded
1390,695,LVRT,2ph_g,0.85,very_weak,2.0,20.5499,0.392474,285317.1,169681.7,0.8595,0.017101,0.1607,2.0,1.6778,0.3103,20260609,6.0,0.16,expanded
1391,696,LVRT,2ph_g,0.85,very_weak,2.0,20.5499,0.392474,306188.0,187619.1,0.8527,0.014282,0.4754,2.0,1.9897,0.3872,20260609,6.0,0.5,expanded
1392,696,LVRT,2ph_g,0.85,very_weak,2.0,20.5499,0.392474,339384.9,189871.0,0.8727,0.025371,0.5229,2.0,2.0483,0.2595,20260609,6.0,0.5,expanded
1393,697,LVRT,2ph_g,0.85,weak,3.0,46.225,0.220708,342850.1,147053.3,0.919,0.023417,0.1526,2.0,1.676,0.1224,20260609,1.5,0.16,expanded
1394,697,LVRT,2ph_g,0.85,weak,3.0,46.225,0.220708,296672.9,139182.4,0.9053,0.025136,0.174,2.0,1.6991,0.5481,20260609,1.5,0.16,expanded
1395,698,LVRT,2ph_g,0.85,weak,3.0,46.225,0.220708,330230.9,195468.0,0.8605,0.029942,0.5457,2.0,2.0757,0.2155,20260609,1.5,0.5,expanded
1396,698,LVRT,2ph_g,0.85,weak,3.0,46.225,0.220708,334751.1,132948.2,0.9294,0.014962,0.4507,2.0,1.9657,0.4377,20260609,1.5,0.5,expanded
1397,699,LVRT,2ph_g,0.85,weak,3.0,26.3523,0.251646,316689.5,114042.4,0.9409,0.027283,0.176,2.0,1.7033,0.3849,20260609,3.0,0.16,expanded
1398,699,LVRT,2ph_g,0.85,weak,3.0,26.3523,0.251646,353143.0,174594.4,0.8964,0.02198,0.1427,2.0,1.6646,0.2932,20260609,3.0,0.16,expanded
1399,700,LVRT,2ph_g,0.85,weak,3.0,26.3523,0.251646,338622.8,164796.9,0.8992,0.024103,0.5068,2.0,2.0309,0.1562,20260609,3.0,0.5,expanded
1400,700,LVRT,2ph_g,0.85,weak,3.0,26.3523,0.251646,323035.2,127754.3,0.9299,0.021063,0.4808,2.0,2.0019,0.171,20260609,3.0,0.5,expanded
1401,701,LVRT,2ph_g,0.85,weak,3.0,13.6999,0.261649,339150.5,209534.4,0.8507,0.019073,0.1783,2.0,1.6974,0.1371,20260609,6.0,0.16,expanded
1402,701,LVRT,2ph_g,0.85,weak,3.0,13.6999,0.261649,323554.1,164272.2,0.8917,0.02378,0.1585,2.0,1.6823,0.6303,20260609,6.0,0.16,expanded
1403,702,LVRT,2ph_g,0.85,weak,3.0,13.6999,0.261649,323208.9,131890.6,0.9259,0.016228,0.5055,2.0,2.0217,0.3712,20260609,6.0,0.5,expanded
1404,702,LVRT,2ph_g,0.85,weak,3.0,13.6999,0.261649,340579.9,175860.5,0.8885,0.023671,0.5355,2.0,2.0592,0.4647,20260609,6.0,0.5,expanded
1405,703,LVRT,2ph_g,0.85,medium,5.0,27.735,0.132425,307448.9,142837.7,0.9069,0.028268,0.1617,2.0,1.6899,0.5601,20260609,1.5,0.16,expanded
1406,703,LVRT,2ph_g,0.85,medium,5.0,27.735,0.132425,355763.7,123699.8,0.9445,0.013873,0.1777,2.0,1.6915,0.161,20260609,1.5,0.16,expanded
1407,704,LVRT,2ph_g,0.85,medium,5.0,27.735,0.132425,302517.1,104149.8,0.9455,0.029988,0.4833,2.0,2.0133,0.0746,20260609,1.5,0.5,expanded
1408,704,LVRT,2ph_g,0.85,medium,5.0,27.735,0.132425,315345.3,185769.0,0.8616,0.018982,0.5251,2.0,2.0441,0.1025,20260609,1.5,0.5,expanded
1409,705,LVRT,2ph_g,0.85,medium,5.0,15.8114,0.150988,316210.3,181081.6,0.8678,0.021296,0.1497,2.0,1.671,0.0926,20260609,3.0,0.16,expanded
1410,705,LVRT,2ph_g,0.85,medium,5.0,15.8114,0.150988,307710.6,115591.2,0.9361,0.020048,0.1495,2.0,1.6696,0.7295,20260609,3.0,0.16,expanded
1411,706,LVRT,2ph_g,0.85,medium,5.0,15.8114,0.150988,282749.4,139232.1,0.8971,0.021756,0.4838,2.0,2.0055,0.2927,20260609,3.0,0.5,expanded
1412,706,LVRT,2ph_g,0.85,medium,5.0,15.8114,0.150988,352753.4,192885.0,0.8774,0.019075,0.475,2.0,1.9941,0.6452,20260609,3.0,0.5,expanded
1413,707,LVRT,2ph_g,0.85,medium,5.0,8.2199,0.156989,301962.9,156134.3,0.8883,0.014355,0.1691,2.0,1.6835,0.3822,20260609,6.0,0.16,expanded
1414,707,LVRT,2ph_g,0.85,medium,5.0,8.2199,0.156989,343249.0,186239.8,0.879,0.028056,0.1577,2.0,1.6858,0.585,20260609,6.0,0.16,expanded
1415,708,LVRT,2ph_g,0.85,medium,5.0,8.2199,0.156989,294621.6,131823.5,0.9128,0.019482,0.4588,2.0,1.9783,0.6436,20260609,6.0,0.5,expanded
1416,708,LVRT,2ph_g,0.85,medium,5.0,8.2199,0.156989,315743.2,140989.8,0.9131,0.01871,0.4971,2.0,2.0158,0.1835,20260609,6.0,0.5,expanded
1417,709,LVRT,2ph_g,0.85,strong,10.0,13.8675,0.066212,309449.5,128833.1,0.9232,0.023858,0.1469,2.0,1.6707,0.7826,20260609,1.5,0.16,expanded
1418,709,LVRT,2ph_g,0.85,strong,10.0,13.8675,0.066212,304179.4,140380.1,0.908,0.01628,0.148,2.0,1.6643,0.5279,20260609,1.5,0.16,expanded
1419,710,LVRT,2ph_g,0.85,strong,10.0,13.8675,0.066212,330877.8,147297.4,0.9136,0.022141,0.4526,2.0,1.9748,0.5062,20260609,1.5,0.5,expanded
1420,710,LVRT,2ph_g,0.85,strong,10.0,13.8675,0.066212,342460.9,133200.9,0.932,0.024782,0.4806,2.0,2.0054,0.6334,20260609,1.5,0.5,expanded
1421,711,LVRT,2ph_g,0.85,strong,10.0,7.9057,0.075494,285813.6,165006.4,0.866,0.023766,0.1682,2.0,1.6919,0.6684,20260609,3.0,0.16,expanded
1422,711,LVRT,2ph_g,0.85,strong,10.0,7.9057,0.075494,292687.0,123982.4,0.9208,0.020396,0.1563,2.0,1.6767,0.2744,20260609,3.0,0.16,expanded
1423,712,LVRT,2ph_g,0.85,strong,10.0,7.9057,0.075494,354905.1,219121.8,0.8509,0.021807,0.4762,2.0,1.998,0.3879,20260609,3.0,0.5,expanded
1424,712,LVRT,2ph_g,0.85,strong,10.0,7.9057,0.075494,304827.2,138897.0,0.91,0.016731,0.4537,2.0,1.9704,0.0713,20260609,3.0,0.5,expanded
1425,713,LVRT,2ph_g,0.85,strong,10.0,4.11,0.078495,291439.6,146769.6,0.8931,0.01796,0.1742,2.0,1.6922,0.2358,20260609,6.0,0.16,expanded
1426,713,LVRT,2ph_g,0.85,strong,10.0,4.11,0.078495,281831.2,102572.3,0.9397,0.015207,0.1474,2.0,1.6626,0.7947,20260609,6.0,0.16,expanded
1427,714,LVRT,2ph_g,0.85,strong,10.0,4.11,0.078495,300977.3,136031.5,0.9112,0.01333,0.5308,2.0,2.0442,0.443,20260609,6.0,0.5,expanded
1428,714,LVRT,2ph_g,0.85,strong,10.0,4.11,0.078495,331729.0,181158.0,0.8777,0.018519,0.4662,2.0,1.9847,0.3481,20260609,6.0,0.5,expanded
1429,715,LVRT,2ph_g,0.85,very_strong,15.0,9.245,0.044142,337702.5,198402.5,0.8622,0.023657,0.143,2.0,1.6667,0.4751,20260609,1.5,0.16,expanded
1430,715,LVRT,2ph_g,0.85,very_strong,15.0,9.245,0.044142,352286.4,194496.4,0.8754,0.015977,0.1661,2.0,1.6821,0.1918,20260609,1.5,0.16,expanded
1431,716,LVRT,2ph_g,0.85,very_strong,15.0,9.245,0.044142,359065.5,211397.7,0.8617,0.016546,0.4673,2.0,1.9839,0.0551,20260609,1.5,0.5,expanded
1432,716,LVRT,2ph_g,0.85,very_strong,15.0,9.245,0.044142,323173.2,153345.8,0.9035,0.025065,0.5092,2.0,2.0343,0.1723,20260609,1.5,0.5,expanded
1433,717,LVRT,2ph_g,0.85,very_strong,15.0,5.2705,0.050329,311019.5,192309.2,0.8505,0.014937,0.1401,2.0,1.655,0.1019,20260609,3.0,0.16,expanded
1434,717,LVRT,2ph_g,0.85,very_strong,15.0,5.2705,0.050329,303627.5,149680.3,0.8969,0.013858,0.1707,2.0,1.6845,0.2925,20260609,3.0,0.16,expanded
1435,718,LVRT,2ph_g,0.85,very_strong,15.0,5.2705,0.050329,358228.7,213151.2,0.8594,0.026026,0.5432,2.0,2.0692,0.6809,20260609,3.0,0.5,expanded
1436,718,LVRT,2ph_g,0.85,very_strong,15.0,5.2705,0.050329,351660.2,172549.9,0.8978,0.017675,0.5236,2.0,2.0413,0.7078,20260609,3.0,0.5,expanded
1437,719,LVRT,2ph_g,0.85,very_strong,15.0,2.74,0.05233,335986.9,171707.5,0.8905,0.01309,0.151,2.0,1.6641,0.056,20260609,6.0,0.16,expanded
1438,719,LVRT,2ph_g,0.85,very_strong,15.0,2.74,0.05233,358193.1,186821.0,0.8866,0.021766,0.142,2.0,1.6637,0.445,20260609,6.0,0.16,expanded
1439,720,LVRT,2ph_g,0.85,very_strong,15.0,2.74,0.05233,320074.9,169589.8,0.8836,0.013463,0.4718,2.0,1.9853,0.5339,20260609,6.0,0.5,expanded
1440,720,LVRT,2ph_g,0.85,very_strong,15.0,2.74,0.05233,338256.8,134994.5,0.9288,0.019347,0.4942,2.0,2.0135,0.6659,20260609,6.0,0.5,expanded
1441,721,HVRT,swell_3ph,1.1,very_weak,2.0,69.3375,0.331062,281218.5,130239.2,0.9074,0.020852,0.504,2.0,2.0249,0.4035,20260609,1.5,0.5,expanded
1442,721,HVRT,swell_3ph,1.1,very_weak,2.0,69.3375,0.331062,352373.2,207429.9,0.8618,0.026889,0.4552,2.0,1.982,0.4316,20260609,1.5,0.5,expanded
1443,722,HVRT,swell_3ph,1.1,very_weak,2.0,69.3375,0.331062,292169.8,139320.0,0.9026,0.017792,0.9783,2.0,2.4961,0.5214,20260609,1.5,1.0,expanded
1444,722,HVRT,swell_3ph,1.1,very_weak,2.0,69.3375,0.331062,336133.5,181211.0,0.8802,0.029531,0.9619,2.0,2.4914,0.496,20260609,1.5,1.0,expanded
1445,723,HVRT,swell_3ph,1.1,very_weak,2.0,39.5285,0.377469,336494.8,200821.0,0.8587,0.017489,0.5269,2.0,2.0444,0.4759,20260609,3.0,0.5,expanded
1446,723,HVRT,swell_3ph,1.1,very_weak,2.0,39.5285,0.377469,326924.9,191206.0,0.8632,0.019493,0.4965,2.0,2.016,0.0738,20260609,3.0,0.5,expanded
1447,724,HVRT,swell_3ph,1.1,very_weak,2.0,39.5285,0.377469,348038.6,196103.5,0.8712,0.02349,1.0409,2.0,2.5644,0.4037,20260609,3.0,1.0,expanded
1448,724,HVRT,swell_3ph,1.1,very_weak,2.0,39.5285,0.377469,318085.9,105950.8,0.9488,0.029216,1.0342,2.0,2.5634,0.6235,20260609,3.0,1.0,expanded
1449,725,HVRT,swell_3ph,1.1,very_weak,2.0,20.5499,0.392474,297090.5,149854.0,0.8928,0.013657,0.4856,2.0,1.9992,0.7214,20260609,6.0,0.5,expanded
1450,725,HVRT,swell_3ph,1.1,very_weak,2.0,20.5499,0.392474,345310.9,139408.3,0.9273,0.021846,0.5278,2.0,2.0497,0.0587,20260609,6.0,0.5,expanded
1451,726,HVRT,swell_3ph,1.1,very_weak,2.0,20.5499,0.392474,348720.2,142360.8,0.9258,0.013087,0.9603,2.0,2.4734,0.2757,20260609,6.0,1.0,expanded
1452,726,HVRT,swell_3ph,1.1,very_weak,2.0,20.5499,0.392474,294133.3,121353.0,0.9244,0.013774,1.0118,2.0,2.5256,0.5335,20260609,6.0,1.0,expanded
1453,727,HVRT,swell_3ph,1.1,weak,3.0,46.225,0.220708,352974.5,131916.0,0.9367,0.01313,0.472,2.0,1.9852,0.6409,20260609,1.5,0.5,expanded
1454,727,HVRT,swell_3ph,1.1,weak,3.0,46.225,0.220708,285576.8,168843.2,0.8608,0.012529,0.5321,2.0,2.0446,0.3765,20260609,1.5,0.5,expanded
1455,728,HVRT,swell_3ph,1.1,weak,3.0,46.225,0.220708,330780.4,172314.9,0.8869,0.013363,0.9859,2.0,2.4993,0.5364,20260609,1.5,1.0,expanded
1456,728,HVRT,swell_3ph,1.1,weak,3.0,46.225,0.220708,329070.6,153728.3,0.906,0.019707,0.9979,2.0,2.5176,0.3078,20260609,1.5,1.0,expanded
1457,729,HVRT,swell_3ph,1.1,weak,3.0,26.3523,0.251646,290357.3,177393.9,0.8533,0.017885,0.5224,2.0,2.0402,0.3363,20260609,3.0,0.5,expanded
1458,729,HVRT,swell_3ph,1.1,weak,3.0,26.3523,0.251646,285788.8,156080.3,0.8776,0.017119,0.4682,2.0,1.9853,0.5164,20260609,3.0,0.5,expanded
1459,730,HVRT,swell_3ph,1.1,weak,3.0,26.3523,0.251646,342441.6,145347.6,0.9205,0.021617,1.0429,2.0,2.5645,0.3403,20260609,3.0,1.0,expanded
1460,730,HVRT,swell_3ph,1.1,weak,3.0,26.3523,0.251646,284208.5,128849.7,0.9108,0.01882,0.9874,2.0,2.5062,0.6914,20260609,3.0,1.0,expanded
1461,731,HVRT,swell_3ph,1.1,weak,3.0,13.6999,0.261649,327583.3,130092.2,0.9294,0.020952,0.5231,2.0,2.0441,0.1187,20260609,6.0,0.5,expanded
1462,731,HVRT,swell_3ph,1.1,weak,3.0,13.6999,0.261649,331291.0,157760.1,0.9029,0.016309,0.498,2.0,2.0143,0.4276,20260609,6.0,0.5,expanded
1463,732,HVRT,swell_3ph,1.1,weak,3.0,13.6999,0.261649,292606.6,98876.9,0.9474,0.013055,1.0346,2.0,2.5476,0.7762,20260609,6.0,1.0,expanded
1464,732,HVRT,swell_3ph,1.1,weak,3.0,13.6999,0.261649,341432.9,193339.2,0.8702,0.025037,0.982,2.0,2.507,0.4827,20260609,6.0,1.0,expanded
1465,733,HVRT,swell_3ph,1.1,medium,5.0,27.735,0.132425,295905.3,133411.9,0.9116,0.019053,0.4858,2.0,2.0048,0.4016,20260609,1.5,0.5,expanded
1466,733,HVRT,swell_3ph,1.1,medium,5.0,27.735,0.132425,317529.7,169299.3,0.8824,0.018637,0.527,2.0,2.0457,0.5595,20260609,1.5,0.5,expanded
1467,734,HVRT,swell_3ph,1.1,medium,5.0,27.735,0.132425,322208.7,162661.0,0.8927,0.018895,0.9865,2.0,2.5054,0.5095,20260609,1.5,1.0,expanded
1468,734,HVRT,swell_3ph,1.1,medium,5.0,27.735,0.132425,322628.8,134179.1,0.9233,0.014328,0.9632,2.0,2.4775,0.3346,20260609,1.5,1.0,expanded
1469,735,HVRT,swell_3ph,1.1,medium,5.0,15.8114,0.150988,317429.8,119038.1,0.9363,0.013367,0.4633,2.0,1.9766,0.2094,20260609,3.0,0.5,expanded
1470,735,HVRT,swell_3ph,1.1,medium,5.0,15.8114,0.150988,323022.4,140583.3,0.9169,0.021412,0.4527,2.0,1.9741,0.6464,20260609,3.0,0.5,expanded
1471,736,HVRT,swell_3ph,1.1,medium,5.0,15.8114,0.150988,284580.0,155740.8,0.8772,0.02204,0.9685,2.0,2.4906,0.4466,20260609,3.0,1.0,expanded
1472,736,HVRT,swell_3ph,1.1,medium,5.0,15.8114,0.150988,345272.2,147559.4,0.9195,0.017178,1.0121,2.0,2.5293,0.3304,20260609,3.0,1.0,expanded
1473,737,HVRT,swell_3ph,1.1,medium,5.0,8.2199,0.156989,323058.9,127283.1,0.9304,0.028985,0.5489,2.0,2.0779,0.7118,20260609,6.0,0.5,expanded
1474,737,HVRT,swell_3ph,1.1,medium,5.0,8.2199,0.156989,288215.0,113859.4,0.9301,0.018511,0.5446,2.0,2.0631,0.3251,20260609,6.0,0.5,expanded
1475,738,HVRT,swell_3ph,1.1,medium,5.0,8.2199,0.156989,343631.2,160107.4,0.9064,0.017124,1.0236,2.0,2.5407,0.2533,20260609,6.0,1.0,expanded
1476,738,HVRT,swell_3ph,1.1,medium,5.0,8.2199,0.156989,331633.3,169179.6,0.8908,0.01917,1.0102,2.0,2.5294,0.308,20260609,6.0,1.0,expanded
1477,739,HVRT,swell_3ph,1.1,strong,10.0,13.8675,0.066212,289174.8,169021.8,0.8633,0.012761,0.4968,2.0,2.0095,0.1021,20260609,1.5,0.5,expanded
1478,739,HVRT,swell_3ph,1.1,strong,10.0,13.8675,0.066212,280394.3,155089.6,0.8751,0.01571,0.5495,2.0,2.0652,0.6014,20260609,1.5,0.5,expanded
1479,740,HVRT,swell_3ph,1.1,strong,10.0,13.8675,0.066212,346289.3,197428.7,0.8687,0.027013,0.9775,2.0,2.5045,0.2032,20260609,1.5,1.0,expanded
1480,740,HVRT,swell_3ph,1.1,strong,10.0,13.8675,0.066212,359174.1,221879.4,0.8508,0.023265,0.977,2.0,2.5002,0.7519,20260609,1.5,1.0,expanded
1481,741,HVRT,swell_3ph,1.1,strong,10.0,7.9057,0.075494,318509.4,132560.9,0.9232,0.023331,0.4693,2.0,1.9927,0.1289,20260609,3.0,0.5,expanded
1482,741,HVRT,swell_3ph,1.1,strong,10.0,7.9057,0.075494,337820.3,198794.4,0.8618,0.022326,0.5365,2.0,2.0588,0.5487,20260609,3.0,0.5,expanded
1483,742,HVRT,swell_3ph,1.1,strong,10.0,7.9057,0.075494,291345.2,126477.9,0.9173,0.019664,1.0187,2.0,2.5383,0.1509,20260609,3.0,1.0,expanded
1484,742,HVRT,swell_3ph,1.1,strong,10.0,7.9057,0.075494,317380.1,164386.2,0.888,0.027059,1.0151,2.0,2.5422,0.6344,20260609,3.0,1.0,expanded
1485,743,HVRT,swell_3ph,1.1,strong,10.0,4.11,0.078495,358434.8,201889.4,0.8713,0.018913,0.4889,2.0,2.0078,0.2168,20260609,6.0,0.5,expanded
1486,743,HVRT,swell_3ph,1.1,strong,10.0,4.11,0.078495,341060.0,197806.3,0.865,0.029294,0.482,2.0,2.0113,0.6734,20260609,6.0,0.5,expanded
1487,744,HVRT,swell_3ph,1.1,strong,10.0,4.11,0.078495,340730.3,190568.6,0.8728,0.016923,1.0079,2.0,2.5248,0.2788,20260609,6.0,1.0,expanded
1488,744,HVRT,swell_3ph,1.1,strong,10.0,4.11,0.078495,285780.4,140026.8,0.898,0.025163,0.9736,2.0,2.4988,0.6067,20260609,6.0,1.0,expanded
1489,745,HVRT,swell_3ph,1.1,very_strong,15.0,9.245,0.044142,292096.9,167321.9,0.8677,0.013345,0.5437,2.0,2.057,0.5967,20260609,1.5,0.5,expanded
1490,745,HVRT,swell_3ph,1.1,very_strong,15.0,9.245,0.044142,280462.6,142193.7,0.8919,0.023624,0.4761,2.0,1.9997,0.3997,20260609,1.5,0.5,expanded
1491,746,HVRT,swell_3ph,1.1,very_strong,15.0,9.245,0.044142,330463.6,187191.8,0.8701,0.028863,0.9723,2.0,2.5012,0.2933,20260609,1.5,1.0,expanded
1492,746,HVRT,swell_3ph,1.1,very_strong,15.0,9.245,0.044142,299402.0,171413.0,0.8678,0.014435,1.0027,2.0,2.5172,0.2378,20260609,1.5,1.0,expanded
1493,747,HVRT,swell_3ph,1.1,very_strong,15.0,5.2705,0.050329,353533.9,162649.2,0.9085,0.016462,0.4868,2.0,2.0033,0.7906,20260609,3.0,0.5,expanded
1494,747,HVRT,swell_3ph,1.1,very_strong,15.0,5.2705,0.050329,305194.7,177627.4,0.8643,0.028838,0.4671,2.0,1.9959,0.585,20260609,3.0,0.5,expanded
1495,748,HVRT,swell_3ph,1.1,very_strong,15.0,5.2705,0.050329,301289.5,164851.0,0.8773,0.016064,1.0348,2.0,2.5508,0.2756,20260609,3.0,1.0,expanded
1496,748,HVRT,swell_3ph,1.1,very_strong,15.0,5.2705,0.050329,347286.8,188649.3,0.8787,0.015399,1.028,2.0,2.5434,0.3268,20260609,3.0,1.0,expanded
1497,749,HVRT,swell_3ph,1.1,very_strong,15.0,2.74,0.05233,354621.7,192358.9,0.879,0.013007,0.4828,2.0,1.9958,0.3844,20260609,6.0,0.5,expanded
1498,749,HVRT,swell_3ph,1.1,very_strong,15.0,2.74,0.05233,342432.5,136469.0,0.9289,0.021001,0.5474,2.0,2.0684,0.5307,20260609,6.0,0.5,expanded
1499,750,HVRT,swell_3ph,1.1,very_strong,15.0,2.74,0.05233,355736.5,138966.1,0.9315,0.026322,0.9541,2.0,2.4804,0.1883,20260609,6.0,1.0,expanded
1500,750,HVRT,swell_3ph,1.1,very_strong,15.0,2.74,0.05233,306846.8,187565.5,0.8532,0.024934,1.0483,2.0,2.5732,0.0749,20260609,6.0,1.0,expanded
1501,751,HVRT,swell_3ph,1.15,very_weak,2.0,69.3375,0.331062,309370.8,164754.3,0.8826,0.019167,0.5347,2.0,2.0539,0.2593,20260609,1.5,0.5,expanded
1502,751,HVRT,swell_3ph,1.15,very_weak,2.0,69.3375,0.331062,353682.8,216536.3,0.8529,0.02126,0.4974,2.0,2.0186,0.5327,20260609,1.5,0.5,expanded
1503,752,HVRT,swell_3ph,1.15,very_weak,2.0,69.3375,0.331062,310060.3,138344.6,0.9132,0.028464,1.0218,2.0,2.5503,0.4816,20260609,1.5,1.0,expanded
1504,752,HVRT,swell_3ph,1.15,very_weak,2.0,69.3375,0.331062,316575.8,125502.4,0.9296,0.029942,1.0098,2.0,2.5397,0.4529,20260609,1.5,1.0,expanded
1505,753,HVRT,swell_3ph,1.15,very_weak,2.0,39.5285,0.377469,315559.1,113648.4,0.9408,0.025445,0.519,2.0,2.0444,0.3413,20260609,3.0,0.5,expanded
1506,753,HVRT,swell_3ph,1.15,very_weak,2.0,39.5285,0.377469,338238.1,187130.3,0.875,0.022491,0.4812,2.0,2.0037,0.5575,20260609,3.0,0.5,expanded
1507,754,HVRT,swell_3ph,1.15,very_weak,2.0,39.5285,0.377469,352431.8,203413.8,0.8661,0.020635,0.9744,2.0,2.4951,0.1499,20260609,3.0,1.0,expanded
1508,754,HVRT,swell_3ph,1.15,very_weak,2.0,39.5285,0.377469,297163.4,176553.0,0.8597,0.028107,0.9766,2.0,2.5047,0.6321,20260609,3.0,1.0,expanded
1509,755,HVRT,swell_3ph,1.15,very_weak,2.0,20.5499,0.392474,345682.2,199067.6,0.8666,0.025644,0.4673,2.0,1.9929,0.5394,20260609,6.0,0.5,expanded
1510,755,HVRT,swell_3ph,1.15,very_weak,2.0,20.5499,0.392474,347658.0,116810.0,0.9479,0.028035,0.4505,2.0,1.9786,0.3185,20260609,6.0,0.5,expanded
1511,756,HVRT,swell_3ph,1.15,very_weak,2.0,20.5499,0.392474,287041.2,173854.3,0.8553,0.026779,0.9776,2.0,2.5044,0.7488,20260609,6.0,1.0,expanded
1512,756,HVRT,swell_3ph,1.15,very_weak,2.0,20.5499,0.392474,353726.0,166982.6,0.9043,0.029471,0.9858,2.0,2.5153,0.7448,20260609,6.0,1.0,expanded
1513,757,HVRT,swell_3ph,1.15,weak,3.0,46.225,0.220708,299358.5,118736.8,0.9296,0.023212,0.5297,2.0,2.0529,0.1169,20260609,1.5,0.5,expanded
1514,757,HVRT,swell_3ph,1.15,weak,3.0,46.225,0.220708,287767.3,146485.8,0.8912,0.021655,0.5432,2.0,2.0648,0.0517,20260609,1.5,0.5,expanded
1515,758,HVRT,swell_3ph,1.15,weak,3.0,46.225,0.220708,339718.8,192050.8,0.8705,0.026184,1.0,2.0,2.5262,0.5878,20260609,1.5,1.0,expanded
1516,758,HVRT,swell_3ph,1.15,weak,3.0,46.225,0.220708,331425.8,159721.6,0.9008,0.015532,0.9906,2.0,2.5061,0.2716,20260609,1.5,1.0,expanded
1517,759,HVRT,swell_3ph,1.15,weak,3.0,26.3523,0.251646,294366.5,165778.5,0.8713,0.019179,0.4641,2.0,1.9833,0.2005,20260609,3.0,0.5,expanded
1518,759,HVRT,swell_3ph,1.15,weak,3.0,26.3523,0.251646,349196.9,191168.6,0.8772,0.01545,0.4548,2.0,1.9702,0.0901,20260609,3.0,0.5,expanded
1519,760,HVRT,swell_3ph,1.15,weak,3.0,26.3523,0.251646,338657.1,179026.8,0.8841,0.015769,0.9756,2.0,2.4913,0.6261,20260609,3.0,1.0,expanded
1520,760,HVRT,swell_3ph,1.15,weak,3.0,26.3523,0.251646,351470.7,213390.7,0.8548,0.029443,1.0081,2.0,2.5375,0.0575,20260609,3.0,1.0,expanded
1521,761,HVRT,swell_3ph,1.15,weak,3.0,13.6999,0.261649,343676.0,166510.2,0.8999,0.02463,0.4975,2.0,2.0221,0.79,20260609,6.0,0.5,expanded
1522,761,HVRT,swell_3ph,1.15,weak,3.0,13.6999,0.261649,320231.1,128380.0,0.9282,0.013238,0.4593,2.0,1.9725,0.527,20260609,6.0,0.5,expanded
1523,762,HVRT,swell_3ph,1.15,weak,3.0,13.6999,0.261649,306408.7,189292.0,0.8507,0.013538,1.024,2.0,2.5376,0.5471,20260609,6.0,1.0,expanded
1524,762,HVRT,swell_3ph,1.15,weak,3.0,13.6999,0.261649,301128.5,176730.6,0.8624,0.01637,1.0001,2.0,2.5165,0.6888,20260609,6.0,1.0,expanded
1525,763,HVRT,swell_3ph,1.15,medium,5.0,27.735,0.132425,354779.9,161328.2,0.9103,0.024038,0.4596,2.0,1.9837,0.3205,20260609,1.5,0.5,expanded
1526,763,HVRT,swell_3ph,1.15,medium,5.0,27.735,0.132425,298536.0,146932.5,0.8972,0.020346,0.5255,2.0,2.0459,0.7673,20260609,1.5,0.5,expanded
1527,764,HVRT,swell_3ph,1.15,medium,5.0,27.735,0.132425,291178.1,158615.0,0.8782,0.01242,1.0144,2.0,2.5268,0.1605,20260609,1.5,1.0,expanded
1528,764,HVRT,swell_3ph,1.15,medium,5.0,27.735,0.132425,314202.8,115717.9,0.9384,0.012672,0.9541,2.0,2.4668,0.3419,20260609,1.5,1.0,expanded
1529,765,HVRT,swell_3ph,1.15,medium,5.0,15.8114,0.150988,337352.4,189301.2,0.8721,0.027198,0.4628,2.0,1.99,0.1406,20260609,3.0,0.5,expanded
1530,765,HVRT,swell_3ph,1.15,medium,5.0,15.8114,0.150988,322151.1,193757.1,0.8569,0.012528,0.5093,2.0,2.0218,0.7239,20260609,3.0,0.5,expanded
1531,766,HVRT,swell_3ph,1.15,medium,5.0,15.8114,0.150988,302262.8,179321.9,0.86,0.019769,1.0499,2.0,2.5697,0.3148,20260609,3.0,1.0,expanded
1532,766,HVRT,swell_3ph,1.15,medium,5.0,15.8114,0.150988,289748.1,168715.5,0.8642,0.021167,0.973,2.0,2.4941,0.1945,20260609,3.0,1.0,expanded
1533,767,HVRT,swell_3ph,1.15,medium,5.0,8.2199,0.156989,354573.0,118950.3,0.9481,0.028977,0.4938,2.0,2.0228,0.3624,20260609,6.0,0.5,expanded
1534,767,HVRT,swell_3ph,1.15,medium,5.0,8.2199,0.156989,356268.2,185903.5,0.8866,0.025901,0.541,2.0,2.0669,0.1804,20260609,6.0,0.5,expanded
1535,768,HVRT,swell_3ph,1.15,medium,5.0,8.2199,0.156989,303327.1,117540.2,0.9324,0.020594,1.0379,2.0,2.5585,0.7486,20260609,6.0,1.0,expanded
1536,768,HVRT,swell_3ph,1.15,medium,5.0,8.2199,0.156989,323650.6,173982.9,0.8808,0.024145,0.9588,2.0,2.483,0.7297,20260609,6.0,1.0,expanded
1537,769,HVRT,swell_3ph,1.15,strong,10.0,13.8675,0.066212,307175.6,115535.9,0.936,0.012156,0.5428,2.0,2.055,0.3089,20260609,1.5,0.5,expanded
1538,769,HVRT,swell_3ph,1.15,strong,10.0,13.8675,0.066212,349767.8,200393.7,0.8677,0.013775,0.5387,2.0,2.0525,0.133,20260609,1.5,0.5,expanded
1539,770,HVRT,swell_3ph,1.15,strong,10.0,13.8675,0.066212,332448.2,196972.8,0.8603,0.025952,1.0,2.0,2.526,0.2361,20260609,1.5,1.0,expanded
1540,770,HVRT,swell_3ph,1.15,strong,10.0,13.8675,0.066212,349346.9,151160.5,0.9178,0.023934,0.9971,2.0,2.5211,0.6879,20260609,1.5,1.0,expanded
1541,771,HVRT,swell_3ph,1.15,strong,10.0,7.9057,0.075494,339081.5,174134.9,0.8896,0.012884,0.4951,2.0,2.008,0.3494,20260609,3.0,0.5,expanded
1542,771,HVRT,swell_3ph,1.15,strong,10.0,7.9057,0.075494,336197.7,112368.6,0.9484,0.021644,0.5072,2.0,2.0289,0.1594,20260609,3.0,0.5,expanded
1543,772,HVRT,swell_3ph,1.15,strong,10.0,7.9057,0.075494,333035.9,136052.6,0.9257,0.025161,1.0029,2.0,2.5281,0.6187,20260609,3.0,1.0,expanded
1544,772,HVRT,swell_3ph,1.15,strong,10.0,7.9057,0.075494,337522.2,139373.3,0.9243,0.014942,0.9581,2.0,2.473,0.2825,20260609,3.0,1.0,expanded
1545,773,HVRT,swell_3ph,1.15,strong,10.0,4.11,0.078495,344701.2,197203.7,0.868,0.024766,0.5224,2.0,2.0472,0.144,20260609,6.0,0.5,expanded
1546,773,HVRT,swell_3ph,1.15,strong,10.0,4.11,0.078495,283239.8,122337.5,0.918,0.015226,0.541,2.0,2.0562,0.4759,20260609,6.0,0.5,expanded
1547,774,HVRT,swell_3ph,1.15,strong,10.0,4.11,0.078495,347698.6,180500.0,0.8875,0.022311,0.9934,2.0,2.5157,0.7754,20260609,6.0,1.0,expanded
1548,774,HVRT,swell_3ph,1.15,strong,10.0,4.11,0.078495,317670.9,144126.5,0.9107,0.027265,0.9813,2.0,2.5086,0.7043,20260609,6.0,1.0,expanded
1549,775,HVRT,swell_3ph,1.15,very_strong,15.0,9.245,0.044142,340737.3,176023.5,0.8885,0.022013,0.4616,2.0,1.9836,0.1201,20260609,1.5,0.5,expanded
1550,775,HVRT,swell_3ph,1.15,very_strong,15.0,9.245,0.044142,283117.7,167121.4,0.8612,0.02974,0.547,2.0,2.0767,0.7061,20260609,1.5,0.5,expanded
1551,776,HVRT,swell_3ph,1.15,very_strong,15.0,9.245,0.044142,338912.2,175106.2,0.8884,0.028914,1.045,2.0,2.5739,0.368,20260609,1.5,1.0,expanded
1552,776,HVRT,swell_3ph,1.15,very_strong,15.0,9.245,0.044142,336389.7,190088.5,0.8706,0.01627,0.9853,2.0,2.5016,0.1153,20260609,1.5,1.0,expanded
1553,777,HVRT,swell_3ph,1.15,very_strong,15.0,5.2705,0.050329,312990.8,122281.4,0.9314,0.01344,0.5014,2.0,2.0149,0.7808,20260609,3.0,0.5,expanded
1554,777,HVRT,swell_3ph,1.15,very_strong,15.0,5.2705,0.050329,342710.7,196509.9,0.8675,0.013826,0.5496,2.0,2.0634,0.2195,20260609,3.0,0.5,expanded
1555,778,HVRT,swell_3ph,1.15,very_strong,15.0,5.2705,0.050329,287963.3,118264.7,0.925,0.015791,0.9569,2.0,2.4727,0.5447,20260609,3.0,1.0,expanded
1556,778,HVRT,swell_3ph,1.15,very_strong,15.0,5.2705,0.050329,351709.3,150809.1,0.9191,0.015323,0.9862,2.0,2.5015,0.5173,20260609,3.0,1.0,expanded
1557,779,HVRT,swell_3ph,1.15,very_strong,15.0,2.74,0.05233,282477.1,154147.9,0.8778,0.021273,0.4636,2.0,1.9849,0.5241,20260609,6.0,0.5,expanded
1558,779,HVRT,swell_3ph,1.15,very_strong,15.0,2.74,0.05233,347438.1,134729.5,0.9324,0.013487,0.4741,2.0,1.9876,0.155,20260609,6.0,0.5,expanded
1559,780,HVRT,swell_3ph,1.15,very_strong,15.0,2.74,0.05233,311469.3,119351.1,0.9338,0.020083,0.9531,2.0,2.4732,0.4874,20260609,6.0,1.0,expanded
1560,780,HVRT,swell_3ph,1.15,very_strong,15.0,2.74,0.05233,336607.7,171782.6,0.8907,0.024929,1.0074,2.0,2.5324,0.4905,20260609,6.0,1.0,expanded
1561,781,HVRT,swell_3ph,1.2,very_weak,2.0,69.3375,0.331062,300548.2,182225.8,0.8551,0.013317,0.4637,2.0,1.977,0.2709,20260609,1.5,0.5,expanded
1562,781,HVRT,swell_3ph,1.2,very_weak,2.0,69.3375,0.331062,354627.9,179775.0,0.8919,0.021823,0.4822,2.0,2.004,0.7203,20260609,1.5,0.5,expanded
1563,782,HVRT,swell_3ph,1.2,very_weak,2.0,69.3375,0.331062,352884.1,198585.1,0.8715,0.014568,1.0162,2.0,2.5308,0.511,20260609,1.5,1.0,expanded
1564,782,HVRT,swell_3ph,1.2,very_weak,2.0,69.3375,0.331062,339186.9,181107.6,0.8821,0.017373,0.9749,2.0,2.4923,0.1521,20260609,1.5,1.0,expanded
1565,783,HVRT,swell_3ph,1.2,very_weak,2.0,39.5285,0.377469,331107.3,202114.7,0.8535,0.02748,0.4503,2.0,1.9778,0.1652,20260609,3.0,0.5,expanded
1566,783,HVRT,swell_3ph,1.2,very_weak,2.0,39.5285,0.377469,345691.3,179477.2,0.8875,0.016165,0.4568,2.0,1.9729,0.5816,20260609,3.0,0.5,expanded
1567,784,HVRT,swell_3ph,1.2,very_weak,2.0,39.5285,0.377469,300356.1,122892.0,0.9255,0.01249,0.9939,2.0,2.5064,0.4191,20260609,3.0,1.0,expanded
1568,784,HVRT,swell_3ph,1.2,very_weak,2.0,39.5285,0.377469,300481.0,115603.2,0.9333,0.024141,0.9908,2.0,2.515,0.2224,20260609,3.0,1.0,expanded
1569,785,HVRT,swell_3ph,1.2,very_weak,2.0,20.5499,0.392474,285166.2,143108.8,0.8938,0.026642,0.5157,2.0,2.0424,0.3455,20260609,6.0,0.5,expanded
1570,785,HVRT,swell_3ph,1.2,very_weak,2.0,20.5499,0.392474,359856.9,171023.2,0.9032,0.012056,0.539,2.0,2.051,0.599,20260609,6.0,0.5,expanded
1571,786,HVRT,swell_3ph,1.2,very_weak,2.0,20.5499,0.392474,315681.2,134712.3,0.9198,0.029613,1.0275,2.0,2.5571,0.7261,20260609,6.0,1.0,expanded
1572,786,HVRT,swell_3ph,1.2,very_weak,2.0,20.5499,0.392474,351154.4,184067.3,0.8857,0.021193,0.9786,2.0,2.4998,0.227,20260609,6.0,1.0,expanded
1573,787,HVRT,swell_3ph,1.2,weak,3.0,46.225,0.220708,347763.0,210577.8,0.8554,0.024368,0.5032,2.0,2.0276,0.6082,20260609,1.5,0.5,expanded
1574,787,HVRT,swell_3ph,1.2,weak,3.0,46.225,0.220708,349461.9,203292.0,0.8644,0.022538,0.4642,2.0,1.9867,0.1624,20260609,1.5,0.5,expanded
1575,788,HVRT,swell_3ph,1.2,weak,3.0,46.225,0.220708,337966.4,113240.6,0.9482,0.023869,1.0227,2.0,2.5466,0.7977,20260609,1.5,1.0,expanded
1576,788,HVRT,swell_3ph,1.2,weak,3.0,46.225,0.220708,320350.5,160734.5,0.8938,0.014627,0.9823,2.0,2.4969,0.488,20260609,1.5,1.0,expanded
1577,789,HVRT,swell_3ph,1.2,weak,3.0,26.3523,0.251646,306309.2,152734.0,0.8949,0.027729,0.5266,2.0,2.0543,0.3835,20260609,3.0,0.5,expanded
1578,789,HVRT,swell_3ph,1.2,weak,3.0,26.3523,0.251646,359102.1,204286.2,0.8692,0.02327,0.487,2.0,2.0102,0.5843,20260609,3.0,0.5,expanded
1579,790,HVRT,swell_3ph,1.2,weak,3.0,26.3523,0.251646,334955.3,153318.6,0.9093,0.023894,1.0456,2.0,2.5695,0.7878,20260609,3.0,1.0,expanded
1580,790,HVRT,swell_3ph,1.2,weak,3.0,26.3523,0.251646,332110.0,162658.8,0.8981,0.015512,0.9646,2.0,2.4801,0.3517,20260609,3.0,1.0,expanded
1581,791,HVRT,swell_3ph,1.2,weak,3.0,13.6999,0.261649,333031.2,154616.5,0.907,0.029191,0.5056,2.0,2.0348,0.5149,20260609,6.0,0.5,expanded
1582,791,HVRT,swell_3ph,1.2,weak,3.0,13.6999,0.261649,329226.1,172680.8,0.8856,0.019492,0.4659,2.0,1.9854,0.1558,20260609,6.0,0.5,expanded
1583,792,HVRT,swell_3ph,1.2,weak,3.0,13.6999,0.261649,282110.9,112644.6,0.9287,0.025628,1.0042,2.0,2.5299,0.4646,20260609,6.0,1.0,expanded
1584,792,HVRT,swell_3ph,1.2,weak,3.0,13.6999,0.261649,309134.7,121168.9,0.931,0.016598,0.9762,2.0,2.4927,0.5351,20260609,6.0,1.0,expanded
1585,793,HVRT,swell_3ph,1.2,medium,5.0,27.735,0.132425,324140.0,145787.0,0.912,0.027493,0.4603,2.0,1.9878,0.5653,20260609,1.5,0.5,expanded
1586,793,HVRT,swell_3ph,1.2,medium,5.0,27.735,0.132425,332181.6,184359.3,0.8744,0.02429,0.4996,2.0,2.0239,0.4901,20260609,1.5,0.5,expanded
1587,794,HVRT,swell_3ph,1.2,medium,5.0,27.735,0.132425,281012.8,137397.6,0.8984,0.015347,0.9614,2.0,2.4767,0.2573,20260609,1.5,1.0,expanded
1588,794,HVRT,swell_3ph,1.2,medium,5.0,27.735,0.132425,352347.9,120926.0,0.9458,0.019,0.9941,2.0,2.5131,0.5101,20260609,1.5,1.0,expanded
1589,795,HVRT,swell_3ph,1.2,medium,5.0,15.8114,0.150988,313745.0,146112.3,0.9065,0.024237,0.5072,2.0,2.0315,0.6358,20260609,3.0,0.5,expanded
1590,795,HVRT,swell_3ph,1.2,medium,5.0,15.8114,0.150988,311348.6,120426.7,0.9327,0.020482,0.4743,2.0,1.9948,0.1596,20260609,3.0,0.5,expanded
1591,796,HVRT,swell_3ph,1.2,medium,5.0,15.8114,0.150988,346404.7,126942.9,0.9389,0.013391,1.0033,2.0,2.5167,0.5831,20260609,3.0,1.0,expanded
1592,796,HVRT,swell_3ph,1.2,medium,5.0,15.8114,0.150988,315312.2,188901.4,0.8578,0.02034,1.0481,2.0,2.5685,0.7139,20260609,3.0,1.0,expanded
1593,797,HVRT,swell_3ph,1.2,medium,5.0,8.2199,0.156989,353148.5,191868.9,0.8787,0.022278,0.484,2.0,2.0063,0.265,20260609,6.0,0.5,expanded
1594,797,HVRT,swell_3ph,1.2,medium,5.0,8.2199,0.156989,296350.6,136278.8,0.9085,0.026311,0.5421,2.0,2.0685,0.6615,20260609,6.0,0.5,expanded
1595,798,HVRT,swell_3ph,1.2,medium,5.0,8.2199,0.156989,309634.9,164767.8,0.8828,0.012072,0.9669,2.0,2.479,0.7759,20260609,6.0,1.0,expanded
1596,798,HVRT,swell_3ph,1.2,medium,5.0,8.2199,0.156989,318375.8,145406.0,0.9096,0.027854,0.9642,2.0,2.4921,0.7666,20260609,6.0,1.0,expanded
1597,799,HVRT,swell_3ph,1.2,strong,10.0,13.8675,0.066212,301815.5,173020.0,0.8676,0.025137,0.5067,2.0,2.0318,0.3643,20260609,1.5,0.5,expanded
1598,799,HVRT,swell_3ph,1.2,strong,10.0,13.8675,0.066212,307106.4,180064.4,0.8627,0.018873,0.49,2.0,2.0089,0.3418,20260609,1.5,0.5,expanded
1599,800,HVRT,swell_3ph,1.2,strong,10.0,13.8675,0.066212,319161.4,137587.0,0.9183,0.017142,0.961,2.0,2.4781,0.763,20260609,1.5,1.0,expanded
1600,800,HVRT,swell_3ph,1.2,strong,10.0,13.8675,0.066212,337847.2,171417.7,0.8918,0.021316,0.9622,2.0,2.4836,0.4503,20260609,1.5,1.0,expanded
1601,801,HVRT,swell_3ph,1.2,strong,10.0,7.9057,0.075494,308113.1,161046.8,0.8862,0.017082,0.4559,2.0,1.973,0.2824,20260609,3.0,0.5,expanded
1602,801,HVRT,swell_3ph,1.2,strong,10.0,7.9057,0.075494,286843.9,139179.7,0.8997,0.02231,0.4965,2.0,2.0188,0.5076,20260609,3.0,0.5,expanded
1603,802,HVRT,swell_3ph,1.2,strong,10.0,7.9057,0.075494,313231.4,178546.9,0.8688,0.020782,1.0254,2.0,2.5462,0.235,20260609,3.0,1.0,expanded
1604,802,HVRT,swell_3ph,1.2,strong,10.0,7.9057,0.075494,348532.0,159038.1,0.9098,0.026037,1.0389,2.0,2.565,0.2933,20260609,3.0,1.0,expanded
1605,803,HVRT,swell_3ph,1.2,strong,10.0,4.11,0.078495,294378.9,116666.2,0.9297,0.027823,0.5058,2.0,2.0336,0.4688,20260609,6.0,0.5,expanded
1606,803,HVRT,swell_3ph,1.2,strong,10.0,4.11,0.078495,318689.6,140876.5,0.9146,0.017045,0.525,2.0,2.042,0.7697,20260609,6.0,0.5,expanded
1607,804,HVRT,swell_3ph,1.2,strong,10.0,4.11,0.078495,331873.9,196827.6,0.8601,0.01915,0.9979,2.0,2.5171,0.2076,20260609,6.0,1.0,expanded
1608,804,HVRT,swell_3ph,1.2,strong,10.0,4.11,0.078495,302120.4,125189.1,0.9238,0.015659,1.0023,2.0,2.5179,0.5986,20260609,6.0,1.0,expanded
1609,805,HVRT,swell_3ph,1.2,very_strong,15.0,9.245,0.044142,309214.9,104128.2,0.9477,0.026496,0.4551,2.0,1.9816,0.3809,20260609,1.5,0.5,expanded
1610,805,HVRT,swell_3ph,1.2,very_strong,15.0,9.245,0.044142,281076.9,169621.4,0.8562,0.027344,0.5053,2.0,2.0327,0.4777,20260609,1.5,0.5,expanded
1611,806,HVRT,swell_3ph,1.2,very_strong,15.0,9.245,0.044142,310608.6,130121.3,0.9223,0.018229,0.9788,2.0,2.4971,0.468,20260609,1.5,1.0,expanded
1612,806,HVRT,swell_3ph,1.2,very_strong,15.0,9.245,0.044142,292793.2,171274.7,0.8632,0.025419,0.9848,2.0,2.5102,0.5506,20260609,1.5,1.0,expanded
1613,807,HVRT,swell_3ph,1.2,very_strong,15.0,5.2705,0.050329,303501.1,166523.3,0.8767,0.014795,0.5156,2.0,2.0304,0.2074,20260609,3.0,0.5,expanded
1614,807,HVRT,swell_3ph,1.2,very_strong,15.0,5.2705,0.050329,313242.1,174513.0,0.8736,0.019544,0.509,2.0,2.0286,0.4494,20260609,3.0,0.5,expanded
1615,808,HVRT,swell_3ph,1.2,very_strong,15.0,5.2705,0.050329,299183.5,146686.3,0.8979,0.025675,0.9613,2.0,2.4869,0.4172,20260609,3.0,1.0,expanded
1616,808,HVRT,swell_3ph,1.2,very_strong,15.0,5.2705,0.050329,308617.8,133732.0,0.9176,0.022977,0.9716,2.0,2.4946,0.2105,20260609,3.0,1.0,expanded
1617,809,HVRT,swell_3ph,1.2,very_strong,15.0,2.74,0.05233,329660.1,110131.2,0.9485,0.013837,0.5355,2.0,2.0493,0.5823,20260609,6.0,0.5,expanded
1618,809,HVRT,swell_3ph,1.2,very_strong,15.0,2.74,0.05233,291456.7,116382.5,0.9287,0.022837,0.519,2.0,2.0418,0.3861,20260609,6.0,0.5,expanded
1619,810,HVRT,swell_3ph,1.2,very_strong,15.0,2.74,0.05233,289348.0,121983.6,0.9215,0.021487,0.9746,2.0,2.4961,0.239,20260609,6.0,1.0,expanded
1620,810,HVRT,swell_3ph,1.2,very_strong,15.0,2.74,0.05233,353091.3,192211.4,0.8783,0.028925,1.0188,2.0,2.5477,0.0556,20260609,6.0,1.0,expanded
1621,811,HVRT,swell_3ph,1.25,very_weak,2.0,69.3375,0.331062,295086.7,158886.6,0.8805,0.023798,0.4601,2.0,1.9839,0.5765,20260609,1.5,0.5,expanded
1622,811,HVRT,swell_3ph,1.25,very_weak,2.0,69.3375,0.331062,311461.1,102792.3,0.9496,0.022982,0.4848,2.0,2.0077,0.5464,20260609,1.5,0.5,expanded
1623,812,HVRT,swell_3ph,1.25,very_weak,2.0,69.3375,0.331062,346319.5,166605.2,0.9011,0.013303,1.0308,2.0,2.5441,0.6924,20260609,1.5,1.0,expanded
1624,812,HVRT,swell_3ph,1.25,very_weak,2.0,69.3375,0.331062,297072.6,147444.9,0.8957,0.026735,0.9755,2.0,2.5022,0.4879,20260609,1.5,1.0,expanded
1625,813,HVRT,swell_3ph,1.25,very_weak,2.0,39.5285,0.377469,333324.2,135004.4,0.9269,0.028037,0.4559,2.0,1.984,0.3024,20260609,3.0,0.5,expanded
1626,813,HVRT,swell_3ph,1.25,very_weak,2.0,39.5285,0.377469,318218.3,114780.2,0.9407,0.018427,0.5395,2.0,2.0579,0.2184,20260609,3.0,0.5,expanded
1627,814,HVRT,swell_3ph,1.25,very_weak,2.0,39.5285,0.377469,289744.8,165383.2,0.8685,0.024609,0.9589,2.0,2.4835,0.4562,20260609,3.0,1.0,expanded
1628,814,HVRT,swell_3ph,1.25,very_weak,2.0,39.5285,0.377469,332211.3,201262.9,0.8553,0.013735,0.9636,2.0,2.4774,0.6795,20260609,3.0,1.0,expanded
1629,815,HVRT,swell_3ph,1.25,very_weak,2.0,20.5499,0.392474,316657.5,173416.1,0.8771,0.019083,0.5345,2.0,2.0536,0.2936,20260609,6.0,0.5,expanded
1630,815,HVRT,swell_3ph,1.25,very_weak,2.0,20.5499,0.392474,317057.7,113092.6,0.9419,0.021786,0.5067,2.0,2.0285,0.7498,20260609,6.0,0.5,expanded
1631,816,HVRT,swell_3ph,1.25,very_weak,2.0,20.5499,0.392474,285117.1,154311.7,0.8795,0.016934,1.0361,2.0,2.5531,0.7775,20260609,6.0,1.0,expanded
1632,816,HVRT,swell_3ph,1.25,very_weak,2.0,20.5499,0.392474,326876.9,114365.6,0.9439,0.01278,1.0324,2.0,2.5451,0.5074,20260609,6.0,1.0,expanded
1633,817,HVRT,swell_3ph,1.25,weak,3.0,46.225,0.220708,289448.0,152535.4,0.8847,0.018679,0.509,2.0,2.0276,0.5887,20260609,1.5,0.5,expanded
1634,817,HVRT,swell_3ph,1.25,weak,3.0,46.225,0.220708,285398.5,124080.4,0.9171,0.017711,0.5321,2.0,2.0498,0.4295,20260609,1.5,0.5,expanded
1635,818,HVRT,swell_3ph,1.25,weak,3.0,46.225,0.220708,319972.1,150164.3,0.9053,0.018947,1.0107,2.0,2.5296,0.1098,20260609,1.5,1.0,expanded
1636,818,HVRT,swell_3ph,1.25,weak,3.0,46.225,0.220708,312830.3,118264.7,0.9354,0.026142,0.9875,2.0,2.5137,0.4472,20260609,1.5,1.0,expanded
1637,819,HVRT,swell_3ph,1.25,weak,3.0,26.3523,0.251646,286556.6,106224.1,0.9377,0.019528,0.509,2.0,2.0285,0.5992,20260609,3.0,0.5,expanded
1638,819,HVRT,swell_3ph,1.25,weak,3.0,26.3523,0.251646,343223.9,139909.4,0.926,0.014463,0.4586,2.0,1.973,0.2244,20260609,3.0,0.5,expanded
1639,820,HVRT,swell_3ph,1.25,weak,3.0,26.3523,0.251646,333867.4,183041.1,0.8769,0.019999,0.9722,2.0,2.4922,0.2129,20260609,3.0,1.0,expanded
1640,820,HVRT,swell_3ph,1.25,weak,3.0,26.3523,0.251646,334878.3,186756.0,0.8734,0.013812,0.9786,2.0,2.4924,0.0803,20260609,3.0,1.0,expanded
1641,821,HVRT,swell_3ph,1.25,weak,3.0,13.6999,0.261649,345804.7,190998.2,0.8754,0.026387,0.4848,2.0,2.0112,0.6563,20260609,6.0,0.5,expanded
1642,821,HVRT,swell_3ph,1.25,weak,3.0,13.6999,0.261649,328947.3,133132.9,0.927,0.024494,0.5105,2.0,2.035,0.536,20260609,6.0,0.5,expanded
1643,822,HVRT,swell_3ph,1.25,weak,3.0,13.6999,0.261649,329404.3,178707.7,0.879,0.01212,0.9553,2.0,2.4674,0.4219,20260609,6.0,1.0,expanded
1644,822,HVRT,swell_3ph,1.25,weak,3.0,13.6999,0.261649,306325.8,129062.9,0.9215,0.023596,1.0133,2.0,2.5369,0.1311,20260609,6.0,1.0,expanded
1645,823,HVRT,swell_3ph,1.25,medium,5.0,27.735,0.132425,314039.8,142296.9,0.9109,0.019815,0.5459,2.0,2.0657,0.193,20260609,1.5,0.5,expanded
1646,823,HVRT,swell_3ph,1.25,medium,5.0,27.735,0.132425,288807.3,152455.3,0.8843,0.016966,0.4529,2.0,1.9699,0.3505,20260609,1.5,0.5,expanded
1647,824,HVRT,swell_3ph,1.25,medium,5.0,27.735,0.132425,329762.1,197042.9,0.8584,0.026676,0.9994,2.0,2.5261,0.3286,20260609,1.5,1.0,expanded
1648,824,HVRT,swell_3ph,1.25,medium,5.0,27.735,0.132425,346340.8,202343.7,0.8634,0.02694,1.0225,2.0,2.5494,0.177,20260609,1.5,1.0,expanded
1649,825,HVRT,swell_3ph,1.25,medium,5.0,15.8114,0.150988,280714.5,96407.2,0.9458,0.025196,0.5021,2.0,2.0273,0.2115,20260609,3.0,0.5,expanded
1650,825,HVRT,swell_3ph,1.25,medium,5.0,15.8114,0.150988,281115.9,153748.0,0.8774,0.02428,0.5387,2.0,2.063,0.1266,20260609,3.0,0.5,expanded
1651,826,HVRT,swell_3ph,1.25,medium,5.0,15.8114,0.150988,289544.0,156612.0,0.8796,0.026933,0.9978,2.0,2.5247,0.4807,20260609,3.0,1.0,expanded
1652,826,HVRT,swell_3ph,1.25,medium,5.0,15.8114,0.150988,296930.6,157991.8,0.8828,0.017768,0.9594,2.0,2.4772,0.2717,20260609,3.0,1.0,expanded
1653,827,HVRT,swell_3ph,1.25,medium,5.0,8.2199,0.156989,339663.9,178819.0,0.8849,0.0218,0.4844,2.0,2.0062,0.5225,20260609,6.0,0.5,expanded
1654,827,HVRT,swell_3ph,1.25,medium,5.0,8.2199,0.156989,345991.0,158544.3,0.9091,0.016673,0.4777,2.0,1.9943,0.5088,20260609,6.0,0.5,expanded
1655,828,HVRT,swell_3ph,1.25,medium,5.0,8.2199,0.156989,282697.6,152100.4,0.8806,0.021875,1.0403,2.0,2.5622,0.3663,20260609,6.0,1.0,expanded
1656,828,HVRT,swell_3ph,1.25,medium,5.0,8.2199,0.156989,335166.9,140470.8,0.9223,0.018154,1.0096,2.0,2.5277,0.7825,20260609,6.0,1.0,expanded
1657,829,HVRT,swell_3ph,1.25,strong,10.0,13.8675,0.066212,315084.1,153776.8,0.8987,0.020576,0.5441,2.0,2.0647,0.0674,20260609,1.5,0.5,expanded
1658,829,HVRT,swell_3ph,1.25,strong,10.0,13.8675,0.066212,299608.2,159990.6,0.8821,0.014957,0.5319,2.0,2.0469,0.7854,20260609,1.5,0.5,expanded
1659,830,HVRT,swell_3ph,1.25,strong,10.0,13.8675,0.066212,310410.9,144687.0,0.9064,0.028948,0.9918,2.0,2.5207,0.5036,20260609,1.5,1.0,expanded
1660,830,HVRT,swell_3ph,1.25,strong,10.0,13.8675,0.066212,312067.2,185008.7,0.8602,0.016858,0.9822,2.0,2.4991,0.6682,20260609,1.5,1.0,expanded
1661,831,HVRT,swell_3ph,1.25,strong,10.0,7.9057,0.075494,297421.5,101618.9,0.9463,0.012617,0.4616,2.0,1.9742,0.1999,20260609,3.0,0.5,expanded
1662,831,HVRT,swell_3ph,1.25,strong,10.0,7.9057,0.075494,297221.2,153556.9,0.8884,0.014711,0.5093,2.0,2.024,0.5666,20260609,3.0,0.5,expanded
1663,832,HVRT,swell_3ph,1.25,strong,10.0,7.9057,0.075494,293339.5,175632.5,0.858,0.015051,0.9795,2.0,2.4945,0.206,20260609,3.0,1.0,expanded
1664,832,HVRT,swell_3ph,1.25,strong,10.0,7.9057,0.075494,354469.8,159215.3,0.9122,0.029115,0.9614,2.0,2.4905,0.1452,20260609,3.0,1.0,expanded
1665,833,HVRT,swell_3ph,1.25,strong,10.0,4.11,0.078495,329461.2,142798.8,0.9175,0.015456,0.452,2.0,1.9675,0.5134,20260609,6.0,0.5,expanded
1666,833,HVRT,swell_3ph,1.25,strong,10.0,4.11,0.078495,308570.9,168766.8,0.8774,0.015356,0.4959,2.0,2.0113,0.3434,20260609,6.0,0.5,expanded
1667,834,HVRT,swell_3ph,1.25,strong,10.0,4.11,0.078495,336286.9,189370.2,0.8713,0.014916,0.9552,2.0,2.4701,0.649,20260609,6.0,1.0,expanded
1668,834,HVRT,swell_3ph,1.25,strong,10.0,4.11,0.078495,343104.6,156410.0,0.9099,0.026339,0.9814,2.0,2.5077,0.3193,20260609,6.0,1.0,expanded
1669,835,HVRT,swell_3ph,1.25,very_strong,15.0,9.245,0.044142,280757.3,153983.1,0.8768,0.022913,0.4661,2.0,1.989,0.6236,20260609,1.5,0.5,expanded
1670,835,HVRT,swell_3ph,1.25,very_strong,15.0,9.245,0.044142,346798.4,207303.7,0.8583,0.016227,0.5094,2.0,2.0256,0.1572,20260609,1.5,0.5,expanded
1671,836,HVRT,swell_3ph,1.25,very_strong,15.0,9.245,0.044142,299681.6,118044.2,0.9304,0.019028,0.9691,2.0,2.4881,0.4905,20260609,1.5,1.0,expanded
1672,836,HVRT,swell_3ph,1.25,very_strong,15.0,9.245,0.044142,280942.7,114960.4,0.9255,0.022228,0.989,2.0,2.5112,0.6932,20260609,1.5,1.0,expanded
1673,837,HVRT,swell_3ph,1.25,very_strong,15.0,5.2705,0.050329,346051.2,139415.9,0.9276,0.021733,0.4979,2.0,2.0196,0.752,20260609,3.0,0.5,expanded
1674,837,HVRT,swell_3ph,1.25,very_strong,15.0,5.2705,0.050329,292929.5,135087.7,0.9081,0.014079,0.4958,2.0,2.0098,0.5574,20260609,3.0,0.5,expanded
1675,838,HVRT,swell_3ph,1.25,very_strong,15.0,5.2705,0.050329,351414.5,175989.4,0.8941,0.024899,1.0227,2.0,2.5476,0.7497,20260609,3.0,1.0,expanded
1676,838,HVRT,swell_3ph,1.25,very_strong,15.0,5.2705,0.050329,351741.4,198414.2,0.871,0.018226,1.0464,2.0,2.5646,0.6915,20260609,3.0,1.0,expanded
1677,839,HVRT,swell_3ph,1.25,very_strong,15.0,2.74,0.05233,331435.4,152601.6,0.9083,0.018248,0.5301,2.0,2.0484,0.7011,20260609,6.0,0.5,expanded
1678,839,HVRT,swell_3ph,1.25,very_strong,15.0,2.74,0.05233,294246.2,152767.7,0.8875,0.027732,0.4886,2.0,2.0163,0.2939,20260609,6.0,0.5,expanded
1679,840,HVRT,swell_3ph,1.25,very_strong,15.0,2.74,0.05233,291926.1,128977.3,0.9147,0.025828,1.0043,2.0,2.5302,0.4402,20260609,6.0,1.0,expanded
1680,840,HVRT,swell_3ph,1.25,very_strong,15.0,2.74,0.05233,357781.4,158279.4,0.9145,0.028357,0.9962,2.0,2.5245,0.5578,20260609,6.0,1.0,expanded
1681,841,HVRT,swell_3ph,1.3,very_weak,2.0,69.3375,0.331062,313559.7,114200.2,0.9396,0.013777,0.4956,2.0,2.0094,0.7604,20260609,1.5,0.5,expanded
1682,841,HVRT,swell_3ph,1.3,very_weak,2.0,69.3375,0.331062,318193.2,130890.5,0.9248,0.023874,0.5234,2.0,2.0473,0.6788,20260609,1.5,0.5,expanded
1683,842,HVRT,swell_3ph,1.3,very_weak,2.0,69.3375,0.331062,335915.2,136446.2,0.9265,0.018795,1.0331,2.0,2.5519,0.4836,20260609,1.5,1.0,expanded
1684,842,HVRT,swell_3ph,1.3,very_weak,2.0,69.3375,0.331062,351847.6,189188.0,0.8808,0.017296,0.9593,2.0,2.4766,0.5408,20260609,1.5,1.0,expanded
1685,843,HVRT,swell_3ph,1.3,very_weak,2.0,39.5285,0.377469,326346.2,194313.9,0.8592,0.029744,0.5362,2.0,2.066,0.1196,20260609,3.0,0.5,expanded
1686,843,HVRT,swell_3ph,1.3,very_weak,2.0,39.5285,0.377469,355569.9,203522.0,0.8679,0.013947,0.456,2.0,1.9699,0.4865,20260609,3.0,0.5,expanded
1687,844,HVRT,swell_3ph,1.3,very_weak,2.0,39.5285,0.377469,283832.1,113357.0,0.9287,0.024477,0.9606,2.0,2.485,0.5685,20260609,3.0,1.0,expanded
1688,844,HVRT,swell_3ph,1.3,very_weak,2.0,39.5285,0.377469,351068.7,209344.1,0.8589,0.022786,0.9729,2.0,2.4956,0.3647,20260609,3.0,1.0,expanded
1689,845,HVRT,swell_3ph,1.3,very_weak,2.0,20.5499,0.392474,322525.3,157546.1,0.8985,0.018904,0.4564,2.0,1.9753,0.1305,20260609,6.0,0.5,expanded
1690,845,HVRT,swell_3ph,1.3,very_weak,2.0,20.5499,0.392474,347492.7,205159.6,0.8611,0.023477,0.5406,2.0,2.064,0.0645,20260609,6.0,0.5,expanded
1691,846,HVRT,swell_3ph,1.3,very_weak,2.0,20.5499,0.392474,306940.8,178404.3,0.8646,0.019466,0.9892,2.0,2.5087,0.2368,20260609,6.0,1.0,expanded
1692,846,HVRT,swell_3ph,1.3,very_weak,2.0,20.5499,0.392474,290396.4,114206.4,0.9306,0.026612,0.9545,2.0,2.4811,0.6683,20260609,6.0,1.0,expanded
1693,847,HVRT,swell_3ph,1.3,weak,3.0,46.225,0.220708,322452.7,160832.4,0.8949,0.01569,0.4994,2.0,2.0151,0.4135,20260609,1.5,0.5,expanded
1694,847,HVRT,swell_3ph,1.3,weak,3.0,46.225,0.220708,298389.6,104042.5,0.9442,0.014378,0.528,2.0,2.0423,0.5598,20260609,1.5,0.5,expanded
1695,848,HVRT,swell_3ph,1.3,weak,3.0,46.225,0.220708,349989.1,210310.1,0.8572,0.029986,1.0077,2.0,2.5377,0.4374,20260609,1.5,1.0,expanded
1696,848,HVRT,swell_3ph,1.3,weak,3.0,46.225,0.220708,334799.8,121066.8,0.9404,0.019862,0.9581,2.0,2.4779,0.582,20260609,1.5,1.0,expanded
1697,849,HVRT,swell_3ph,1.3,weak,3.0,26.3523,0.251646,332868.3,147538.7,0.9142,0.014352,0.4563,2.0,1.9707,0.0507,20260609,3.0,0.5,expanded
1698,849,HVRT,swell_3ph,1.3,weak,3.0,26.3523,0.251646,293385.7,102386.1,0.9442,0.023855,0.5164,2.0,2.0402,0.4121,20260609,3.0,0.5,expanded
1699,850,HVRT,swell_3ph,1.3,weak,3.0,26.3523,0.251646,280808.6,167311.5,0.8591,0.022065,0.9717,2.0,2.4938,0.1745,20260609,3.0,1.0,expanded
1700,850,HVRT,swell_3ph,1.3,weak,3.0,26.3523,0.251646,312396.3,137668.3,0.9151,0.013097,1.047,2.0,2.5601,0.2906,20260609,3.0,1.0,expanded
1701,851,HVRT,swell_3ph,1.3,weak,3.0,13.6999,0.261649,333858.8,195520.4,0.8629,0.02973,0.5103,2.0,2.04,0.7943,20260609,6.0,0.5,expanded
1702,851,HVRT,swell_3ph,1.3,weak,3.0,13.6999,0.261649,314218.3,164602.3,0.8858,0.021899,0.4547,2.0,1.9766,0.6403,20260609,6.0,0.5,expanded
1703,852,HVRT,swell_3ph,1.3,weak,3.0,13.6999,0.261649,311664.9,148712.0,0.9025,0.027925,1.0056,2.0,2.5336,0.5686,20260609,6.0,1.0,expanded
1704,852,HVRT,swell_3ph,1.3,weak,3.0,13.6999,0.261649,316326.0,107902.4,0.9465,0.015688,1.0373,2.0,2.553,0.4332,20260609,6.0,1.0,expanded
1705,853,HVRT,swell_3ph,1.3,medium,5.0,27.735,0.132425,312796.3,163660.9,0.886,0.014602,0.4891,2.0,2.0037,0.7009,20260609,1.5,0.5,expanded
1706,853,HVRT,swell_3ph,1.3,medium,5.0,27.735,0.132425,307862.5,131471.4,0.9197,0.025056,0.5497,2.0,2.0747,0.4018,20260609,1.5,0.5,expanded
1707,854,HVRT,swell_3ph,1.3,medium,5.0,27.735,0.132425,297525.0,166280.9,0.8729,0.027568,0.9715,2.0,2.4991,0.7778,20260609,1.5,1.0,expanded
1708,854,HVRT,swell_3ph,1.3,medium,5.0,27.735,0.132425,309382.4,134041.3,0.9176,0.02514,1.0083,2.0,2.5334,0.08,20260609,1.5,1.0,expanded
1709,855,HVRT,swell_3ph,1.3,medium,5.0,15.8114,0.150988,354563.5,216345.0,0.8536,0.016752,0.4578,2.0,1.9746,0.755,20260609,3.0,0.5,expanded
1710,855,HVRT,swell_3ph,1.3,medium,5.0,15.8114,0.150988,286559.7,174762.3,0.8538,0.023213,0.5339,2.0,2.0571,0.0721,20260609,3.0,0.5,expanded
1711,856,HVRT,swell_3ph,1.3,medium,5.0,15.8114,0.150988,306417.2,175312.5,0.868,0.021805,1.0029,2.0,2.5247,0.4543,20260609,3.0,1.0,expanded
1712,856,HVRT,swell_3ph,1.3,medium,5.0,15.8114,0.150988,302795.4,112614.6,0.9373,0.021476,1.0092,2.0,2.5307,0.6957,20260609,3.0,1.0,expanded
1713,857,HVRT,swell_3ph,1.3,medium,5.0,8.2199,0.156989,303856.2,136741.7,0.9119,0.018936,0.4674,2.0,1.9864,0.6172,20260609,6.0,0.5,expanded
1714,857,HVRT,swell_3ph,1.3,medium,5.0,8.2199,0.156989,290927.8,177988.1,0.853,0.014341,0.5219,2.0,2.0362,0.1962,20260609,6.0,0.5,expanded
1715,858,HVRT,swell_3ph,1.3,medium,5.0,8.2199,0.156989,307780.1,180449.0,0.8627,0.02485,0.9527,2.0,2.4776,0.5791,20260609,6.0,1.0,expanded
1716,858,HVRT,swell_3ph,1.3,medium,5.0,8.2199,0.156989,297971.2,98781.4,0.9492,0.019579,0.9767,2.0,2.4963,0.5517,20260609,6.0,1.0,expanded
1717,859,HVRT,swell_3ph,1.3,strong,10.0,13.8675,0.066212,345482.5,184236.1,0.8824,0.016465,0.4649,2.0,1.9814,0.6064,20260609,1.5,0.5,expanded
1718,859,HVRT,swell_3ph,1.3,strong,10.0,13.8675,0.066212,324828.8,155916.9,0.9015,0.023879,0.5016,2.0,2.0255,0.4547,20260609,1.5,0.5,expanded
1719,860,HVRT,swell_3ph,1.3,strong,10.0,13.8675,0.066212,353693.4,202584.1,0.8677,0.012003,1.0341,2.0,2.5461,0.1261,20260609,1.5,1.0,expanded
1720,860,HVRT,swell_3ph,1.3,strong,10.0,13.8675,0.066212,294104.6,119021.0,0.927,0.014253,1.026,2.0,2.5402,0.4774,20260609,1.5,1.0,expanded
1721,861,HVRT,swell_3ph,1.3,strong,10.0,7.9057,0.075494,333978.9,176364.8,0.8843,0.020906,0.5225,2.0,2.0434,0.7285,20260609,3.0,0.5,expanded
1722,861,HVRT,swell_3ph,1.3,strong,10.0,7.9057,0.075494,288568.0,135802.1,0.9048,0.015831,0.4592,2.0,1.975,0.1497,20260609,3.0,0.5,expanded
1723,862,HVRT,swell_3ph,1.3,strong,10.0,7.9057,0.075494,346095.5,126391.9,0.9393,0.029991,0.993,2.0,2.523,0.4992,20260609,3.0,1.0,expanded
1724,862,HVRT,swell_3ph,1.3,strong,10.0,7.9057,0.075494,342966.6,132552.6,0.9328,0.014499,1.0371,2.0,2.5516,0.7023,20260609,3.0,1.0,expanded
1725,863,HVRT,swell_3ph,1.3,strong,10.0,4.11,0.078495,293819.9,123645.9,0.9217,0.024895,0.4766,2.0,2.0015,0.1652,20260609,6.0,0.5,expanded
1726,863,HVRT,swell_3ph,1.3,strong,10.0,4.11,0.078495,296707.9,155503.5,0.8857,0.021257,0.4868,2.0,2.0081,0.5025,20260609,6.0,0.5,expanded
1727,864,HVRT,swell_3ph,1.3,strong,10.0,4.11,0.078495,337269.0,114169.6,0.9472,0.012555,1.0327,2.0,2.5452,0.1266,20260609,6.0,1.0,expanded
1728,864,HVRT,swell_3ph,1.3,strong,10.0,4.11,0.078495,319577.6,137180.9,0.9189,0.024008,1.0255,2.0,2.5495,0.1459,20260609,6.0,1.0,expanded
1729,865,HVRT,swell_3ph,1.3,very_strong,15.0,9.245,0.044142,293828.0,137489.3,0.9057,0.019915,0.5318,2.0,2.0518,0.472,20260609,1.5,0.5,expanded
1730,865,HVRT,swell_3ph,1.3,very_strong,15.0,9.245,0.044142,306167.6,185874.7,0.8548,0.029012,0.5028,2.0,2.0318,0.7059,20260609,1.5,0.5,expanded
1731,866,HVRT,swell_3ph,1.3,very_strong,15.0,9.245,0.044142,353546.5,216346.3,0.853,0.027921,1.0234,2.0,2.5513,0.3537,20260609,1.5,1.0,expanded
1732,866,HVRT,swell_3ph,1.3,very_strong,15.0,9.245,0.044142,296557.1,131322.1,0.9144,0.013492,1.0,2.0,2.5135,0.4065,20260609,1.5,1.0,expanded
1733,867,HVRT,swell_3ph,1.3,very_strong,15.0,5.2705,0.050329,330982.9,175859.1,0.8831,0.023708,0.5223,2.0,2.046,0.1435,20260609,3.0,0.5,expanded
1734,867,HVRT,swell_3ph,1.3,very_strong,15.0,5.2705,0.050329,326202.5,119696.1,0.9388,0.015377,0.4685,2.0,1.9839,0.7228,20260609,3.0,0.5,expanded
1735,868,HVRT,swell_3ph,1.3,very_strong,15.0,5.2705,0.050329,324274.9,188713.4,0.8643,0.026258,0.9888,2.0,2.515,0.7839,20260609,3.0,1.0,expanded
1736,868,HVRT,swell_3ph,1.3,very_strong,15.0,5.2705,0.050329,302719.5,119278.7,0.9304,0.027632,1.0019,2.0,2.5296,0.7253,20260609,3.0,1.0,expanded
1737,869,HVRT,swell_3ph,1.3,very_strong,15.0,2.74,0.05233,321187.8,171145.1,0.8825,0.016606,0.4706,2.0,1.9872,0.7126,20260609,6.0,0.5,expanded
1738,869,HVRT,swell_3ph,1.3,very_strong,15.0,2.74,0.05233,324025.6,124796.1,0.9332,0.022373,0.5244,2.0,2.0468,0.5732,20260609,6.0,0.5,expanded
1739,870,HVRT,swell_3ph,1.3,very_strong,15.0,2.74,0.05233,291735.7,112426.1,0.9331,0.024574,0.9924,2.0,2.517,0.1008,20260609,6.0,1.0,expanded
1740,870,HVRT,swell_3ph,1.3,very_strong,15.0,2.74,0.05233,351291.6,197854.8,0.8713,0.022107,1.0189,2.0,2.541,0.4288,20260609,6.0,1.0,expanded
1741,871,HVRT,swell_1ph,1.1,very_weak,2.0,69.3375,0.331062,335093.0,194157.9,0.8653,0.012481,0.5215,2.0,2.0339,0.5683,20260609,1.5,0.5,expanded
1742,871,HVRT,swell_1ph,1.1,very_weak,2.0,69.3375,0.331062,303768.7,126643.8,0.923,0.014894,0.5442,2.0,2.0591,0.3295,20260609,1.5,0.5,expanded
1743,872,HVRT,swell_1ph,1.1,very_weak,2.0,69.3375,0.331062,292508.0,110587.1,0.9354,0.026477,1.0003,2.0,2.5267,0.7959,20260609,1.5,1.0,expanded
1744,872,HVRT,swell_1ph,1.1,very_weak,2.0,69.3375,0.331062,320153.0,144667.7,0.9113,0.020011,1.0278,2.0,2.5478,0.1511,20260609,1.5,1.0,expanded
1745,873,HVRT,swell_1ph,1.1,very_weak,2.0,39.5285,0.377469,288383.9,133786.5,0.9071,0.015125,0.4864,2.0,2.0015,0.5793,20260609,3.0,0.5,expanded
1746,873,HVRT,swell_1ph,1.1,very_weak,2.0,39.5285,0.377469,327145.8,201428.6,0.8515,0.026083,0.4795,2.0,2.0056,0.7318,20260609,3.0,0.5,expanded
1747,874,HVRT,swell_1ph,1.1,very_weak,2.0,39.5285,0.377469,354613.8,209372.4,0.8611,0.019385,1.0091,2.0,2.5284,0.694,20260609,3.0,1.0,expanded
1748,874,HVRT,swell_1ph,1.1,very_weak,2.0,39.5285,0.377469,336910.6,153400.0,0.9101,0.017379,0.9519,2.0,2.4693,0.7016,20260609,3.0,1.0,expanded
1749,875,HVRT,swell_1ph,1.1,very_weak,2.0,20.5499,0.392474,280159.4,145258.3,0.8878,0.029777,0.5407,2.0,2.0705,0.2947,20260609,6.0,0.5,expanded
1750,875,HVRT,swell_1ph,1.1,very_weak,2.0,20.5499,0.392474,341767.1,161399.0,0.9042,0.015766,0.55,2.0,2.0658,0.2572,20260609,6.0,0.5,expanded
1751,876,HVRT,swell_1ph,1.1,very_weak,2.0,20.5499,0.392474,308150.0,132102.7,0.9191,0.015189,1.0451,2.0,2.5602,0.4696,20260609,6.0,1.0,expanded
1752,876,HVRT,swell_1ph,1.1,very_weak,2.0,20.5499,0.392474,353596.6,160834.9,0.9103,0.023066,1.0233,2.0,2.5464,0.4993,20260609,6.0,1.0,expanded
1753,877,HVRT,swell_1ph,1.1,weak,3.0,46.225,0.220708,351681.3,216675.0,0.8514,0.029174,0.5491,2.0,2.0782,0.0663,20260609,1.5,0.5,expanded
1754,877,HVRT,swell_1ph,1.1,weak,3.0,46.225,0.220708,284325.2,147782.7,0.8873,0.015289,0.5476,2.0,2.0628,0.0819,20260609,1.5,0.5,expanded
1755,878,HVRT,swell_1ph,1.1,weak,3.0,46.225,0.220708,331047.7,165829.1,0.8941,0.024199,0.9735,2.0,2.4977,0.4302,20260609,1.5,1.0,expanded
1756,878,HVRT,swell_1ph,1.1,weak,3.0,46.225,0.220708,354535.2,185278.9,0.8863,0.019193,1.0037,2.0,2.5229,0.3769,20260609,1.5,1.0,expanded
1757,879,HVRT,swell_1ph,1.1,weak,3.0,26.3523,0.251646,281794.1,166046.3,0.8616,0.025222,0.5289,2.0,2.0541,0.7764,20260609,3.0,0.5,expanded
1758,879,HVRT,swell_1ph,1.1,weak,3.0,26.3523,0.251646,337631.4,128554.0,0.9345,0.027364,0.5189,2.0,2.0463,0.4715,20260609,3.0,0.5,expanded
1759,880,HVRT,swell_1ph,1.1,weak,3.0,26.3523,0.251646,324270.7,200545.8,0.8505,0.029572,1.0246,2.0,2.5542,0.584,20260609,3.0,1.0,expanded
1760,880,HVRT,swell_1ph,1.1,weak,3.0,26.3523,0.251646,345429.5,150945.4,0.9163,0.029593,0.9919,2.0,2.5215,0.729,20260609,3.0,1.0,expanded
1761,881,HVRT,swell_1ph,1.1,weak,3.0,13.6999,0.261649,334449.0,150015.4,0.9124,0.017091,0.542,2.0,2.0591,0.6778,20260609,6.0,0.5,expanded
1762,881,HVRT,swell_1ph,1.1,weak,3.0,13.6999,0.261649,325264.8,175931.5,0.8796,0.027505,0.4754,2.0,2.0029,0.6805,20260609,6.0,0.5,expanded
1763,882,HVRT,swell_1ph,1.1,weak,3.0,13.6999,0.261649,283811.6,159757.7,0.8714,0.021818,1.0116,2.0,2.5334,0.1576,20260609,6.0,1.0,expanded
1764,882,HVRT,swell_1ph,1.1,weak,3.0,13.6999,0.261649,289360.0,141867.6,0.8979,0.021893,0.9651,2.0,2.487,0.4749,20260609,6.0,1.0,expanded
1765,883,HVRT,swell_1ph,1.1,medium,5.0,27.735,0.132425,289566.4,168752.2,0.864,0.027779,0.5281,2.0,2.0559,0.7144,20260609,1.5,0.5,expanded
1766,883,HVRT,swell_1ph,1.1,medium,5.0,27.735,0.132425,356395.0,188025.4,0.8845,0.018788,0.5191,2.0,2.0379,0.5098,20260609,1.5,0.5,expanded
1767,884,HVRT,swell_1ph,1.1,medium,5.0,27.735,0.132425,326541.4,152027.9,0.9066,0.012248,1.0308,2.0,2.543,0.2147,20260609,1.5,1.0,expanded
1768,884,HVRT,swell_1ph,1.1,medium,5.0,27.735,0.132425,354892.5,151857.0,0.9194,0.022351,0.983,2.0,2.5054,0.4634,20260609,1.5,1.0,expanded
1769,885,HVRT,swell_1ph,1.1,medium,5.0,15.8114,0.150988,326952.8,173567.0,0.8833,0.015663,0.4806,2.0,1.9963,0.7992,20260609,3.0,0.5,expanded
1770,885,HVRT,swell_1ph,1.1,medium,5.0,15.8114,0.150988,321367.1,179894.4,0.8726,0.020942,0.5369,2.0,2.0578,0.2006,20260609,3.0,0.5,expanded
1771,886,HVRT,swell_1ph,1.1,medium,5.0,15.8114,0.150988,329206.6,199579.7,0.8551,0.022779,0.9644,2.0,2.4872,0.1645,20260609,3.0,1.0,expanded
1772,886,HVRT,swell_1ph,1.1,medium,5.0,15.8114,0.150988,353447.7,162139.2,0.9089,0.029213,1.0468,2.0,2.576,0.7203,20260609,3.0,1.0,expanded
1773,887,HVRT,swell_1ph,1.1,medium,5.0,8.2199,0.156989,290248.7,154146.7,0.8832,0.027279,0.4968,2.0,2.0241,0.1726,20260609,6.0,0.5,expanded
1774,887,HVRT,swell_1ph,1.1,medium,5.0,8.2199,0.156989,304406.7,108405.5,0.942,0.02471,0.5154,2.0,2.0401,0.7883,20260609,6.0,0.5,expanded
1775,888,HVRT,swell_1ph,1.1,medium,5.0,8.2199,0.156989,337289.9,153573.2,0.9101,0.026732,1.0336,2.0,2.5603,0.2132,20260609,6.0,1.0,expanded
1776,888,HVRT,swell_1ph,1.1,medium,5.0,8.2199,0.156989,315797.5,109999.3,0.9444,0.026629,1.0496,2.0,2.5762,0.1329,20260609,6.0,1.0,expanded
1777,889,HVRT,swell_1ph,1.1,strong,10.0,13.8675,0.066212,331771.8,174529.8,0.885,0.019388,0.4978,2.0,2.0172,0.2666,20260609,1.5,0.5,expanded
1778,889,HVRT,swell_1ph,1.1,strong,10.0,13.8675,0.066212,336612.9,196743.1,0.8633,0.013686,0.4819,2.0,1.9956,0.7904,20260609,1.5,0.5,expanded
1779,890,HVRT,swell_1ph,1.1,strong,10.0,13.8675,0.066212,354040.3,118305.0,0.9484,0.022909,1.0231,2.0,2.546,0.7102,20260609,1.5,1.0,expanded
1780,890,HVRT,swell_1ph,1.1,strong,10.0,13.8675,0.066212,331465.0,204774.8,0.8507,0.014263,0.9528,2.0,2.467,0.0996,20260609,1.5,1.0,expanded
1781,891,HVRT,swell_1ph,1.1,strong,10.0,7.9057,0.075494,342003.1,191880.7,0.8721,0.029117,0.453,2.0,1.9821,0.6609,20260609,3.0,0.5,expanded
1782,891,HVRT,swell_1ph,1.1,strong,10.0,7.9057,0.075494,340239.0,201446.6,0.8605,0.017836,0.4683,2.0,1.9861,0.252,20260609,3.0,0.5,expanded
1783,892,HVRT,swell_1ph,1.1,strong,10.0,7.9057,0.075494,303772.3,101638.1,0.9483,0.014603,0.9835,2.0,2.4981,0.1955,20260609,3.0,1.0,expanded
1784,892,HVRT,swell_1ph,1.1,strong,10.0,7.9057,0.075494,333545.6,158746.9,0.9029,0.020229,1.0012,2.0,2.5214,0.2078,20260609,3.0,1.0,expanded
1785,893,HVRT,swell_1ph,1.1,strong,10.0,4.11,0.078495,318241.6,188744.1,0.8601,0.026882,0.489,2.0,2.0159,0.5237,20260609,6.0,0.5,expanded
1786,893,HVRT,swell_1ph,1.1,strong,10.0,4.11,0.078495,283885.1,148557.2,0.886,0.024679,0.5199,2.0,2.0446,0.2294,20260609,6.0,0.5,expanded
1787,894,HVRT,swell_1ph,1.1,strong,10.0,4.11,0.078495,295068.4,178716.8,0.8553,0.025175,0.9834,2.0,2.5085,0.7405,20260609,6.0,1.0,expanded
1788,894,HVRT,swell_1ph,1.1,strong,10.0,4.11,0.078495,346182.7,121204.6,0.9438,0.015132,1.0126,2.0,2.5277,0.5053,20260609,6.0,1.0,expanded
1789,895,HVRT,swell_1ph,1.1,very_strong,15.0,9.245,0.044142,290126.5,134912.5,0.9068,0.018165,0.4728,2.0,1.9909,0.3152,20260609,1.5,0.5,expanded
1790,895,HVRT,swell_1ph,1.1,very_strong,15.0,9.245,0.044142,349629.4,183339.2,0.8856,0.029519,0.4741,2.0,2.0036,0.0704,20260609,1.5,0.5,expanded
1791,896,HVRT,swell_1ph,1.1,very_strong,15.0,9.245,0.044142,303763.8,169833.3,0.8728,0.022759,0.9878,2.0,2.5106,0.2146,20260609,1.5,1.0,expanded
1792,896,HVRT,swell_1ph,1.1,very_strong,15.0,9.245,0.044142,314739.5,104173.2,0.9494,0.016134,0.9764,2.0,2.4925,0.7563,20260609,1.5,1.0,expanded
1793,897,HVRT,swell_1ph,1.1,very_strong,15.0,5.2705,0.050329,288785.4,139904.1,0.9,0.025379,0.4955,2.0,2.0208,0.1799,20260609,3.0,0.5,expanded
1794,897,HVRT,swell_1ph,1.1,very_strong,15.0,5.2705,0.050329,313272.9,121185.8,0.9326,0.017012,0.5353,2.0,2.0523,0.6655,20260609,3.0,0.5,expanded
1795,898,HVRT,swell_1ph,1.1,very_strong,15.0,5.2705,0.050329,282110.3,101543.5,0.9409,0.013831,0.9784,2.0,2.4922,0.719,20260609,3.0,1.0,expanded
1796,898,HVRT,swell_1ph,1.1,very_strong,15.0,5.2705,0.050329,308204.0,173862.0,0.871,0.012491,0.9945,2.0,2.507,0.3514,20260609,3.0,1.0,expanded
1797,899,HVRT,swell_1ph,1.1,very_strong,15.0,2.74,0.05233,352752.1,151609.5,0.9187,0.017339,0.4851,2.0,2.0025,0.7281,20260609,6.0,0.5,expanded
1798,899,HVRT,swell_1ph,1.1,very_strong,15.0,2.74,0.05233,323488.4,181952.1,0.8716,0.02755,0.526,2.0,2.0535,0.7483,20260609,6.0,0.5,expanded
1799,900,HVRT,swell_1ph,1.1,very_strong,15.0,2.74,0.05233,328922.8,203608.7,0.8503,0.015333,0.9573,2.0,2.4726,0.6012,20260609,6.0,1.0,expanded
1800,900,HVRT,swell_1ph,1.1,very_strong,15.0,2.74,0.05233,335879.9,182935.2,0.8782,0.01737,1.015,2.0,2.5323,0.4163,20260609,6.0,1.0,expanded
1801,901,HVRT,swell_1ph,1.15,very_weak,2.0,69.3375,0.331062,312888.4,189017.4,0.8559,0.026712,0.4634,2.0,1.9901,0.0695,20260609,1.5,0.5,expanded
1802,901,HVRT,swell_1ph,1.15,very_weak,2.0,69.3375,0.331062,287866.6,167819.4,0.8639,0.016022,0.4999,2.0,2.0159,0.0916,20260609,1.5,0.5,expanded
1803,902,HVRT,swell_1ph,1.15,very_weak,2.0,69.3375,0.331062,351963.8,180621.9,0.8897,0.019479,1.0321,2.0,2.5515,0.5553,20260609,1.5,1.0,expanded
1804,902,HVRT,swell_1ph,1.15,very_weak,2.0,69.3375,0.331062,315562.1,181264.1,0.8671,0.026263,0.9841,2.0,2.5104,0.4815,20260609,1.5,1.0,expanded
1805,903,HVRT,swell_1ph,1.15,very_weak,2.0,39.5285,0.377469,299984.7,121165.8,0.9272,0.027749,0.4695,2.0,1.9973,0.6916,20260609,3.0,0.5,expanded
1806,903,HVRT,swell_1ph,1.15,very_weak,2.0,39.5285,0.377469,318514.2,189381.3,0.8595,0.02599,0.5202,2.0,2.0462,0.7931,20260609,3.0,0.5,expanded
1807,904,HVRT,swell_1ph,1.15,very_weak,2.0,39.5285,0.377469,294296.7,102077.8,0.9448,0.016617,1.0488,2.0,2.5654,0.2957,20260609,3.0,1.0,expanded
1808,904,HVRT,swell_1ph,1.15,very_weak,2.0,39.5285,0.377469,344825.1,182178.4,0.8842,0.026131,1.023,2.0,2.5491,0.1729,20260609,3.0,1.0,expanded
1809,905,HVRT,swell_1ph,1.15,very_weak,2.0,20.5499,0.392474,310423.6,167186.5,0.8804,0.019671,0.4626,2.0,1.9823,0.2592,20260609,6.0,0.5,expanded
1810,905,HVRT,swell_1ph,1.15,very_weak,2.0,20.5499,0.392474,298628.9,176307.1,0.8611,0.013317,0.5103,2.0,2.0236,0.4918,20260609,6.0,0.5,expanded
1811,906,HVRT,swell_1ph,1.15,very_weak,2.0,20.5499,0.392474,315508.1,152994.3,0.8998,0.019016,1.0255,2.0,2.5445,0.5617,20260609,6.0,1.0,expanded
1812,906,HVRT,swell_1ph,1.15,very_weak,2.0,20.5499,0.392474,304761.2,135229.2,0.9141,0.016638,1.0418,2.0,2.5585,0.2328,20260609,6.0,1.0,expanded
1813,907,HVRT,swell_1ph,1.15,weak,3.0,46.225,0.220708,338327.1,163538.7,0.9003,0.020032,0.5201,2.0,2.0401,0.3741,20260609,1.5,0.5,expanded
1814,907,HVRT,swell_1ph,1.15,weak,3.0,46.225,0.220708,346223.2,171101.4,0.8965,0.023535,0.4822,2.0,2.0057,0.5645,20260609,1.5,0.5,expanded
1815,908,HVRT,swell_1ph,1.15,weak,3.0,46.225,0.220708,353311.8,147866.4,0.9225,0.024657,0.9684,2.0,2.4931,0.7167,20260609,1.5,1.0,expanded
1816,908,HVRT,swell_1ph,1.15,weak,3.0,46.225,0.220708,319269.9,137019.8,0.9189,0.024336,0.997,2.0,2.5213,0.5707,20260609,1.5,1.0,expanded
1817,909,HVRT,swell_1ph,1.15,weak,3.0,26.3523,0.251646,312607.0,187853.7,0.8571,0.012005,0.495,2.0,2.007,0.0985,20260609,3.0,0.5,expanded
1818,909,HVRT,swell_1ph,1.15,weak,3.0,26.3523,0.251646,325880.1,182366.2,0.8727,0.014158,0.4537,2.0,1.9679,0.5345,20260609,3.0,0.5,expanded
1819,910,HVRT,swell_1ph,1.15,weak,3.0,26.3523,0.251646,321464.6,176699.8,0.8763,0.018477,0.9774,2.0,2.4959,0.2202,20260609,3.0,1.0,expanded
1820,910,HVRT,swell_1ph,1.15,weak,3.0,26.3523,0.251646,321289.7,123086.3,0.9338,0.014469,0.9887,2.0,2.5032,0.1198,20260609,3.0,1.0,expanded
1821,911,HVRT,swell_1ph,1.15,weak,3.0,13.6999,0.261649,301103.9,108251.6,0.941,0.015799,0.5031,2.0,2.0189,0.5102,20260609,6.0,0.5,expanded
1822,911,HVRT,swell_1ph,1.15,weak,3.0,13.6999,0.261649,311595.7,109180.3,0.9437,0.012256,0.5041,2.0,2.0163,0.3389,20260609,6.0,0.5,expanded
1823,912,HVRT,swell_1ph,1.15,weak,3.0,13.6999,0.261649,285961.7,144803.3,0.8921,0.025593,1.0193,2.0,2.5449,0.5001,20260609,6.0,1.0,expanded
1824,912,HVRT,swell_1ph,1.15,weak,3.0,13.6999,0.261649,293915.8,157012.2,0.882,0.022514,0.9912,2.0,2.5137,0.187,20260609,6.0,1.0,expanded
1825,913,HVRT,swell_1ph,1.15,medium,5.0,27.735,0.132425,286861.1,172118.2,0.8575,0.018123,0.4771,2.0,1.9952,0.6335,20260609,1.5,0.5,expanded
1826,913,HVRT,swell_1ph,1.15,medium,5.0,27.735,0.132425,326628.8,153811.4,0.9047,0.029147,0.5085,2.0,2.0377,0.5229,20260609,1.5,0.5,expanded
1827,914,HVRT,swell_1ph,1.15,medium,5.0,27.735,0.132425,282285.9,142077.1,0.8932,0.028022,0.9727,2.0,2.5007,0.0752,20260609,1.5,1.0,expanded
1828,914,HVRT,swell_1ph,1.15,medium,5.0,27.735,0.132425,345659.9,201651.9,0.8638,0.019604,1.0197,2.0,2.5393,0.7967,20260609,1.5,1.0,expanded
1829,915,HVRT,swell_1ph,1.15,medium,5.0,15.8114,0.150988,290647.1,131808.3,0.9107,0.028073,0.4791,2.0,2.0071,0.4944,20260609,3.0,0.5,expanded
1830,915,HVRT,swell_1ph,1.15,medium,5.0,15.8114,0.150988,309789.3,137813.8,0.9137,0.023769,0.5247,2.0,2.0485,0.7724,20260609,3.0,0.5,expanded
1831,916,HVRT,swell_1ph,1.15,medium,5.0,15.8114,0.150988,283192.8,116641.0,0.9246,0.022574,1.0414,2.0,2.564,0.3839,20260609,3.0,1.0,expanded
1832,916,HVRT,swell_1ph,1.15,medium,5.0,15.8114,0.150988,311247.0,164676.8,0.8839,0.026346,0.9733,2.0,2.4997,0.3764,20260609,3.0,1.0,expanded
1833,917,HVRT,swell_1ph,1.15,medium,5.0,8.2199,0.156989,332556.2,154901.7,0.9065,0.020984,0.5348,2.0,2.0558,0.6074,20260609,6.0,0.5,expanded
1834,917,HVRT,swell_1ph,1.15,medium,5.0,8.2199,0.156989,355120.2,117713.8,0.9492,0.029984,0.4635,2.0,1.9935,0.7268,20260609,6.0,0.5,expanded
1835,918,HVRT,swell_1ph,1.15,medium,5.0,8.2199,0.156989,353053.4,145514.3,0.9245,0.023406,1.0216,2.0,2.545,0.2348,20260609,6.0,1.0,expanded
1836,918,HVRT,swell_1ph,1.15,medium,5.0,8.2199,0.156989,316836.4,173144.9,0.8775,0.028115,0.9748,2.0,2.5029,0.7017,20260609,6.0,1.0,expanded
1837,919,HVRT,swell_1ph,1.15,strong,10.0,13.8675,0.066212,298572.6,142140.2,0.9029,0.02054,0.5103,2.0,2.0309,0.7834,20260609,1.5,0.5,expanded
1838,919,HVRT,swell_1ph,1.15,strong,10.0,13.8675,0.066212,344737.9,131469.5,0.9344,0.025266,0.4601,2.0,1.9854,0.3961,20260609,1.5,0.5,expanded
1839,920,HVRT,swell_1ph,1.15,strong,10.0,13.8675,0.066212,325755.1,170825.6,0.8856,0.025526,1.0489,2.0,2.5745,0.2185,20260609,1.5,1.0,expanded
1840,920,HVRT,swell_1ph,1.15,strong,10.0,13.8675,0.066212,345197.7,142318.3,0.9245,0.029055,1.0369,2.0,2.5659,0.4526,20260609,1.5,1.0,expanded
1841,921,HVRT,swell_1ph,1.15,strong,10.0,7.9057,0.075494,334078.3,142066.9,0.9202,0.023562,0.4889,2.0,2.0124,0.3147,20260609,3.0,0.5,expanded
1842,921,HVRT,swell_1ph,1.15,strong,10.0,7.9057,0.075494,335902.4,163323.4,0.8993,0.029201,0.5406,2.0,2.0698,0.7776,20260609,3.0,0.5,expanded
1843,922,HVRT,swell_1ph,1.15,strong,10.0,7.9057,0.075494,295522.9,115055.1,0.9319,0.019947,0.9968,2.0,2.5167,0.3243,20260609,3.0,1.0,expanded
1844,922,HVRT,swell_1ph,1.15,strong,10.0,7.9057,0.075494,308000.2,176238.0,0.868,0.025591,0.9787,2.0,2.5043,0.0748,20260609,3.0,1.0,expanded
1845,923,HVRT,swell_1ph,1.15,strong,10.0,4.11,0.078495,301964.1,121947.0,0.9272,0.02663,0.4686,2.0,1.9952,0.4135,20260609,6.0,0.5,expanded
1846,923,HVRT,swell_1ph,1.15,strong,10.0,4.11,0.078495,312594.6,170696.1,0.8777,0.024894,0.4841,2.0,2.009,0.3889,20260609,6.0,0.5,expanded
1847,924,HVRT,swell_1ph,1.15,strong,10.0,4.11,0.078495,285401.0,136672.1,0.9019,0.028454,0.971,2.0,2.4994,0.6829,20260609,6.0,1.0,expanded
1848,924,HVRT,swell_1ph,1.15,strong,10.0,4.11,0.078495,296230.8,174372.8,0.8618,0.021441,0.9623,2.0,2.4838,0.6896,20260609,6.0,1.0,expanded
1849,925,HVRT,swell_1ph,1.15,very_strong,15.0,9.245,0.044142,329712.2,145104.2,0.9153,0.028585,0.5097,2.0,2.0383,0.0838,20260609,1.5,0.5,expanded
1850,925,HVRT,swell_1ph,1.15,very_strong,15.0,9.245,0.044142,291002.3,172268.4,0.8605,0.016362,0.4905,2.0,2.0069,0.7366,20260609,1.5,0.5,expanded
1851,926,HVRT,swell_1ph,1.15,very_strong,15.0,9.245,0.044142,307845.2,158940.6,0.8886,0.024587,0.9545,2.0,2.4791,0.1577,20260609,1.5,1.0,expanded
1852,926,HVRT,swell_1ph,1.15,very_strong,15.0,9.245,0.044142,298729.6,160980.5,0.8803,0.022068,1.0314,2.0,2.5535,0.5852,20260609,1.5,1.0,expanded
1853,927,HVRT,swell_1ph,1.15,very_strong,15.0,5.2705,0.050329,301666.6,144835.8,0.9015,0.027689,0.5125,2.0,2.0402,0.7874,20260609,3.0,0.5,expanded
1854,927,HVRT,swell_1ph,1.15,very_strong,15.0,5.2705,0.050329,322438.9,186542.7,0.8656,0.017591,0.5458,2.0,2.0634,0.7901,20260609,3.0,0.5,expanded
1855,928,HVRT,swell_1ph,1.15,very_strong,15.0,5.2705,0.050329,286907.6,144189.1,0.8935,0.025367,0.99,2.0,2.5153,0.0523,20260609,3.0,1.0,expanded
1856,928,HVRT,swell_1ph,1.15,very_strong,15.0,5.2705,0.050329,328407.5,151156.2,0.9084,0.014572,1.0456,2.0,2.5602,0.5059,20260609,3.0,1.0,expanded
1857,929,HVRT,swell_1ph,1.15,very_strong,15.0,2.74,0.05233,357395.5,200341.2,0.8723,0.025415,0.5325,2.0,2.0579,0.7433,20260609,6.0,0.5,expanded
1858,929,HVRT,swell_1ph,1.15,very_strong,15.0,2.74,0.05233,302703.2,178799.5,0.861,0.023857,0.5236,2.0,2.0474,0.7173,20260609,6.0,0.5,expanded
1859,930,HVRT,swell_1ph,1.15,very_strong,15.0,2.74,0.05233,313149.7,136459.9,0.9167,0.018404,1.0194,2.0,2.5378,0.1488,20260609,6.0,1.0,expanded
1860,930,HVRT,swell_1ph,1.15,very_strong,15.0,2.74,0.05233,344513.9,190010.3,0.8756,0.025053,0.9759,2.0,2.5009,0.2334,20260609,6.0,1.0,expanded
1861,931,HVRT,swell_1ph,1.2,very_weak,2.0,69.3375,0.331062,349153.2,181855.0,0.8869,0.029171,0.519,2.0,2.0482,0.5259,20260609,1.5,0.5,expanded
1862,931,HVRT,swell_1ph,1.2,very_weak,2.0,69.3375,0.331062,329833.3,110662.0,0.9481,0.018149,0.5294,2.0,2.0475,0.2615,20260609,1.5,0.5,expanded
1863,932,HVRT,swell_1ph,1.2,very_weak,2.0,69.3375,0.331062,332670.4,169689.1,0.8908,0.022464,1.0062,2.0,2.5286,0.3036,20260609,1.5,1.0,expanded
1864,932,HVRT,swell_1ph,1.2,very_weak,2.0,69.3375,0.331062,283499.3,133800.6,0.9043,0.020094,1.0244,2.0,2.5445,0.6248,20260609,1.5,1.0,expanded
1865,933,HVRT,swell_1ph,1.2,very_weak,2.0,39.5285,0.377469,357520.6,219127.4,0.8526,0.017219,0.4899,2.0,2.0071,0.4564,20260609,3.0,0.5,expanded
1866,933,HVRT,swell_1ph,1.2,very_weak,2.0,39.5285,0.377469,343001.0,182685.2,0.8826,0.01648,0.5392,2.0,2.0557,0.427,20260609,3.0,0.5,expanded
1867,934,HVRT,swell_1ph,1.2,very_weak,2.0,39.5285,0.377469,302592.3,112397.9,0.9374,0.015108,1.042,2.0,2.5571,0.4696,20260609,3.0,1.0,expanded
1868,934,HVRT,swell_1ph,1.2,very_weak,2.0,39.5285,0.377469,292985.2,158947.4,0.879,0.019884,0.9975,2.0,2.5174,0.7502,20260609,3.0,1.0,expanded
1869,935,HVRT,swell_1ph,1.2,very_weak,2.0,20.5499,0.392474,301353.1,108200.6,0.9412,0.020618,0.5022,2.0,2.0228,0.3934,20260609,6.0,0.5,expanded
1870,935,HVRT,swell_1ph,1.2,very_weak,2.0,20.5499,0.392474,282660.7,171611.3,0.8548,0.017213,0.5473,2.0,2.0645,0.5683,20260609,6.0,0.5,expanded
1871,936,HVRT,swell_1ph,1.2,very_weak,2.0,20.5499,0.392474,283231.3,109109.1,0.9332,0.017167,0.9554,2.0,2.4726,0.6471,20260609,6.0,1.0,expanded
1872,936,HVRT,swell_1ph,1.2,very_weak,2.0,20.5499,0.392474,320173.4,144317.2,0.9117,0.013882,1.0276,2.0,2.5415,0.2244,20260609,6.0,1.0,expanded
1873,937,HVRT,swell_1ph,1.2,weak,3.0,46.225,0.220708,341957.0,127575.4,0.9369,0.019281,0.4556,2.0,1.9748,0.5015,20260609,1.5,0.5,expanded
1874,937,HVRT,swell_1ph,1.2,weak,3.0,46.225,0.220708,339126.1,168058.9,0.896,0.018615,0.5383,2.0,2.0569,0.4118,20260609,1.5,0.5,expanded
1875,938,HVRT,swell_1ph,1.2,weak,3.0,46.225,0.220708,349219.2,181167.5,0.8877,0.021403,0.9895,2.0,2.5109,0.7219,20260609,1.5,1.0,expanded
1876,938,HVRT,swell_1ph,1.2,weak,3.0,46.225,0.220708,298104.1,134110.6,0.912,0.017482,1.033,2.0,2.5505,0.1402,20260609,1.5,1.0,expanded
1877,939,HVRT,swell_1ph,1.2,weak,3.0,26.3523,0.251646,298708.9,177912.9,0.8592,0.020513,0.5357,2.0,2.0562,0.5474,20260609,3.0,0.5,expanded
1878,939,HVRT,swell_1ph,1.2,weak,3.0,26.3523,0.251646,284051.8,161722.5,0.869,0.024962,0.455,2.0,1.98,0.1232,20260609,3.0,0.5,expanded
1879,940,HVRT,swell_1ph,1.2,weak,3.0,26.3523,0.251646,294420.1,97566.4,0.9492,0.013873,0.9506,2.0,2.4645,0.7845,20260609,3.0,1.0,expanded
1880,940,HVRT,swell_1ph,1.2,weak,3.0,26.3523,0.251646,317438.7,143691.0,0.911,0.02451,1.0282,2.0,2.5527,0.7911,20260609,3.0,1.0,expanded
1881,941,HVRT,swell_1ph,1.2,weak,3.0,13.6999,0.261649,335312.4,205916.1,0.8521,0.027473,0.4623,2.0,1.9898,0.2172,20260609,6.0,0.5,expanded
1882,941,HVRT,swell_1ph,1.2,weak,3.0,13.6999,0.261649,317048.8,139162.3,0.9157,0.015507,0.5014,2.0,2.017,0.7592,20260609,6.0,0.5,expanded
1883,942,HVRT,swell_1ph,1.2,weak,3.0,13.6999,0.261649,311563.2,174842.7,0.8721,0.016323,1.0129,2.0,2.5292,0.7345,20260609,6.0,1.0,expanded
1884,942,HVRT,swell_1ph,1.2,weak,3.0,13.6999,0.261649,341632.7,152647.8,0.913,0.013812,1.0199,2.0,2.5337,0.6782,20260609,6.0,1.0,expanded
1885,943,HVRT,swell_1ph,1.2,medium,5.0,27.735,0.132425,337200.5,148769.8,0.9149,0.019308,0.5231,2.0,2.0424,0.5051,20260609,1.5,0.5,expanded
1886,943,HVRT,swell_1ph,1.2,medium,5.0,27.735,0.132425,348099.4,140967.6,0.9269,0.029642,0.5021,2.0,2.0317,0.3384,20260609,1.5,0.5,expanded
1887,944,HVRT,swell_1ph,1.2,medium,5.0,27.735,0.132425,329436.0,152383.9,0.9076,0.024469,0.9742,2.0,2.4987,0.3653,20260609,1.5,1.0,expanded
1888,944,HVRT,swell_1ph,1.2,medium,5.0,27.735,0.132425,293000.2,137465.1,0.9053,0.023479,1.0051,2.0,2.5286,0.1538,20260609,1.5,1.0,expanded
1889,945,HVRT,swell_1ph,1.2,medium,5.0,15.8114,0.150988,302877.0,132283.0,0.9164,0.024594,0.5364,2.0,2.061,0.079,20260609,3.0,0.5,expanded
1890,945,HVRT,swell_1ph,1.2,medium,5.0,15.8114,0.150988,321211.7,186158.8,0.8652,0.017409,0.4599,2.0,1.9773,0.5115,20260609,3.0,0.5,expanded
1891,946,HVRT,swell_1ph,1.2,medium,5.0,15.8114,0.150988,354428.5,202661.8,0.8681,0.027647,0.9858,2.0,2.5134,0.6781,20260609,3.0,1.0,expanded
1892,946,HVRT,swell_1ph,1.2,medium,5.0,15.8114,0.150988,352746.8,196862.2,0.8732,0.014696,0.9853,2.0,2.5,0.5195,20260609,3.0,1.0,expanded
1893,947,HVRT,swell_1ph,1.2,medium,5.0,8.2199,0.156989,321502.2,175585.5,0.8776,0.021676,0.5202,2.0,2.0419,0.3231,20260609,6.0,0.5,expanded
1894,947,HVRT,swell_1ph,1.2,medium,5.0,8.2199,0.156989,357792.7,121567.3,0.9468,0.026255,0.5003,2.0,2.0266,0.459,20260609,6.0,0.5,expanded
1895,948,HVRT,swell_1ph,1.2,medium,5.0,8.2199,0.156989,314181.0,186786.7,0.8596,0.027041,1.0232,2.0,2.5502,0.7685,20260609,6.0,1.0,expanded
1896,948,HVRT,swell_1ph,1.2,medium,5.0,8.2199,0.156989,348599.5,131938.5,0.9353,0.016203,0.9756,2.0,2.4918,0.5963,20260609,6.0,1.0,expanded
1897,949,HVRT,swell_1ph,1.2,strong,10.0,13.8675,0.066212,333385.3,196488.3,0.8615,0.013629,0.5371,2.0,2.0507,0.6445,20260609,1.5,0.5,expanded
1898,949,HVRT,swell_1ph,1.2,strong,10.0,13.8675,0.066212,284565.7,135417.4,0.903,0.019899,0.465,2.0,1.9849,0.2155,20260609,1.5,0.5,expanded
1899,950,HVRT,swell_1ph,1.2,strong,10.0,13.8675,0.066212,338569.8,179090.4,0.884,0.027205,1.027,2.0,2.5542,0.4161,20260609,1.5,1.0,expanded
1900,950,HVRT,swell_1ph,1.2,strong,10.0,13.8675,0.066212,358934.0,157454.2,0.9158,0.023271,0.9648,2.0,2.488,0.4108,20260609,1.5,1.0,expanded
1901,951,HVRT,swell_1ph,1.2,strong,10.0,7.9057,0.075494,290845.7,121102.9,0.9232,0.012217,0.5354,2.0,2.0477,0.3079,20260609,3.0,0.5,expanded
1902,951,HVRT,swell_1ph,1.2,strong,10.0,7.9057,0.075494,305340.2,173460.6,0.8695,0.019572,0.4995,2.0,2.0191,0.3712,20260609,3.0,0.5,expanded
1903,952,HVRT,swell_1ph,1.2,strong,10.0,7.9057,0.075494,350507.6,204635.8,0.8636,0.013664,1.0495,2.0,2.5631,0.0657,20260609,3.0,1.0,expanded
1904,952,HVRT,swell_1ph,1.2,strong,10.0,7.9057,0.075494,288197.0,102664.8,0.942,0.019335,0.9847,2.0,2.504,0.062,20260609,3.0,1.0,expanded
1905,953,HVRT,swell_1ph,1.2,strong,10.0,4.11,0.078495,343502.1,162664.4,0.9038,0.018386,0.463,2.0,1.9814,0.2819,20260609,6.0,0.5,expanded
1906,953,HVRT,swell_1ph,1.2,strong,10.0,4.11,0.078495,353093.2,187470.0,0.8832,0.013145,0.4782,2.0,1.9913,0.0911,20260609,6.0,0.5,expanded
1907,954,HVRT,swell_1ph,1.2,strong,10.0,4.11,0.078495,311357.4,132661.4,0.92,0.014827,1.0004,2.0,2.5152,0.055,20260609,6.0,1.0,expanded
1908,954,HVRT,swell_1ph,1.2,strong,10.0,4.11,0.078495,332207.1,200500.1,0.8562,0.014237,1.0111,2.0,2.5253,0.2906,20260609,6.0,1.0,expanded
1909,955,HVRT,swell_1ph,1.2,very_strong,15.0,9.245,0.044142,290999.7,149686.4,0.8893,0.014579,0.4843,2.0,1.9989,0.451,20260609,1.5,0.5,expanded
1910,955,HVRT,swell_1ph,1.2,very_strong,15.0,9.245,0.044142,307579.8,150465.1,0.8983,0.015531,0.4762,2.0,1.9917,0.1851,20260609,1.5,0.5,expanded
1911,956,HVRT,swell_1ph,1.2,very_strong,15.0,9.245,0.044142,286071.6,111196.1,0.9321,0.017358,0.9791,2.0,2.4965,0.649,20260609,1.5,1.0,expanded
1912,956,HVRT,swell_1ph,1.2,very_strong,15.0,9.245,0.044142,344338.9,187303.0,0.8785,0.012052,0.9733,2.0,2.4853,0.6568,20260609,1.5,1.0,expanded
1913,957,HVRT,swell_1ph,1.2,very_strong,15.0,5.2705,0.050329,348230.6,143939.7,0.9242,0.016872,0.5219,2.0,2.0388,0.6355,20260609,3.0,0.5,expanded
1914,957,HVRT,swell_1ph,1.2,very_strong,15.0,5.2705,0.050329,316680.9,192969.2,0.854,0.028112,0.5088,2.0,2.0369,0.2319,20260609,3.0,0.5,expanded
1915,958,HVRT,swell_1ph,1.2,very_strong,15.0,5.2705,0.050329,319287.4,188762.8,0.8608,0.025006,1.0319,2.0,2.5569,0.2977,20260609,3.0,1.0,expanded
1916,958,HVRT,swell_1ph,1.2,very_strong,15.0,5.2705,0.050329,324895.6,179248.3,0.8756,0.022757,0.9985,2.0,2.5213,0.522,20260609,3.0,1.0,expanded
1917,959,HVRT,swell_1ph,1.2,very_strong,15.0,2.74,0.05233,292864.5,174256.6,0.8594,0.029169,0.5091,2.0,2.0383,0.297,20260609,6.0,0.5,expanded
1918,959,HVRT,swell_1ph,1.2,very_strong,15.0,2.74,0.05233,297850.6,172195.6,0.8657,0.027373,0.5078,2.0,2.0351,0.4071,20260609,6.0,0.5,expanded
1919,960,HVRT,swell_1ph,1.2,very_strong,15.0,2.74,0.05233,342041.9,150463.4,0.9153,0.025611,0.9909,2.0,2.5165,0.2151,20260609,6.0,1.0,expanded
1920,960,HVRT,swell_1ph,1.2,very_strong,15.0,2.74,0.05233,282317.8,135559.9,0.9015,0.028942,1.0006,2.0,2.5295,0.2891,20260609,6.0,1.0,expanded
1921,961,HVRT,swell_1ph,1.25,very_weak,2.0,69.3375,0.331062,330149.6,111294.7,0.9476,0.012866,0.536,2.0,2.0489,0.1711,20260609,1.5,0.5,expanded
1922,961,HVRT,swell_1ph,1.25,very_weak,2.0,69.3375,0.331062,339519.5,204283.6,0.8569,0.01876,0.4978,2.0,2.0166,0.629,20260609,1.5,0.5,expanded
1923,962,HVRT,swell_1ph,1.25,very_weak,2.0,69.3375,0.331062,351308.9,131329.7,0.9367,0.015152,1.0328,2.0,2.5479,0.7485,20260609,1.5,1.0,expanded
1924,962,HVRT,swell_1ph,1.25,very_weak,2.0,69.3375,0.331062,312132.0,121881.6,0.9315,0.020408,1.0037,2.0,2.5241,0.0823,20260609,1.5,1.0,expanded
1925,963,HVRT,swell_1ph,1.25,very_weak,2.0,39.5285,0.377469,285687.6,142271.4,0.8951,0.016236,0.4856,2.0,2.0019,0.5994,20260609,3.0,0.5,expanded
1926,963,HVRT,swell_1ph,1.25,very_weak,2.0,39.5285,0.377469,296050.2,117414.3,0.9296,0.013577,0.4725,2.0,1.986,0.2782,20260609,3.0,0.5,expanded
1927,964,HVRT,swell_1ph,1.25,very_weak,2.0,39.5285,0.377469,285695.5,141864.3,0.8957,0.014199,0.9523,2.0,2.4665,0.622,20260609,3.0,1.0,expanded
1928,964,HVRT,swell_1ph,1.25,very_weak,2.0,39.5285,0.377469,311218.4,140723.9,0.9112,0.013488,0.9611,2.0,2.4746,0.7947,20260609,3.0,1.0,expanded
1929,965,HVRT,swell_1ph,1.25,very_weak,2.0,20.5499,0.392474,316678.8,126610.3,0.9285,0.013738,0.5235,2.0,2.0373,0.497,20260609,6.0,0.5,expanded
1930,965,HVRT,swell_1ph,1.25,very_weak,2.0,20.5499,0.392474,346813.5,178206.8,0.8894,0.021045,0.4891,2.0,2.0102,0.4185,20260609,6.0,0.5,expanded
1931,966,HVRT,swell_1ph,1.25,very_weak,2.0,20.5499,0.392474,303912.8,134812.9,0.9141,0.024994,1.0265,2.0,2.5515,0.1069,20260609,6.0,1.0,expanded
1932,966,HVRT,swell_1ph,1.25,very_weak,2.0,20.5499,0.392474,290110.8,118120.8,0.9262,0.026183,1.0104,2.0,2.5366,0.1778,20260609,6.0,1.0,expanded
1933,967,HVRT,swell_1ph,1.25,weak,3.0,46.225,0.220708,310518.8,168621.2,0.8788,0.023508,0.4802,2.0,2.0037,0.6472,20260609,1.5,0.5,expanded
1934,967,HVRT,swell_1ph,1.25,weak,3.0,46.225,0.220708,296870.1,142672.4,0.9013,0.029528,0.5221,2.0,2.0517,0.0943,20260609,1.5,0.5,expanded
1935,968,HVRT,swell_1ph,1.25,weak,3.0,46.225,0.220708,294025.2,162684.0,0.875,0.023531,1.0354,2.0,2.559,0.7391,20260609,1.5,1.0,expanded
1936,968,HVRT,swell_1ph,1.25,weak,3.0,46.225,0.220708,317066.6,106486.8,0.948,0.023946,1.0101,2.0,2.5341,0.4055,20260609,1.5,1.0,expanded
1937,969,HVRT,swell_1ph,1.25,weak,3.0,26.3523,0.251646,359893.5,218496.4,0.8548,0.015693,0.4852,2.0,2.0009,0.5899,20260609,3.0,0.5,expanded
1938,969,HVRT,swell_1ph,1.25,weak,3.0,26.3523,0.251646,337032.8,170327.7,0.8925,0.014508,0.5078,2.0,2.0223,0.5901,20260609,3.0,0.5,expanded
1939,970,HVRT,swell_1ph,1.25,weak,3.0,26.3523,0.251646,347240.9,148796.2,0.9192,0.01604,1.005,2.0,2.521,0.7879,20260609,3.0,1.0,expanded
1940,970,HVRT,swell_1ph,1.25,weak,3.0,26.3523,0.251646,344382.9,208329.3,0.8556,0.022431,0.9924,2.0,2.5148,0.3212,20260609,3.0,1.0,expanded
1941,971,HVRT,swell_1ph,1.25,weak,3.0,13.6999,0.261649,329983.9,179025.1,0.879,0.015133,0.4513,2.0,1.9664,0.4701,20260609,6.0,0.5,expanded
1942,971,HVRT,swell_1ph,1.25,weak,3.0,13.6999,0.261649,310389.7,115276.2,0.9374,0.013561,0.4713,2.0,1.9849,0.7982,20260609,6.0,0.5,expanded
1943,972,HVRT,swell_1ph,1.25,weak,3.0,13.6999,0.261649,336578.9,134482.9,0.9286,0.019846,0.9797,2.0,2.4995,0.4483,20260609,6.0,1.0,expanded
1944,972,HVRT,swell_1ph,1.25,weak,3.0,13.6999,0.261649,319342.2,160906.9,0.893,0.018988,1.0411,2.0,2.5601,0.3718,20260609,6.0,1.0,expanded
1945,973,HVRT,swell_1ph,1.25,medium,5.0,27.735,0.132425,323182.2,117868.3,0.9395,0.025472,0.4823,2.0,2.0078,0.3578,20260609,1.5,0.5,expanded
1946,973,HVRT,swell_1ph,1.25,medium,5.0,27.735,0.132425,283646.4,141945.6,0.8943,0.017566,0.5423,2.0,2.0599,0.1222,20260609,1.5,0.5,expanded
1947,974,HVRT,swell_1ph,1.25,medium,5.0,27.735,0.132425,306450.6,127269.0,0.9235,0.013421,0.9896,2.0,2.503,0.5524,20260609,1.5,1.0,expanded
1948,974,HVRT,swell_1ph,1.25,medium,5.0,27.735,0.132425,356077.6,158637.8,0.9134,0.019982,1.0422,2.0,2.5622,0.7162,20260609,1.5,1.0,expanded
1949,975,HVRT,swell_1ph,1.25,medium,5.0,15.8114,0.150988,328054.4,202072.3,0.8514,0.025991,0.4613,2.0,1.9873,0.5585,20260609,3.0,0.5,expanded
1950,975,HVRT,swell_1ph,1.25,medium,5.0,15.8114,0.150988,303880.8,186926.7,0.8518,0.029487,0.4862,2.0,2.0157,0.7657,20260609,3.0,0.5,expanded
1951,976,HVRT,swell_1ph,1.25,medium,5.0,15.8114,0.150988,357222.0,206209.3,0.8661,0.027674,0.9722,2.0,2.4999,0.1745,20260609,3.0,1.0,expanded
1952,976,HVRT,swell_1ph,1.25,medium,5.0,15.8114,0.150988,314935.5,181426.4,0.8665,0.021954,1.0004,2.0,2.5223,0.0988,20260609,3.0,1.0,expanded
1953,977,HVRT,swell_1ph,1.25,medium,5.0,8.2199,0.156989,299619.3,136522.2,0.91,0.027475,0.4967,2.0,2.0242,0.3907,20260609,6.0,0.5,expanded
1954,977,HVRT,swell_1ph,1.25,medium,5.0,8.2199,0.156989,316744.4,130900.2,0.9242,0.027015,0.4724,2.0,1.9994,0.5306,20260609,6.0,0.5,expanded
1955,978,HVRT,swell_1ph,1.25,medium,5.0,8.2199,0.156989,300610.0,169206.6,0.8714,0.02769,1.0202,2.0,2.5479,0.6601,20260609,6.0,1.0,expanded
1956,978,HVRT,swell_1ph,1.25,medium,5.0,8.2199,0.156989,295492.6,177290.2,0.8575,0.021931,1.032,2.0,2.5539,0.184,20260609,6.0,1.0,expanded
1957,979,HVRT,swell_1ph,1.25,strong,10.0,13.8675,0.066212,298070.3,123726.9,0.9236,0.012608,0.495,2.0,2.0076,0.6666,20260609,1.5,0.5,expanded
1958,979,HVRT,swell_1ph,1.25,strong,10.0,13.8675,0.066212,325676.2,140745.5,0.9179,0.019762,0.5333,2.0,2.0531,0.1306,20260609,1.5,0.5,expanded
1959,980,HVRT,swell_1ph,1.25,strong,10.0,13.8675,0.066212,304435.3,177083.9,0.8644,0.016144,1.0099,2.0,2.526,0.3257,20260609,1.5,1.0,expanded
1960,980,HVRT,swell_1ph,1.25,strong,10.0,13.8675,0.066212,321176.7,163330.1,0.8914,0.014406,1.0227,2.0,2.5371,0.5408,20260609,1.5,1.0,expanded
1961,981,HVRT,swell_1ph,1.25,strong,10.0,7.9057,0.075494,287669.3,145968.3,0.8918,0.026323,0.4697,2.0,1.996,0.4719,20260609,3.0,0.5,expanded
1962,981,HVRT,swell_1ph,1.25,strong,10.0,7.9057,0.075494,322925.9,117332.5,0.9399,0.018777,0.5476,2.0,2.0664,0.0613,20260609,3.0,0.5,expanded
1963,982,HVRT,swell_1ph,1.25,strong,10.0,7.9057,0.075494,280114.8,107753.2,0.9333,0.020037,0.9718,2.0,2.4918,0.5585,20260609,3.0,1.0,expanded
1964,982,HVRT,swell_1ph,1.25,strong,10.0,7.9057,0.075494,319714.4,166526.1,0.8869,0.024956,0.9719,2.0,2.4969,0.4657,20260609,3.0,1.0,expanded
1965,983,HVRT,swell_1ph,1.25,strong,10.0,4.11,0.078495,325483.0,198501.9,0.8538,0.025568,0.4598,2.0,1.9854,0.6805,20260609,6.0,0.5,expanded
1966,983,HVRT,swell_1ph,1.25,strong,10.0,4.11,0.078495,321810.3,147154.6,0.9094,0.012744,0.5122,2.0,2.0249,0.334,20260609,6.0,0.5,expanded
1967,984,HVRT,swell_1ph,1.25,strong,10.0,4.11,0.078495,336660.9,184746.9,0.8767,0.017755,1.0048,2.0,2.5226,0.4652,20260609,6.0,1.0,expanded
1968,984,HVRT,swell_1ph,1.25,strong,10.0,4.11,0.078495,309953.5,103149.3,0.9488,0.020846,0.9621,2.0,2.4829,0.1572,20260609,6.0,1.0,expanded
1969,985,HVRT,swell_1ph,1.25,very_strong,15.0,9.245,0.044142,352635.3,151219.3,0.9191,0.026956,0.4932,2.0,2.0202,0.6882,20260609,1.5,0.5,expanded
1970,985,HVRT,swell_1ph,1.25,very_strong,15.0,9.245,0.044142,340878.0,115166.0,0.9474,0.024794,0.4583,2.0,1.9831,0.2952,20260609,1.5,0.5,expanded
1971,986,HVRT,swell_1ph,1.25,very_strong,15.0,9.245,0.044142,355956.0,191058.2,0.8811,0.025438,1.0222,2.0,2.5476,0.1945,20260609,1.5,1.0,expanded
1972,986,HVRT,swell_1ph,1.25,very_strong,15.0,9.245,0.044142,335142.6,114319.1,0.9465,0.015731,1.0332,2.0,2.5489,0.4994,20260609,1.5,1.0,expanded
1973,987,HVRT,swell_1ph,1.25,very_strong,15.0,5.2705,0.050329,346250.4,151614.5,0.916,0.019818,0.4738,2.0,1.9936,0.546,20260609,3.0,0.5,expanded
1974,987,HVRT,swell_1ph,1.25,very_strong,15.0,5.2705,0.050329,358744.3,207134.4,0.866,0.020442,0.5048,2.0,2.0252,0.4959,20260609,3.0,0.5,expanded
1975,988,HVRT,swell_1ph,1.25,very_strong,15.0,5.2705,0.050329,319788.2,189797.1,0.8599,0.022952,0.9892,2.0,2.5121,0.0898,20260609,3.0,1.0,expanded
1976,988,HVRT,swell_1ph,1.25,very_strong,15.0,5.2705,0.050329,280249.2,161197.9,0.8668,0.019246,1.0117,2.0,2.531,0.3906,20260609,3.0,1.0,expanded
1977,989,HVRT,swell_1ph,1.25,very_strong,15.0,2.74,0.05233,285827.5,136406.3,0.9025,0.019576,0.5175,2.0,2.0371,0.633,20260609,6.0,0.5,expanded
1978,989,HVRT,swell_1ph,1.25,very_strong,15.0,2.74,0.05233,299970.1,155158.1,0.8882,0.028473,0.4966,2.0,2.0251,0.7008,20260609,6.0,0.5,expanded
1979,990,HVRT,swell_1ph,1.25,very_strong,15.0,2.74,0.05233,285880.0,102704.1,0.9411,0.017764,0.9509,2.0,2.4687,0.4722,20260609,6.0,1.0,expanded
1980,990,HVRT,swell_1ph,1.25,very_strong,15.0,2.74,0.05233,345871.3,211252.2,0.8534,0.016486,1.0107,2.0,2.5272,0.2957,20260609,6.0,1.0,expanded
1981,991,HVRT,swell_1ph,1.3,very_weak,2.0,69.3375,0.331062,293797.0,138693.1,0.9043,0.017143,0.5108,2.0,2.0279,0.7985,20260609,1.5,0.5,expanded
1982,991,HVRT,swell_1ph,1.3,very_weak,2.0,69.3375,0.331062,358564.7,175141.6,0.8985,0.022021,0.527,2.0,2.0491,0.5394,20260609,1.5,0.5,expanded
1983,992,HVRT,swell_1ph,1.3,very_weak,2.0,69.3375,0.331062,348134.1,124518.6,0.9416,0.018325,0.9849,2.0,2.5032,0.387,20260609,1.5,1.0,expanded
1984,992,HVRT,swell_1ph,1.3,very_weak,2.0,69.3375,0.331062,347637.8,126276.5,0.9399,0.013811,0.9958,2.0,2.5096,0.7232,20260609,1.5,1.0,expanded
1985,993,HVRT,swell_1ph,1.3,very_weak,2.0,39.5285,0.377469,343140.7,155620.6,0.9107,0.012665,0.4588,2.0,1.9715,0.3562,20260609,3.0,0.5,expanded
1986,993,HVRT,swell_1ph,1.3,very_weak,2.0,39.5285,0.377469,321088.1,171470.3,0.8821,0.025203,0.5453,2.0,2.0705,0.2321,20260609,3.0,0.5,expanded
1987,994,HVRT,swell_1ph,1.3,very_weak,2.0,39.5285,0.377469,329851.7,200203.4,0.8549,0.020772,0.9722,2.0,2.4929,0.786,20260609,3.0,1.0,expanded
1988,994,HVRT,swell_1ph,1.3,very_weak,2.0,39.5285,0.377469,280646.5,166142.7,0.8605,0.028825,0.9631,2.0,2.4919,0.0873,20260609,3.0,1.0,expanded
1989,995,HVRT,swell_1ph,1.3,very_weak,2.0,20.5499,0.392474,318689.6,107402.1,0.9476,0.01993,0.4618,2.0,1.9818,0.0697,20260609,6.0,0.5,expanded
1990,995,HVRT,swell_1ph,1.3,very_weak,2.0,20.5499,0.392474,282899.7,153552.4,0.8789,0.026008,0.4584,2.0,1.9844,0.7153,20260609,6.0,0.5,expanded
1991,996,HVRT,swell_1ph,1.3,very_weak,2.0,20.5499,0.392474,283846.3,122770.0,0.9178,0.018818,0.9559,2.0,2.4748,0.4947,20260609,6.0,1.0,expanded
1992,996,HVRT,swell_1ph,1.3,very_weak,2.0,20.5499,0.392474,341162.0,189196.2,0.8745,0.020013,1.0418,2.0,2.5618,0.3405,20260609,6.0,1.0,expanded
1993,997,HVRT,swell_1ph,1.3,weak,3.0,46.225,0.220708,284106.5,151527.1,0.8823,0.024331,0.5018,2.0,2.0261,0.5931,20260609,1.5,0.5,expanded
1994,997,HVRT,swell_1ph,1.3,weak,3.0,46.225,0.220708,282059.0,136305.2,0.9004,0.016376,0.5343,2.0,2.0507,0.6633,20260609,1.5,0.5,expanded
1995,998,HVRT,swell_1ph,1.3,weak,3.0,46.225,0.220708,296385.7,177906.4,0.8574,0.015578,0.9942,2.0,2.5098,0.1266,20260609,1.5,1.0,expanded
1996,998,HVRT,swell_1ph,1.3,weak,3.0,46.225,0.220708,304325.7,163741.5,0.8806,0.023898,0.9738,2.0,2.4977,0.5051,20260609,1.5,1.0,expanded
1997,999,HVRT,swell_1ph,1.3,weak,3.0,26.3523,0.251646,328293.3,170959.5,0.8869,0.01827,0.5347,2.0,2.053,0.7307,20260609,3.0,0.5,expanded
1998,999,HVRT,swell_1ph,1.3,weak,3.0,26.3523,0.251646,322178.6,179860.1,0.8732,0.026588,0.4528,2.0,1.9794,0.2937,20260609,3.0,0.5,expanded
1999,1000,HVRT,swell_1ph,1.3,weak,3.0,26.3523,0.251646,336911.1,128282.1,0.9345,0.015057,0.9771,2.0,2.4922,0.6182,20260609,3.0,1.0,expanded
2000,1000,HVRT,swell_1ph,1.3,weak,3.0,26.3523,0.251646,320165.3,122349.1,0.9341,0.022937,1.0367,2.0,2.5596,0.6663,20260609,3.0,1.0,expanded
2001,1001,HVRT,swell_1ph,1.3,weak,3.0,13.6999,0.261649,309247.9,145797.8,0.9045,0.018398,0.5141,2.0,2.0325,0.2466,20260609,6.0,0.5,expanded
2002,1001,HVRT,swell_1ph,1.3,weak,3.0,13.6999,0.261649,333314.3,124481.4,0.9368,0.016877,0.5293,2.0,2.0462,0.0619,20260609,6.0,0.5,expanded
2003,1002,HVRT,swell_1ph,1.3,weak,3.0,13.6999,0.261649,316614.0,168855.9,0.8824,0.019619,1.0194,2.0,2.539,0.4074,20260609,6.0,1.0,expanded
2004,1002,HVRT,swell_1ph,1.3,weak,3.0,13.6999,0.261649,311979.0,179690.4,0.8665,0.025184,1.0358,2.0,2.561,0.7445,20260609,6.0,1.0,expanded
2005,1003,HVRT,swell_1ph,1.3,medium,5.0,27.735,0.132425,320025.8,194339.4,0.8547,0.022982,0.456,2.0,1.979,0.1561,20260609,1.5,0.5,expanded
2006,1003,HVRT,swell_1ph,1.3,medium,5.0,27.735,0.132425,287731.0,101794.9,0.9427,0.012992,0.5056,2.0,2.0186,0.415,20260609,1.5,0.5,expanded
2007,1004,HVRT,swell_1ph,1.3,medium,5.0,27.735,0.132425,285355.8,160805.8,0.8712,0.018094,1.0029,2.0,2.521,0.4693,20260609,1.5,1.0,expanded
2008,1004,HVRT,swell_1ph,1.3,medium,5.0,27.735,0.132425,324328.3,178482.3,0.8761,0.026972,1.022,2.0,2.5489,0.5175,20260609,1.5,1.0,expanded
2009,1005,HVRT,swell_1ph,1.3,medium,5.0,15.8114,0.150988,294277.9,156886.9,0.8824,0.018748,0.5192,2.0,2.038,0.3331,20260609,3.0,0.5,expanded
2010,1005,HVRT,swell_1ph,1.3,medium,5.0,15.8114,0.150988,333704.7,121637.4,0.9395,0.017825,0.4975,2.0,2.0153,0.4679,20260609,3.0,0.5,expanded
2011,1006,HVRT,swell_1ph,1.3,medium,5.0,15.8114,0.150988,297626.1,114843.1,0.933,0.017616,1.0415,2.0,2.5591,0.4943,20260609,3.0,1.0,expanded
2012,1006,HVRT,swell_1ph,1.3,medium,5.0,15.8114,0.150988,308085.1,182754.7,0.8601,0.028313,0.9554,2.0,2.4837,0.6583,20260609,3.0,1.0,expanded
2013,1007,HVRT,swell_1ph,1.3,medium,5.0,8.2199,0.156989,327653.2,152137.7,0.907,0.022514,0.5341,2.0,2.0566,0.5353,20260609,6.0,0.5,expanded
2014,1007,HVRT,swell_1ph,1.3,medium,5.0,8.2199,0.156989,315369.1,114157.3,0.9403,0.020501,0.4797,2.0,2.0002,0.3183,20260609,6.0,0.5,expanded
2015,1008,HVRT,swell_1ph,1.3,medium,5.0,8.2199,0.156989,326051.3,169591.4,0.8872,0.021486,0.9531,2.0,2.4746,0.0665,20260609,6.0,1.0,expanded
2016,1008,HVRT,swell_1ph,1.3,medium,5.0,8.2199,0.156989,326613.9,143470.5,0.9156,0.024922,1.0188,2.0,2.5438,0.1578,20260609,6.0,1.0,expanded
2017,1009,HVRT,swell_1ph,1.3,strong,10.0,13.8675,0.066212,335792.0,203820.1,0.8548,0.018988,0.4545,2.0,1.9735,0.5006,20260609,1.5,0.5,expanded
2018,1009,HVRT,swell_1ph,1.3,strong,10.0,13.8675,0.066212,280536.1,110419.2,0.9305,0.028918,0.4908,2.0,2.0197,0.369,20260609,1.5,0.5,expanded
2019,1010,HVRT,swell_1ph,1.3,strong,10.0,13.8675,0.066212,297670.9,154007.1,0.8882,0.023737,0.9633,2.0,2.4871,0.6959,20260609,1.5,1.0,expanded
2020,1010,HVRT,swell_1ph,1.3,strong,10.0,13.8675,0.066212,356644.3,203473.4,0.8686,0.028573,1.0325,2.0,2.5611,0.7116,20260609,1.5,1.0,expanded
2021,1011,HVRT,swell_1ph,1.3,strong,10.0,7.9057,0.075494,316114.7,105759.2,0.9483,0.024212,0.5367,2.0,2.0609,0.3663,20260609,3.0,0.5,expanded
2022,1011,HVRT,swell_1ph,1.3,strong,10.0,7.9057,0.075494,325298.9,143640.2,0.9148,0.027664,0.4561,2.0,1.9838,0.2293,20260609,3.0,0.5,expanded
2023,1012,HVRT,swell_1ph,1.3,strong,10.0,7.9057,0.075494,291211.1,159314.6,0.8773,0.023749,1.0302,2.0,2.5539,0.6891,20260609,3.0,1.0,expanded
2024,1012,HVRT,swell_1ph,1.3,strong,10.0,7.9057,0.075494,320628.2,191720.5,0.8583,0.017614,0.9743,2.0,2.4919,0.1907,20260609,3.0,1.0,expanded
2025,1013,HVRT,swell_1ph,1.3,strong,10.0,4.11,0.078495,353996.8,175828.1,0.8956,0.014368,0.5342,2.0,2.0486,0.3368,20260609,6.0,0.5,expanded
2026,1013,HVRT,swell_1ph,1.3,strong,10.0,4.11,0.078495,339935.7,161766.7,0.903,0.029749,0.5326,2.0,2.0624,0.243,20260609,6.0,0.5,expanded
2027,1014,HVRT,swell_1ph,1.3,strong,10.0,4.11,0.078495,310772.1,157791.0,0.8917,0.021793,0.9595,2.0,2.4813,0.733,20260609,6.0,1.0,expanded
2028,1014,HVRT,swell_1ph,1.3,strong,10.0,4.11,0.078495,296130.9,171975.0,0.8648,0.022843,1.0118,2.0,2.5347,0.1721,20260609,6.0,1.0,expanded
2029,1015,HVRT,swell_1ph,1.3,very_strong,15.0,9.245,0.044142,300793.0,177654.7,0.861,0.025655,0.5216,2.0,2.0473,0.7036,20260609,1.5,0.5,expanded
2030,1015,HVRT,swell_1ph,1.3,very_strong,15.0,9.245,0.044142,301945.2,146700.5,0.8995,0.022318,0.4842,2.0,2.0065,0.4776,20260609,1.5,0.5,expanded
2031,1016,HVRT,swell_1ph,1.3,very_strong,15.0,9.245,0.044142,283075.9,105748.6,0.9368,0.018345,0.9684,2.0,2.4868,0.2861,20260609,1.5,1.0,expanded
2032,1016,HVRT,swell_1ph,1.3,very_strong,15.0,9.245,0.044142,331532.9,129646.2,0.9313,0.029828,0.9538,2.0,2.4836,0.4715,20260609,1.5,1.0,expanded
2033,1017,HVRT,swell_1ph,1.3,very_strong,15.0,5.2705,0.050329,354046.0,217894.3,0.8516,0.029628,0.5086,2.0,2.0382,0.3744,20260609,3.0,0.5,expanded
2034,1017,HVRT,swell_1ph,1.3,very_strong,15.0,5.2705,0.050329,326951.4,163732.2,0.8941,0.013564,0.5256,2.0,2.0391,0.1785,20260609,3.0,0.5,expanded
2035,1018,HVRT,swell_1ph,1.3,very_strong,15.0,5.2705,0.050329,355195.1,122181.0,0.9456,0.024244,0.9915,2.0,2.5157,0.7502,20260609,3.0,1.0,expanded
2036,1018,HVRT,swell_1ph,1.3,very_strong,15.0,5.2705,0.050329,284982.2,170239.3,0.8585,0.025687,1.0235,2.0,2.5491,0.3803,20260609,3.0,1.0,expanded
2037,1019,HVRT,swell_1ph,1.3,very_strong,15.0,2.74,0.05233,320108.9,164427.3,0.8895,0.029784,0.5071,2.0,2.0369,0.7221,20260609,6.0,0.5,expanded
2038,1019,HVRT,swell_1ph,1.3,very_strong,15.0,2.74,0.05233,310773.1,124653.3,0.9281,0.017471,0.5311,2.0,2.0485,0.2812,20260609,6.0,0.5,expanded
2039,1020,HVRT,swell_1ph,1.3,very_strong,15.0,2.74,0.05233,280026.3,155597.9,0.8741,0.025164,0.9664,2.0,2.4916,0.4102,20260609,6.0,1.0,expanded
2040,1020,HVRT,swell_1ph,1.3,very_strong,15.0,2.74,0.05233,354264.2,148486.4,0.9223,0.022178,1.0467,2.0,2.5689,0.7983,20260609,6.0,1.0,expanded
