model,topology,scenario_type,case_name,mode,guard_enable,grid_V,fault_pu,fault_a_pu,fault_b_pu,fault_c_pu,fault_start_s,fault_clear_s,fault_duration_s,fault_settle_s,lv_metric_source,stop_time_s,lv_mean,lv_a,lv_b,lv_c,lv_unbalance,lv_recovery_mean,lv_peak,lv_min,fault_lv_min,fault_lv_max,fault_lv_band_violation_max_pu,fault_lv_band_violation_mean_pu,fault_lv_band_violation_duration_s,fault_lv_band_pass,recovery_lv_min,recovery_lv_max,vdc_mean,vdc_min,vdc_max,action_max_abs,cmd_action_max_abs,bridge_modulation_abs_max,cmd_m_reg_d_mean,cmd_m_reg_q_mean,cmd_m_energy_d_mean,cmd_m_energy_q_mean,hpt_sac_enable_cmd,hpt_sac_energy_enable_cmd,hpt_sac_policy_mode_cmd,hpt_sac_actor_select_mode_cmd,cmd_m_reg_d_fault_mean,cmd_m_reg_q_fault_mean,cmd_m_energy_d_fault_mean,cmd_m_energy_q_fault_mean,cmd_m_reg_d_recovery_mean,cmd_m_reg_q_recovery_mean,cmd_m_energy_d_recovery_mean,cmd_m_energy_q_recovery_mean,action_fault_sample_count,action_fault_cmd_cols,action_recovery_sample_count,action_recovery_cmd_cols,meas_reg_d_mean,meas_reg_q_mean,meas_energy_d_mean,meas_energy_q_mean,meas_reg_d_fault_mean,meas_reg_q_fault_mean,meas_energy_d_fault_mean,meas_energy_q_fault_mean,meas_reg_d_recovery_mean,meas_reg_q_recovery_mean,meas_energy_d_recovery_mean,meas_energy_q_recovery_mean,reg_d_mean,reg_q_mean,energy_d_mean,energy_q_mean,obs_vpu_mean,obs_vpos_mean,obs_vdcpu_mean,obs_verr_mean,obs_fault_flag_mean,obs_recovery_flag_mean,obs_vpu_pre_mean,obs_vpos_pre_mean,obs_vneg_pre_mean,obs_vdcpu_pre_mean,obs_fault_flag_pre_mean,obs_recovery_flag_pre_mean,obs_vpu_fault_mean,obs_vpos_fault_mean,obs_vneg_fault_mean,obs_vdcpu_fault_mean,obs_fault_flag_fault_mean,obs_recovery_flag_fault_mean,obs_vpu_recovery_mean,obs_vpos_recovery_mean,obs_vneg_recovery_mean,obs_vdcpu_recovery_mean,obs_fault_flag_recovery_mean,obs_recovery_flag_recovery_mean,gbt_category,gbt_voltage_margin_min,gbt_voltage_envelope_pass,envelope_violation_max_pu,envelope_violation_mean_pu,envelope_violation_duration_s,envelope_margin_min_pu,envelope_pass,recovery_violation_max_pu,recovery_violation_mean_pu,recovery_violation_duration_s,recovery_envelope_pass,timestep_envelope_pass,gbt_recover_cover_s,gbt_recover_evaluated,gbt_recover_final_dev,gbt_recover_pass,gbt_vdc_pu_min,gbt_vdc_pu_max,gbt_vdc_survive_pass,gbt_action_limit_pass,grid_vpos_pu_min,grid_vpos_pu_mean,source_vpos_seq_pre_pu,source_vneg_seq_pre_pu,source_va_pre_pu,source_vb_pre_pu,source_vc_pre_pu,source_vabc_unbalance_pre_pu,source_vpos_seq_fault_pu,source_vneg_seq_fault_pu,source_va_fault_pu,source_vb_fault_pu,source_vc_fault_pu,source_vabc_unbalance_fault_pu,source_vpos_seq_recovery_pu,source_vneg_seq_recovery_pu,source_va_recovery_pu,source_vb_recovery_pu,source_vc_recovery_pu,source_vabc_unbalance_recovery_pu,grid_vpos_seq_pre_pu,grid_vneg_seq_pre_pu,grid_va_pre_pu,grid_vb_pre_pu,grid_vc_pre_pu,grid_vabc_unbalance_pre_pu,grid_vpos_seq_fault_pu,grid_vneg_seq_fault_pu,grid_va_fault_pu,grid_vb_fault_pu,grid_vc_fault_pu,grid_vabc_unbalance_fault_pu,grid_vpos_seq_recovery_pu,grid_vneg_seq_recovery_pu,grid_va_recovery_pu,grid_vb_recovery_pu,grid_vc_recovery_pu,grid_vabc_unbalance_recovery_pu,grid_id_mean_pu,grid_iq_mean_pu,grid_iq_ref_mean_pu,grid_iq_shortfall_max_pu,grid_iq_met_fraction,grid_iq_wrong_sign,grid_current_limit_pu,grid_current_eval_start_s,grid_current_peak_global_pu,grid_current_peak_fault_pu,grid_current_peak_recovery_pu,grid_current_peak_pu,grid_idq_peak_pu,gbt_reactive_evaluated,gbt_reactive_response_ms,gbt_reactive_response_pass,gbt_grid_current_limit_pass,voltage_survival_current_gate,gbt_reactive_status,gbt_reactive_pass,gbt_limit_status,gbt_certifiable,voltage_survival_pass,voltage_survival_reason,full_frt_pass,full_frt_reason,within_window,window_reason,control_score,controller,source_csv,family_eval_label,family_fault_pu,family_duration_ms,actor_archive,actor_model
hpt_v2_topology2_paper,topology2,fault,lvrt_0200_080ms,conventional_dq,0,NaN,0.2,0.2,1,1,0.08,0.16,0.08,0,controller_filtered_lv_pu,0.285,179.506081825122,NaN,NaN,NaN,NaN,175.82105068795,206.480066925733,149.179920108938,149.179920108938,206.480066925733,0.129565603338462,0.0195101275560895,0.0303999999999988,0,174.741475224575,179.258380677699,852.586762562397,580.988209950428,1086.93384175811,0.95,0.55264206446224,0.95,-0.28210371704753,0.0171592529328929,0,0,1,1,0,0,0.073676039592684,-0.031421620665328,0,0,-0.281883622115666,0.0154056842971387,0,0,4001,14251,5001,14251,-0.282138202023028,-0.0162688461907946,0.950000000000019,0.950000000000019,0.0760788385081251,0.0239528495192132,0.926421870536895,0.950000000000017,-0.281930081212649,-0.0124140578154888,0.950000000000022,0.950000000000022,-0.282138202023028,-0.0162688461907946,0.950000000000019,0.950000000000019,0.849517696302337,1.07503668442562,1.065733453203,0.150482303697663,0.00631431244153414,0.992750233863424,0.993279654459582,1.05229816168767,0.0428511711267701,1.17505828084519,0.1575,0,0.873498549493261,0.792573855913344,0.210180764811437,1.01814660930043,0.808797800549863,0.191202199450137,0.849154685328982,1.07525230679503,0.0391729763881122,1.06600259868146,0.00539892021595681,0.99380123975205,LVRT,0.520675942555258,1,0,0,0,0.520675942555258,1,0.0858382839392527,0.0805506937305695,0.0900199999999963,0,0,0.125,1,0.170013498635237,0,0.726235262438035,1.35866730219763,0,1,0.376687701827573,0.699008261153321,1,0.00340644796493205,0.998298069888108,1.00093347190852,1.00076628064241,0.00263540202040962,0.732507033724462,0.264407810571295,0.200309899732106,0.997530975678689,1.00091485866399,0.800604958931889,1,0.00283284981674477,0.999256648612069,0.99932700549088,1.00141484226129,0.00215819364922243,0.802075197997644,0.00577538536231278,0.811748833728255,0.801564408147001,0.805722153083873,0.0101844255812539,0.688949342248713,0.184858307412884,0.305814147221233,0.914541193198417,0.882592576740533,0.608727045977184,0.94734256419216,0.00126796502019443,0.94912149241116,0.947675979672747,0.949301263884048,0.00162528421130099,0.94797820601625,-0.316741453393235,0.183509846296899,0.652204904396869,0,1,1.5,0.1,1.53996192050702,1.49367459924582,0.963254282396921,1.49367459924582,1.55159884767213,1,Inf,0,1,1,reactive_wrong_sign,0,grid_current_eval_peak_pu=1.494;grid_current_global_peak_pu=1.540;action_max=0.553,1,0,timestep_fault_lv_band;dc_link_bounds;timestep_recovery_envelope,0,gbt_recover;gbt_vdc_survive;reactive_wrong_sign,0,gbt_recover;gbt_vdc_survive;reactive_wrong_sign,171.361182338794,strong_dq,E:\research_space\Hybrid-power-transformer\lab\results\hpt_v2_control_comparison\control_comparison_topology2_fault_all_t2_a_lvrt_r6_square60_pu0200_d080ms_family_sac_t2_a_lvrt_r6_ce8f08f367d3_20260803_143012.csv,t2_a_lvrt_r6_square60_pu0200_d080ms,0.2,80,,
hpt_v2_topology2_paper,topology2,fault,lvrt_0200_080ms,sac_actor_always_raw,0,NaN,0.2,0.2,1,1,0.08,0.16,0.08,0,controller_filtered_lv_pu,0.285,182.007582815556,NaN,NaN,NaN,NaN,209.802639611248,211.258521269864,170.260493468444,170.260493468444,200.622525377788,0.0277270846935065,0.00333357178255174,0.0211399999999991,0,208.048867114227,211.258521269864,848.478664988999,688.933417299224,968.296863368503,0.95,0.628987660780145,0.95,0.0317058081766367,0.000992000697032425,0.000166191654624187,0.59942731153485,1,1,1,3,0.0575964007077929,0.00108206937636737,-0.000191901194372949,0.605725931737867,0.0324750753542943,0.00103985519286012,5.38984687873276e-05,0.599896949363685,4001,14251,5001,14251,0.0264607282675208,-0.0174921995327804,0.949267402460732,0.950000000000019,0.0572043603795181,-0.00669229238911489,0.910635479368213,0.950000000000017,0.0269848496159529,-0.0180925798453354,0.949571521433909,0.950000000000022,0.0264607282675208,-0.0174921995327804,0.949267402460732,0.950000000000019,1.01420238276447,1.07178584083629,1.06059833123625,-0.014202382764474,0,0.561739943872778,0.945787500597592,1.02301776925948,0.0197135637680887,1.17129184569364,0,0,0.883703264400257,0.818532902046347,0.214574279469339,1.0384825960752,0.992751812046988,0,1.01248114641745,1.07016092827158,0.0169562527267673,1.06086199135048,0,0.675264947010598,LVRT,0.622514461200213,1,0,0,0,0.622514461200213,1,0,0,0,1,1,0.125,1,0.0270852258213975,1,0.86116677162403,1.21037107921063,1,1,0.437280531388863,0.715245604865831,1,0.00387067412807721,0.998167845902662,1.00145838593645,1.00037095751706,0.00329054003378977,0.733455639948586,0.26700734127792,0.199954219897505,0.999149973016153,1.00107795902783,0.801123739130324,1,0.00110687931604053,0.999503047808688,1.00045947819534,1.00003724426155,0.000956430386656135,0.831299707032132,0.00485485309806413,0.837110920160883,0.828945469933991,0.831967048902835,0.00816545022689209,0.701718678007999,0.191125842540903,0.307207520338052,0.916027913771988,0.906498757431296,0.608820393433936,0.928338245049089,0.00156220578690253,0.928465922260165,0.927497192156108,0.930082394687134,0.00258520253102593,0.929649616825117,-0.302999820804505,0.188505192313671,0.558345808213589,0,1,1.5,0.1,1.47091569597103,1.36927773291655,1.10786411930038,1.36927773291655,1.42489674197186,1,Inf,0,1,1,reactive_wrong_sign,0,grid_current_eval_peak_pu=1.369;grid_current_global_peak_pu=1.471;action_max=0.629,1,0,timestep_fault_lv_band,0,reactive_wrong_sign,0,reactive_wrong_sign,132.017628285475,family_sac_after_finetune,E:\research_space\Hybrid-power-transformer\lab\results\hpt_v2_control_comparison\control_comparison_topology2_fault_all_t2_a_lvrt_r6_square60_pu0200_d080ms_family_sac_t2_a_lvrt_r6_ce8f08f367d3_20260803_143012.csv,t2_a_lvrt_r6_square60_pu0200_d080ms,0.2,80,E:\research_space\Hybrid-power-transformer\lab\results\hpt_family_specialist_t2_a_lvrt_r6_square60_currentwindow_20260803_r1\eval_sac\family_sac_hpt_sac_actor_weights_dynamic.mat,data\models\hpt_t2_a_lvrt_joint_support_family_sac_r6_20260803.zip
hpt_v2_topology2_paper,topology2,fault,lvrt_0200_120ms,conventional_dq,0,NaN,0.2,0.2,1,1,0.08,0.2,0.12,0,controller_filtered_lv_pu,0.325,171.287032988733,NaN,NaN,NaN,NaN,176.694200388585,206.480066925733,149.179920108938,149.179920108938,206.480066925733,0.129565603338462,0.0360730021101246,0.0703999999999971,0,174.613953112191,188.042398216969,849.816529019373,580.988209950428,1012.79395513254,0.95,0.55264206446224,0.95,-0.282766003162971,0.0205652616173608,0,0,1,1,0,0,0.00875566672005243,-0.026200173870569,0,0,-0.281262129983536,0.0202521110045296,0,0,6001,16251,5001,16251,-0.282762945002494,-0.0205625717375398,0.862547585878276,0.950000000000022,0.0107081243917534,0.0228527671693199,0.924833397931355,0.950000000000026,-0.2812788927401,-0.019823569586906,0.882999553900518,0.950000000000022,-0.282762945002494,-0.0205625717375398,0.862547585878276,0.950000000000022,0.853676853135803,1.08027670694186,1.06227066127422,0.146323146864198,0.0225594749794914,0.97149302707137,0.993279654459582,1.05229816168767,0.0428511711267701,1.17505828084519,0.1575,0,0.84268234010982,0.804337418362894,0.210574669008525,1.03561934479316,0.539243459423429,0.460756540576571,0.853483482831532,1.07994270386172,0.0337307003166468,1.06245938159157,0.0261947610477904,0.967006598680264,LVRT,0.520675942555258,1,0,0,0,0.520675942555258,1,0.0864543327913467,0.0764584914961239,0.0900199999999963,0,0,0.125,1,0.160756720982897,0,0.726235262438035,1.26599244391568,0,1,0.376687701827573,0.712949380008778,1,0.00340644796493205,0.998298069888108,1.00093347190852,1.00076628064241,0.00263540202040962,0.732905290297582,0.265499364580483,0.200160654691233,0.998149764626693,1.00104438224042,0.800883727549186,1,0.00213215204830699,0.999304843825999,1.0010470583022,0.999647245867468,0.00174221447619813,0.802075197997644,0.00577538536231278,0.811748833728255,0.801564408147001,0.805722153083873,0.0101844255812539,0.702010626150198,0.185048964225231,0.312914931543505,0.925150726214632,0.899788353237498,0.612235794671127,0.951390375804264,0.00331761330538178,0.949549380412676,0.95365492015086,0.954832145691367,0.00528276527869173,0.889787967627544,-0.306276518019624,0.180079432555936,0.652204904396869,0,1,1.5,0.1,1.53996192050702,1.49367459924582,0.906169923459622,1.49367459924582,1.55159884767213,1,Inf,0,1,1,reactive_wrong_sign,0,grid_current_eval_peak_pu=1.494;grid_current_global_peak_pu=1.540;action_max=0.553,1,0,timestep_fault_lv_band;dc_link_bounds;timestep_recovery_envelope,0,gbt_recover;gbt_vdc_survive;reactive_wrong_sign,0,gbt_recover;gbt_vdc_survive;reactive_wrong_sign,166.82911038364,strong_dq,E:\research_space\Hybrid-power-transformer\lab\results\hpt_v2_control_comparison\control_comparison_topology2_fault_all_t2_a_lvrt_r6_square60_pu0200_d120ms_family_sac_t2_a_lvrt_r6_e4d7ba3a3c48_20260803_143144.csv,t2_a_lvrt_r6_square60_pu0200_d120ms,0.2,120,,
hpt_v2_topology2_paper,topology2,fault,lvrt_0200_120ms,sac_actor_always_raw,0,NaN,0.2,0.2,1,1,0.08,0.2,0.12,0,controller_filtered_lv_pu,0.325,183.333839711774,NaN,NaN,NaN,NaN,210.687957780341,214.196297825065,170.260493468444,170.260493468444,200.622525377788,0.0277270846935065,0.00233274782214491,0.025379999999999,0,209.414162125627,212.219831407994,848.064613328179,688.933417299224,968.296863368503,0.95,0.628987660780145,0.95,0.0302306370920859,0.00108673713488232,0.000194561302995504,0.601192785115212,1,1,1,3,0.0572274397366826,0.00105713016840756,-0.000381997185426742,0.607268274640319,0.0308539630361114,0.00107756312304042,0.000168354261141837,0.601056699913871,6001,16251,5001,16251,0.0252116336649363,-0.016716827241698,0.925320610784682,0.950000000000022,0.0569413818638879,-0.0054549393505947,0.810373989002933,0.950000000000026,0.0257314028182037,-0.0170598762756931,0.931867533610837,0.950000000000022,0.0252116336649363,-0.016716827241698,0.925320610784682,0.950000000000022,1.01784801033903,1.07538772600356,1.06008076666022,-0.0178480103390277,0.0371205906480722,0.925758818703856,0.945787500597592,1.02301776925948,0.0197135637680887,1.17129184569364,0,0,0.885980573339799,0.821925075049938,0.215254088015944,1.02580838301747,0.995167472087985,0,1.01754267590792,1.0748235861882,0.016947134590778,1.06027151291695,0.0361927614477105,0.927614477104579,LVRT,0.622514461200213,1,0,0,0,0.622514461200213,1,0,0,0,1,1,0.125,1,0.0347647237925868,1,0.86116677162403,1.21037107921063,1,1,0.437280531388863,0.72070954568092,1,0.00387067412807721,0.998167845902662,1.00145838593645,1.00037095751706,0.00329054003378977,0.73331982576846,0.266632565568414,0.200005128529222,0.99917916745676,1.00079453704077,0.800789408511548,1,0.000494313483137153,1.00022092594489,0.999793584031381,0.999985444209877,0.000427341913512824,0.831299707032132,0.00485485309806413,0.837110920160883,0.828945469933991,0.831967048902835,0.00816545022689209,0.707262741662811,0.189758257276008,0.309418010911651,0.921334592265741,0.912606096374213,0.611916581354089,0.932275570085087,0.000848355483065893,0.933262419556807,0.931818409997856,0.93279968698389,0.00144400955895141,0.90548219506246,-0.298075667660443,0.187196191979616,0.558345808213589,0,1,1.5,0.1,1.47091569597103,1.36927773291655,1.09523632875901,1.36927773291655,1.42489674197186,1,Inf,0,1,1,reactive_wrong_sign,0,grid_current_eval_peak_pu=1.369;grid_current_global_peak_pu=1.471;action_max=0.629,1,0,timestep_fault_lv_band,0,reactive_wrong_sign,0,reactive_wrong_sign,132.07784054005,family_sac_after_finetune,E:\research_space\Hybrid-power-transformer\lab\results\hpt_v2_control_comparison\control_comparison_topology2_fault_all_t2_a_lvrt_r6_square60_pu0200_d120ms_family_sac_t2_a_lvrt_r6_e4d7ba3a3c48_20260803_143144.csv,t2_a_lvrt_r6_square60_pu0200_d120ms,0.2,120,E:\research_space\Hybrid-power-transformer\lab\results\hpt_family_specialist_t2_a_lvrt_r6_square60_currentwindow_20260803_r1\eval_sac\family_sac_hpt_sac_actor_weights_dynamic.mat,data\models\hpt_t2_a_lvrt_joint_support_family_sac_r6_20260803.zip
hpt_v2_topology2_paper,topology2,fault,lvrt_0200_160ms,conventional_dq,0,NaN,0.2,0.2,1,1,0.08,0.24,0.16,0,controller_filtered_lv_pu,0.365,169.69484336574,NaN,NaN,NaN,NaN,177.459798298765,206.480066925733,149.179920108938,149.179920108938,206.480066925733,0.129565603338462,0.0376105341522609,0.102099999999996,0,161.227991976302,186.765464987026,572.518817786613,0.162572360940602,977.392339129142,0.95,0.55264206446224,0.95,-0.149382044890422,0.020551874908818,0,0,1,1,0,0,-0.00222878239452862,-0.0194353761600221,0,0,-0.151405602180348,0.0207834760122237,0,0,8000,18251,5000,18251,-0.149479819089139,-0.0199198274197448,-0.0783136019149391,0.185225583392377,-0.000726849085323042,0.0172021401492513,0.8051676195737,0.950000000000031,-0.151513358307822,-0.0200860056050438,-0.148524029285237,0.207799058931331,-0.149479819089139,-0.0199198274197448,-0.0783136019149391,0.185225583392377,0.855190747925208,1.00243243318495,0.715648522233266,0.144809252074792,0.283053323593864,0.698502556610665,0.993279654459582,1.05229816168767,0.0428511711267701,1.17505828084519,0.1575,0,0.836372709313319,0.809698721721099,0.210589388300995,1.02497461811608,0.499875,0.500125,0.858438784289551,1.00811681635823,0.0371138588806382,0.731966475075091,0.2598,0.72,LVRT,0.520675942555258,1,0,0,0,0.520675942555258,1,0.151120811708688,0.0770325199128946,0.0899999999999963,0,0,0.125,1,0.221120811708688,0,0.000203215451175752,1.22174042391143,0,1,0.376687701827573,0.718480055968908,1,0.00340644796493205,0.998298069888108,1.00093347190852,1.00076628064241,0.00263540202040962,0.732860875832669,0.265373883647712,0.200177226933069,0.998380738277518,1.0007311561409,0.800553929207833,1,0.00956721481352534,0.997246282637189,1.00475344490139,0.997983149519618,0.00750716226420097,0.802075197997644,0.00577538536231278,0.811748833728255,0.801564408147001,0.805722153083873,0.0101844255812539,0.707321249139089,0.184756604614206,0.31465999553834,0.930374629416372,0.906343552190806,0.615714633878032,0.882721982316209,0.00300000219145291,0.885402200544528,0.890192259171305,0.887672047901628,0.00479005862677708,0.851513597686869,-0.283241647878042,0.179238448985187,0.652204904396869,0,1,1.5,0.1,1.53996192050702,1.49367459924582,0.958616258346393,1.49367459924582,1.55159884767213,1,Inf,0,1,1,reactive_wrong_sign,0,grid_current_eval_peak_pu=1.494;grid_current_global_peak_pu=1.540;action_max=0.553,1,0,timestep_fault_lv_band;dc_link_bounds;timestep_recovery_envelope,0,gbt_recover;gbt_vdc_survive;reactive_wrong_sign,0,gbt_recover;gbt_vdc_survive;reactive_wrong_sign,226.750074740668,strong_dq,E:\research_space\Hybrid-power-transformer\lab\results\hpt_v2_control_comparison\control_comparison_topology2_fault_all_t2_a_lvrt_r6_square60_pu0200_d160ms_family_sac_t2_a_lvrt_r6_a768b3c6a46a_20260803_143318.csv,t2_a_lvrt_r6_square60_pu0200_d160ms,0.2,160,,
hpt_v2_topology2_paper,topology2,fault,lvrt_0200_160ms,sac_actor_always_raw,0,NaN,0.2,0.2,1,1,0.08,0.24,0.16,0,controller_filtered_lv_pu,0.365,183.659826044653,NaN,NaN,NaN,NaN,211.020110751201,213.001345682592,170.260493468444,170.260493468444,200.622525377788,0.0277270846935065,0.00178263046703091,0.0277999999999989,0,209.410343307398,213.001345682592,847.675915746981,688.933417299224,968.296863368503,0.95,0.628987660780145,0.95,0.0299785003431627,0.00102165336034912,0.000199273789078221,0.601274702836173,1,1,1,3,0.0568486190026001,0.00101659418772331,-0.000561244772174231,0.608493013154338,0.0299807045869279,0.00103521234310559,0.000196268533111708,0.60119880954345,8000,18251,5000,18251,0.0250274859767754,-0.0165343608816837,0.86579674570484,0.950000000000024,0.0566316061343254,-0.0044259409802492,0.732592293254511,0.950000000000031,0.0250264119928032,-0.0165407820295368,0.883513250497719,0.950000000000022,0.0250274859767754,-0.0165343608816837,0.86579674570484,0.950000000000024,1.01846799247028,1.07634488827884,1.05959489468373,-0.0184679924702816,0.0288531775018262,0.931519357195033,0.945787500597592,1.02301776925948,0.0197135637680887,1.17129184569364,0,0,0.887462578920583,0.82453627017292,0.215184569570424,1.01599300715818,0.996375,0,1.0184065225431,1.07637369637945,0.0170225684582392,1.05975639793329,0.0316,0.925,LVRT,0.622514461200213,1,0,0,0,0.622514461200213,1,0,0,0,1,1,0.125,1,0.0292912328769382,1,0.86116677162403,1.21037107921063,1,1,0.437280531388863,0.724102779082249,1,0.00387067412807721,0.998167845902662,1.00145838593645,1.00037095751706,0.00329054003378977,0.733083630925649,0.265983267561042,0.200093684493815,0.998927692425522,1.00060301865808,0.800509334164262,1,0.000966315700228342,0.999969913794189,0.999597346837616,1.00043256429489,0.000835217457271084,0.831299707032132,0.00485485309806413,0.837110920160883,0.828945469933991,0.831967048902835,0.00816545022689209,0.710783822911723,0.188642197238904,0.311097113566014,0.924938840361216,0.915889396628872,0.613841726795201,0.933757556270685,0.00101138283757922,0.934476536918394,0.933157469857947,0.934777425398481,0.00161995554053405,0.892713531546262,-0.296963967304034,0.186355163128439,0.558345808213589,0,1,1.5,0.1,1.47091569597103,1.36927773291655,1.09203762986833,1.36927773291655,1.42489674197186,1,Inf,0,1,1,reactive_wrong_sign,0,grid_current_eval_peak_pu=1.369;grid_current_global_peak_pu=1.471;action_max=0.629,1,0,timestep_fault_lv_band,0,reactive_wrong_sign,0,reactive_wrong_sign,132.163773867647,family_sac_after_finetune,E:\research_space\Hybrid-power-transformer\lab\results\hpt_v2_control_comparison\control_comparison_topology2_fault_all_t2_a_lvrt_r6_square60_pu0200_d160ms_family_sac_t2_a_lvrt_r6_a768b3c6a46a_20260803_143318.csv,t2_a_lvrt_r6_square60_pu0200_d160ms,0.2,160,E:\research_space\Hybrid-power-transformer\lab\results\hpt_family_specialist_t2_a_lvrt_r6_square60_currentwindow_20260803_r1\eval_sac\family_sac_hpt_sac_actor_weights_dynamic.mat,data\models\hpt_t2_a_lvrt_joint_support_family_sac_r6_20260803.zip
hpt_v2_topology2_paper,topology2,fault,lvrt_0200_200ms,conventional_dq,0,NaN,0.2,0.2,1,1,0.08,0.28,0.2,0,controller_filtered_lv_pu,0.405,172.952532316826,NaN,NaN,NaN,NaN,174.454679139847,206.480066925733,149.179920108938,149.179920108938,206.480066925733,0.129565603338462,0.0306250682919546,0.109779999999996,0,167.156326429774,191.497121230465,845.40114329615,460.048830972624,977.392339129142,0.95,0.55264206446224,0.95,-0.167810469016608,-0.103852895860975,0,0,1,1,0,0,0.0186300635305468,-0.042048442805664,0,0,-0.153793065626623,-0.0948408850282916,0,0,10001,20251,5001,20251,-0.168348478650359,0.103105504443399,-0.0544489588764734,0.0654258023525859,0.0202264842125197,0.0399355810481253,0.64720833416147,0.950000000000003,-0.154589470834671,0.0937477181848285,-0.0548524936542606,-0.118723539626888,-0.168348478650359,0.103105504443399,-0.0544489588764734,0.0654258023525859,0.845205260321486,1.02696076674973,1.05675142912019,0.154794739678514,0.22597103357472,0.766458196181699,0.993279654459582,1.05229816168767,0.0428511711267701,1.17505828084519,0.1575,0,0.845857704922122,0.812167906775064,0.211090342532236,0.98288557071281,0.5999400059994,0.4000599940006,0.843002729592931,1.01803600434994,0.0328490988364581,1.05800169355062,0.249150169966007,0.741651669666067,LVRT,0.520675942555258,1,0,0,0,0.520675942555258,1,0.12248151483201,0.0887039286836207,0.0899999999999963,0,0,0.125,1,0.19248151483201,0,0.57506103871578,1.22174042391143,0,1,0.376687701827573,0.722581909828978,1,0.00340644796493205,0.998298069888108,1.00093347190852,1.00076628064241,0.00263540202040962,0.732736897897433,0.265034376483274,0.200223701481221,0.998141537722587,1.0007373305727,0.800513629091477,1,0.000848985711653199,1.00026996638239,1.00014865899476,0.999581239451987,0.000688726930398835,0.802075197997644,0.00577538536231278,0.811748833728255,0.801564408147001,0.805722153083873,0.0101844255812539,0.710479177228345,0.185545690372229,0.313702201790435,0.933557644444394,0.910943866939495,0.619855442653959,0.894815596268509,0.00416453201619604,0.896831132622169,0.900582585615688,0.893705816873407,0.00687676874228111,0.827886391830905,-0.269304403965498,0.17956896888549,0.652204904396869,0,1,1.5,0.1,1.53996192050702,1.49367459924582,0.938922419235389,1.49367459924582,1.55159884767213,1,Inf,0,1,1,reactive_wrong_sign,0,grid_current_eval_peak_pu=1.494;grid_current_global_peak_pu=1.540;action_max=0.553,1,0,timestep_fault_lv_band;dc_link_bounds;timestep_recovery_envelope,0,gbt_recover;gbt_vdc_survive;reactive_wrong_sign,0,gbt_recover;gbt_vdc_survive;reactive_wrong_sign,180.039441530353,strong_dq,E:\research_space\Hybrid-power-transformer\lab\results\hpt_v2_control_comparison\control_comparison_topology2_fault_all_t2_a_lvrt_r6_square60_pu0200_d200ms_family_sac_t2_a_lvrt_r6_4e7076fdc776_20260803_143445.csv,t2_a_lvrt_r6_square60_pu0200_d200ms,0.2,200,,
hpt_v2_topology2_paper,topology2,fault,lvrt_0200_200ms,sac_actor_always_raw,0,NaN,0.2,0.2,1,1,0.08,0.28,0.2,0,controller_filtered_lv_pu,0.405,183.917143383392,NaN,NaN,NaN,NaN,210.735354552728,212.425629179232,170.260493468444,170.260493468444,200.622525377788,0.0277270846935065,0.00143962099842383,0.0291599999999988,0,209.459027037556,212.425629179232,848.986363639842,688.933417299224,968.296863368503,0.95,0.628987660780145,0.95,0.0310498532925848,0.00106124279868663,0.000155484209253856,0.60144136954025,1,1,1,3,0.0566413317472344,0.000995747979882708,-0.000669234433183296,0.609194861021589,0.0303685309601403,0.00110507246068053,0.000177793038193464,0.601283625988534,10001,20251,5001,20251,0.0261331685857973,-0.016409397081371,0.923534975865401,0.950000000000026,0.0564678132357537,-0.00371464586437721,0.683792239550119,0.950000000000003,0.0253163410971814,-0.0168094205216729,0.931763011373919,0.950000000000022,0.0261331685857973,-0.016409397081371,0.923534975865401,0.950000000000026,1.01536799808444,1.07350855047321,1.0612329545498,-0.0153679980844431,0.0465766951942067,0.909315339038841,0.945787500597592,1.02301776925948,0.0197135637680887,1.17129184569364,0,0,0.888472787437039,0.826212250327742,0.215121722092692,1.00948060810925,0.997100289971003,0,1.0171623800193,1.07498421550339,0.0168760053436936,1.06017773637669,0.0213957208558288,0.9250149970006,LVRT,0.622514461200213,1,0,0,0,0.622514461200213,1,0,0,0,1,1,0.125,1,0.0289035735546715,1,0.86116677162403,1.21037107921063,1,1,0.437280531388863,0.726222944362225,1,0.00387067412807721,0.998167845902662,1.00145838593645,1.00037095751706,0.00329054003378977,0.732941841653611,0.265592800909543,0.200146812125603,0.9988682002559,1.00039675050277,0.800249938377166,1,0.000281746618761597,0.999932145689847,0.999927007271457,1.00014083215578,0.000213824884318736,0.831299707032132,0.00485485309806413,0.837110920160883,0.828945469933991,0.831967048902835,0.00816545022689209,0.713007529186686,0.188081643774604,0.312048485445349,0.927144669244296,0.917953855236696,0.615096183798947,0.932531062929824,0.00106491697885336,0.933760175529535,0.931889006686482,0.932985611414119,0.00187116884305361,0.886463413682129,-0.296458755647109,0.18600067299612,0.558345808213589,0,1,1.5,0.1,1.47091569597103,1.36927773291655,1.09144092236849,1.36927773291655,1.42489674197186,1,Inf,0,1,1,reactive_wrong_sign,0,grid_current_eval_peak_pu=1.369;grid_current_global_peak_pu=1.471;action_max=0.629,1,0,timestep_fault_lv_band,0,reactive_wrong_sign,0,reactive_wrong_sign,132.102959160204,family_sac_after_finetune,E:\research_space\Hybrid-power-transformer\lab\results\hpt_v2_control_comparison\control_comparison_topology2_fault_all_t2_a_lvrt_r6_square60_pu0200_d200ms_family_sac_t2_a_lvrt_r6_4e7076fdc776_20260803_143445.csv,t2_a_lvrt_r6_square60_pu0200_d200ms,0.2,200,E:\research_space\Hybrid-power-transformer\lab\results\hpt_family_specialist_t2_a_lvrt_r6_square60_currentwindow_20260803_r1\eval_sac\family_sac_hpt_sac_actor_weights_dynamic.mat,data\models\hpt_t2_a_lvrt_joint_support_family_sac_r6_20260803.zip
hpt_v2_topology2_paper,topology2,fault,lvrt_0200_240ms,conventional_dq,0,NaN,0.2,0.2,1,1,0.08,0.32,0.24,0,controller_filtered_lv_pu,0.445,173.243803238826,NaN,NaN,NaN,NaN,171.79898114391,206.480066925733,149.179920108938,149.179920108938,206.480066925733,0.129565603338462,0.0285089799545972,0.132239999999995,0,163.989299524753,190.996198764047,822.761731613336,448.827703923377,977.392339129142,0.95,0.55264206446224,0.95,-0.167372909137933,-0.10496881144733,0,0,1,1,0,0,0.0241092992151687,-0.0486788461371996,0,0,-0.174963718922031,-0.098164325875668,0,0,12001,22251,5000,22251,-0.168029042643089,0.104181991481358,-0.0365548397196178,0.101211451316166,0.0253533907522451,0.0469675012171885,0.540489074001928,0.94971209531258,-0.175486035151531,0.0974115057194104,-0.0699938584560848,-0.180406195200463,-0.168029042643089,0.104181991481358,-0.0365548397196178,0.101211451316166,0.834210290756287,1.01042716079267,1.02845216451667,0.165789709243713,0.296884361893349,0.697573397243859,0.993279654459582,1.05229816168767,0.0428511711267701,1.17505828084519,0.1575,0,0.844881453312093,0.81044907673401,0.210735330752869,0.94088207763066,0.666611115740355,0.333388884259645,0.830086653600141,1.02091651404683,0.0356007767706699,1.05832115232729,0.2312,0.7614,LVRT,0.520675942555258,1,0,0,0,0.520675942555258,1,0.13778116171617,0.101572482408272,0.0899999999999963,0,0,0.125,1,0.20778116171617,0,0.561034629904221,1.22174042391143,0,1,0.376687701827573,0.7220897824959,1,0.00340644796493205,0.998298069888108,1.00093347190852,1.00076628064241,0.00263540202040962,0.732775017317841,0.265139122214351,0.200209420518573,0.998183867065746,1.0007665391689,0.800557118650332,1,0.00150697361641458,1.00057418729627,0.999290201935308,1.00013518487878,0.00128398536096127,0.802075197997644,0.00577538536231278,0.811748833728255,0.801564408147001,0.805722153083873,0.0101844255812539,0.709260350404705,0.185065118541322,0.310539253419245,0.931475575809147,0.910807588838709,0.620936322389902,0.897139284219098,0.00348288977602098,0.900800173254825,0.902462908966831,0.895992796451131,0.00647011251570017,0.803490000086897,-0.244636241950601,0.184261895611694,0.652204904396869,0,1,1.5,0.1,1.53996192050702,1.49367459924582,0.940055439642529,1.49367459924582,1.55159884767213,1,Inf,0,1,1,reactive_wrong_sign,0,grid_current_eval_peak_pu=1.494;grid_current_global_peak_pu=1.540;action_max=0.553,1,0,timestep_fault_lv_band;dc_link_bounds;timestep_recovery_envelope,0,gbt_recover;gbt_vdc_survive;reactive_wrong_sign,0,gbt_recover;gbt_vdc_survive;reactive_wrong_sign,182.898370895863,strong_dq,E:\research_space\Hybrid-power-transformer\lab\results\hpt_v2_control_comparison\control_comparison_topology2_fault_all_t2_a_lvrt_r6_square60_pu0200_d240ms_family_sac_t2_a_lvrt_r6_55acc39915b5_20260803_143612.csv,t2_a_lvrt_r6_square60_pu0200_d240ms,0.2,240,,
hpt_v2_topology2_paper,topology2,fault,lvrt_0200_240ms,sac_actor_always_raw,0,NaN,0.2,0.2,1,1,0.08,0.32,0.24,0,controller_filtered_lv_pu,0.445,184.0694805035,NaN,NaN,NaN,NaN,210.724274588896,212.415858456633,170.260493468444,170.260493468444,200.622525377788,0.0277270846935065,0.00121338868722854,0.0309599999999987,0,209.344218911862,212.415858456633,843.576199042917,688.933417299224,968.296863368503,0.95,0.628987660780145,0.95,0.0332926752863063,0.00101841527879027,4.43625840501163e-05,0.602404077698314,1,1,1,3,0.0564879976582852,0.000980111525466733,-0.000742036224076274,0.609670290210826,0.0303446978775552,0.00108248779311607,0.000182446142767143,0.601279103992944,12001,22251,5000,22251,0.0288108746511924,-0.0150456122273143,0.882912489732384,0.950000000000028,0.0563436049388798,-0.00322950191240133,0.651274566320707,0.949999999999972,0.0252978477119195,-0.0167927349174348,0.925480667400681,0.950000000000022,0.0288108746511924,-0.0150456122273143,0.882912489732384,0.950000000000028,1.00478970639713,1.0527521694079,1.05447024880365,-0.00478970639712913,0.139604553624925,0.827591372079089,0.945787500597592,1.02301776925948,0.0197135637680887,1.17129184569364,0,0,0.889118007246094,0.827331224596634,0.215054525456122,1.00505617653893,0.997583534705441,0,1.01705990261824,1.07492507540976,0.0169346778304913,1.06019864632571,0.0262,0.93,LVRT,0.622514461200213,1,0,0,0,0.622514461200213,1,0,0,0,1,1,0.125,1,0.0291559483586378,1,0.86116677162403,1.21037107921063,1,1,0.437280531388863,0.72763090445758,1,0.00387067412807721,0.998167845902662,1.00145838593645,1.00037095751706,0.00329054003378977,0.732857969907614,0.26536236858859,0.200178242884635,0.99876037749562,1.00034718234986,0.800168939465225,1,0.000456533566772447,0.999796524300251,1.00019134088983,1.00001209572992,0.00039481658958108,0.831299707032132,0.00485485309806413,0.837110920160883,0.828945469933991,0.831967048902835,0.00816545022689209,0.71451498420822,0.187623820516328,0.312756342988048,0.928609444551554,0.919309947337542,0.615853101563507,0.932464499333085,0.000515260928653895,0.93327522893054,0.932371353776959,0.932815078073626,0.000903875153581191,0.882871226271592,-0.296273627602371,0.185811821533294,0.558345808213589,0,1,1.5,0.1,1.47091569597103,1.36927773291655,1.09524987899667,1.36927773291655,1.42489674197186,1,Inf,0,1,1,reactive_wrong_sign,0,grid_current_eval_peak_pu=1.369;grid_current_global_peak_pu=1.471;action_max=0.629,1,0,timestep_fault_lv_band,0,reactive_wrong_sign,0,reactive_wrong_sign,132.133275743416,family_sac_after_finetune,E:\research_space\Hybrid-power-transformer\lab\results\hpt_v2_control_comparison\control_comparison_topology2_fault_all_t2_a_lvrt_r6_square60_pu0200_d240ms_family_sac_t2_a_lvrt_r6_55acc39915b5_20260803_143612.csv,t2_a_lvrt_r6_square60_pu0200_d240ms,0.2,240,E:\research_space\Hybrid-power-transformer\lab\results\hpt_family_specialist_t2_a_lvrt_r6_square60_currentwindow_20260803_r1\eval_sac\family_sac_hpt_sac_actor_weights_dynamic.mat,data\models\hpt_t2_a_lvrt_joint_support_family_sac_r6_20260803.zip
hpt_v2_topology2_paper,topology2,fault,lvrt_0200_300ms,conventional_dq,0,NaN,0.2,0.2,1,1,0.08,0.38,0.3,0,controller_filtered_lv_pu,0.505,173.549015926687,NaN,NaN,NaN,NaN,174.180325444596,206.480066925733,149.179920108938,149.179920108938,206.480066925733,0.129565603338462,0.025805044928927,0.164239999999993,0,165.738950995796,191.937553480748,797.562748187178,448.827703923377,977.392339129142,0.95,0.55264206446224,0.95,-0.126983235266917,-0.102978568191275,0,0,1,1,0,0,0.031594722553716,-0.0582492135011551,0,0,-0.155159292095055,-0.0944501938453415,0,0,15001,25251,5001,25251,-0.127231251673594,0.103141839282362,-0.045786392307123,0.236529819981886,0.0323670264944406,0.0570163705826531,0.434543995278684,0.949769672411554,-0.155250741077931,0.0945913064293442,-0.0835358046060198,-0.127183987526427,-0.127231251673594,0.103141839282362,-0.045786392307123,0.236529819981886,0.844910663170852,0.985901561739353,0.996953435233972,0.155089336829148,0.416314677930306,0.578669482576558,0.993279654459582,1.05229816168767,0.0428511711267701,1.17505828084519,0.1575,0,0.844797711689748,0.809700832254254,0.210552000042696,0.902771073195157,0.733284447703486,0.266715552296514,0.841070634500213,1.01922091005014,0.0335373045962323,1.05756135038474,0.292741451709658,0.699660067986403,LVRT,0.520675942555258,1,0,0,0,0.520675942555258,1,0.129328739150745,0.0892043371162094,0.0900199999999963,0,0,0.125,1,0.199328739150745,0,0.561034629904221,1.22174042391143,0,1,0.376687701827573,0.722455937493892,1,0.00340644796493205,0.998298069888108,1.00093347190852,1.00076628064241,0.00263540202040962,0.732883051687478,0.265438900069989,0.200169001550374,0.998078839093106,1.0010733746398,0.800904373089428,1,0.00131986723873181,1.00061303795677,0.999482066255402,0.999904569198863,0.00113097170136487,0.802075197997644,0.00577538536231278,0.811748833728255,0.801564408147001,0.805722153083873,0.0101844255812539,0.70922176897518,0.184742599542097,0.308232597692517,0.930544881602085,0.911493880012493,0.622312283909568,0.895957294510928,0.00284066704694025,0.8983831250223,0.901039734891096,0.895718623129222,0.00532111176187452,0.784977651937278,-0.22799897181902,0.187250008792196,0.652204904396869,0,1,1.5,0.1,1.53996192050702,1.49367459924582,0.922379521509059,1.49367459924582,1.55159884767213,1,Inf,0,1,1,reactive_wrong_sign,0,grid_current_eval_peak_pu=1.494;grid_current_global_peak_pu=1.540;action_max=0.553,1,0,timestep_fault_lv_band;dc_link_bounds;timestep_recovery_envelope,0,gbt_recover;gbt_vdc_survive;reactive_wrong_sign,0,gbt_recover;gbt_vdc_survive;reactive_wrong_sign,183.210732407729,strong_dq,E:\research_space\Hybrid-power-transformer\lab\results\hpt_v2_control_comparison\control_comparison_topology2_fault_all_t2_a_lvrt_r6_square60_pu0200_d300ms_family_sac_t2_a_lvrt_r6_a2ecbbc34e96_20260803_143740.csv,t2_a_lvrt_r6_square60_pu0200_d300ms,0.2,300,,
hpt_v2_topology2_paper,topology2,fault,lvrt_0200_300ms,sac_actor_always_raw,0,NaN,0.2,0.2,1,1,0.08,0.38,0.3,0,controller_filtered_lv_pu,0.505,184.204647668063,NaN,NaN,NaN,NaN,210.70593710338,213.061135884577,170.260493468444,170.260493468444,200.622525377788,0.0277270846935065,0.000997031724588167,0.0348799999999986,0,209.421980061986,212.415773465507,836.715539504244,688.933417299224,968.296863368503,0.95,0.628987660780145,0.95,0.0364339907589566,0.00102168270036479,-0.000119440343274381,0.603711556723853,1,1,1,3,0.0563330314276347,0.00096691813625044,-0.000815499326700916,0.610158027234791,0.0304220600266357,0.00112450316635542,0.000157801347581731,0.60142380030109,15001,25251,5001,25251,0.0324001487475859,-0.0136435219675059,0.835522957979672,0.95000000000003,0.0562176270332572,-0.00275650953958372,0.619793318637476,0.949999999999941,0.0253375362213649,-0.0168755894892145,0.931312600833189,0.950000000000022,0.0324001487475859,-0.0136435219675059,0.835522957979672,0.95000000000003,0.992068837623542,1.02628717188116,1.04589442438031,0.00793116237645703,0.267819429778247,0.729276663146779,0.945787500597592,1.02301776925948,0.0197135637680887,1.17129184569364,0,0,0.889708997934261,0.828417813759975,0.214953478275738,1.00082728383483,0.998066795546964,0,1.01730985232745,1.07477491602024,0.0169287115776365,1.06019932391248,0.0157968406318736,0.979804039192162,LVRT,0.622514461200213,1,0,0,0,0.622514461200213,1,0,0,0,1,1,0.125,1,0.0292808496839492,1,0.86116677162403,1.21037107921063,1,1,0.437280531388863,0.728990618997724,1,0.00387067412807721,0.998167845902662,1.00145838593645,1.00037095751706,0.00329054003378977,0.732779762702604,0.265147635355038,0.200207549225696,0.998643272392422,1.00031747227136,0.800109923045665,1,0.000370882820020687,0.999814541397171,1.00009268051528,1.00009275229377,0.000278210896603266,0.831299707032132,0.00485485309806413,0.837110920160883,0.828945469933991,0.831967048902835,0.00816545022689209,0.716000444177584,0.18713929974798,0.313480154093648,0.929991850112634,0.920643575908039,0.616511696018986,0.932349362495952,0.000784990898009458,0.933227600117637,0.931917069320462,0.932965058782601,0.00131053079717528,0.880093361884361,-0.29615348611063,0.185682892575297,0.558345808213589,0,1,1.5,0.1,1.47091569597103,1.36927773291655,1.09435861596911,1.36927773291655,1.42489674197186,1,Inf,0,1,1,reactive_wrong_sign,0,grid_current_eval_peak_pu=1.369;grid_current_global_peak_pu=1.471;action_max=0.629,1,0,timestep_fault_lv_band,0,reactive_wrong_sign,0,reactive_wrong_sign,132.2397748134,family_sac_after_finetune,E:\research_space\Hybrid-power-transformer\lab\results\hpt_v2_control_comparison\control_comparison_topology2_fault_all_t2_a_lvrt_r6_square60_pu0200_d300ms_family_sac_t2_a_lvrt_r6_a2ecbbc34e96_20260803_143740.csv,t2_a_lvrt_r6_square60_pu0200_d300ms,0.2,300,E:\research_space\Hybrid-power-transformer\lab\results\hpt_family_specialist_t2_a_lvrt_r6_square60_currentwindow_20260803_r1\eval_sac\family_sac_hpt_sac_actor_weights_dynamic.mat,data\models\hpt_t2_a_lvrt_joint_support_family_sac_r6_20260803.zip
hpt_v2_topology2_paper,topology2,fault,lvrt_0500_080ms,conventional_dq,0,NaN,0.5,0.5,1,1,0.08,0.16,0.08,0,controller_filtered_lv_pu,0.285,198.313595087894,NaN,NaN,NaN,NaN,203.479063932451,211.556988964296,184.307006992716,184.307006992716,211.556988964296,0,0,0,1,201.243624064511,205.140867229575,851.954775515129,677.136262037606,977.392339129142,0.95,0.55264206446224,0.95,-0.00579700123834852,0.0924228956485479,0,0,1,1,0,0,0.13679908088072,-0.0542183516903502,0,0,-0.00768018592933116,0.0922253628752373,0,0,4001,14251,5001,14251,-0.00670180255786822,-0.092355211345869,0.950000000000019,0.950000000000019,0.154035057133132,0.0370956436544487,0.945798381922653,0.950000000000017,-0.00870565341685191,-0.0921191334826651,0.950000000000022,0.950000000000022,-0.00670180255786822,-0.092355211345869,0.950000000000019,0.950000000000019,0.983722288477977,1.01087239339073,1.06494346939391,0.0162777115220228,0.107577174929841,0.228016838166511,0.993279654459582,1.05229816168767,0.0428511711267701,1.17505828084519,0.1575,0,0.957677298428827,0.889180223415852,0.138556180713729,1.02499771476663,0.737065733566608,0.262934266433392,0.981637188365779,1.01035523145282,0.0220516522318153,1.06518094190313,0.0419916016796641,0.389922015596881,LVRT,0.390372014457563,1,0,0,0,0.390372014457563,1,0,0,0,1,1,0.125,1,0.0308741719375014,1,0.846420327547008,1.22174042391143,1,1,0.512245815984038,0.78025363733915,1,0.00340644796493205,0.998298069888108,1.00093347190852,1.00076628064241,0.00263540202040962,0.832923447758657,0.164617291617811,0.5006144514636,0.999315015014805,0.999454943811453,0.498840492347853,1,0.00211595290383243,1.001032538742,0.999285578923919,0.999681043200495,0.00174695981808444,0.802075197997644,0.00577538536231278,0.811748833728255,0.801564408147001,0.805722153083873,0.0101844255812539,0.776418996887523,0.119978610723039,0.52323870478972,0.919775106381695,0.900032943736611,0.396536401591974,0.890296016477297,0.00193792248203562,0.889993624540053,0.893079326639685,0.890086816234719,0.00308570209963211,1.03253574406395,-0.186880061782358,0.173755130072223,0.393069214562651,0,1,1.5,0.1,1.53996192050702,1.39177572402973,1.19346787002233,1.39177572402973,1.55159884767213,1,Inf,0,1,1,reactive_wrong_sign,0,grid_current_eval_peak_pu=1.392;grid_current_global_peak_pu=1.540;action_max=0.553,1,1,,0,reactive_wrong_sign,0,reactive_wrong_sign,118.164236778437,strong_dq,E:\research_space\Hybrid-power-transformer\lab\results\hpt_v2_control_comparison\control_comparison_topology2_fault_all_t2_a_lvrt_r6_square60_pu0500_d080ms_family_sac_t2_a_lvrt_r6_971819eaf403_20260803_143907.csv,t2_a_lvrt_r6_square60_pu0500_d080ms,0.5,80,,
hpt_v2_topology2_paper,topology2,fault,lvrt_0500_080ms,sac_actor_always_raw,0,NaN,0.5,0.5,1,1,0.08,0.16,0.08,0,controller_filtered_lv_pu,0.285,191.08178463001,NaN,NaN,NaN,NaN,210.742988145363,212.696571886689,180.491176762266,180.491176762266,200.489190601669,0,0,0,1,209.115027525694,212.696571886689,847.702937434869,793.832552355055,968.296863368503,0.95,0.628987660780145,0.95,0.0286967423019078,0.00111775019931217,0.000295796062988126,0.601997275199202,1,1,1,3,0.0546592125357698,0.00107530915072864,4.9807271328928e-05,0.604671495070216,0.0299509134311481,0.00114434163603138,0.000198703181077072,0.601898638867363,4001,14251,5001,14251,0.023823828052888,-0.0160357904726116,0.88332319155074,0.950000000000019,0.0542706215372085,-0.00649617844602936,0.943757696716918,0.950000000000017,0.0247911615968119,-0.0168432416733971,0.907691845445038,0.950000000000022,0.023823828052888,-0.0160357904726116,0.88332319155074,0.950000000000019,1.01886317874708,1.07681623877784,1.05962867179359,-0.0188631787470781,0.0306361085126286,0.918381665107577,0.945787500597592,1.02301776925948,0.0197135637680887,1.17129184569364,0,0,0.923559258983915,0.901921700554495,0.136528251672186,1.06090489091275,0.97950512371907,0,1.0167651310175,1.07475270237911,0.0168271063152612,1.06002681567301,0.0261947610477904,0.930213957208558,LVRT,0.371938051991621,1,0,0,0,0.371938051991621,1,0,0,0,1,1,0.125,1,0.0275196709501884,1,0.992290690443819,1.21037107921063,1,1,0.594108432491062,0.782770814256201,1,0.00387067412807721,0.998167845902662,1.00145838593645,1.00037095751706,0.00329054003378977,0.833501097180847,0.167510391379333,0.499748352530233,0.999571563929768,1.00093107912397,0.501182726593734,1,0.000682975881638349,0.999863441113627,0.999797189327789,1.00033928211216,0.000542092784369474,0.831299707032132,0.00485485309806413,0.837110920160883,0.828945469933991,0.831967048902835,0.00816545022689209,0.77761408484607,0.120993715309331,0.52124279944798,0.911404112649428,0.908094858668858,0.390161313201448,0.932385289232359,0.000822749093001695,0.932521784718157,0.93230670335383,0.933468170944289,0.00116146759045869,0.988858523071702,-0.233480510093958,0.150809575833396,0.404230275900821,0,1,1.5,0.1,1.39262650456855,1.31390921201246,1.08959394719421,1.31390921201246,1.37285879800733,1,Inf,0,1,1,reactive_wrong_sign,0,grid_current_eval_peak_pu=1.314;grid_current_global_peak_pu=1.393;action_max=0.629,1,1,,0,reactive_wrong_sign,0,reactive_wrong_sign,120.101451739104,family_sac_after_finetune,E:\research_space\Hybrid-power-transformer\lab\results\hpt_v2_control_comparison\control_comparison_topology2_fault_all_t2_a_lvrt_r6_square60_pu0500_d080ms_family_sac_t2_a_lvrt_r6_971819eaf403_20260803_143907.csv,t2_a_lvrt_r6_square60_pu0500_d080ms,0.5,80,E:\research_space\Hybrid-power-transformer\lab\results\hpt_family_specialist_t2_a_lvrt_r6_square60_currentwindow_20260803_r1\eval_sac\family_sac_hpt_sac_actor_weights_dynamic.mat,data\models\hpt_t2_a_lvrt_joint_support_family_sac_r6_20260803.zip
hpt_v2_topology2_paper,topology2,fault,lvrt_0500_120ms,conventional_dq,0,NaN,0.5,0.5,1,1,0.08,0.2,0.12,0,controller_filtered_lv_pu,0.325,195.756765640922,NaN,NaN,NaN,NaN,202.572712916987,211.556988964296,184.276590154199,184.276590154199,211.556988964296,0,0,0,1,201.637741252842,205.013380493763,851.703415670369,677.136262037606,977.392339129142,0.95,0.55264206446224,0.95,-0.0216879993898144,0.102269642994879,0,0,1,1,0,0,0.119957932475569,-0.00454544635029831,0,0,-0.019506212454172,0.100855940351578,0,0,6001,16251,5001,16251,-0.0223712898850034,-0.10211838149381,0.950000000000022,0.950000000000022,0.131004020700725,-0.00728203418782398,0.947198687897454,0.950000000000026,-0.0202784885411299,-0.100723270168342,0.950000000000022,0.950000000000022,-0.0223712898850034,-0.10211838149381,0.950000000000022,0.950000000000022,0.979694759166787,1.01360668232332,1.06462926958796,0.0203052408332137,0.150738310090238,0.820344544708778,0.993279654459582,1.05229816168767,0.0428511711267701,1.17505828084519,0.1575,0,0.948879657586861,0.880845008165803,0.136954784236453,1.03529532761728,0.491418096983836,0.508581903016164,0.979668317972532,1.01328831556364,0.0245878206613754,1.06475821217798,0.171965606878624,0.799840031993601,LVRT,0.39022507320869,1,0,0,0,0.39022507320869,1,0,0,0,1,1,0.125,1,0.0301465296552691,1,0.846420327547008,1.22174042391143,1,1,0.512245815984038,0.775403924594459,1,0.00340644796493205,0.998298069888108,1.00093347190852,1.00076628064241,0.00263540202040962,0.832990240774378,0.164951218064728,0.500514374432962,0.999521527940299,0.999448927723579,0.499007153507337,1,0.00179643768106188,1.00076853845196,1.00001778785211,0.999213068581521,0.00155546987044215,0.802075197997644,0.00577538536231278,0.811748833728255,0.801564408147001,0.805722153083873,0.0101844255812539,0.771391858560597,0.118489609676608,0.519056864827342,0.911510701783965,0.895800652044911,0.392453836956623,0.892837378812935,0.00317932663923433,0.890516898936692,0.895915939743187,0.894217697500039,0.00539904080649431,1.06253045386662,-0.191284264850417,0.179187386885616,0.433566887555755,0,1,1.5,0.1,1.53996192050702,1.39177572402973,1.20552521753393,1.39177572402973,1.55159884767213,1,Inf,0,1,1,reactive_wrong_sign,0,grid_current_eval_peak_pu=1.392;grid_current_global_peak_pu=1.540;action_max=0.553,1,1,,0,reactive_wrong_sign,0,reactive_wrong_sign,120.476779790648,strong_dq,E:\research_space\Hybrid-power-transformer\lab\results\hpt_v2_control_comparison\control_comparison_topology2_fault_all_t2_a_lvrt_r6_square60_pu0500_d120ms_family_sac_t2_a_lvrt_r6_a8b8b8a77bc1_20260803_144041.csv,t2_a_lvrt_r6_square60_pu0500_d120ms,0.5,120,,
hpt_v2_topology2_paper,topology2,fault,lvrt_0500_120ms,sac_actor_always_raw,0,NaN,0.5,0.5,1,1,0.08,0.2,0.12,0,controller_filtered_lv_pu,0.325,192.836841784397,NaN,NaN,NaN,NaN,211.204140953408,212.996798793195,180.491176762266,180.491176762266,201.675535930914,0,0,0,1,207.167419831947,212.996798793195,800.842454528269,688.161722835132,968.296863368503,0.95,0.628987660780145,0.95,0.0285911248053655,0.000921780940113434,-5.49339967765365e-05,0.602403843671946,1,1,1,3,0.0535457470826946,0.00104454002406223,-0.000187741961516871,0.604602895366702,0.0287299278986515,0.000914895204583415,-1.05673893838216e-05,0.602204353462752,6001,16251,5001,16251,0.0239530548285709,-0.0155182981304532,0.169137724850289,0.950000000000022,0.0532651218012127,-0.00522449935262843,0.91252388000837,0.950000000000026,0.0239866670650095,-0.015839288516121,0.253491261514582,0.950000000000022,0.0239530548285709,-0.0155182981304532,0.169137724850289,0.950000000000022,1.01926540188326,1.07761182523269,1.00105306816034,-0.019265401883255,0.0166119770303527,0.979491386382281,0.945787500597592,1.02301776925948,0.0197135637680887,1.17129184569364,0,0,0.928845454941879,0.908694575327597,0.13727823476675,1.05456226735206,0.986335610731545,0,1.01987134120303,1.07828109570422,0.0164611582787614,1.0119849221083,0.0161967606478704,0.98000399920016,LVRT,0.371938051991621,1,0,0,0,0.371938051991621,1,0,0,0,1,1,0.125,1,0.0289700424792021,1,0.860202153543915,1.21037107921063,1,1,0.594108432491062,0.790133115639619,1,0.00387067412807721,0.998167845902662,1.00145838593645,1.00037095751706,0.00329054003378977,0.833379820403598,0.166903161016016,0.499930315347506,0.999452206793636,1.00068676693634,0.500756451588834,1,0.00136841546979291,1.0005650582343,0.999383282142514,1.00005130849104,0.0011817760917873,0.831299707032132,0.00485485309806413,0.837110920160883,0.828945469933991,0.831967048902835,0.00816545022689209,0.78489023809539,0.120626979461676,0.527473426734396,0.918889793634972,0.915957977599399,0.391416366900576,0.934729620168489,0.000295628753450048,0.935094493656558,0.935076311614942,0.935411528404045,0.000335216789102726,0.966458304205405,-0.235857476169775,0.14608711838133,0.428468592862552,0,1,1.5,0.1,1.39262650456855,1.31390921201246,1.02910112351934,1.31390921201246,1.37285879800733,1,Inf,0,1,1,reactive_wrong_sign,0,grid_current_eval_peak_pu=1.314;grid_current_global_peak_pu=1.393;action_max=0.629,1,1,,0,reactive_wrong_sign,0,reactive_wrong_sign,120.812203548304,family_sac_after_finetune,E:\research_space\Hybrid-power-transformer\lab\results\hpt_v2_control_comparison\control_comparison_topology2_fault_all_t2_a_lvrt_r6_square60_pu0500_d120ms_family_sac_t2_a_lvrt_r6_a8b8b8a77bc1_20260803_144041.csv,t2_a_lvrt_r6_square60_pu0500_d120ms,0.5,120,E:\research_space\Hybrid-power-transformer\lab\results\hpt_family_specialist_t2_a_lvrt_r6_square60_currentwindow_20260803_r1\eval_sac\family_sac_hpt_sac_actor_weights_dynamic.mat,data\models\hpt_t2_a_lvrt_joint_support_family_sac_r6_20260803.zip
hpt_v2_topology2_paper,topology2,fault,lvrt_0500_160ms,conventional_dq,0,NaN,0.5,0.5,1,1,0.08,0.24,0.16,0,controller_filtered_lv_pu,0.365,195.529912820445,NaN,NaN,NaN,NaN,202.684998492681,211.556988964296,184.232095574171,184.232095574171,211.556988964296,0,0,0,1,201.61484579549,206.059077355142,850.74765694207,677.136262037606,977.392339129142,0.95,0.55264206446224,0.95,-0.0321974926835716,0.0384471586978526,0,0,1,1,0,0,0.123083303499409,-2.92672346998981e-05,0,0,-0.0317107772460694,0.0375953997787786,0,0,8000,18251,5000,18251,-0.0322579078918654,-0.0384184638874219,0.950000000000024,0.950000000000024,0.132164682462407,-0.00987336537329182,0.947886274559325,0.950000000000031,-0.0317099133687747,-0.0376116261824921,0.950000000000022,0.950000000000022,-0.0322579078918654,-0.0384184638874219,0.950000000000024,0.950000000000024,0.97914833064186,1.03464408284205,1.06343457117759,0.0208516693581394,0.0914901387874361,0.887326515704894,0.993279654459582,1.05229816168767,0.0428511711267701,1.17505828084519,0.1575,0,0.948008994486257,0.878763228436707,0.136035690142537,1.03740233275406,0.49975,0.50025,0.979145791888408,1.03462458745394,0.0216595398142392,1.06354968035032,0.1002,0.8766,LVRT,0.390010123546717,1,0,0,0,0.390010123546717,1,0,0,0,1,1,0.125,1,0.0260152377029448,1,0.846420327547008,1.22174042391143,1,1,0.512245815984038,0.774931070803818,1,0.00340644796493205,0.998298069888108,1.00093347190852,1.00076628064241,0.00263540202040962,0.832994948425288,0.164974827241395,0.500507321040568,0.999403388011736,0.999581189483795,0.499073868443227,1,0.00163019025101872,0.999872980226523,0.999366034456333,1.00076048712365,0.00139445266731315,0.802075197997644,0.00577538536231278,0.811748833728255,0.801564408147001,0.805722153083873,0.0101844255812539,0.770893857000319,0.117065435948555,0.51963887588268,0.909817073192922,0.895043124931649,0.390178197310242,0.911469080299614,0.00186094057042172,0.913617297537657,0.911496514427212,0.911389727121421,0.00222757041623626,1.06943631750759,-0.205522615980999,0.176552282828638,0.479994660529166,0,1,1.5,0.1,1.53996192050702,1.40199020870186,1.12766788140263,1.40199020870186,1.55159884767213,1,Inf,0,1,1,reactive_wrong_sign,0,grid_current_eval_peak_pu=1.402;grid_current_global_peak_pu=1.540;action_max=0.553,1,1,,0,reactive_wrong_sign,0,reactive_wrong_sign,122.356804158542,strong_dq,E:\research_space\Hybrid-power-transformer\lab\results\hpt_v2_control_comparison\control_comparison_topology2_fault_all_t2_a_lvrt_r6_square60_pu0500_d160ms_family_sac_t2_a_lvrt_r6_fcca433305da_20260803_144215.csv,t2_a_lvrt_r6_square60_pu0500_d160ms,0.5,160,,
hpt_v2_topology2_paper,topology2,fault,lvrt_0500_160ms,sac_actor_always_raw,0,NaN,0.5,0.5,1,1,0.08,0.24,0.16,0,controller_filtered_lv_pu,0.365,193.430343439052,NaN,NaN,NaN,NaN,210.346478596838,212.883534940275,180.491176762266,180.491176762266,201.843338229661,0,0,0,1,206.252409935699,212.883534940275,781.55133103147,674.607447850082,968.296863368503,0.95,0.628987660780145,0.95,0.0284149272385507,0.000815295928590391,-0.000180523766604306,0.600460227392548,1,1,1,3,0.052804789943567,0.00101547744567904,-0.0004096157561592,0.604680249051539,0.0283217731432402,0.000809529850586649,-0.000178389641359482,0.600524194868596,8000,18251,5000,18251,0.0243711437806996,-0.0137028955153402,0.0884730676901385,0.950000000000024,0.0525918095516154,-0.00425298204892245,0.835683298541883,0.950000000000031,0.0241324518798395,-0.0141755050895493,0.0711120207744046,0.950000000000022,0.0243711437806996,-0.0137028955153402,0.0884730676901385,0.950000000000024,1.01590158918876,1.0746889543737,0.976939163789337,-0.015901589188759,0,0.657596785975164,0.945787500597592,1.02301776925948,0.0197135637680887,1.17129184569364,0,0,0.931851267193353,0.912969096697616,0.137092505355015,1.04566453884861,0.98975,0,1.01671592559962,1.07549802326845,0.0158470166057447,0.978710888836326,0,0.6752,LVRT,0.371938051991621,1,0,0,0,0.371938051991621,1,0,0,0,1,1,0.125,1,0.0284228741076105,1,0.843259309812602,1.21037107921063,1,1,0.594108432491062,0.794441579476058,1,0.00387067412807721,0.998167845902662,1.00145838593645,1.00037095751706,0.00329054003378977,0.833313772767115,0.16657517178181,0.500029418788414,0.999201483128358,1.00073908562551,0.500709666837092,1,0.00160795075187618,1.00073965396659,0.999902359888365,0.999357501432045,0.00138215253454899,0.831299707032132,0.00485485309806413,0.837110920160883,0.828945469933991,0.831967048902835,0.00816545022689209,0.789166114848672,0.119703062995713,0.53164318878751,0.923280860837991,0.920081207086621,0.391637672050481,0.932189598486116,0.000391235173688314,0.932340885616598,0.932461758913786,0.932991208564527,0.000650322947929687,0.944985330826699,-0.230481989715811,0.144068376970754,0.428468592862552,0,1,1.5,0.1,1.39262650456855,1.31390921201246,1.00764573902589,1.31390921201246,1.37285879800733,1,Inf,0,1,1,reactive_wrong_sign,0,grid_current_eval_peak_pu=1.314;grid_current_global_peak_pu=1.393;action_max=0.629,1,1,,0,reactive_wrong_sign,0,reactive_wrong_sign,120.521970746059,family_sac_after_finetune,E:\research_space\Hybrid-power-transformer\lab\results\hpt_v2_control_comparison\control_comparison_topology2_fault_all_t2_a_lvrt_r6_square60_pu0500_d160ms_family_sac_t2_a_lvrt_r6_fcca433305da_20260803_144215.csv,t2_a_lvrt_r6_square60_pu0500_d160ms,0.5,160,E:\research_space\Hybrid-power-transformer\lab\results\hpt_family_specialist_t2_a_lvrt_r6_square60_currentwindow_20260803_r1\eval_sac\family_sac_hpt_sac_actor_weights_dynamic.mat,data\models\hpt_t2_a_lvrt_joint_support_family_sac_r6_20260803.zip
hpt_v2_topology2_paper,topology2,fault,lvrt_0500_200ms,conventional_dq,0,NaN,0.5,0.5,1,1,0.08,0.28,0.2,0,controller_filtered_lv_pu,0.405,196.399103084593,NaN,NaN,NaN,NaN,203.506082514536,211.556988964296,184.232095574171,184.232095574171,211.556988964296,0,0,0,1,201.171231480819,204.677203379011,811.103576924455,548.907231882469,977.392339129142,0.95,0.55264206446224,0.95,-0.044237890903464,-0.107586885502852,0,0,1,1,0,0,0.128310562923092,-0.0197231890568346,0,0,-0.0454558366115542,-0.111813524592314,0,0,10001,20251,5001,20251,-0.0430484845396155,0.107798413363149,0.125193269048335,0.950000000000026,0.138358678367713,0.0105830018746672,0.902388660277945,0.950000000000003,-0.0458536233062911,0.111655240063648,0.0408693075545814,0.950000000000022,-0.0430484845396155,0.107798413363149,0.125193269048335,0.950000000000026,0.982982650299591,1.07883688961055,1.01387947115557,0.0170173497004092,0.0284726793943384,0.971362738643845,0.993279654459582,1.05229816168767,0.0428511711267701,1.17505828084519,0.1575,0,0.950928293538605,0.884220398223752,0.135971107427832,1.02675559036022,0.5998400159984,0.4001599840016,0.983278302584482,1.08191287863848,0.0275170336498172,1.01966410552372,0.00479904019196161,0.99500099980004,LVRT,0.390010123546717,1,0,0,0,0.390010123546717,1,0,0,0,1,1,0.125,1,0.0281583020250269,1,0.686134039853086,1.22174042391143,0,1,0.512245815984038,0.780257086937421,1,0.00340644796493205,0.998298069888108,1.00093347190852,1.00076628064241,0.00263540202040962,0.833017698612752,0.165088666002425,0.500473230275242,0.999399663549682,0.999653187664722,0.499179957389479,1,0.000862648932261022,0.999569608509103,1.0002408644873,1.00018938744353,0.000671255978194573,0.802075197997644,0.00577538536231278,0.811748833728255,0.801564408147001,0.805722153083873,0.0101844255812539,0.776330546255983,0.116670322066296,0.525002515224986,0.914947382012223,0.901115564716504,0.389944866787237,0.952050695335498,0.00133016882723115,0.952139672768599,0.954061587915415,0.953665742693876,0.00192191514681627,1.04760431845554,-0.217767843036592,0.168030679393187,0.542791620465157,0,1,1.5,0.1,1.53996192050702,1.40199020870186,1.01990476124664,1.40199020870186,1.55159884767213,1,Inf,0,1,1,reactive_wrong_sign,0,grid_current_eval_peak_pu=1.402;grid_current_global_peak_pu=1.540;action_max=0.553,1,0,dc_link_bounds,0,gbt_vdc_survive;reactive_wrong_sign,0,gbt_vdc_survive;reactive_wrong_sign,134.639904510533,strong_dq,E:\research_space\Hybrid-power-transformer\lab\results\hpt_v2_control_comparison\control_comparison_topology2_fault_all_t2_a_lvrt_r6_square60_pu0500_d200ms_family_sac_t2_a_lvrt_r6_ca9740125232_20260803_144349.csv,t2_a_lvrt_r6_square60_pu0500_d200ms,0.5,200,,
hpt_v2_topology2_paper,topology2,fault,lvrt_0500_200ms,sac_actor_always_raw,0,NaN,0.5,0.5,1,1,0.08,0.28,0.2,0,controller_filtered_lv_pu,0.405,193.629108534854,NaN,NaN,NaN,NaN,210.012337337229,212.814149201961,180.491176762266,180.491176762266,201.843338229661,0,0,0,1,205.651157294013,212.814149201961,781.836172269368,665.647991316168,968.296863368503,0.95,0.628987660780145,0.95,0.0293817079833874,0.000779429594473724,-0.000233409523209162,0.600710062996093,1,1,1,3,0.0523732273619417,0.000978424789959852,-0.000552828031726021,0.604726572904937,0.0284159834205354,0.000793215523379867,-0.000252011215029767,0.60065256370508,10001,20251,5001,20251,0.0255423079533989,-0.0131084530954077,0.144217880261681,0.950000000000026,0.0522027982111058,-0.0035684527064511,0.768959099906864,0.950000000000003,0.0245497641432911,-0.0131537111895948,0.0425967153570772,0.950000000000022,0.0255423079533989,-0.0131084530954077,0.144217880261681,0.950000000000026,1.01452337315442,1.07317552012253,0.97729521533671,-0.0145233731544224,0.033080974325214,0.658327847267939,0.945787500597592,1.02301776925948,0.0197135637680887,1.17129184569364,0,0,0.933182751290209,0.915405449499298,0.136352049449298,1.0364134117923,0.991800819918008,0,1.01540304252294,1.07425067196378,0.0158328201371561,0.97029608156539,0,0.675064987002599,LVRT,0.371938051991621,1,0,0,0,0.371938051991621,1,0,0,0,1,1,0.125,1,0.028087677304157,1,0.832059989145211,1.21037107921063,1,1,0.594108432491062,0.796911111541364,1,0.00387067412807721,0.998167845902662,1.00145838593645,1.00037095751706,0.00329054003378977,0.833213933535023,0.166075901204016,0.500179145245908,0.999057340011036,1.00058369065979,0.500404545413882,1,0.000891718265288867,1.00034492205948,0.99958281318071,1.00007211565144,0.000762108878772507,0.831299707032132,0.00485485309806413,0.837110920160883,0.828945469933991,0.831967048902835,0.00816545022689209,0.791678369131124,0.118683069175358,0.53461134499278,0.925301703384339,0.922421300555517,0.39069035839156,0.931039885586248,0.0004418530294514,0.931097277212593,0.931705387026643,0.931554562448809,0.000608109814049469,0.930917328709,-0.225687783943401,0.143473447236492,0.428468592862552,0,1,1.5,0.1,1.39262650456855,1.31390921201246,1.00067885578174,1.31390921201246,1.37285879800733,1,Inf,0,1,1,reactive_wrong_sign,0,grid_current_eval_peak_pu=1.314;grid_current_global_peak_pu=1.393;action_max=0.629,1,1,,0,reactive_wrong_sign,0,reactive_wrong_sign,120.415389474977,family_sac_after_finetune,E:\research_space\Hybrid-power-transformer\lab\results\hpt_v2_control_comparison\control_comparison_topology2_fault_all_t2_a_lvrt_r6_square60_pu0500_d200ms_family_sac_t2_a_lvrt_r6_ca9740125232_20260803_144349.csv,t2_a_lvrt_r6_square60_pu0500_d200ms,0.5,200,E:\research_space\Hybrid-power-transformer\lab\results\hpt_family_specialist_t2_a_lvrt_r6_square60_currentwindow_20260803_r1\eval_sac\family_sac_hpt_sac_actor_weights_dynamic.mat,data\models\hpt_t2_a_lvrt_joint_support_family_sac_r6_20260803.zip
hpt_v2_topology2_paper,topology2,fault,lvrt_0500_240ms,conventional_dq,0,NaN,0.5,0.5,1,1,0.08,0.32,0.24,0,controller_filtered_lv_pu,0.445,196.953307167249,NaN,NaN,NaN,NaN,203.236063929006,211.556988964296,184.232095574171,184.232095574171,211.556988964296,0,0,0,1,200.899841908796,204.321594533739,808.710375431766,526.870762741149,977.392339129142,0.95,0.55264206446224,0.95,-0.0270403120143117,-0.116389764243383,0,0,1,1,0,0,0.130783009152816,-0.0331133007406079,0,0,-0.0426062101836096,-0.124429853932823,0,0,12001,22251,5000,22251,-0.0245631144073382,0.115858161498304,0.161828151622715,0.950000000000028,0.140787598357217,0.0249266182385876,0.843512660233528,0.949999999999972,-0.0428195660323883,0.124355242488232,0.0348699778076143,0.950000000000022,-0.0245631144073382,0.115858161498304,0.161828151622715,0.950000000000028,0.9807906370281,1.06718566205775,1.01088796928971,0.0192093629719004,0.123427201917316,0.876273217495506,0.993279654459582,1.05229816168767,0.0428511711267701,1.17505828084519,0.1575,0,0.953032030230069,0.889241611549677,0.135659828448743,1.01680292833123,0.666527789350887,0.333472210649113,0.981828259274168,1.08569109653174,0.0294155303467735,1.02396572297264,0.0096,0.99,LVRT,0.390010123546717,1,0,0,0,0.390010123546717,1,0,0,0,1,1,0.125,1,0.0294693627594408,1,0.658588453426436,1.22174042391143,0,1,0.512245815984038,0.784809231263374,1,0.00340644796493205,0.998298069888108,1.00093347190852,1.00076628064241,0.00263540202040962,0.832892482559746,0.164463106928788,0.500660848002188,0.999084958493681,0.999591970167127,0.498931122164939,1,0.00151290644695676,0.999342013783,1.00065220013627,1.00000535691094,0.00131018635327022,0.802075197997644,0.00577538536231278,0.811748833728255,0.801564408147001,0.805722153083873,0.0101844255812539,0.780946436820657,0.116110631677411,0.529728314771941,0.91957686630088,0.905825858211666,0.389848551528938,0.955371440688157,0.00119648167603206,0.955832476066433,0.957523585301627,0.956933390667549,0.00169110923519459,1.02551345425658,-0.224456126580744,0.162269698426921,0.542791620465157,0,1,1.5,0.1,1.53996192050702,1.40199020870186,1.0342065161722,1.40199020870186,1.55159884767213,1,Inf,0,1,1,reactive_wrong_sign,0,grid_current_eval_peak_pu=1.402;grid_current_global_peak_pu=1.540;action_max=0.553,1,0,dc_link_bounds,0,gbt_vdc_survive;reactive_wrong_sign,0,gbt_vdc_survive;reactive_wrong_sign,136.78671432524,strong_dq,E:\research_space\Hybrid-power-transformer\lab\results\hpt_v2_control_comparison\control_comparison_topology2_fault_all_t2_a_lvrt_r6_square60_pu0500_d240ms_family_sac_t2_a_lvrt_r6_b8db4ded8247_20260803_144520.csv,t2_a_lvrt_r6_square60_pu0500_d240ms,0.5,240,,
hpt_v2_topology2_paper,topology2,fault,lvrt_0500_240ms,sac_actor_always_raw,0,NaN,0.5,0.5,1,1,0.08,0.32,0.24,0,controller_filtered_lv_pu,0.445,193.710592223886,NaN,NaN,NaN,NaN,209.284489289113,212.949903577096,180.491176762266,180.491176762266,201.843338229661,0,0,0,1,205.212460513908,212.949903577096,769.743354008195,659.2342743877,968.296863368503,0.95,0.628987660780145,0.95,0.0314256556704816,0.000742122852536953,-0.000404913087895525,0.601135990308242,1,1,1,3,0.0521034303533606,0.000946669116616166,-0.000654042239240914,0.604753144415365,0.0284890564261504,0.000767296516938048,-0.000363663271549821,0.600757043676515,12001,22251,5000,22251,0.0281179529862825,-0.0114090449656596,0.135791906017903,0.950000000000028,0.0519616137962119,-0.00308862354068025,0.718083970182964,0.949999999999972,0.0248843243729854,-0.0123100737984119,-0.0273064343601315,0.950000000000022,0.0281179529862825,-0.0114090449656596,0.135791906017903,0.950000000000028,1.00600110079966,1.05864981506226,0.962179192510244,-0.00600110079966175,0.119982025164769,0.599161174355902,0.945787500597592,1.02301776925948,0.0197135637680887,1.17129184569364,0,0,0.933878386061527,0.916989792686066,0.135717974749947,1.02930290386571,0.993167236063661,0,1.01262981810583,1.07175656607653,0.0152972800445541,0.948379839063735,0,0.6752,LVRT,0.371938051991621,1,0,0,0,0.371938051991621,1,0,0,0,1,1,0.125,1,0.0287434955415262,1,0.824042842984625,1.21037107921063,1,1,0.594108432491062,0.798491670878219,1,0.00387067412807721,0.998167845902662,1.00145838593645,1.00037095751706,0.00329054003378977,0.833184266203981,0.165926492684091,0.500223614923656,0.999081893954048,1.00047024416723,0.500246629243571,1,0.00103177394404592,1.00028741176057,1.00022723629987,0.999485152284541,0.000802259476033414,0.831299707032132,0.00485485309806413,0.837110920160883,0.828945469933991,0.831967048902835,0.00816545022689209,0.793312881996953,0.117859948456945,0.53658683456315,0.926554365163901,0.923856186901472,0.389967530600751,0.928866624893904,0.000742179146778134,0.928581776514502,0.929827553444457,0.929349409513105,0.00124577692995506,0.921614945474134,-0.222221807102037,0.143236054082783,0.428468592862552,0,1,1.5,0.1,1.39262650456855,1.31390921201246,0.995032063700678,1.31390921201246,1.37285879800733,1,Inf,0,1,1,reactive_wrong_sign,0,grid_current_eval_peak_pu=1.314;grid_current_global_peak_pu=1.393;action_max=0.629,1,1,,0,reactive_wrong_sign,0,reactive_wrong_sign,120.253523127547,family_sac_after_finetune,E:\research_space\Hybrid-power-transformer\lab\results\hpt_v2_control_comparison\control_comparison_topology2_fault_all_t2_a_lvrt_r6_square60_pu0500_d240ms_family_sac_t2_a_lvrt_r6_b8db4ded8247_20260803_144520.csv,t2_a_lvrt_r6_square60_pu0500_d240ms,0.5,240,E:\research_space\Hybrid-power-transformer\lab\results\hpt_family_specialist_t2_a_lvrt_r6_square60_currentwindow_20260803_r1\eval_sac\family_sac_hpt_sac_actor_weights_dynamic.mat,data\models\hpt_t2_a_lvrt_joint_support_family_sac_r6_20260803.zip
hpt_v2_topology2_paper,topology2,fault,lvrt_0500_300ms,conventional_dq,0,NaN,0.5,0.5,1,1,0.08,0.38,0.3,0,controller_filtered_lv_pu,0.505,197.464074955421,NaN,NaN,NaN,NaN,202.72945028196,211.556988964296,184.232095574171,184.232095574171,211.556988964296,0,0,0,1,195.050606787491,204.443035196302,775.669589979634,466.484241531984,977.392339129142,0.95,0.55264206446224,0.95,0.000509097762091941,-0.117086218503704,0,0,1,1,0,0,0.134890900944487,-0.0540705246793401,0,0,-0.0359434565040706,-0.109982571696591,0,0,15001,25251,5001,25251,0.00502525233940358,0.116371066976002,0.123985606465317,0.900370062472113,0.144771315394968,0.0471435878252534,0.783598435818533,0.949999999999941,-0.0359075374722353,0.10999625034343,-0.0929928985544187,0.916305978892063,0.00502525233940358,0.116371066976002,0.123985606465317,0.900370062472113,0.975431332866505,1.04500366131815,0.969586987474542,0.0245686671334951,0.219904963041183,0.779831045406547,0.993279654459582,1.05229816168767,0.0428511711267701,1.17505828084519,0.1575,0,0.954840855317688,0.895094969078944,0.135515864078016,1.00680919736707,0.733217785480968,0.266782214519032,0.979508262717957,1.07756547356726,0.0277168854403093,0.972663556959499,0.00459908018396321,0.99500099980004,LVRT,0.390010123546717,1,0,0,0,0.390010123546717,1,0,0,0,1,1,0.125,1,0.057726537258499,1,0.58310530191498,1.22174042391143,0,1,0.512245815984038,0.790364479896717,1,0.00340644796493205,0.998298069888108,1.00093347190852,1.00076628064241,0.00263540202040962,0.832827241711513,0.164138999449707,0.500758596321127,0.998732561387589,0.999748260146605,0.498989663825477,1,0.00175399222589001,0.999951724014238,1.00078218089383,0.999265518291477,0.00151666260235748,0.802075197997644,0.00577538536231278,0.811748833728255,0.801564408147001,0.805722153083873,0.0101844255812539,0.786585663584527,0.115863480808473,0.534925357183609,0.925544168091362,0.91136871779892,0.390618810907753,0.94705050628265,0.00175788674609658,0.947193136520539,0.950153531599642,0.948619889080881,0.00296039507910247,1.00636948650872,-0.234844731620715,0.155990300985559,0.542791620465157,0,1,1.5,0.1,1.53996192050702,1.40199020870186,1.01811556482281,1.40199020870186,1.55159884767213,1,Inf,0,1,1,reactive_wrong_sign,0,grid_current_eval_peak_pu=1.402;grid_current_global_peak_pu=1.540;action_max=0.553,1,0,dc_link_bounds,0,gbt_vdc_survive;reactive_wrong_sign,0,gbt_vdc_survive;reactive_wrong_sign,142.824535617932,strong_dq,E:\research_space\Hybrid-power-transformer\lab\results\hpt_v2_control_comparison\control_comparison_topology2_fault_all_t2_a_lvrt_r6_square60_pu0500_d300ms_family_sac_t2_a_lvrt_r6_1a457eac15c9_20260803_144649.csv,t2_a_lvrt_r6_square60_pu0500_d300ms,0.5,300,,
hpt_v2_topology2_paper,topology2,fault,lvrt_0500_300ms,sac_actor_always_raw,0,NaN,0.5,0.5,1,1,0.08,0.38,0.3,0,controller_filtered_lv_pu,0.505,193.802102745782,NaN,NaN,NaN,NaN,207.684177282003,212.871807752712,180.491176762266,180.491176762266,201.843338229661,0,0,0,1,202.219891465091,212.871807752712,748.498264116433,609.104528423428,968.296863368503,0.95,0.628987660780145,0.95,0.0333841399012962,0.000693580532846133,-0.000619527975847398,0.601734083858071,1,1,1,3,0.0518380133669568,0.000909415772170197,-0.000756835709972021,0.60482438922752,0.0280732157741008,0.000711951029465802,-0.000525345834392334,0.60091828247382,15001,25251,5001,25251,0.0310833493439899,-0.00820340995785373,0.0672774010488713,0.95000000000003,0.0517246712054365,-0.00261349173431914,0.649902697385209,0.949999999999941,0.0253874129670759,-0.00940943066738238,-0.143270331291489,0.950000000000022,0.0310833493439899,-0.00820340995785373,0.0672774010488713,0.95000000000003,0.992859400829706,1.03845314610858,0.93562283014554,0.00714059917029309,0.224524815205913,0.527983104540655,0.945787500597592,1.02301776925948,0.0197135637680887,1.17129184569364,0,0,0.934657684100003,0.918648114319361,0.135033062162768,1.02035535199018,0.994533697753483,0,1.00626106518181,1.06578801657849,0.0148227741721984,0.909480591471016,0,0.675064987002599,LVRT,0.371938051991621,1,0,0,0,0.371938051991621,1,0,0,0,1,1,0.125,1,0.0283662210275957,1,0.761380660529285,1.21037107921063,1,1,0.594108432491062,0.800134429896363,1,0.00387067412807721,0.998167845902662,1.00145838593645,1.00037095751706,0.00329054003378977,0.833082549298248,0.165416390606808,0.500376079825825,0.999041110090554,1.00020596643971,0.499829886613884,1,0.00060227492834208,1.00029142476477,0.999919822076639,0.999788685153164,0.000502739611605052,0.831299707032132,0.00485485309806413,0.837110920160883,0.828945469933991,0.831967048902835,0.00816545022689209,0.795029545256343,0.116990489260559,0.538614782200381,0.927988465329172,0.92521331732634,0.389373683128791,0.923407310182135,0.0012832818173982,0.922690270298105,0.924727139279737,0.924133772826316,0.00203686898163238,0.910892863336179,-0.217930715452508,0.142895187594966,0.428468592862552,0,1,1.5,0.1,1.39262650456855,1.31390921201246,0.988885684027406,1.31390921201246,1.37285879800733,1,Inf,0,1,1,reactive_wrong_sign,0,grid_current_eval_peak_pu=1.314;grid_current_global_peak_pu=1.393;action_max=0.629,1,0,dc_link_bounds,0,reactive_wrong_sign,0,reactive_wrong_sign,124.004705779403,family_sac_after_finetune,E:\research_space\Hybrid-power-transformer\lab\results\hpt_v2_control_comparison\control_comparison_topology2_fault_all_t2_a_lvrt_r6_square60_pu0500_d300ms_family_sac_t2_a_lvrt_r6_1a457eac15c9_20260803_144649.csv,t2_a_lvrt_r6_square60_pu0500_d300ms,0.5,300,E:\research_space\Hybrid-power-transformer\lab\results\hpt_family_specialist_t2_a_lvrt_r6_square60_currentwindow_20260803_r1\eval_sac\family_sac_hpt_sac_actor_weights_dynamic.mat,data\models\hpt_t2_a_lvrt_joint_support_family_sac_r6_20260803.zip
hpt_v2_topology2_paper,topology2,fault,lvrt_0575_080ms,conventional_dq,0,NaN,0.575,0.575,1,1,0.08,0.16,0.08,0,controller_filtered_lv_pu,0.285,201.639287464492,NaN,NaN,NaN,NaN,206.467236302906,213.919911042486,190.881319247755,190.881319247755,213.919911042486,0,0,0,1,205.640440928797,207.790227403057,851.450719189577,706.318949142569,977.392339129142,0.95,0.55264206446224,0.95,0.0111501045228977,0.0752046158753374,0,0,1,1,0,0,0.133420531473511,-0.0519969197948839,0,0,0.0111814165440615,0.0741686361898543,0,0,4001,14251,5001,14251,0.00871188525145095,-0.0747296562175195,0.950000000000019,0.950000000000019,0.14868412938872,0.0337965531279143,0.949944078359084,0.950000000000017,0.00963876713558503,-0.0740179220152971,0.950000000000022,0.950000000000022,0.00871188525145095,-0.0747296562175195,0.950000000000019,0.950000000000019,0.997672285787807,1.01202445102207,1.06431339898697,0.002327714212193,0.771281571562208,0.222404115996258,0.993279654459582,1.05229816168767,0.0428511711267701,1.17505828084519,0.1575,0,0.972449163122579,0.909078151743858,0.120822198073754,1.04103971632149,0.731067233191702,0.268932766808298,0.997241185402306,1.01178552588242,0.0258247338826664,1.06449585073833,0.609478104379124,0.385122975404919,LVRT,0.347131977042294,1,0,0,0,0.347131977042294,1,0,0,0,1,1,0.125,1,0.0100513350728308,1,0.882898686428211,1.22174042391143,1,1,0.569978778684161,0.798002513678481,1,0.00340644796493205,0.998298069888108,1.00093347190852,1.00076628064241,0.00263540202040962,0.858178963275345,0.140732524088121,0.575313205902912,0.999435377535042,1.00001960860307,0.424706402700157,1,0.00292193536643085,1.00124463129201,1.00003876676238,0.99871500102947,0.00252963026254207,0.802075197997644,0.00577538536231278,0.811748833728255,0.801564408147001,0.805722153083873,0.0101844255812539,0.795167732948562,0.101814378261195,0.578394491918958,0.919072198412394,0.899619949906183,0.340677706493436,0.891399760631888,0.00262964972719929,0.889791167132475,0.894976027446966,0.891764495017044,0.00518486031449094,1.07034062403417,-0.199419999823289,0.15449481800252,0.373606590240877,0,1,1.5,0.1,1.53996192050702,1.40889592157769,1.20618155251933,1.40889592157769,1.55159884767213,1,Inf,0,1,1,reactive_wrong_sign,0,grid_current_eval_peak_pu=1.409;grid_current_global_peak_pu=1.540;action_max=0.553,1,1,,0,reactive_wrong_sign,0,reactive_wrong_sign,116.122958856156,strong_dq,E:\research_space\Hybrid-power-transformer\lab\results\hpt_v2_control_comparison\control_comparison_topology2_fault_all_t2_a_lvrt_r6_square60_pu0575_d080ms_family_sac_t2_a_lvrt_r6_d6177e92dc2a_20260803_144818.csv,t2_a_lvrt_r6_square60_pu0575_d080ms,0.575,80,,
hpt_v2_topology2_paper,topology2,fault,lvrt_0575_080ms,sac_actor_always_raw,0,NaN,0.575,0.575,1,1,0.08,0.16,0.08,0,controller_filtered_lv_pu,0.285,193.164094760092,NaN,NaN,NaN,NaN,210.323768315723,211.95864805988,183.246961212469,183.246961212469,201.742046788874,0,0,0,1,208.478800173696,211.95864805988,848.130389681931,799.747850682032,968.296863368503,0.95,0.628987660780145,0.95,0.02927353886938,0.00123685060387072,0.00025012721071093,0.602298291139209,1,1,1,3,0.0519447261452316,0.00103883410264122,-3.31491893231277e-05,0.602313853295023,0.0304947673698593,0.0012452152568651,0.000160303807280054,0.60218268776332,4001,14251,5001,14251,0.0242534905798737,-0.0164385273225148,0.936630818337181,0.950000000000019,0.0515713994503185,-0.00621220580075079,0.948827201165975,0.950000000000017,0.0252047660900442,-0.0172093282435471,0.940433906917286,0.950000000000022,0.0242534905798737,-0.0164385273225148,0.936630818337181,0.950000000000019,1.01682129419786,1.07457698066942,1.06016298710241,-0.01682129419786,0.0243217960710945,0.947614593077643,0.945787500597592,1.02301776925948,0.0197135637680887,1.17129184569364,0,0,0.932863298798962,0.921863295798439,0.116646774081915,1.06364236725701,0.973256685828543,0,1.01500438724367,1.07272888043922,0.0169253828757952,1.06047198704505,0.0207958408318336,0.955208958208358,LVRT,0.310251020350094,1,0,0,0,0.310251020350094,1,0,0,0,1,1,0.125,1,0.0239548215453156,1,0.99968481335254,1.21037107921063,1,1,0.623503786468509,0.799492174319806,1,0.00387067412807721,0.998167845902662,1.00145838593645,1.00037095751706,0.00329054003378977,0.858337679157736,0.141694060615469,0.574991190441541,0.999726837762396,1.00028840419418,0.425297213752635,1,0.000379984890974605,0.999875037533271,1.00018640589941,0.99993852949662,0.000311368366138591,0.831299707032132,0.00485485309806413,0.837110920160883,0.828945469933991,0.831967048902835,0.00816545022689209,0.795706354820242,0.103123297703615,0.576985590298462,0.908800967937889,0.907674142774147,0.331815377639427,0.930564668633492,0.00107149073784793,0.930920039239336,0.930046294451035,0.931796270158734,0.00174997570769818,1.01127857891048,-0.218000119671116,0.131857828415341,0.385863719929534,0,1,1.5,0.1,1.37647126246026,1.29843683448431,1.0993407738986,1.29843683448431,1.37285879800733,1,Inf,0,1,1,reactive_wrong_sign,0,grid_current_eval_peak_pu=1.298;grid_current_global_peak_pu=1.376;action_max=0.629,1,1,,0,reactive_wrong_sign,0,reactive_wrong_sign,118.866483508308,family_sac_after_finetune,E:\research_space\Hybrid-power-transformer\lab\results\hpt_v2_control_comparison\control_comparison_topology2_fault_all_t2_a_lvrt_r6_square60_pu0575_d080ms_family_sac_t2_a_lvrt_r6_d6177e92dc2a_20260803_144818.csv,t2_a_lvrt_r6_square60_pu0575_d080ms,0.575,80,E:\research_space\Hybrid-power-transformer\lab\results\hpt_family_specialist_t2_a_lvrt_r6_square60_currentwindow_20260803_r1\eval_sac\family_sac_hpt_sac_actor_weights_dynamic.mat,data\models\hpt_t2_a_lvrt_joint_support_family_sac_r6_20260803.zip
hpt_v2_topology2_paper,topology2,fault,lvrt_0575_120ms,conventional_dq,0,NaN,0.575,0.575,1,1,0.08,0.2,0.12,0,controller_filtered_lv_pu,0.325,200.04479357743,NaN,NaN,NaN,NaN,206.806317409453,213.919911042486,190.024471604184,190.024471604184,213.919911042486,0,0,0,1,205.958272587797,207.796281747234,850.884379790573,706.318949142569,977.392339129142,0.95,0.55264206446224,0.95,0.00573383028513016,0.0824624907464041,0,0,1,1,0,0,0.122907004915664,-0.0151732833442933,0,0,0.00582422675186288,0.0820861474925856,0,0,6001,16251,5001,16251,0.000640859919878743,-0.0809589589004227,0.950000000000022,0.950000000000022,0.132699168464417,0.00236387747128802,0.949962715799831,0.950000000000026,6.34424859704458e-05,-0.0803656173636018,0.950000000000022,0.950000000000022,0.000640859919878743,-0.0809589589004227,0.950000000000022,0.950000000000022,0.999094904278623,1.01716153629582,1.06360547473822,0.000905095721375489,0.918785890073831,0.081214109926169,0.993279654459582,1.05229816168767,0.0428511711267701,1.17505828084519,0.1575,0,0.967539290649527,0.904517466342403,0.119130321926299,1.04692220298544,0.48741876353941,0.51258123646059,0.999089824182823,1.01701978514013,0.0243959865439058,1.06371915007156,0.970805838832234,0.0291941611677664,LVRT,0.342992616445335,1,0,0,0,0.342992616445335,1,0,0,0,1,1,0.125,1,0.00782328328041437,1,0.882898686428211,1.22174042391143,1,1,0.569978778684161,0.795991032900753,1,0.00340644796493205,0.998298069888108,1.00093347190852,1.00076628064241,0.00263540202040962,0.85834781254482,0.141754962734568,0.574970620308546,0.999820075910708,1.00023097503844,0.425260354729889,1,0.003682404420291,0.998866780747312,1.00182179692358,0.999308881942066,0.00295501617627187,0.802075197997644,0.00577538536231278,0.811748833728255,0.801564408147001,0.805722153083873,0.0101844255812539,0.793015273694521,0.10100892682159,0.575895940394929,0.915128740976483,0.898128656904786,0.339232800581555,0.896072229827877,0.00234831573759408,0.894736124098728,0.896899628173945,0.898808256089514,0.00407213199078579,1.08391413224404,-0.199281549957488,0.157326671320688,0.434870523445533,0,1,1.5,0.1,1.53996192050702,1.40889592157769,1.18820963276119,1.40889592157769,1.55159884767213,1,Inf,0,1,1,reactive_wrong_sign,0,grid_current_eval_peak_pu=1.409;grid_current_global_peak_pu=1.540;action_max=0.553,1,1,,0,reactive_wrong_sign,0,reactive_wrong_sign,118.824598740445,strong_dq,E:\research_space\Hybrid-power-transformer\lab\results\hpt_v2_control_comparison\control_comparison_topology2_fault_all_t2_a_lvrt_r6_square60_pu0575_d120ms_family_sac_t2_a_lvrt_r6_a6b71ed936a3_20260803_144946.csv,t2_a_lvrt_r6_square60_pu0575_d120ms,0.575,120,,
hpt_v2_topology2_paper,topology2,fault,lvrt_0575_120ms,sac_actor_always_raw,0,NaN,0.575,0.575,1,1,0.08,0.2,0.12,0,controller_filtered_lv_pu,0.325,194.958822721108,NaN,NaN,NaN,NaN,211.58039129686,213.03842807411,183.246961212469,183.246961212469,203.144396279832,0,0,0,1,208.760175145923,213.03842807411,813.253211447637,711.656256940217,968.296863368503,0.95,0.628987660780145,0.95,0.0283233572967383,0.000895436482273304,0.000149707814575868,0.60216965275824,1,1,1,3,0.0507930579619786,0.00101529185154858,-0.00024088619910034,0.602289024259777,0.0285422914730052,0.000899955854590944,0.000177142342505495,0.601998452097876,6001,16251,5001,16251,0.0236625017727761,-0.0155915766515108,0.242962533944747,0.950000000000022,0.0505238067882261,-0.00498983508336536,0.938474605270481,0.950000000000026,0.0238347159793408,-0.0157280705928772,0.319387891588954,0.950000000000022,0.0236625017727761,-0.0155915766515108,0.242962533944747,0.950000000000022,1.02128201423181,1.07955286812958,1.01656651430955,-0.0212820142318101,0.0650123051681706,0.923092698933552,0.945787500597592,1.02301776925948,0.0197135637680887,1.17129184569364,0,0,0.938701793258395,0.929082104218881,0.11745708928721,1.05996072214715,0.982169638393601,0,1.021345164506,1.07968178611743,0.0166207797183325,1.02567726971025,0.0633873225354929,0.9250149970006,LVRT,0.310251020350094,1,0,0,0,0.310251020350094,1,0,0,0,1,1,0.125,1,0.0291711501164718,1,0.889570321175271,1.21037107921063,1,1,0.623503786468509,0.807000076134697,1,0.00387067412807721,0.998167845902662,1.00145838593645,1.00037095751706,0.00329054003378977,0.858303607776786,0.141487128021741,0.575060327506072,0.999743303289955,1.00015172934685,0.425091401840781,1,0.00207466543894609,1.00005779514338,0.999073711594321,1.00086768614743,0.00179397455311218,0.831299707032132,0.00485485309806413,0.837110920160883,0.828945469933991,0.831967048902835,0.00816545022689209,0.803116233019115,0.102832171385197,0.583589111477696,0.91657547518541,0.915505592468497,0.332986363707714,0.936190559063583,0.000429380709217787,0.936931833223877,0.936199653350872,0.936750631185026,0.000732179873004854,0.989192679614775,-0.221259427310204,0.126126612010379,0.385863719929534,0,1,1.5,0.1,1.37647126246026,1.29843683448431,1.0333316935638,1.29843683448431,1.37285879800733,1,Inf,0,1,1,reactive_wrong_sign,0,grid_current_eval_peak_pu=1.298;grid_current_global_peak_pu=1.376;action_max=0.629,1,1,,0,reactive_wrong_sign,0,reactive_wrong_sign,118.758862512332,family_sac_after_finetune,E:\research_space\Hybrid-power-transformer\lab\results\hpt_v2_control_comparison\control_comparison_topology2_fault_all_t2_a_lvrt_r6_square60_pu0575_d120ms_family_sac_t2_a_lvrt_r6_a6b71ed936a3_20260803_144946.csv,t2_a_lvrt_r6_square60_pu0575_d120ms,0.575,120,E:\research_space\Hybrid-power-transformer\lab\results\hpt_family_specialist_t2_a_lvrt_r6_square60_currentwindow_20260803_r1\eval_sac\family_sac_hpt_sac_actor_weights_dynamic.mat,data\models\hpt_t2_a_lvrt_joint_support_family_sac_r6_20260803.zip
hpt_v2_topology2_paper,topology2,fault,lvrt_0575_160ms,conventional_dq,0,NaN,0.575,0.575,1,1,0.08,0.24,0.16,0,controller_filtered_lv_pu,0.365,200.017282646441,NaN,NaN,NaN,NaN,208.323221294777,213.919911042486,190.024471604184,190.024471604184,213.919911042486,0,0,0,1,207.223311287864,209.243130418812,840.280375794889,706.318949142569,977.392339129142,0.95,0.55264206446224,0.95,-0.0126199123643039,-0.0639831167542822,0,0,1,1,0,0,0.123581760571634,-0.00458358209602907,0,0,-0.0128792434705107,-0.0636924107843349,0,0,8000,18251,5000,18251,0.0195294167641885,0.0618199360393189,0.393282107554226,0.950000000000024,0.131574439901205,-0.00614064385486011,0.949195994083518,0.950000000000031,0.0197463992351624,0.0615459019003504,0.435582450116492,0.950000000000022,0.0195294167641885,0.0618199360393189,0.393282107554226,0.950000000000024,1.00562142047731,1.07672890388432,1.05035046974361,-0.00562142047731049,0.00748721694667641,0.986303871439007,0.993279654459582,1.05229816168767,0.0428511711267701,1.17505828084519,0.1575,0,0.96775685717923,0.903883040821697,0.118382688636167,1.04638487224666,0.499875,0.500125,1.00579278080567,1.07721151549369,0.0214789722050147,1.05518769543552,0.0082,0.985,LVRT,0.342992616445335,1,0,0,0,0.342992616445335,1,0,0,0,1,1,0.125,1,0.0115300072271121,1,0.882898686428211,1.22174042391143,1,1,0.569978778684161,0.796069192458125,1,0.00340644796493205,0.998298069888108,1.00093347190852,1.00076628064241,0.00263540202040962,0.85836165210528,0.141838493774461,0.574942529014251,0.999914115573468,1.00018580802163,0.425243279007381,1,0.000662637995285857,1.00022680270764,1.00009572435439,0.999677390598239,0.000549412109405812,0.802075197997644,0.00577538536231278,0.811748833728255,0.801564408147001,0.805722153083873,0.0101844255812539,0.793132288343729,0.100045769244289,0.576712303423566,0.914080200511325,0.898465264396429,0.337367897087758,0.949181799747965,0.00114856549678449,0.949402259011308,0.949578316849816,0.951075484425603,0.00167322541429581,1.07963338459595,-0.202517878216971,0.155923638744833,0.510839078765851,0,1,1.5,0.1,1.53996192050702,1.40889592157769,1.06496081085716,1.40889592157769,1.55159884767213,1,Inf,0,1,1,reactive_wrong_sign,0,grid_current_eval_peak_pu=1.409;grid_current_global_peak_pu=1.540;action_max=0.553,1,1,,0,reactive_wrong_sign,0,reactive_wrong_sign,122.094750880301,strong_dq,E:\research_space\Hybrid-power-transformer\lab\results\hpt_v2_control_comparison\control_comparison_topology2_fault_all_t2_a_lvrt_r6_square60_pu0575_d160ms_family_sac_t2_a_lvrt_r6_d5182c224cb3_20260803_145109.csv,t2_a_lvrt_r6_square60_pu0575_d160ms,0.575,160,,
hpt_v2_topology2_paper,topology2,fault,lvrt_0575_160ms,sac_actor_always_raw,0,NaN,0.575,0.575,1,1,0.08,0.24,0.16,0,controller_filtered_lv_pu,0.365,195.639933695752,NaN,NaN,NaN,NaN,210.762411996899,212.918609846445,183.246961212469,183.246961212469,203.550809511103,0,0,0,1,207.148202063913,212.918609846445,790.437028865739,696.27907180069,968.296863368503,0.95,0.628987660780145,0.95,0.0283067943680176,0.000806696723016006,-7.95727040492758e-05,0.600575769883903,1,1,1,3,0.0500143657899067,0.000981419138913132,-0.000436625526394143,0.602463763889028,0.0281676007217479,0.000806974462594743,-6.96725586298628e-05,0.600638773664877,8000,18251,5000,18251,0.0238540438043225,-0.015022701695073,0.125917785549563,0.950000000000024,0.0498100279869881,-0.00406206583137593,0.872476666409995,0.950000000000031,0.0237007722519971,-0.0150578250178113,0.110989044704548,0.950000000000022,0.0238540438043225,-0.015022701695073,0.125917785549563,0.950000000000024,1.01765880606873,1.07627172386786,0.988046286082174,-0.017658806068731,0,0.657596785975164,0.945787500597592,1.02301776925948,0.0197135637680887,1.17129184569364,0,0,0.942207166330057,0.933995390296783,0.11733084386548,1.05284719022721,0.986625,0,1.01841644657347,1.07709266232184,0.0160432502063572,0.990192585731834,0,0.6752,LVRT,0.310251020350094,1,0,0,0,0.310251020350094,1,0,0,0,1,1,0.125,1,0.0285923180987668,1,0.870348839750862,1.21037107921063,1,1,0.623503786468509,0.811802569961017,1,0.00387067412807721,0.998167845902662,1.00145838593645,1.00037095751706,0.00329054003378977,0.858201768784119,0.140872155480157,0.575266961064252,0.999328558163558,1.00020680714502,0.424939846080768,1,0.000638540840594937,1.0001095242347,0.999685469137022,1.00020493016748,0.000519461030458729,0.831299707032132,0.00485485309806413,0.837110920160883,0.828945469933991,0.831967048902835,0.00816545022689209,0.807863455534748,0.102028987197724,0.588388972848553,0.921688779349089,0.919917627041798,0.333299806500536,0.933667215280056,0.000339389605583158,0.934112202586891,0.933738800794122,0.934350197937834,0.000611397143712108,0.965560021855024,-0.215844094358032,0.122787810210166,0.385863719929534,0,1,1.5,0.1,1.37647126246026,1.29843683448431,1.00004475710839,1.29843683448431,1.37285879800733,1,Inf,0,1,1,reactive_wrong_sign,0,grid_current_eval_peak_pu=1.298;grid_current_global_peak_pu=1.376;action_max=0.629,1,1,,0,reactive_wrong_sign,0,reactive_wrong_sign,118.459044457411,family_sac_after_finetune,E:\research_space\Hybrid-power-transformer\lab\results\hpt_v2_control_comparison\control_comparison_topology2_fault_all_t2_a_lvrt_r6_square60_pu0575_d160ms_family_sac_t2_a_lvrt_r6_d5182c224cb3_20260803_145109.csv,t2_a_lvrt_r6_square60_pu0575_d160ms,0.575,160,E:\research_space\Hybrid-power-transformer\lab\results\hpt_family_specialist_t2_a_lvrt_r6_square60_currentwindow_20260803_r1\eval_sac\family_sac_hpt_sac_actor_weights_dynamic.mat,data\models\hpt_t2_a_lvrt_joint_support_family_sac_r6_20260803.zip
hpt_v2_topology2_paper,topology2,fault,lvrt_0575_200ms,conventional_dq,0,NaN,0.575,0.575,1,1,0.08,0.28,0.2,0,controller_filtered_lv_pu,0.405,200.569297617016,NaN,NaN,NaN,NaN,207.511922063234,213.919911042486,190.024471604184,190.024471604184,213.919911042486,0,0,0,1,201.081532541567,209.440426321409,783.063533493337,576.547787728056,977.392339129142,0.95,0.55264206446224,0.95,-0.00991724030276832,-0.0772164341406045,0,0,1,1,0,0,0.126153998571114,-0.0280501875272798,0,0,-0.00975132863166241,-0.0771319742218343,0,0,10001,20251,5001,20251,0.0240025153951948,0.0736473006998406,0.0391167003648113,0.950000000000026,0.137079249480601,0.0170398700166226,0.903051191698381,0.950000000000003,0.0255429514773012,0.0732295310179097,-0.0872011456934993,0.950000000000022,0.0240025153951948,0.0736473006998406,0.0391167003648113,0.950000000000026,1.00184062865486,1.06914751937355,0.978829416866672,-0.00184062865486431,0.0273206056616195,0.971033574720211,0.993279654459582,1.05229816168767,0.0428511711267701,1.17505828084519,0.1575,0,0.969859941729827,0.910713845973023,0.118247698204161,1.03703258579207,0.5999400059994,0.4000599940006,1.00281265765301,1.07137850973233,0.0217776581716025,0.977300363086584,0.00799840031993601,0.99000199960008,LVRT,0.342992616445335,1,0,0,0,0.342992616445335,1,0,0,0,1,1,0.125,1,0.0285916302339767,1,0.72068473466007,1.22174042391143,0,1,0.569978778684161,0.802799844396954,1,0.00340644796493205,0.998298069888108,1.00093347190852,1.00076628064241,0.00263540202040962,0.85827705866729,0.141326981192019,0.575114205037837,0.999593814162192,1.00020744464615,0.425093239608309,1,0.00177189611314221,1.00052023655264,1.00036070617405,0.999118468346769,0.00140176820587347,0.802075197997644,0.00577538536231278,0.811748833728255,0.801564408147001,0.805722153083873,0.0101844255812539,0.799842097221887,0.0998795862550758,0.583483388478544,0.920481772321519,0.905818668955787,0.336998383842975,0.942611904292737,0.00201103552955998,0.941636531879477,0.94490077041876,0.944280101874067,0.00326423853928233,1.05353888022181,-0.216048795085154,0.146280867744129,0.510839078765851,0,1,1.5,0.1,1.53996192050702,1.40889592157769,1.0330716372779,1.40889592157769,1.55159884767213,1,Inf,0,1,1,reactive_wrong_sign,0,grid_current_eval_peak_pu=1.409;grid_current_global_peak_pu=1.540;action_max=0.553,1,0,dc_link_bounds,0,gbt_vdc_survive;reactive_wrong_sign,0,gbt_vdc_survive;reactive_wrong_sign,129.167309267072,strong_dq,E:\research_space\Hybrid-power-transformer\lab\results\hpt_v2_control_comparison\control_comparison_topology2_fault_all_t2_a_lvrt_r6_square60_pu0575_d200ms_family_sac_t2_a_lvrt_r6_812b177f2244_20260803_145245.csv,t2_a_lvrt_r6_square60_pu0575_d200ms,0.575,200,,
hpt_v2_topology2_paper,topology2,fault,lvrt_0575_200ms,sac_actor_always_raw,0,NaN,0.575,0.575,1,1,0.08,0.28,0.2,0,controller_filtered_lv_pu,0.405,195.954859519629,NaN,NaN,NaN,NaN,209.542636064949,213.030651770632,183.246961212469,183.246961212469,203.550809511103,0,0,0,1,204.696275338889,213.030651770632,769.901620819506,647.968816603137,968.296863368503,0.95,0.628987660780145,0.95,0.0289025674435956,0.000770419098444927,-0.00025143710913124,0.600804424423051,1,1,1,3,0.0496171213313454,0.000946891683358133,-0.000565885346296839,0.602559046628635,0.0280258117308774,0.000785223501735718,-0.000293135780420071,0.600802319586161,10001,20251,5001,20251,0.0253265254109278,-0.0122467900903429,0.0851805641826347,0.950000000000026,0.0494535436034147,-0.00341595650499338,0.80051899756149,0.950000000000003,0.0244858844884679,-0.0120857803768556,-0.0419255918001417,0.950000000000022,0.0253265254109278,-0.0122467900903429,0.0851805641826347,0.950000000000026,1.01322455442595,1.07198555112801,0.962377026024383,-0.0132245544259498,0.033080974325214,0.658327847267939,0.945787500597592,1.02301776925948,0.0197135637680887,1.17129184569364,0,0,0.944106233400383,0.936951236142727,0.116607976872064,1.0444096200483,0.989301069893011,0,1.01366812100745,1.07268702747879,0.0155247374329055,0.953571881452426,0,0.675064987002599,LVRT,0.310251020350094,1,0,0,0,0.310251020350094,1,0,0,0,1,1,0.125,1,0.0291335834330047,1,0.809961020753922,1.21037107921063,1,1,0.623503786468509,0.814655974305963,1,0.00387067412807721,0.998167845902662,1.00145838593645,1.00037095751706,0.00329054003378977,0.858190004282363,0.140799878742346,0.575290815199262,0.999401696296688,1.00009222700341,0.424801411804144,1,0.00172147328732041,0.999800820109571,1.00082443128388,0.999374193109636,0.00145023817423952,0.831299707032132,0.00485485309806413,0.837110920160883,0.828945469933991,0.831967048902835,0.00816545022689209,0.810707711029272,0.101096048050249,0.591709680740554,0.924390871848904,0.922376084736815,0.33268119110835,0.929649986235846,0.000615238376290677,0.929551858838203,0.930485134423542,0.930139593853839,0.000933275585339252,0.948395442144044,-0.210704304378583,0.121078589870635,0.385863719929534,0,1,1.5,0.1,1.37647126246026,1.29843683448431,0.992942741736065,1.29843683448431,1.37285879800733,1,Inf,0,1,1,reactive_wrong_sign,0,grid_current_eval_peak_pu=1.298;grid_current_global_peak_pu=1.376;action_max=0.629,1,0,dc_link_bounds,0,reactive_wrong_sign,0,reactive_wrong_sign,118.355222445932,family_sac_after_finetune,E:\research_space\Hybrid-power-transformer\lab\results\hpt_v2_control_comparison\control_comparison_topology2_fault_all_t2_a_lvrt_r6_square60_pu0575_d200ms_family_sac_t2_a_lvrt_r6_812b177f2244_20260803_145245.csv,t2_a_lvrt_r6_square60_pu0575_d200ms,0.575,200,E:\research_space\Hybrid-power-transformer\lab\results\hpt_family_specialist_t2_a_lvrt_r6_square60_currentwindow_20260803_r1\eval_sac\family_sac_hpt_sac_actor_weights_dynamic.mat,data\models\hpt_t2_a_lvrt_joint_support_family_sac_r6_20260803.zip
hpt_v2_topology2_paper,topology2,fault,lvrt_0575_240ms,conventional_dq,0,NaN,0.575,0.575,1,1,0.08,0.32,0.24,0,controller_filtered_lv_pu,0.445,200.939630523457,NaN,NaN,NaN,NaN,200.41969047771,213.919911042486,190.024471604184,190.024471604184,213.919911042486,0,0,0,1,192.260771977301,203.847982117015,717.816661464701,451.098409836679,977.392339129142,0.95,0.55264206446224,0.95,-0.0187742216472041,-0.083784468412033,0,0,1,1,0,0,0.127904716504574,-0.038696080054263,0,0,-0.0289808619081549,-0.0851871385616425,0,0,12001,22251,5000,22251,-0.0185437613175698,0.0844007084463883,-0.0252434922023717,0.618980003889981,0.1384765864656,0.0286115839666857,0.837867800719825,0.949999999999972,-0.0289711359540688,0.0851905966062973,-0.257775177729222,0.593724317553081,-0.0185437613175698,0.0844007084463883,-0.0252434922023717,0.618980003889981,0.971015076350268,1.04648497916957,0.897270826830877,0.0289849236497325,0.195026962252846,0.798981426003595,0.993279654459582,1.05229816168767,0.0428511711267701,1.17505828084519,0.1575,0,0.971228714398288,0.915048580917041,0.116994341078124,1.02584290443077,0.666611115740355,0.333388884259645,0.969993109392932,1.05790455155893,0.0240821223639713,0.880143882525254,0.1002,0.8918,LVRT,0.342992616445335,1,0,0,0,0.342992616445335,1,0.00120400010965466,4.13013606117486e-05,0.000939999999999962,0,0,0.125,1,0.0712040001096547,0,0.563873012295849,1.22174042391143,0,1,0.566188299884015,0.806796433730845,1,0.00340644796493205,0.998298069888108,1.00093347190852,1.00076628064241,0.00263540202040962,0.858211447629352,0.140932536842301,0.575247343711915,0.999217961977366,1.00035141498731,0.425104071275399,1,0.00887691920116119,1.00112020650419,1.00315384897955,0.995711146571403,0.00744270240814504,0.802075197997644,0.00577538536231278,0.811748833728255,0.801564408147001,0.805722153083873,0.0101844255812539,0.80382803755721,0.0987890037398953,0.588227682829482,0.924357042233594,0.909388386490819,0.336129359404111,0.929458717389642,0.00190830396390525,0.929713650801143,0.932940346697207,0.931355932442182,0.00322669589606406,1.03059726131066,-0.218556083769657,0.140805696911406,0.510839078765851,0.00168811985650981,1,1.5,0.1,1.53996192050702,1.40889592157769,0.993112508383618,1.40889592157769,1.55159884767213,1,234.06,0,1,1,reactive_wrong_sign,0,grid_current_eval_peak_pu=1.409;grid_current_global_peak_pu=1.540;action_max=0.553,1,0,dc_link_bounds;timestep_recovery_envelope,0,gbt_recover;gbt_vdc_survive;reactive_wrong_sign,0,gbt_recover;gbt_vdc_survive;reactive_wrong_sign,142.880231920684,strong_dq,E:\research_space\Hybrid-power-transformer\lab\results\hpt_v2_control_comparison\control_comparison_topology2_fault_all_t2_a_lvrt_r6_square60_pu0575_d240ms_family_sac_t2_a_lvrt_r6_157426bca287_20260803_145419.csv,t2_a_lvrt_r6_square60_pu0575_d240ms,0.575,240,,
hpt_v2_topology2_paper,topology2,fault,lvrt_0575_240ms,sac_actor_always_raw,0,NaN,0.575,0.575,1,1,0.08,0.32,0.24,0,controller_filtered_lv_pu,0.445,196.160016979208,NaN,NaN,NaN,NaN,208.050686179363,212.964013097455,183.246961212469,183.246961212469,203.550809511103,0,0,0,1,202.575755712779,212.964013097455,748.881331926066,615.995359106335,968.296863368503,0.95,0.628987660780145,0.95,0.0304736888643851,0.000743499782157958,-0.000477240834475038,0.601173819183861,1,1,1,3,0.0493540843798347,0.000913888917891856,-0.000658909550234265,0.602627094557836,0.0279047841797749,0.000759924134402589,-0.000462697762753871,0.601021866044003,12001,22251,5000,22251,0.027833003684896,-0.00927837177609084,0.0663349654398852,0.950000000000028,0.0492179587988454,-0.0029571255359187,0.744369792397338,0.949999999999972,0.025188894912637,-0.00948694483143095,-0.123016918701634,0.950000000000022,0.027833003684896,-0.00927837177609084,0.0663349654398852,0.950000000000028,1.00344236970777,1.05719828636263,0.936101664907582,-0.00344236970776799,0.119982025164769,0.599161174355902,0.945787500597592,1.02301776925948,0.0197135637680887,1.17129184569364,0,0,0.945401851525237,0.939001631320414,0.116172772939599,1.03758245964994,0.991084076326973,0,1.00782395831237,1.06723772502173,0.0149335689412106,0.915609011328051,0,0.6752,LVRT,0.310251020350094,1,0,0,0,0.310251020350094,1,0,0,0,1,1,0.125,1,0.0288116574756281,1,0.769994198882919,1.21037107921063,1,1,0.623503786468509,0.816618689400564,1,0.00387067412807721,0.998167845902662,1.00145838593645,1.00037095751706,0.00329054003378977,0.858158965382156,0.14061159414197,0.575353768504239,0.999372075429025,1.00001228851223,0.424658520007992,1,0.000555975302774824,1.00004690121395,1.00021381901038,0.999739221813885,0.000474597196499682,0.831299707032132,0.00485485309806413,0.837110920160883,0.828945469933991,0.831967048902835,0.00816545022689209,0.812683725388367,0.100470082646272,0.593893313817337,0.926414938208278,0.923929861526671,0.33252162439094,0.924699055996869,0.00107744910162149,0.924151856728526,0.925966982689026,0.925254292446359,0.0018151259604999,0.937369527438421,-0.207198932348113,0.120048754527323,0.385863719929534,0,1,1.5,0.1,1.37647126246026,1.29843683448431,0.983163450330918,1.29843683448431,1.37285879800733,1,Inf,0,1,1,reactive_wrong_sign,0,grid_current_eval_peak_pu=1.298;grid_current_global_peak_pu=1.376;action_max=0.629,1,0,dc_link_bounds,0,reactive_wrong_sign,0,reactive_wrong_sign,121.213146726579,family_sac_after_finetune,E:\research_space\Hybrid-power-transformer\lab\results\hpt_v2_control_comparison\control_comparison_topology2_fault_all_t2_a_lvrt_r6_square60_pu0575_d240ms_family_sac_t2_a_lvrt_r6_157426bca287_20260803_145419.csv,t2_a_lvrt_r6_square60_pu0575_d240ms,0.575,240,E:\research_space\Hybrid-power-transformer\lab\results\hpt_family_specialist_t2_a_lvrt_r6_square60_currentwindow_20260803_r1\eval_sac\family_sac_hpt_sac_actor_weights_dynamic.mat,data\models\hpt_t2_a_lvrt_joint_support_family_sac_r6_20260803.zip
hpt_v2_topology2_paper,topology2,fault,lvrt_0575_300ms,conventional_dq,0,NaN,0.575,0.575,1,1,0.08,0.38,0.3,0,controller_filtered_lv_pu,0.505,200.826866479558,NaN,NaN,NaN,NaN,199.304885076097,213.919911042486,190.024471604184,190.024471604184,213.919911042486,0,0,0,1,191.120356364629,203.803300914036,705.23473134239,434.91117471798,977.392339129142,0.95,0.55264206446224,0.95,-0.00815748626428811,-0.0697872793928049,0,0,1,1,0,0,0.124580767747673,-0.0496229359824825,0,0,-0.0356412923718027,-0.0611519999018178,0,0,15001,25251,5001,25251,-0.00753850524472301,0.0706612245297742,0.000211765279979208,0.549388708124831,0.133088040506955,0.0422350974708802,0.760507720488774,0.949999999999941,-0.0354634829619968,0.0612544971884632,-0.270091813095716,0.437300235359491,-0.00753850524472301,0.0706612245297742,0.000211765279979208,0.549388708124831,0.966055437627197,1.02565040409902,0.881543414177987,0.0339445623728027,0.219772967265048,0.527983104540655,0.993279654459582,1.05229816168767,0.0428511711267701,1.17505828084519,0.1575,0,0.970421357751675,0.919427307230296,0.115829412494987,1.01429801840949,0.733284447703486,0.266715552296514,0.965585106777378,1.04621948076523,0.0236134581175244,0.84446167499293,0,0.667866426714657,LVRT,0.342992616445335,1,0,0,0,0.342992616445335,1,0.00671325427715347,0.000898279098632988,0.0162999999999993,0,0,0.125,1,0.0767132542771535,0,0.543638968397475,1.22174042391143,0,1,0.566188299884015,0.810883953461956,1,0.00340644796493205,0.998298069888108,1.00093347190852,1.00076628064241,0.00263540202040962,0.858199618240005,0.140865342728591,0.57527138131639,0.998956639650806,1.00057057438779,0.425299193071401,1,0.00602605420406004,1.0016743367382,1.00132981171636,0.996989032681989,0.00468530405620729,0.802075197997644,0.00577538536231278,0.811748833728255,0.801564408147001,0.805722153083873,0.0101844255812539,0.807924124250654,0.0976264467777248,0.593233209087095,0.928027084462159,0.913120405177457,0.334793875375064,0.919230304368979,0.00217534659379794,0.919493557937698,0.922648664982363,0.921091864984386,0.00315510704466491,1.00665796775438,-0.219240573970446,0.136134273363925,0.510839078765851,0.00195185426154847,1,1.5,0.1,1.53996192050702,1.40889592157769,0.974392900443379,1.40889592157769,1.55159884767213,1,234.06,0,1,1,reactive_wrong_sign,0,grid_current_eval_peak_pu=1.409;grid_current_global_peak_pu=1.540;action_max=0.553,1,0,dc_link_bounds;timestep_recovery_envelope,0,gbt_recover;gbt_vdc_survive;reactive_wrong_sign,0,gbt_recover;gbt_vdc_survive;reactive_wrong_sign,145.210503501664,strong_dq,E:\research_space\Hybrid-power-transformer\lab\results\hpt_v2_control_comparison\control_comparison_topology2_fault_all_t2_a_lvrt_r6_square60_pu0575_d300ms_family_sac_t2_a_lvrt_r6_cf593b464eb5_20260803_145558.csv,t2_a_lvrt_r6_square60_pu0575_d300ms,0.575,300,,
hpt_v2_topology2_paper,topology2,fault,lvrt_0575_300ms,sac_actor_always_raw,0,NaN,0.575,0.575,1,1,0.08,0.38,0.3,0,controller_filtered_lv_pu,0.505,196.38201526521,NaN,NaN,NaN,NaN,208.635213095814,212.827080850119,183.246961212469,183.246961212469,203.550809511103,0,0,0,1,205.146896382603,212.827080850119,761.842351659821,661.489170044588,968.296863368503,0.95,0.628987660780145,0.95,0.033133259866037,0.000744364289408829,-0.000551959875603402,0.601442534075891,1,1,1,3,0.0491084283201076,0.000876047439911364,-0.000758372186651185,0.602713170336987,0.028683897975925,0.00077936080211826,-0.000452174230688423,0.601075903743238,15001,25251,5001,25251,0.0304918586724187,-0.00925198672309413,0.0695920212580892,0.95000000000003,0.0489996788131015,-0.00249859623000927,0.675227107304349,0.949999999999941,0.0254738722625255,-0.0110506713125738,-0.12764464242365,0.950000000000022,0.0304918586724187,-0.00925198672309413,0.0695920212580892,0.95000000000003,0.999050851419734,1.04643683328106,0.952302939574776,0.000949148580265421,0.224524815205913,0.527983104540655,0.945787500597592,1.02301776925948,0.0197135637680887,1.17129184569364,0,0,0.946780139359446,0.941175118518565,0.115667702084911,1.02873423446668,0.992867142190521,0,1.01037220637963,1.06980532763109,0.0150227836233089,0.929908114987929,0,0.675064987002599,LVRT,0.310251020350094,1,0,0,0,0.310251020350094,1,0,0,0,1,1,0.125,1,0.0281501490343912,1,0.826861462555735,1.21037107921063,1,1,0.623503786468509,0.81866834987836,1,0.00387067412807721,0.998167845902662,1.00145838593645,1.00037095751706,0.00329054003378977,0.858139871452842,0.140495891639792,0.575392492662822,0.99934031025807,0.999976642969929,0.424584150307107,1,0.000457486353038121,1.00005135935885,0.99978125651488,1.00016734488087,0.000386088365988115,0.831299707032132,0.00485485309806413,0.837110920160883,0.828945469933991,0.831967048902835,0.00816545022689209,0.814776512443758,0.0998131368569842,0.596190028867563,0.928400618075428,0.925680643770746,0.332210589207866,0.927147294253948,0.000316206679093752,0.927377636963968,0.927362727333849,0.927719577775092,0.000356850441243219,0.925463838141097,-0.203337146427294,0.119031979032681,0.385863719929534,0,1,1.5,0.1,1.37647126246026,1.29843683448431,0.974670699526959,1.29843683448431,1.37285879800733,1,Inf,0,1,1,reactive_wrong_sign,0,grid_current_eval_peak_pu=1.298;grid_current_global_peak_pu=1.376;action_max=0.629,1,1,,0,reactive_wrong_sign,0,reactive_wrong_sign,117.885188363302,family_sac_after_finetune,E:\research_space\Hybrid-power-transformer\lab\results\hpt_v2_control_comparison\control_comparison_topology2_fault_all_t2_a_lvrt_r6_square60_pu0575_d300ms_family_sac_t2_a_lvrt_r6_cf593b464eb5_20260803_145558.csv,t2_a_lvrt_r6_square60_pu0575_d300ms,0.575,300,E:\research_space\Hybrid-power-transformer\lab\results\hpt_family_specialist_t2_a_lvrt_r6_square60_currentwindow_20260803_r1\eval_sac\family_sac_hpt_sac_actor_weights_dynamic.mat,data\models\hpt_t2_a_lvrt_joint_support_family_sac_r6_20260803.zip
hpt_v2_topology2_paper,topology2,fault,lvrt_0650_080ms,conventional_dq,0,NaN,0.65,0.65,1,1,0.08,0.16,0.08,0,controller_filtered_lv_pu,0.285,202.19406773659,NaN,NaN,NaN,NaN,206.439020321538,212.663730337748,192.237822539978,192.237822539978,212.663730337748,0,0,0,1,205.045853810667,207.690530784789,850.92233894046,733.540116602571,977.392339129142,0.95,0.55264206446224,0.95,0.00826153505778691,0.0445297900568641,0,0,1,1,0,0,0.115015814774471,-0.0480481726354187,0,0,0.00966978133221122,0.0431156911653629,0,0,4001,14251,5001,14251,0.00626191734536415,-0.0439804807553179,0.950000000000019,0.950000000000019,0.131717352620713,0.0308045579003336,0.949900340490765,0.950000000000017,0.00780347481013603,-0.0427185327973662,0.950000000000022,0.950000000000022,0.00626191734536415,-0.0439804807553179,0.950000000000019,0.950000000000019,0.997178781206464,1.02735511908535,1.06365292367558,0.0028212187935361,0.275491113189897,0.711880261927035,0.993279654459582,1.05229816168767,0.0428511711267701,1.17505828084519,0.1575,0,0.9758406422193,0.929040450175828,0.10150042928098,1.05318940611392,0.730817295676081,0.269182704323919,0.996662864164204,1.02805666275954,0.0203201190896178,1.06380554054453,0.235552889422116,0.753649270145971,LVRT,0.278685133043374,1,0,0,0,0.278685133043374,1,0,0,0,1,1,0.125,1,0.0106356725478899,1,0.916925145753213,1.22174042391143,1,1,0.598103738744875,0.816115540184121,1,0.00340644796493205,0.998298069888108,1.00093347190852,1.00076628064241,0.00263540202040962,0.883220772241742,0.115814495384034,0.65031348794412,0.999824814992098,0.999692717005379,0.349511327047978,1,0.00248589998776694,0.998837560421185,1.00096306938906,1.00019821116171,0.0021255089678744,0.802075197997644,0.00577538536231278,0.811748833728255,0.801564408147001,0.805722153083873,0.0101844255812539,0.814082609657259,0.0844725730603,0.635009648771951,0.914771918491897,0.902098744877149,0.279762269719946,0.905606087248309,0.00276374669953191,0.906896487357141,0.903093043969324,0.908654523316582,0.00556147934725764,1.10187174979438,-0.205225197918789,0.127642672917606,0.362160723315919,0,1,1.5,0.1,1.53996192050702,1.34051814393866,1.179903123534,1.34051814393866,1.55159884767213,1,Inf,0,1,1,reactive_wrong_sign,0,grid_current_eval_peak_pu=1.341;grid_current_global_peak_pu=1.540;action_max=0.553,1,1,,0,reactive_wrong_sign,0,reactive_wrong_sign,115.559811321011,strong_dq,E:\research_space\Hybrid-power-transformer\lab\results\hpt_v2_control_comparison\control_comparison_topology2_fault_all_t2_a_lvrt_r6_square60_pu0650_d080ms_family_sac_t2_a_lvrt_r6_e7c80a29320a_20260803_145734.csv,t2_a_lvrt_r6_square60_pu0650_d080ms,0.65,80,,
hpt_v2_topology2_paper,topology2,fault,lvrt_0650_080ms,sac_actor_always_raw,0,NaN,0.65,0.65,1,1,0.08,0.16,0.08,0,controller_filtered_lv_pu,0.285,195.425282551933,NaN,NaN,NaN,NaN,210.48566278706,212.234717385858,185.45880670534,185.45880670534,203.210162794192,0,0,0,1,208.697881644663,212.234717385858,848.060545884662,799.747850682032,968.296863368503,0.95,0.628987660780145,0.95,0.0287490238161806,0.0012038195595656,0.000312972072166433,0.602149089708356,1,1,1,3,0.0490279955748724,0.00104219362177217,2.15492515430775e-05,0.599942310818637,0.0299979231971714,0.00121730105590047,0.000212198607144924,0.602073073924701,4001,14251,5001,14251,0.0238223534549024,-0.016137749714902,0.926240601934188,0.950000000000019,0.0486684154293328,-0.00593011022261697,0.949532090260897,0.950000000000017,0.0247981128513124,-0.0169221596463999,0.934501738762291,0.950000000000022,0.0238223534549024,-0.016137749714902,0.926240601934188,0.950000000000019,1.01760985274879,1.07540042796703,1.06007568235583,-0.0176098527487908,0.0306361085126286,0.912535079513564,0.945787500597592,1.02301776925948,0.0197135637680887,1.17129184569364,0,0,0.942729593805881,0.942545655707066,0.0969314210602619,1.0649603355678,0.971757060734816,0,1.01571412545966,1.07356263209485,0.0170051021753437,1.06040455751386,0.0261947610477904,0.925214957008598,LVRT,0.245936264277007,1,0,0,0,0.245936264277007,1,0,0,0,1,1,0.125,1,0.0252884897867558,1,0.99968481335254,1.21037107921063,1,1,0.658124310099913,0.817199876679024,1,0.00387067412807721,0.998167845902662,1.00145838593645,1.00037095751706,0.00329054003378977,0.883420179369155,0.117328176585038,0.649758052749625,0.999709217500039,1.00066267791446,0.350904625164836,1,0.000767493059382987,0.999884606296473,0.9997407049855,1.00037457828877,0.000633873303273284,0.831299707032132,0.00485485309806413,0.837110920160883,0.828945469933991,0.831967048902835,0.00816545022689209,0.814491968440657,0.0853799835222152,0.633441860234023,0.907732779156864,0.907571665066978,0.274290918922841,0.931323715276015,0.000657484585929681,0.931557297692502,0.931258547845837,0.932254668257748,0.00099612041191117,1.02916129000482,-0.202229942531369,0.106474824533122,0.337864147800701,0,1,1.5,0.1,1.370185862784,1.29165476790559,1.09048772740854,1.29165476790559,1.37285879800733,1,Inf,0,1,1,reactive_wrong_sign,0,grid_current_eval_peak_pu=1.292;grid_current_global_peak_pu=1.370;action_max=0.629,1,1,,0,reactive_wrong_sign,0,reactive_wrong_sign,116.526641959053,family_sac_after_finetune,E:\research_space\Hybrid-power-transformer\lab\results\hpt_v2_control_comparison\control_comparison_topology2_fault_all_t2_a_lvrt_r6_square60_pu0650_d080ms_family_sac_t2_a_lvrt_r6_e7c80a29320a_20260803_145734.csv,t2_a_lvrt_r6_square60_pu0650_d080ms,0.65,80,E:\research_space\Hybrid-power-transformer\lab\results\hpt_family_specialist_t2_a_lvrt_r6_square60_currentwindow_20260803_r1\eval_sac\family_sac_hpt_sac_actor_weights_dynamic.mat,data\models\hpt_t2_a_lvrt_joint_support_family_sac_r6_20260803.zip
hpt_v2_topology2_paper,topology2,fault,lvrt_0650_120ms,conventional_dq,0,NaN,0.65,0.65,1,1,0.08,0.2,0.12,0,controller_filtered_lv_pu,0.325,201.116043769011,NaN,NaN,NaN,NaN,206.657233021445,212.663730337748,192.237822539978,192.237822539978,212.663730337748,0,0,0,1,205.317917064485,207.810293662215,850.552113356324,733.540116602571,977.392339129142,0.95,0.55264206446224,0.95,0.00494295785202851,0.0469037438815505,0,0,1,1,0,0,0.103999672913351,-0.0261205504130025,0,0,0.00493519445542552,0.0470947254105197,0,0,6001,16251,5001,16251,0.00185142465058975,-0.0458218111359659,0.950000000000022,0.950000000000022,0.114993300586851,0.013899867511001,0.949933554791475,0.950000000000026,0.00108775622935153,-0.0456724076866461,0.950000000000022,0.950000000000022,0.00185142465058975,-0.0458218111359659,0.950000000000022,0.950000000000022,0.998578637167974,1.02858745786142,1.06319014169541,0.00142136283202582,0.241386382280558,0.734823625922888,0.993279654459582,1.05229816168767,0.0428511711267701,1.17505828084519,0.1575,0,0.972601452717811,0.928839089872699,0.099761516731958,1.05571331170054,0.487252124645892,0.512747875354108,0.998654177014658,1.0290903758054,0.0204306077220968,1.06323652283999,0.235352929414117,0.666466706658668,LVRT,0.278685133043374,1,0,0,0,0.278685133043374,1,0,0,0,1,1,0.125,1,0.00926404737429665,1,0.916925145753213,1.22174042391143,1,1,0.598103738744875,0.817404765642145,1,0.00340644796493205,0.998298069888108,1.00093347190852,1.00076628064241,0.00263540202040962,0.883302663521864,0.116434455649111,0.650085431738971,0.999947922559628,0.999920630852666,0.349862490820657,1,0.000977612806755424,0.999556970691541,1.00040043221734,1.00004241788101,0.000843461525801046,0.802075197997644,0.00577538536231278,0.811748833728255,0.801564408147001,0.805722153083873,0.0101844255812539,0.815254536795606,0.0840973056321323,0.635930454797353,0.913054786958524,0.904774392374461,0.27712433216117,0.906414584766259,0.00278111091783298,0.908825977730253,0.904439088632025,0.907809480015228,0.00438688909822796,1.09196353099447,-0.202362136462654,0.125080087349039,0.372597206752011,0,1,1.5,0.1,1.53996192050702,1.34051814393866,1.15835580224225,1.34051814393866,1.55159884767213,1,Inf,0,1,1,reactive_wrong_sign,0,grid_current_eval_peak_pu=1.341;grid_current_global_peak_pu=1.540;action_max=0.553,1,1,,0,reactive_wrong_sign,0,reactive_wrong_sign,116.149232911989,strong_dq,E:\research_space\Hybrid-power-transformer\lab\results\hpt_v2_control_comparison\control_comparison_topology2_fault_all_t2_a_lvrt_r6_square60_pu0650_d120ms_family_sac_t2_a_lvrt_r6_792abbf99454_20260803_145906.csv,t2_a_lvrt_r6_square60_pu0650_d120ms,0.65,120,,
hpt_v2_topology2_paper,topology2,fault,lvrt_0650_120ms,sac_actor_always_raw,0,NaN,0.65,0.65,1,1,0.08,0.2,0.12,0,controller_filtered_lv_pu,0.325,197.285165066629,NaN,NaN,NaN,NaN,211.105527012292,213.073650209986,185.45880670534,185.45880670534,204.975929772869,0,0,0,1,206.833339168042,213.073650209986,792.601183914029,677.461632967274,968.296863368503,0.95,0.628987660780145,0.95,0.0281821115963215,0.000946247493962031,-8.07775680976459e-05,0.602803074729606,1,1,1,3,0.048107139894786,0.00101576198779194,-0.000139862208823655,0.600409001842461,0.0282671194582483,0.00093699187897596,-3.73476351533157e-05,0.602616267604528,6001,16251,5001,16251,0.0239171652501468,-0.0142972887731675,0.103192464810453,0.950000000000022,0.0478479168255633,-0.004769232691523,0.943233955585894,0.950000000000026,0.0237377677900263,-0.01511802906658,0.191731879198268,0.950000000000022,0.0239171652501468,-0.0142972887731675,0.103192464810453,0.950000000000022,1.01884168350012,1.07723471372124,0.990751479892536,-0.0188416835001181,0.00410172272354389,0.99487284659557,0.945787500597592,1.02301776925948,0.0197135637680887,1.17129184569364,0,0,0.949173405402056,0.950261769121309,0.097617370308988,1.06259371943189,0.981169805032495,0,1.01970191066113,1.07811724977375,0.0162893974202611,1.00224678515618,0.00399920015996801,0.99500099980004,LVRT,0.245936264277007,1,0,0,0,0.245936264277007,1,0,0,0,1,1,0.125,1,0.029341305362252,1,0.846827041209093,1.21037107921063,1,1,0.658124310099913,0.824855106095877,1,0.00387067412807721,0.998167845902662,1.00145838593645,1.00037095751706,0.00329054003378977,0.883370849459934,0.116951204689687,0.649895485578801,0.999913413348699,1.0002473308067,0.350351845227902,1,0.0020533218854637,1.00091891342466,0.999144186970025,0.999936109155384,0.00177472645463349,0.831299707032132,0.00485485309806413,0.837110920160883,0.828945469933991,0.831967048902835,0.00816545022689209,0.822047601139361,0.0853495186261261,0.640310741084058,0.91561360211254,0.915536260525631,0.275302861028482,0.9344815712096,0.000477099369240464,0.934602172509608,0.935353119718698,0.934842881177946,0.00075094720908971,1.00572702107936,-0.204355779834259,0.10039147440125,0.337864147800701,0,1,1.5,0.1,1.370185862784,1.29165476790559,1.01581327442217,1.29165476790559,1.37285879800733,1,Inf,0,1,1,reactive_wrong_sign,0,grid_current_eval_peak_pu=1.292;grid_current_global_peak_pu=1.370;action_max=0.629,1,1,,0,reactive_wrong_sign,0,reactive_wrong_sign,116.27863830116,family_sac_after_finetune,E:\research_space\Hybrid-power-transformer\lab\results\hpt_v2_control_comparison\control_comparison_topology2_fault_all_t2_a_lvrt_r6_square60_pu0650_d120ms_family_sac_t2_a_lvrt_r6_792abbf99454_20260803_145906.csv,t2_a_lvrt_r6_square60_pu0650_d120ms,0.65,120,E:\research_space\Hybrid-power-transformer\lab\results\hpt_family_specialist_t2_a_lvrt_r6_square60_currentwindow_20260803_r1\eval_sac\family_sac_hpt_sac_actor_weights_dynamic.mat,data\models\hpt_t2_a_lvrt_joint_support_family_sac_r6_20260803.zip
hpt_v2_topology2_paper,topology2,fault,lvrt_0650_160ms,conventional_dq,0,NaN,0.65,0.65,1,1,0.08,0.24,0.16,0,controller_filtered_lv_pu,0.365,201.131241853059,NaN,NaN,NaN,NaN,206.99317891473,212.663730337748,192.237822539978,192.237822539978,212.663730337748,0,0,0,1,205.93936705221,208.035567986182,850.335959870777,733.540116602571,977.392339129142,0.95,0.55264206446224,0.95,0.000941440089920888,0.0453817941928907,0,0,1,1,0,0,0.103595932133808,-0.0175291142308183,0,0,0.00141284422024514,0.0445926503157824,0,0,8000,18251,5000,18251,-0.00511190220844891,-0.0431130692459151,0.950000000000024,0.950000000000024,0.112659884781464,0.00741312735505049,0.949690556470336,0.950000000000031,-0.00432275905344831,-0.0424678336402784,0.950000000000022,0.950000000000022,-0.00511190220844891,-0.0431130692459151,0.950000000000024,0.950000000000024,1.0002979212798,1.03220315864759,1.06291994983847,-0.000297921279795863,0.121256391526662,0.873447772096421,0.993279654459582,1.05229816168767,0.0428511711267701,1.17505828084519,0.1575,0,0.972879340658646,0.929572625690356,0.0987082500074651,1.0546292197914,0.496125,0.50375,1.00014451868388,1.03258418399464,0.0195430139076431,1.06297511684227,0.1328,0.8614,LVRT,0.278685133043374,1,0,0,0,0.278685133043374,1,0,0,0,1,1,0.125,1,0.010981536018638,1,0.916925145753213,1.22174042391143,1,1,0.598103738744875,0.818502993575482,1,0.00340644796493205,0.998298069888108,1.00093347190852,1.00076628064241,0.00263540202040962,0.88336024586658,0.116870436134116,0.649925025068216,1.00004426166676,1.00007107422446,0.350146049156246,1,0.0022766457992144,0.999289853730663,0.999584229697754,1.00112494523436,0.0018350915036962,0.802075197997644,0.00577538536231278,0.811748833728255,0.801564408147001,0.805722153083873,0.0101844255812539,0.816363486848001,0.0828580941230578,0.637847741685162,0.913132703087839,0.905851658117504,0.275284961402678,0.909660449426272,0.00214346531273285,0.912296027635976,0.908912978813854,0.909580518532941,0.00338304882212135,1.08250770551923,-0.200618133635368,0.124642645561742,0.381191334532536,0,1,1.5,0.1,1.53996192050702,1.34051814393866,1.14411573483193,1.34051814393866,1.55159884767213,1,Inf,0,1,1,reactive_wrong_sign,0,grid_current_eval_peak_pu=1.341;grid_current_global_peak_pu=1.540;action_max=0.553,1,1,,0,reactive_wrong_sign,0,reactive_wrong_sign,116.422769227744,strong_dq,E:\research_space\Hybrid-power-transformer\lab\results\hpt_v2_control_comparison\control_comparison_topology2_fault_all_t2_a_lvrt_r6_square60_pu0650_d160ms_family_sac_t2_a_lvrt_r6_94372dd68837_20260803_150038.csv,t2_a_lvrt_r6_square60_pu0650_d160ms,0.65,160,,
hpt_v2_topology2_paper,topology2,fault,lvrt_0650_160ms,sac_actor_always_raw,0,NaN,0.65,0.65,1,1,0.08,0.24,0.16,0,controller_filtered_lv_pu,0.365,198.083465265689,NaN,NaN,NaN,NaN,208.283706444929,212.990936229685,185.45880670534,185.45880670534,205.373165693866,0,0,0,1,203.142085787884,212.990936229685,735.989538628099,625.765067873726,968.296863368503,0.95,0.628987660780145,0.95,0.0277974635856089,0.000788701053172501,-0.000430913889952428,0.601073296204372,1,1,1,3,0.0474934028027372,0.000974948429535366,-0.000323669452598922,0.600828957065733,0.0278430367108071,0.000793266151577969,-0.000444370846808959,0.601201927523449,8000,18251,5000,18251,0.0250319239320045,-0.00962723877237705,-0.0687455664080099,0.950000000000024,0.0472965517277418,-0.00388974147733643,0.868883220619112,0.950000000000031,0.0250376986687977,-0.00976373207381289,-0.111639196339773,0.950000000000022,0.0250319239320045,-0.00962723877237705,-0.0687455664080099,0.950000000000024,1.00806840525345,1.06747325806429,0.919986923285123,-0.00806840525345233,0,0.653031409788167,0.945787500597592,1.02301776925948,0.0197135637680887,1.17129184569364,0,0,0.953417393827617,0.955712352078214,0.0970950865832718,1.05529233536115,0.985875,0,1.00876202060526,1.0681416640028,0.0150716263138335,0.920365739871831,0,0.6702,LVRT,0.245936264277007,1,0,0,0,0.245936264277007,1,0,0,0,1,1,0.125,1,0.0289417209163505,1,0.782206334842157,1.21037107921063,1,1,0.658124310099913,0.830005320454319,1,0.00387067412807721,0.998167845902662,1.00145838593645,1.00037095751706,0.00329054003378977,0.883306427814537,0.116464401839158,0.650074956210594,0.999655039706933,1.00022955055144,0.350154594340843,1,0.000696282022038856,1.0002906776036,1.00002051059468,0.999688720897309,0.000601956706289457,0.831299707032132,0.00485485309806413,0.837110920160883,0.828945469933991,0.831967048902835,0.00816545022689209,0.827101569376458,0.0842906555224053,0.64588058659231,0.921017250747391,0.919980054990157,0.275136664155081,0.925552837504924,0.00142178364093545,0.924750517771801,0.927166770779105,0.925975638727458,0.00241625300730465,0.976877565118563,-0.198249890446261,0.0963995545856776,0.337864147800701,0,1,1.5,0.1,1.370185862784,1.29165476790559,0.979250354495966,1.29165476790559,1.37285879800733,1,Inf,0,1,1,reactive_wrong_sign,0,grid_current_eval_peak_pu=1.292;grid_current_global_peak_pu=1.370;action_max=0.629,1,0,dc_link_bounds,0,reactive_wrong_sign,0,reactive_wrong_sign,117.978107360503,family_sac_after_finetune,E:\research_space\Hybrid-power-transformer\lab\results\hpt_v2_control_comparison\control_comparison_topology2_fault_all_t2_a_lvrt_r6_square60_pu0650_d160ms_family_sac_t2_a_lvrt_r6_94372dd68837_20260803_150038.csv,t2_a_lvrt_r6_square60_pu0650_d160ms,0.65,160,E:\research_space\Hybrid-power-transformer\lab\results\hpt_family_specialist_t2_a_lvrt_r6_square60_currentwindow_20260803_r1\eval_sac\family_sac_hpt_sac_actor_weights_dynamic.mat,data\models\hpt_t2_a_lvrt_joint_support_family_sac_r6_20260803.zip
hpt_v2_topology2_paper,topology2,fault,lvrt_0650_200ms,conventional_dq,0,NaN,0.65,0.65,1,1,0.08,0.28,0.2,0,controller_filtered_lv_pu,0.405,201.631286442795,NaN,NaN,NaN,NaN,207.790425221375,212.663730337748,192.237822539978,192.237822539978,212.663730337748,0,0,0,1,206.86449276376,208.698647323201,850.136547003052,733.540116602571,977.392339129142,0.95,0.55264206446224,0.95,-0.0116844647028768,0.015776792320172,0,0,1,1,0,0,0.105363422314992,-0.013486549474989,0,0,-0.0116862389851024,0.0176213075260969,0,0,10001,20251,5001,20251,-0.016045555334125,-0.00867079170414123,0.950000000000026,0.950000000000026,0.11389166187992,0.00442324015695889,0.946993988249375,0.950000000000003,-0.0175842306593684,-0.0100224668486791,0.950000000000022,0.950000000000022,-0.016045555334125,-0.00867079170414123,0.950000000000026,0.950000000000026,1.00320120966387,1.0445216368569,1.06267068375381,-0.00320120966386629,0.0207373271889401,0.658327847267939,0.993279654459582,1.05229816168767,0.0428511711267701,1.17505828084519,0.1575,0,0.974752447223745,0.930724387710994,0.0983022565502316,1.0488419451778,0.596940305969403,0.402959704029597,1.00349743789776,1.04472596197524,0.0172696648994902,1.06227009189408,0,0.660067986402719,LVRT,0.278685133043374,1,0,0,0,0.278685133043374,1,0,0,0,1,1,0.125,1,0.00999356422144682,1,0.916925145753213,1.22174042391143,1,1,0.598103738744875,0.819905245562591,1,0.00340644796493205,0.998298069888108,1.00093347190852,1.00076628064241,0.00263540202040962,0.883433002543641,0.11742132862154,0.649722290887584,1.00017670500541,1.00025040155107,0.350528110663486,1,0.000752013818671321,1.00032624876478,0.999674990264265,0.999998654935257,0.000651258500516189,0.802075197997644,0.00577538536231278,0.811748833728255,0.801564408147001,0.805722153083873,0.0101844255812539,0.817848989233448,0.0818819610053849,0.640096953126109,0.914678078987124,0.906708004877217,0.274581125861016,0.920530360889884,0.00257235375199357,0.92147997702202,0.922854375755133,0.91834139572213,0.00451298003300351,1.07153281656482,-0.19841676563951,0.12400666158047,0.381191334532536,0,1,1.5,0.1,1.53996192050702,1.34051814393866,1.10973959027102,1.34051814393866,1.55159884767213,1,Inf,0,1,1,reactive_wrong_sign,0,grid_current_eval_peak_pu=1.341;grid_current_global_peak_pu=1.540;action_max=0.553,1,1,,0,reactive_wrong_sign,0,reactive_wrong_sign,116.479481137018,strong_dq,E:\research_space\Hybrid-power-transformer\lab\results\hpt_v2_control_comparison\control_comparison_topology2_fault_all_t2_a_lvrt_r6_square60_pu0650_d200ms_family_sac_t2_a_lvrt_r6_9696367a877d_20260803_150213.csv,t2_a_lvrt_r6_square60_pu0650_d200ms,0.65,200,,
hpt_v2_topology2_paper,topology2,fault,lvrt_0650_200ms,sac_actor_always_raw,0,NaN,0.65,0.65,1,1,0.08,0.28,0.2,0,controller_filtered_lv_pu,0.405,198.583776404424,NaN,NaN,NaN,NaN,207.374435105867,213.134914829823,185.45880670534,185.45880670534,205.373165693866,0,0,0,1,203.575063876823,212.601680635363,732.5791157911,629.28738947067,968.296863368503,0.95,0.628987660780145,0.95,0.0288015990562273,0.000740540887542321,-0.00047038943806453,0.601133966640773,1,1,1,3,0.0472034576692184,0.000939760410042242,-0.000446613195280172,0.601118734757524,0.0280894863251522,0.000766328698402794,-0.00053590200316941,0.60122092362726,10001,20251,5001,20251,0.0261252146218668,-0.00944770311529509,-0.073159134855574,0.950000000000026,0.0470458702984165,-0.0032757394922699,0.797258252064851,0.950000000000003,0.0256949334629735,-0.0085022543559233,-0.201591431472534,0.950000000000022,0.0261252146218668,-0.00944770311529509,-0.073159134855574,0.950000000000026,1.00675141278991,1.06608730112548,0.915723894738875,-0.00675141278990826,0.0207373271889401,0.658327847267939,0.945787500597592,1.02301776925948,0.0197135637680887,1.17129184569364,0,0,0.956185083111613,0.959359005431286,0.096689974719178,1.04752369886759,0.988701129887011,0,1.00528705237374,1.06507717420223,0.0143524798540106,0.898131487859476,0,0.660067986402719,LVRT,0.245936264277007,1,0,0,0,0.245936264277007,1,0,0,0,1,1,0.125,1,0.0296372697092899,1,0.786609236838338,1.21037107921063,1,1,0.658124310099913,0.833401189373433,1,0.00387067412807721,0.998167845902662,1.00145838593645,1.00037095751706,0.00329054003378977,0.883225523654233,0.115852392421017,0.650300270573962,0.999432260055824,1.00010551178323,0.349805241209267,1,0.00202019988389169,0.999865881333193,1.00093364688064,0.999199706709336,0.00173394017130335,0.831299707032132,0.00485485309806413,0.837110920160883,0.828945469933991,0.831967048902835,0.00816545022689209,0.830444872361227,0.08376968858244,0.64936029459371,0.924595865043277,0.922949342448992,0.275235570449567,0.922893683363345,0.000738594840946569,0.922853006991691,0.923953236632489,0.922921396674247,0.00110022964079782,0.958278120016825,-0.194163561940229,0.0940198604490219,0.337864147800701,0,1,1.5,0.1,1.370185862784,1.29165476790559,0.952391590423725,1.29165476790559,1.37285879800733,1,Inf,0,1,1,reactive_wrong_sign,0,grid_current_eval_peak_pu=1.292;grid_current_global_peak_pu=1.370;action_max=0.629,1,0,dc_link_bounds,0,reactive_wrong_sign,0,reactive_wrong_sign,117.34395870525,family_sac_after_finetune,E:\research_space\Hybrid-power-transformer\lab\results\hpt_v2_control_comparison\control_comparison_topology2_fault_all_t2_a_lvrt_r6_square60_pu0650_d200ms_family_sac_t2_a_lvrt_r6_9696367a877d_20260803_150213.csv,t2_a_lvrt_r6_square60_pu0650_d200ms,0.65,200,E:\research_space\Hybrid-power-transformer\lab\results\hpt_family_specialist_t2_a_lvrt_r6_square60_currentwindow_20260803_r1\eval_sac\family_sac_hpt_sac_actor_weights_dynamic.mat,data\models\hpt_t2_a_lvrt_joint_support_family_sac_r6_20260803.zip
hpt_v2_topology2_paper,topology2,fault,lvrt_0650_240ms,conventional_dq,0,NaN,0.65,0.65,1,1,0.08,0.32,0.24,0,controller_filtered_lv_pu,0.445,201.972423969654,NaN,NaN,NaN,NaN,208.409284748941,212.663730337748,192.237822539978,192.237822539978,212.663730337748,0,0,0,1,206.116484804002,209.487525726808,831.928570597902,685.354563837198,977.392339129142,0.95,0.55264206446224,0.95,-0.00475233854452498,-0.0900465632409774,0,0,1,1,0,0,0.105590584547571,-0.0202594157306699,0,0,-0.0136433855709871,-0.0907673424788761,0,0,12001,22251,5000,22251,0.0353128108342013,0.0850601139889141,0.36134881575066,0.950000000000028,0.114801266470854,0.0118768715201232,0.938372774924428,0.949999999999972,0.0319153188093543,0.085388783567465,0.268931201186669,0.950000000000022,0.0353128108342013,0.0850601139889141,0.36134881575066,0.950000000000028,1.00394369902109,1.06757072389156,1.03991071324738,-0.00394369902108689,0.124176153385261,0.872528460155782,0.993279654459582,1.05229816168767,0.0428511711267701,1.17505828084519,0.1575,0,0.976104202926029,0.9336537330371,0.0982777627238498,1.04505688850978,0.664111324056329,0.335805349554204,1.00618192019357,1.07957583489914,0.0199815866543735,1.04680681662124,0.0082,0.9874,LVRT,0.278685133043374,1,0,0,0,0.278685133043374,1,0,0,0,1,1,0.125,1,0.0120170324966584,1,0.856693204796498,1.22174042391143,1,1,0.598103738744875,0.822792127882532,1,0.00340644796493205,0.998298069888108,1.00093347190852,1.00076628064241,0.00263540202040962,0.883394821635209,0.117132637569298,0.649828691316908,0.999977256136123,1.00028621973473,0.35045752841782,1,0.00100261862178875,1.00050066005162,0.9997694243621,0.999729727149766,0.000770932901856459,0.802075197997644,0.00577538536231278,0.811748833728255,0.801564408147001,0.805722153083873,0.0101844255812539,0.820779230175801,0.0815278384910575,0.643198085652503,0.918018406474755,0.909248239947095,0.274820320822253,0.950907183989104,0.00117040223346616,0.951086769050686,0.951133767864523,0.95300533948499,0.00191857043430475,1.06109143696986,-0.202669972962644,0.121024429671172,0.487232637366807,0,1,1.5,0.1,1.53996192050702,1.34051814393866,1.0587608761545,1.34051814393866,1.55159884767213,1,Inf,0,1,1,reactive_wrong_sign,0,grid_current_eval_peak_pu=1.341;grid_current_global_peak_pu=1.540;action_max=0.553,1,1,,0,reactive_wrong_sign,0,reactive_wrong_sign,120.77667765053,strong_dq,E:\research_space\Hybrid-power-transformer\lab\results\hpt_v2_control_comparison\control_comparison_topology2_fault_all_t2_a_lvrt_r6_square60_pu0650_d240ms_family_sac_t2_a_lvrt_r6_fcd2cfa3fa28_20260803_150348.csv,t2_a_lvrt_r6_square60_pu0650_d240ms,0.65,240,,
hpt_v2_topology2_paper,topology2,fault,lvrt_0650_240ms,sac_actor_always_raw,0,NaN,0.65,0.65,1,1,0.08,0.32,0.24,0,controller_filtered_lv_pu,0.445,198.905946145617,NaN,NaN,NaN,NaN,207.586316399875,212.869229070673,185.45880670534,185.45880670534,205.373165693866,0,0,0,1,204.462447146735,212.386906359736,741.19392170693,650.602754917169,968.296863368503,0.95,0.628987660780145,0.95,0.0307246630855809,0.000747333351495107,-0.000497121734148925,0.601252215510968,1,1,1,3,0.0470634857655525,0.000911064401121907,-0.000535190494898291,0.601327709784069,0.0285691171365284,0.000770792986988612,-0.000522580359867215,0.60120483585712,12001,22251,5000,22251,0.0281305281384983,-0.00915878756816552,-0.0275569684570901,0.950000000000028,0.0469323789104539,-0.00284277159401566,0.729704252387728,0.949999999999972,0.0259297701150008,-0.00927406873132717,-0.192890070377312,0.950000000000022,0.0281305281384983,-0.00915878756816552,-0.0275569684570901,0.950000000000028,1.00410333414999,1.05896589621063,0.926492402133663,-0.00410333414999258,0.108747753145596,0.599161174355902,0.945787500597592,1.02301776925948,0.0197135637680887,1.17129184569364,0,0,0.958068661228667,0.961910107071766,0.0965034468632007,1.04050447425096,0.990584117990167,0,1.00613979038074,1.06597039909943,0.0145762256218642,0.903243187791959,0,0.6602,LVRT,0.245936264277007,1,0,0,0,0.245936264277007,1,0,0,0,1,1,0.125,1,0.0283537636264384,1,0.813253443646461,1.21037107921063,1,1,0.658124310099913,0.835748099838885,1,0.00387067412807721,0.998167845902662,1.00145838593645,1.00037095751706,0.00329054003378977,0.883228263979191,0.115872532471978,0.650292636350508,0.999493962508728,1.00005559679437,0.349762960443862,1,0.00185932318609637,1.0003948120999,1.00053128242667,0.999073256978306,0.00145802544836633,0.831299707032132,0.00485485309806413,0.837110920160883,0.828945469933991,0.831967048902835,0.00816545022689209,0.832778084135847,0.0834504759874934,0.651672085508062,0.927031449590275,0.925104211214295,0.275359364082213,0.923809394954585,0.000646170611144866,0.924129667517683,0.924665948577673,0.92356103984254,0.00110490873513339,0.945069939190351,-0.190703186850575,0.0925678814685196,0.337864147800701,0,1,1.5,0.1,1.370185862784,1.29165476790559,0.94170381650983,1.29165476790559,1.37285879800733,1,Inf,0,1,1,reactive_wrong_sign,0,grid_current_eval_peak_pu=1.292;grid_current_global_peak_pu=1.370;action_max=0.629,1,1,,0,reactive_wrong_sign,0,reactive_wrong_sign,115.25063996288,family_sac_after_finetune,E:\research_space\Hybrid-power-transformer\lab\results\hpt_v2_control_comparison\control_comparison_topology2_fault_all_t2_a_lvrt_r6_square60_pu0650_d240ms_family_sac_t2_a_lvrt_r6_fcd2cfa3fa28_20260803_150348.csv,t2_a_lvrt_r6_square60_pu0650_d240ms,0.65,240,E:\research_space\Hybrid-power-transformer\lab\results\hpt_family_specialist_t2_a_lvrt_r6_square60_currentwindow_20260803_r1\eval_sac\family_sac_hpt_sac_actor_weights_dynamic.mat,data\models\hpt_t2_a_lvrt_joint_support_family_sac_r6_20260803.zip
hpt_v2_topology2_paper,topology2,fault,lvrt_0650_300ms,conventional_dq,0,NaN,0.65,0.65,1,1,0.08,0.38,0.3,0,controller_filtered_lv_pu,0.505,202.31408052307,NaN,NaN,NaN,NaN,208.939219286706,212.663730337748,192.237822539978,192.237822539978,212.663730337748,0,0,0,1,206.363427022637,210.248435338964,842.084508147823,733.540116602571,977.392339129142,0.95,0.55264206446224,0.95,0.00363747532708634,-0.0329536683270979,0,0,1,1,0,0,0.105843719440535,-0.0264282051820969,0,0,-0.021327794488902,-0.0312265615885111,0,0,15001,25251,5001,25251,0.021214910314097,0.0371066847662593,0.912742720812218,0.95000000000003,0.115848195900378,0.0186240369444286,0.92046650863295,0.949999999999941,-0.00293564713048563,0.0379461881794817,0.934074220434654,0.950000000000022,0.021214910314097,0.0371066847662593,0.912742720812218,0.95000000000003,1.00385261928262,1.0372422483356,1.05260563518478,-0.0038526192826167,0.258711721224921,0.735876451953537,0.993279654459582,1.05229816168767,0.0428511711267701,1.17505828084519,0.1575,0,0.977438582190371,0.93745808181528,0.0984185878126605,1.04005478299258,0.731284581027931,0.26864875674955,1.00946959927118,1.0575060758542,0.0180979947218091,1.06073318434696,0.0467906418716257,0.94501099780044,LVRT,0.278685133043374,1,0,0,0,0.278685133043374,1,0,0,0,1,1,0.125,1,0.0156929243428217,1,0.916925145753213,1.22174042391143,1,1,0.598103738744875,0.826466534530557,1,0.00340644796493205,0.998298069888108,1.00093347190852,1.00076628064241,0.00263540202040962,0.883350534409426,0.116797090403252,0.649952082173322,0.999933491260338,1.00014021371407,0.350188131540744,1,0.00154271525939691,0.999350349464033,1.00068492337961,0.999964280935508,0.00133457391557361,0.802075197997644,0.00577538536231278,0.811748833728255,0.801564408147001,0.805722153083873,0.0101844255812539,0.824470582953544,0.0813298168806397,0.646902843915421,0.921757289970627,0.913043970124696,0.274854446055206,0.931880445514663,0.00164806897346225,0.931493787640829,0.931645775448336,0.934223344273819,0.00272955663299021,1.04476595668395,-0.206693907336834,0.117253392996011,0.487232637366807,0.000353919660237126,1,1.5,0.1,1.53996192050702,1.34051814393866,1.08397478609969,1.34051814393866,1.55159884767213,1,254.58,0,1,1,reactive_wrong_sign,0,grid_current_eval_peak_pu=1.341;grid_current_global_peak_pu=1.540;action_max=0.553,1,1,,0,reactive_wrong_sign,0,reactive_wrong_sign,120.8143332474,strong_dq,E:\research_space\Hybrid-power-transformer\lab\results\hpt_v2_control_comparison\control_comparison_topology2_fault_all_t2_a_lvrt_r6_square60_pu0650_d300ms_family_sac_t2_a_lvrt_r6_e650fcf8b329_20260803_150521.csv,t2_a_lvrt_r6_square60_pu0650_d300ms,0.65,300,,
hpt_v2_topology2_paper,topology2,fault,lvrt_0650_300ms,sac_actor_always_raw,0,NaN,0.65,0.65,1,1,0.08,0.38,0.3,0,controller_filtered_lv_pu,0.505,198.992121553036,NaN,NaN,NaN,NaN,207.669062797062,212.701941404988,185.45880670534,185.45880670534,205.373165693866,0,0,0,1,204.648383800098,212.2110200949,742.005059625337,653.920459693744,968.296863368503,0.95,0.628987660780145,0.95,0.0329281821399838,0.000707331985810922,-0.000584181886627372,0.60149693491167,1,1,1,3,0.0470118582273516,0.000865648438803468,-0.000637087469034595,0.60157261075959,0.0286136531149132,0.000771053188542549,-0.000521085632998206,0.601257271069468,15001,25251,5001,25251,0.0306501540948495,-0.00812239009997542,0.00706855568854772,0.95000000000003,0.0469071275808316,-0.00239900858336021,0.65217336124042,0.949999999999941,0.0259504482650854,-0.00935837976659523,-0.173681227954108,0.950000000000022,0.0306501540948495,-0.00812239009997542,0.00706855568854772,0.95000000000003,0.997761951327815,1.04743259794075,0.927506324531673,0.00223804867218559,0.224524815205913,0.527983104540655,0.945787500597592,1.02301776925948,0.0197135637680887,1.17129184569364,0,0,0.958853926413404,0.963476354859858,0.0962529955717156,1.02499231208877,0.99246716885541,0,1.00637981642079,1.06622424704946,0.0147700617381507,0.906643305430684,0,0.675064987002599,LVRT,0.245936264277007,1,0,0,0,0.245936264277007,1,0,0,0,1,1,0.125,1,0.0275456106521177,1,0.81740057461718,1.21037107921063,1,1,0.658124310099913,0.837197421759678,1,0.00387067412807721,0.998167845902662,1.00145838593645,1.00037095751706,0.00329054003378977,0.883225518939286,0.115852175428888,0.650300282526998,0.999447883225444,1.0000898804908,0.349789597963802,1,0.00137299050359122,1.00067452292365,0.999772100910244,0.999553022812221,0.00112150011142783,0.831299707032132,0.00485485309806413,0.837110920160883,0.828945469933991,0.831967048902835,0.00816545022689209,0.834233467989564,0.08301970150824,0.65317697888412,0.928501001068565,0.9263248905367,0.275324022184446,0.924006654759134,0.000501766452875121,0.924225822816742,0.924802556059963,0.923917149279257,0.00088540678070581,0.93104718051687,-0.182742037564725,0.0925487381086328,0.337864147800701,0,1,1.5,0.1,1.370185862784,1.29165476790559,0.944948310140129,1.29165476790559,1.37285879800733,1,Inf,0,1,1,reactive_wrong_sign,0,grid_current_eval_peak_pu=1.292;grid_current_global_peak_pu=1.370;action_max=0.629,1,1,,0,reactive_wrong_sign,0,reactive_wrong_sign,115.249954160833,family_sac_after_finetune,E:\research_space\Hybrid-power-transformer\lab\results\hpt_v2_control_comparison\control_comparison_topology2_fault_all_t2_a_lvrt_r6_square60_pu0650_d300ms_family_sac_t2_a_lvrt_r6_e650fcf8b329_20260803_150521.csv,t2_a_lvrt_r6_square60_pu0650_d300ms,0.65,300,E:\research_space\Hybrid-power-transformer\lab\results\hpt_family_specialist_t2_a_lvrt_r6_square60_currentwindow_20260803_r1\eval_sac\family_sac_hpt_sac_actor_weights_dynamic.mat,data\models\hpt_t2_a_lvrt_joint_support_family_sac_r6_20260803.zip
hpt_v2_topology2_paper,topology2,fault,lvrt_0700_080ms,conventional_dq,0,NaN,0.7,0.7,1,1,0.08,0.16,0.08,0,controller_filtered_lv_pu,0.285,202.440719324877,NaN,NaN,NaN,NaN,206.328734614436,211.970831310224,193.691238633302,193.691238633302,211.970831310224,0,0,0,1,205.084046485103,208.335092928097,850.706690125066,781.37230071515,977.392339129142,0.95,0.55264206446224,0.95,0.00979112948195595,0.0344699279919877,0,0,1,1,0,0,0.0962063324282484,-0.0551439042430554,0,0,0.0116669638980143,0.0329072122265512,0,0,4001,14251,5001,14251,0.00825321096788309,-0.0338603626971859,0.950000000000019,0.950000000000019,0.112247671391817,0.0408800721222607,0.950000000000017,0.950000000000017,0.010240489403038,-0.0324641478279633,0.950000000000022,0.950000000000022,0.00825321096788309,-0.0338603626971859,0.950000000000019,0.950000000000019,0.997055317444295,1.03414381971098,1.06338336265633,0.00294468255570518,0.242984097287184,0.596819457436857,0.993279654459582,1.05229816168767,0.0428511711267701,1.17505828084519,0.1575,0,0.977252015551996,0.947239518505348,0.0888049471561787,1.06133421234913,0.695076230942264,0.304923769057736,0.996154028375324,1.03379956042081,0.017874106761415,1.06358837816953,0.207758448310338,0.655268946210758,LVRT,0.235706466827544,1,0,0,0,0.235706466827544,1,0,0,0,1,1,0.125,1,0.01022955934596,1,0.976715375893937,1.22174042391143,1,1,0.620704703671475,0.832452375010014,1,0.00340644796493205,0.998298069888108,1.00093347190852,1.00076628064241,0.00263540202040962,0.899920175796852,0.0992836594445679,0.700279339000523,1.00011133619306,0.999489391910987,0.299831997192542,1,0.00189351681727319,0.999120793037677,1.00013441011062,1.00074412445562,0.00162333141794473,0.802075197997644,0.00577538536231278,0.811748833728255,0.801564408147001,0.805722153083873,0.0101844255812539,0.830702611019935,0.073192401095833,0.676146994744966,0.916779744762828,0.907239047220695,0.240632750017862,0.910933701851607,0.00319604251605805,0.913281177632302,0.90831274138809,0.912492119812146,0.00496843624421205,1.11549279526324,-0.20206597737888,0.104693570999171,0.365876878922531,0,1,1.5,0.1,1.53996192050702,1.36370918276211,1.17429727724021,1.36370918276211,1.55159884767213,1,Inf,0,1,1,reactive_wrong_sign,0,grid_current_eval_peak_pu=1.364;grid_current_global_peak_pu=1.540;action_max=0.553,1,1,,0,reactive_wrong_sign,0,reactive_wrong_sign,115.681184369039,strong_dq,E:\research_space\Hybrid-power-transformer\lab\results\hpt_v2_control_comparison\control_comparison_topology2_fault_all_t2_a_lvrt_r6_square60_pu0700_d080ms_family_sac_t2_a_lvrt_r6_0b309cf1fd28_20260803_150650.csv,t2_a_lvrt_r6_square60_pu0700_d080ms,0.7,80,,
hpt_v2_topology2_paper,topology2,fault,lvrt_0700_080ms,sac_actor_always_raw,0,NaN,0.7,0.7,1,1,0.08,0.16,0.08,0,controller_filtered_lv_pu,0.285,196.926830240034,NaN,NaN,NaN,NaN,209.823408851939,211.273279858334,187.407838915528,187.407838915528,204.427878927183,0,0,0,1,208.157586165535,211.273279858334,848.492017913586,799.747850682032,968.296863368503,0.95,0.628987660780145,0.95,0.0308034926144379,0.00116340585754178,0.000259628246099499,0.600364474163894,1,1,1,3,0.0474630333907748,0.00103169094054579,7.47168545201848e-05,0.599532116630469,0.0314955294552819,0.00118399588771814,0.00018674734170174,0.600503028185083,4001,14251,5001,14251,0.0255990888168765,-0.0171711511108742,0.94944823976501,0.950000000000019,0.0471109812600673,-0.00576963095154619,0.949913740945033,0.950000000000017,0.0260997423058534,-0.0176658780662451,0.949664139362429,0.950000000000022,0.0255990888168765,-0.0171711511108742,0.94944823976501,0.950000000000019,1.01427062374072,1.0718000745482,1.06061502239198,-0.0142706237407224,0.00654817586529467,0.689429373246024,0.945787500597592,1.02301776925948,0.0197135637680887,1.17129184569364,0,0,0.949572052597624,0.956265852157045,0.08358375287246,1.06538040890016,0.971507123219195,0,1.01293728903005,1.07030973243944,0.0168840800927201,1.06084998885285,0.000599880023995201,0.739452109578084,LVRT,0.205351878818977,1,0,0,0,0.205351878818977,1,0,0,0,1,1,0.125,1,0.0206438640499207,1,0.99968481335254,1.21037107921063,1,1,0.668974710556851,0.82901778463088,1,0.00387067412807721,0.998167845902662,1.00145838593645,1.00037095751706,0.00329054003378977,0.900111435844859,0.101002924002729,0.699609865832244,1.00028668756335,1.00027041399439,0.300676821731103,1,0.00116335581657861,0.999708363166961,1.00058150817792,0.99970987496695,0.000873145010958323,0.831299707032132,0.00485485309806413,0.837110920160883,0.828945469933991,0.831967048902835,0.00816545022689209,0.826909176969155,0.0733332364999103,0.671521075533465,0.906858555068714,0.906936574813509,0.235415499280044,0.92843137828223,0.00175734655287131,0.928287839126756,0.927587823407922,0.930437955905297,0.00285013249737424,1.04168459697829,-0.192040615574919,0.0888108982636414,0.318681452187126,0,1,1.5,0.1,1.370185862784,1.28145436608448,1.10134321160166,1.28145436608448,1.37285879800733,1,Inf,0,1,1,reactive_wrong_sign,0,grid_current_eval_peak_pu=1.281;grid_current_global_peak_pu=1.370;action_max=0.629,1,1,,0,reactive_wrong_sign,0,reactive_wrong_sign,115.326573809866,family_sac_after_finetune,E:\research_space\Hybrid-power-transformer\lab\results\hpt_v2_control_comparison\control_comparison_topology2_fault_all_t2_a_lvrt_r6_square60_pu0700_d080ms_family_sac_t2_a_lvrt_r6_0b309cf1fd28_20260803_150650.csv,t2_a_lvrt_r6_square60_pu0700_d080ms,0.7,80,E:\research_space\Hybrid-power-transformer\lab\results\hpt_family_specialist_t2_a_lvrt_r6_square60_currentwindow_20260803_r1\eval_sac\family_sac_hpt_sac_actor_weights_dynamic.mat,data\models\hpt_t2_a_lvrt_joint_support_family_sac_r6_20260803.zip
hpt_v2_topology2_paper,topology2,fault,lvrt_0700_120ms,conventional_dq,0,NaN,0.7,0.7,1,1,0.08,0.2,0.12,0,controller_filtered_lv_pu,0.325,201.51660054877,NaN,NaN,NaN,NaN,207.298519681394,211.970831310224,193.691238633302,193.691238633302,211.970831310224,0,0,0,1,206.077248599707,208.545398234473,849.898023443308,781.37230071515,977.392339129142,0.95,0.55264206446224,0.95,-0.00454705860933173,0.0389449989477723,0,0,1,1,0,0,0.0882548983096347,-0.034090198211315,0,0,-0.00348144947462656,0.0382332611079345,0,0,6001,16251,5001,16251,-0.0132640711098585,-0.0340441867881376,0.950000000000022,0.950000000000022,0.0988927202709194,0.0239403010379689,0.950000000000026,0.950000000000026,-0.0111764403142007,-0.0340604534331062,0.950000000000022,0.950000000000022,-0.0132640711098585,-0.0340441867881376,0.950000000000022,0.950000000000022,1.00156899533142,1.04014531932548,1.06237252930413,-0.00156899533142084,0.102748154224774,0.581624282198523,0.993279654459582,1.05229816168767,0.0428511711267701,1.17505828084519,0.1575,0,0.97495243973116,0.946822331737958,0.0868843739902907,1.06121069606401,0.463422762872854,0.536577237127145,1.00119716327958,1.03995726419256,0.017945140879928,1.06241458364238,0.100179964007199,0.517096580683863,LVRT,0.235706466827544,1,0,0,0,0.235706466827544,1,0,0,0,1,1,0.125,1,0.00841468071441742,1,0.976715375893937,1.22174042391143,1,1,0.620704703671475,0.833444938386719,1,0.00340644796493205,0.998298069888108,1.00093347190852,1.00076628064241,0.00263540202040962,0.899995598279023,0.0999609770806349,0.700015408733243,1.0001556117671,0.999822347626867,0.30014020303386,1,0.00314956321339284,1.00071139670731,0.998426335580866,1.00086040630983,0.00243407072896256,0.802075197997644,0.00577538536231278,0.811748833728255,0.801564408147001,0.805722153083873,0.0101844255812539,0.831672907123612,0.0724545629242559,0.677216935375691,0.914878280095252,0.90966751588675,0.237661344719561,0.916336287220791,0.00223170718436419,0.918265085830466,0.917662846928747,0.914342091968308,0.00392299386215886,1.09476108515585,-0.194113975114909,0.102066073869377,0.365876878922531,0,1,1.5,0.1,1.53996192050702,1.36370918276211,1.12377448880143,1.36370918276211,1.55159884767213,1,Inf,0,1,1,reactive_wrong_sign,0,grid_current_eval_peak_pu=1.364;grid_current_global_peak_pu=1.540;action_max=0.553,1,1,,0,reactive_wrong_sign,0,reactive_wrong_sign,115.791458983426,strong_dq,E:\research_space\Hybrid-power-transformer\lab\results\hpt_v2_control_comparison\control_comparison_topology2_fault_all_t2_a_lvrt_r6_square60_pu0700_d120ms_family_sac_t2_a_lvrt_r6_7f89fa573177_20260803_150816.csv,t2_a_lvrt_r6_square60_pu0700_d120ms,0.7,120,,
hpt_v2_topology2_paper,topology2,fault,lvrt_0700_120ms,sac_actor_always_raw,0,NaN,0.7,0.7,1,1,0.08,0.2,0.12,0,controller_filtered_lv_pu,0.325,198.720889400043,NaN,NaN,NaN,NaN,211.831333119227,213.070386027902,187.407838915528,187.407838915528,205.7037499215,0,0,0,1,210.116749574513,213.070386027902,835.435670767834,772.45025552268,968.296863368503,0.95,0.628987660780145,0.95,0.0270688252818906,0.00100613365544292,0.000261801042889488,0.602606053047334,1,1,1,3,0.046727659497223,0.00101181557838219,-7.0728642015151e-05,0.600099547492295,0.0274666364798454,0.00102562541604428,0.000258542259722671,0.602487742129411,6001,16251,5001,16251,0.0225332022984291,-0.015032939278727,0.490872458802781,0.950000000000022,0.0464742448918678,-0.00464218390238327,0.949076401192734,0.950000000000026,0.022853096248885,-0.0152710217610073,0.549850140058497,0.950000000000022,0.0225332022984291,-0.015032939278727,0.490872458802781,0.950000000000022,1.02265956535861,1.08071961423138,1.04429458845979,-0.0226595653586095,0.0172272354388843,0.979286300246103,0.945787500597592,1.02301776925948,0.0197135637680887,1.17129184569364,0,0,0.955899711461454,0.963747951267707,0.0841140759777346,1.06345673308857,0.981003166138977,0,1.02207924460461,1.08021682887056,0.0168755289372906,1.04892973565552,0.0167966406718656,0.979804039192162,LVRT,0.205351878818977,1,0,0,0,0.205351878818977,1,0,0,0,1,1,0.125,1,0.029325536366674,1,0.96556281940335,1.21037107921063,1,1,0.668974710556851,0.836277766691349,1,0.00387067412807721,0.998167845902662,1.00145838593645,1.00037095751706,0.00329054003378977,0.900022010144457,0.100198500468254,0.699922962248205,0.999916390505065,1.00019363512758,0.300270672879376,1,0.00105375098176127,1.00003071407815,0.999529020234142,1.00044005747977,0.000911037245623292,0.831299707032132,0.00485485309806413,0.837110920160883,0.828945469933991,0.831967048902835,0.00816545022689209,0.83410532925312,0.0732175185613798,0.67822797685907,0.91451120456818,0.914280274293129,0.236283227709111,0.936833392627861,0.000783773086277619,0.93741355883413,0.936566782125409,0.937816170072203,0.00124938794679435,1.02356239578908,-0.194487894593384,0.0840293456851207,0.318681452187126,0,1,1.5,0.1,1.370185862784,1.28145436608448,1.05108994391974,1.28145436608448,1.37285879800733,1,Inf,0,1,1,reactive_wrong_sign,0,grid_current_eval_peak_pu=1.281;grid_current_global_peak_pu=1.370;action_max=0.629,1,1,,0,reactive_wrong_sign,0,reactive_wrong_sign,115.369346831322,family_sac_after_finetune,E:\research_space\Hybrid-power-transformer\lab\results\hpt_v2_control_comparison\control_comparison_topology2_fault_all_t2_a_lvrt_r6_square60_pu0700_d120ms_family_sac_t2_a_lvrt_r6_7f89fa573177_20260803_150816.csv,t2_a_lvrt_r6_square60_pu0700_d120ms,0.7,120,E:\research_space\Hybrid-power-transformer\lab\results\hpt_family_specialist_t2_a_lvrt_r6_square60_currentwindow_20260803_r1\eval_sac\family_sac_hpt_sac_actor_weights_dynamic.mat,data\models\hpt_t2_a_lvrt_joint_support_family_sac_r6_20260803.zip
hpt_v2_topology2_paper,topology2,fault,lvrt_0700_160ms,conventional_dq,0,NaN,0.7,0.7,1,1,0.08,0.24,0.16,0,controller_filtered_lv_pu,0.365,201.847405944885,NaN,NaN,NaN,NaN,208.122414811501,211.970831310224,193.691238633302,193.691238633302,211.970831310224,0,0,0,1,206.817835832481,209.111258955697,849.275818239919,777.130039648333,977.392339129142,0.95,0.55264206446224,0.95,-0.0122871852942036,0.0394799464792822,0,0,1,1,0,0,0.0873911455519596,-0.0234056480724819,0,0,-0.0121217786364832,0.0388949319849693,0,0,8000,18251,5000,18251,-0.0270076205540791,-0.0288779832838381,0.950000000000024,0.950000000000024,0.0963986216510933,0.0151788542771773,0.948427380817782,0.950000000000031,-0.026875013284169,-0.0282848847166856,0.950000000000022,0.950000000000022,-0.0270076205540791,-0.0288779832838381,0.950000000000024,0.950000000000024,1.00469194090719,1.04451432962391,1.0615947727999,-0.00469194090718789,0.127100073046019,0.846055514974434,0.993279654459582,1.05229816168767,0.0428511711267701,1.17505828084519,0.1575,0,0.976288449770919,0.948648771730415,0.0858791389726884,1.05768904073096,0.499125,0.50075,1.00471301744957,1.0448241888229,0.0205187232660372,1.06168031723669,0.1004,0.8702,LVRT,0.235706466827544,1,0,0,0,0.235706466827544,1,0,0,0,1,1,0.125,1,0.010199318626557,1,0.971412549560416,1.22174042391143,1,1,0.620704703671475,0.835228339372175,1,0.00340644796493205,0.998298069888108,1.00093347190852,1.00076628064241,0.00263540202040962,0.9000040861536,0.100036842301344,0.699985698641734,0.999954196292729,1.00006623076813,0.300080532126396,1,0.00188086893992983,1.00051371126068,1.00042510724235,0.999060517875923,0.00145319338475814,0.802075197997644,0.00577538536231278,0.811748833728255,0.801564408147001,0.805722153083873,0.0101844255812539,0.83348502439801,0.071259777143392,0.679847367433275,0.916598428291283,0.910733674031544,0.236751060858008,0.920738202818554,0.00136578754335085,0.91972188847217,0.922578355931364,0.921660838401465,0.00285646745919324,1.07432620475753,-0.191145622670069,0.101036119731494,0.365876878922531,0,1,1.5,0.1,1.53996192050702,1.36370918276211,1.12092168699666,1.36370918276211,1.55159884767213,1,Inf,0,1,1,reactive_wrong_sign,0,grid_current_eval_peak_pu=1.364;grid_current_global_peak_pu=1.540;action_max=0.553,1,1,,0,reactive_wrong_sign,0,reactive_wrong_sign,115.890076930224,strong_dq,E:\research_space\Hybrid-power-transformer\lab\results\hpt_v2_control_comparison\control_comparison_topology2_fault_all_t2_a_lvrt_r6_square60_pu0700_d160ms_family_sac_t2_a_lvrt_r6_dbdd4c827f94_20260803_150942.csv,t2_a_lvrt_r6_square60_pu0700_d160ms,0.7,160,,
hpt_v2_topology2_paper,topology2,fault,lvrt_0700_160ms,sac_actor_always_raw,0,NaN,0.7,0.7,1,1,0.08,0.24,0.16,0,controller_filtered_lv_pu,0.365,199.593339137457,NaN,NaN,NaN,NaN,209.090169765559,213.098227708051,187.407838915528,187.407838915528,206.870859892975,0,0,0,1,204.647979778781,213.098227708051,751.37001073445,644.272580772407,968.296863368503,0.95,0.628987660780145,0.95,0.0278455303739818,0.000809947729216444,-0.000335475681512483,0.600937350551935,1,1,1,3,0.0462430782282942,0.00097102095190627,-0.000243572703876506,0.600615808104225,0.0278321583145327,0.000812035499568513,-0.000344611367650399,0.601038873121879,8000,18251,5000,18251,0.0247593904918331,-0.0105886225148014,-0.030878241504295,0.950000000000024,0.0460507604439629,-0.0037863593855122,0.902829819492443,0.950000000000031,0.0246771806343317,-0.0108069149466409,-0.0734612689002761,0.950000000000022,0.0247593904918331,-0.0105886225148014,-0.030878241504295,0.950000000000024,1.01138929207808,1.0705599888692,0.939212513418062,-0.0113892920780792,0,0.639152666179693,0.945787500597592,1.02301776925948,0.0197135637680887,1.17129184569364,0,0,0.960519636022685,0.969395984327915,0.084074003579722,1.05897091002635,0.98575,0,1.01208496617287,1.07123397614867,0.0151536314437507,0.939628394162764,0,0.655,LVRT,0.205351878818977,1,0,0,0,0.205351878818977,1,0,0,0,1,1,0.125,1,0.0294600372369602,1,0.805340725965509,1.21037107921063,1,1,0.668974710556851,0.84156951991303,1,0.00387067412807721,0.998167845902662,1.00145838593645,1.00037095751706,0.00329054003378977,0.900037546681339,0.100338173074413,0.69986857551163,0.999984791185483,1.00020291975486,0.300334344243226,1,0.0012515785936471,0.999489487314756,1.00056862409522,0.999941594906164,0.00107913678046601,0.831299707032132,0.00485485309806413,0.837110920160883,0.828945469933991,0.831967048902835,0.00816545022689209,0.839297398298648,0.0725868458928116,0.683641644063824,0.920008216377074,0.919300033245445,0.23636657231325,0.92833867000815,0.000780558945907215,0.928010855703996,0.929312590979676,0.92884705296692,0.00130173527568028,0.996062924374554,-0.189645120951868,0.0800878760903329,0.318681452187126,0,1,1.5,0.1,1.370185862784,1.28145436608448,0.986824281945494,1.28145436608448,1.37285879800733,1,Inf,0,1,1,reactive_wrong_sign,0,grid_current_eval_peak_pu=1.281;grid_current_global_peak_pu=1.370;action_max=0.629,1,0,dc_link_bounds,0,reactive_wrong_sign,0,reactive_wrong_sign,115.219366135865,family_sac_after_finetune,E:\research_space\Hybrid-power-transformer\lab\results\hpt_v2_control_comparison\control_comparison_topology2_fault_all_t2_a_lvrt_r6_square60_pu0700_d160ms_family_sac_t2_a_lvrt_r6_dbdd4c827f94_20260803_150942.csv,t2_a_lvrt_r6_square60_pu0700_d160ms,0.7,160,E:\research_space\Hybrid-power-transformer\lab\results\hpt_family_specialist_t2_a_lvrt_r6_square60_currentwindow_20260803_r1\eval_sac\family_sac_hpt_sac_actor_weights_dynamic.mat,data\models\hpt_t2_a_lvrt_joint_support_family_sac_r6_20260803.zip
hpt_v2_topology2_paper,topology2,fault,lvrt_0700_200ms,conventional_dq,0,NaN,0.7,0.7,1,1,0.08,0.28,0.2,0,controller_filtered_lv_pu,0.405,202.369497343733,NaN,NaN,NaN,NaN,208.079682343276,211.970831310224,193.691238633302,193.691238633302,211.970831310224,0,0,0,1,206.992444782772,209.368313043871,849.368135462678,767.005772140394,977.392339129142,0.95,0.55264206446224,0.95,-0.0152276108840178,0.036733024965433,0,0,1,1,0,0,0.087580210130774,-0.0129991465824919,0,0,-0.014953186429552,0.0396285462174085,0,0,10001,20251,5001,20251,-0.0292163934654528,-0.0250887825460153,0.950000000000026,0.950000000000026,0.0952298501197743,0.00612803929942242,0.94721376214405,0.950000000000003,-0.0308882143897215,-0.0274408452928729,0.950000000000022,0.950000000000022,-0.0292163934654528,-0.0250887825460153,0.950000000000026,0.950000000000026,1.00521815000892,1.04571363399194,1.06171016932835,-0.00521815000892054,0.179888084265964,0.702271231073074,0.993279654459582,1.05229816168767,0.0428511711267701,1.17505828084519,0.1575,0,0.978188707870049,0.948860712457357,0.0856674727445628,1.05283415328786,0.599340065993401,0.400559944005599,1.00535063129241,1.04554551461699,0.0201026795634234,1.0614877745633,0.173365326934613,0.683463307338532,LVRT,0.235706466827544,1,0,0,0,0.235706466827544,1,0,0,0,1,1,0.125,1,0.011441125815802,1,0.958757215175493,1.22174042391143,1,1,0.620704703671475,0.835755147231843,1,0.00340644796493205,0.998298069888108,1.00093347190852,1.00076628064241,0.00263540202040962,0.89998820691539,0.0998939026621208,0.700041274775572,1.00001402361854,0.99992700791573,0.29997274884297,1,0.00222172665960333,1.00075846454242,1.00032323400437,0.998917375541009,0.00184108900141013,0.802075197997644,0.00577538536231278,0.811748833728255,0.801564408147001,0.805722153083873,0.0101844255812539,0.834073659938337,0.0705343881618526,0.681164325759848,0.917465117117997,0.910504479030933,0.23630079135815,0.92120441365698,0.00217681272838211,0.919822261615841,0.922599426084115,0.922796412939333,0.00297415132349223,1.06442705274016,-0.186429119536205,0.102033223598639,0.365876878922531,0.00199137072685032,1,1.5,0.1,1.53996192050702,1.36370918276211,1.10232403766102,1.36370918276211,1.55159884767213,1,164.74,0,1,1,reactive_wrong_sign,0,grid_current_eval_peak_pu=1.364;grid_current_global_peak_pu=1.540;action_max=0.553,1,1,,0,reactive_wrong_sign,0,reactive_wrong_sign,115.77711215681,strong_dq,E:\research_space\Hybrid-power-transformer\lab\results\hpt_v2_control_comparison\control_comparison_topology2_fault_all_t2_a_lvrt_r6_square60_pu0700_d200ms_family_sac_t2_a_lvrt_r6_ef60776b2dc9_20260803_151114.csv,t2_a_lvrt_r6_square60_pu0700_d200ms,0.7,200,,
hpt_v2_topology2_paper,topology2,fault,lvrt_0700_200ms,sac_actor_always_raw,0,NaN,0.7,0.7,1,1,0.08,0.28,0.2,0,controller_filtered_lv_pu,0.405,200.256045611267,NaN,NaN,NaN,NaN,207.324555727837,213.49535751018,187.407838915528,187.407838915528,207.016980318619,0,0,0,1,203.360067371609,212.86413346455,731.276495375854,628.083370366996,968.296863368503,0.95,0.628987660780145,0.95,0.028644282090646,0.000745910918202228,-0.000464826465080689,0.601209364610006,1,1,1,3,0.0461012009591597,0.000940397808466702,-0.000369178673166064,0.600980865662425,0.028027557779657,0.000770571087625134,-0.000539783266458799,0.601316788526144,10001,20251,5001,20251,0.0259849877682447,-0.00938405836346346,-0.0729262097861295,0.950000000000026,0.0459471070829112,-0.00320450085539455,0.833393401707706,0.950000000000003,0.0256690109783883,-0.0083838910307626,-0.207314990999461,0.950000000000022,0.0259849877682447,-0.00938405836346346,-0.0729262097861295,0.950000000000026,1.00687474528088,1.06605757089748,0.914095619219817,-0.00687474528088432,0.0167873601053325,0.658327847267939,0.945787500597592,1.02301776925948,0.0197135637680887,1.17129184569364,0,0,0.964070956444212,0.973417782117265,0.0838150025643451,1.05243074711257,0.988601139886011,0,1.00515789974935,1.06495342842572,0.01425102459311,0.896452063679189,0,0.655268946210758,LVRT,0.205351878818977,1,0,0,0,0.205351878818977,1,0,0,0,1,1,0.125,1,0.0313785386965206,1,0.785104212958745,1.21037107921063,1,1,0.668974710556851,0.845258714465701,1,0.00387067412807721,0.998167845902662,1.00145838593645,1.00037095751706,0.00329054003378977,0.899984205822972,0.0998578552128675,0.700055277450651,0.999971974848161,0.999949052556715,0.29991669739751,1,0.00173958192644365,0.999803230886185,1.00083176555503,0.999364436312173,0.00146732924285751,0.831299707032132,0.00485485309806413,0.837110920160883,0.828945469933991,0.831967048902835,0.00816545022689209,0.842908059271916,0.0722316346705695,0.687308364247816,0.923958053384041,0.922622285555985,0.236649689136225,0.922795358357734,0.000962428567199943,0.922454972392261,0.924011495196118,0.922971383071314,0.0015565228038573,0.975378049433372,-0.185672224910241,0.0773507217436507,0.318681452187126,0,1,1.5,0.1,1.370185862784,1.28145436608448,0.94904136475173,1.28145436608448,1.37285879800733,1,Inf,0,1,1,reactive_wrong_sign,0,grid_current_eval_peak_pu=1.281;grid_current_global_peak_pu=1.370;action_max=0.629,1,0,dc_link_bounds,0,reactive_wrong_sign,0,reactive_wrong_sign,116.352623074099,family_sac_after_finetune,E:\research_space\Hybrid-power-transformer\lab\results\hpt_v2_control_comparison\control_comparison_topology2_fault_all_t2_a_lvrt_r6_square60_pu0700_d200ms_family_sac_t2_a_lvrt_r6_ef60776b2dc9_20260803_151114.csv,t2_a_lvrt_r6_square60_pu0700_d200ms,0.7,200,E:\research_space\Hybrid-power-transformer\lab\results\hpt_family_specialist_t2_a_lvrt_r6_square60_currentwindow_20260803_r1\eval_sac\family_sac_hpt_sac_actor_weights_dynamic.mat,data\models\hpt_t2_a_lvrt_joint_support_family_sac_r6_20260803.zip
hpt_v2_topology2_paper,topology2,fault,lvrt_0700_240ms,conventional_dq,0,NaN,0.7,0.7,1,1,0.08,0.32,0.24,0,controller_filtered_lv_pu,0.445,202.696325128071,NaN,NaN,NaN,NaN,208.157875284533,211.970831310224,193.691238633302,193.691238633302,211.970831310224,0,0,0,1,206.859168560824,209.764146058961,847.583162515631,761.174129496767,977.392339129142,0.95,0.55264206446224,0.95,-0.00706319141753634,0.0340641046106059,0,0,1,1,0,0,0.0876037119209219,-0.00627240233020849,0,0,-0.0146012684046862,0.0391020696147957,0,0,12001,22251,5000,22251,-0.0193847245368849,-0.0236870943585732,0.949591524536166,0.950000000000028,0.0943687119395132,0.000338262784184445,0.945942698303628,0.949999999999972,-0.030984983861841,-0.0267123335502741,0.950000000000022,0.950000000000022,-0.0193847245368849,-0.0236870943585732,0.949591524536166,0.950000000000028,1.00429863833954,1.03816895016381,1.05947895314454,-0.00429863833953627,0.296135410425404,0.693978430197723,0.993279654459582,1.05229816168767,0.0428511711267701,1.17505828084519,0.1575,0,0.979483414281022,0.949020635417103,0.0854905296623499,1.04958480320933,0.66611115740355,0.333805516206983,1.00571470466909,1.04600626092403,0.0203575501490097,1.06139178192485,0.2302,0.7566,LVRT,0.235706466827544,1,0,0,0,0.235706466827544,1,0,0,0,1,1,0.125,1,0.0133533626036777,1,0.951467661870959,1.22174042391143,1,1,0.620704703671475,0.836087042247761,1,0.00340644796493205,0.998298069888108,1.00093347190852,1.00076628064241,0.00263540202040962,0.900029061256715,0.100261552414119,0.699898278215934,1.00007985218619,1.00006544875974,0.300181573970259,1,0.00222456781519969,1.00044020321037,1.00066421032814,0.998894658094015,0.00176955223412367,0.802075197997644,0.00577538536231278,0.811748833728255,0.801564408147001,0.805722153083873,0.0101844255812539,0.834459389114318,0.0700370754036896,0.68213791234135,0.91807261687732,0.910284951479773,0.23593470453597,0.921602685026017,0.00250304291278643,0.919520158045765,0.923426497330509,0.923609850704765,0.00408969265900023,1.05847758960356,-0.183271199720496,0.102564783335822,0.365876878922531,0.00204970535485524,1,1.5,0.1,1.53996192050702,1.36370918276211,1.10183385155688,1.36370918276211,1.55159884767213,1,164.74,0,1,1,reactive_wrong_sign,0,grid_current_eval_peak_pu=1.364;grid_current_global_peak_pu=1.540;action_max=0.553,1,1,,0,reactive_wrong_sign,0,reactive_wrong_sign,115.727385188194,strong_dq,E:\research_space\Hybrid-power-transformer\lab\results\hpt_v2_control_comparison\control_comparison_topology2_fault_all_t2_a_lvrt_r6_square60_pu0700_d240ms_family_sac_t2_a_lvrt_r6_494a5f1803f1_20260803_151247.csv,t2_a_lvrt_r6_square60_pu0700_d240ms,0.7,240,,
hpt_v2_topology2_paper,topology2,fault,lvrt_0700_240ms,sac_actor_always_raw,0,NaN,0.7,0.7,1,1,0.08,0.32,0.24,0,controller_filtered_lv_pu,0.445,200.715168360382,NaN,NaN,NaN,NaN,207.46131530375,213.065163893822,187.407838915528,187.407838915528,207.112586887048,0,0,0,1,204.272166414477,212.54179997344,737.587730509103,644.948131989995,968.296863368503,0.95,0.628987660780145,0.95,0.0306376213456422,0.000739102023940803,-0.000515390385836621,0.601377298140821,1,1,1,3,0.0461119677140544,0.000908003748017699,-0.000466028350398202,0.601260622280184,0.0284494649475077,0.000772550837438929,-0.000530003089509454,0.601301177667854,12001,22251,5000,22251,0.0281008711502586,-0.00899257676985877,-0.0481435506647851,0.950000000000028,0.0459836981412154,-0.00278461874043181,0.761102492579938,0.949999999999972,0.0259165146428177,-0.00894669710777028,-0.197304794499838,0.950000000000022,0.0281008711502586,-0.00899257676985877,-0.0481435506647851,0.950000000000028,1.00478919951854,1.05986206846844,0.92198466313638,-0.00478919951853917,0.108747753145596,0.599161174355902,0.945787500597592,1.02301776925948,0.0197135637680887,1.17129184569364,0,0,0.96650426977959,0.976054538614352,0.0837681537008682,1.04423155879697,0.9905007916007,0,1.00569724425843,1.06552147602323,0.0145858912530115,0.90037870670065,0,0.6602,LVRT,0.205351878818977,1,0,0,0,0.205351878818977,1,0,0,0,1,1,0.125,1,0.029300308665807,1,0.806185164987494,1.21037107921063,1,1,0.668974710556851,0.847616818544721,1,0.00387067412807721,0.998167845902662,1.00145838593645,1.00037095751706,0.00329054003378977,0.899960183093425,0.0996419586107768,0.700139346808621,0.999779956229508,1.00002093265851,0.299881585849885,1,0.00081998662831335,1.00036625929616,0.999976287566653,0.999657327070738,0.000708932225427061,0.831299707032132,0.00485485309806413,0.837110920160883,0.828945469933991,0.831967048902835,0.00816545022689209,0.845219495091413,0.072057659428874,0.689525007547717,0.926358874241746,0.924921143429191,0.236833866694029,0.923355547998535,0.000479055442994477,0.923591864504723,0.924108973809339,0.923312326630797,0.000796647178542133,0.960015707381078,-0.18111986865933,0.0759227749975941,0.318681452187126,0,1,1.5,0.1,1.370185862784,1.28145436608448,0.941732004979872,1.28145436608448,1.37285879800733,1,Inf,0,1,1,reactive_wrong_sign,0,grid_current_eval_peak_pu=1.281;grid_current_global_peak_pu=1.370;action_max=0.629,1,0,dc_link_bounds,0,reactive_wrong_sign,0,reactive_wrong_sign,114.601674277159,family_sac_after_finetune,E:\research_space\Hybrid-power-transformer\lab\results\hpt_v2_control_comparison\control_comparison_topology2_fault_all_t2_a_lvrt_r6_square60_pu0700_d240ms_family_sac_t2_a_lvrt_r6_494a5f1803f1_20260803_151247.csv,t2_a_lvrt_r6_square60_pu0700_d240ms,0.7,240,E:\research_space\Hybrid-power-transformer\lab\results\hpt_family_specialist_t2_a_lvrt_r6_square60_currentwindow_20260803_r1\eval_sac\family_sac_hpt_sac_actor_weights_dynamic.mat,data\models\hpt_t2_a_lvrt_joint_support_family_sac_r6_20260803.zip
hpt_v2_topology2_paper,topology2,fault,lvrt_0700_300ms,conventional_dq,0,NaN,0.7,0.7,1,1,0.08,0.38,0.3,0,controller_filtered_lv_pu,0.505,203.011250734289,NaN,NaN,NaN,NaN,209.191267005665,211.970831310224,193.691238633302,193.691238633302,211.970831310224,0,0,0,1,206.329134556042,210.986978435142,844.984793435963,761.174129496767,977.392339129142,0.95,0.55264206446224,0.95,-0.00394228685392464,0.00742537621354612,0,0,1,1,0,0,0.0875140984797492,-0.000876081260336941,0,0,-0.0267649039761642,0.011692789281246,0,0,15001,25251,5001,25251,-0.00261054565898129,0.00337621413794522,0.945598513016747,0.95000000000003,0.0935476465274087,-0.00417197441869206,0.943668627311359,0.949999999999941,-0.0282997443985469,0.00340525878634335,0.948968189953799,0.950000000000022,-0.00261054565898129,0.00337621413794522,0.945598513016747,0.95000000000003,1.00515811740166,1.03484857863867,1.05623099179495,-0.00515811740165993,0.338833157338965,0.629751847940866,0.993279654459582,1.05229816168767,0.0428511711267701,1.17505828084519,0.1575,0,0.980791593208373,0.949361453187898,0.0853634851261198,1.04632681512317,0.732884474368375,0.267048863409106,1.01034891918646,1.0538680536384,0.0181701163099356,1.06080397923212,0.183163367326535,0.769246150769846,LVRT,0.235706466827544,1,0,0,0,0.235706466827544,1,0,0,0,1,1,0.125,1,0.0192607653871613,1,0.951467661870959,1.22174042391143,1,1,0.620704703671475,0.836735463191375,1,0.00340644796493205,0.998298069888108,1.00093347190852,1.00076628064241,0.00263540202040962,0.900047397908303,0.100426635749369,0.699834087925357,1.00006780465544,1.00016916789784,0.300335079972483,1,0.00187580341376591,0.999276631628729,0.999844257770411,1.00087845100406,0.00160181937532727,0.802075197997644,0.00577538536231278,0.811748833728255,0.801564408147001,0.805722153083873,0.0101844255812539,0.835167933106614,0.069514387212323,0.683293651725675,0.918814244148498,0.910635207017138,0.235520592422823,0.928692584326388,0.00181720463030559,0.92828044920813,0.928264405841293,0.930813534061187,0.00254912821989395,1.0526879627011,-0.181483362554764,0.102495038226112,0.365876878922531,0.00422345939719716,1,1.5,0.1,1.53996192050702,1.36370918276211,1.08949441780972,1.36370918276211,1.55159884767213,1,164.74,0,1,1,reactive_wrong_sign,0,grid_current_eval_peak_pu=1.364;grid_current_global_peak_pu=1.540;action_max=0.553,1,1,,0,reactive_wrong_sign,0,reactive_wrong_sign,115.871078411176,strong_dq,E:\research_space\Hybrid-power-transformer\lab\results\hpt_v2_control_comparison\control_comparison_topology2_fault_all_t2_a_lvrt_r6_square60_pu0700_d300ms_family_sac_t2_a_lvrt_r6_b30296ec2860_20260803_151417.csv,t2_a_lvrt_r6_square60_pu0700_d300ms,0.7,300,,
hpt_v2_topology2_paper,topology2,fault,lvrt_0700_300ms,sac_actor_always_raw,0,NaN,0.7,0.7,1,1,0.08,0.38,0.3,0,controller_filtered_lv_pu,0.505,200.782218619856,NaN,NaN,NaN,NaN,207.746111214618,214.008957227235,187.407838915528,187.407838915528,207.112586887048,0,0,0,1,204.827867590192,212.307233634939,741.419669785437,659.217887279624,968.296863368503,0.95,0.628987660780145,0.95,0.0329690278750487,0.000723140909693162,-0.000568591997219648,0.601637383959293,1,1,1,3,0.0461514009593166,0.000854960144572446,-0.00058650038866434,0.601603703517107,0.0287274185919247,0.000777629893281942,-0.000507544192840106,0.601387486909195,15001,25251,5001,25251,0.030658937111748,-0.00822750683279245,0.00831320167455699,0.95000000000003,0.0460489570601105,-0.00234204408829446,0.683749153003155,0.949999999999941,0.0260684343319127,-0.00936209520432658,-0.168868908823325,0.950000000000022,0.030658937111748,-0.00822750683279245,0.00831320167455699,0.95000000000003,1.0004232555085,1.05039376677581,0.926774587231796,-0.000423255508502852,0.23772439281943,0.527983104540655,0.945787500597592,1.02301776925948,0.0197135637680887,1.17129184569364,0,0,0.967279236354073,0.977471852145682,0.0834786457979421,1.0264887079465,0.992400506632891,0,1.00683927704838,1.06657385673978,0.014630403472008,0.907035711545612,0,0.69506098780244,LVRT,0.205351878818977,1,0,0,0,0.205351878818977,1,0,0,0,1,1,0.125,1,0.0338596967499296,1,0.824022359099529,1.21037107921063,1,1,0.668974710556851,0.848922549764425,1,0.00387067412807721,0.998167845902662,1.00145838593645,1.00037095751706,0.00329054003378977,0.899953434565631,0.0995810675433334,0.700162960808909,0.999798110174298,0.999969040712939,0.29980607990403,1,0.00133815721698927,1.00066842356663,0.999686437662516,0.999644803132748,0.0010236204338792,0.831299707032132,0.00485485309806413,0.837110920160883,0.828945469933991,0.831967048902835,0.00816545022689209,0.846519252414197,0.0716515133646533,0.690884428329961,0.927660304084316,0.925972009517869,0.236775875754354,0.924318030723902,0.000578851751681955,0.924488209926642,0.925196056980939,0.924187036965981,0.00100902001495826,0.944265721292567,-0.171796040125454,0.0760221548322977,0.318681452187126,0,1,1.5,0.1,1.370185862784,1.28145436608448,0.943201008736237,1.28145436608448,1.37285879800733,1,Inf,0,1,1,reactive_wrong_sign,0,grid_current_eval_peak_pu=1.281;grid_current_global_peak_pu=1.370;action_max=0.629,1,1,,0,reactive_wrong_sign,0,reactive_wrong_sign,114.140036606437,family_sac_after_finetune,E:\research_space\Hybrid-power-transformer\lab\results\hpt_v2_control_comparison\control_comparison_topology2_fault_all_t2_a_lvrt_r6_square60_pu0700_d300ms_family_sac_t2_a_lvrt_r6_b30296ec2860_20260803_151417.csv,t2_a_lvrt_r6_square60_pu0700_d300ms,0.7,300,E:\research_space\Hybrid-power-transformer\lab\results\hpt_family_specialist_t2_a_lvrt_r6_square60_currentwindow_20260803_r1\eval_sac\family_sac_hpt_sac_actor_weights_dynamic.mat,data\models\hpt_t2_a_lvrt_joint_support_family_sac_r6_20260803.zip
hpt_v2_topology2_paper,topology2,fault,lvrt_0750_080ms,conventional_dq,0,NaN,0.75,0.75,1,1,0.08,0.16,0.08,0,controller_filtered_lv_pu,0.285,202.982636273626,NaN,NaN,NaN,NaN,206.360218900741,210.553542256102,195.961900800719,195.961900800719,210.553542256102,0,0,0,1,205.5877852637,207.489351106221,851.522191743459,799.726215904551,977.392339129142,0.95,0.55264206446224,0.95,0.0111187683873979,0.0804664976729944,0,0,1,1,0,0,0.0845937414287186,-0.0391225848528867,0,0,0.0113054834409691,0.0792608335970386,0,0,4001,14251,5001,14251,0.0100762620102802,-0.0804683508779441,0.950000000000019,0.950000000000019,0.102497527099616,0.0245166876805982,0.950000000000017,0.950000000000017,0.0101808520621543,-0.0792959838457127,0.950000000000022,0.950000000000022,0.0100762620102802,-0.0804683508779441,0.950000000000019,0.950000000000019,0.997017183781778,1.01181791481414,1.06440273967932,0.00298281621822172,0.483863423760524,0.510523854069224,0.993279654459582,1.05229816168767,0.0428511711267701,1.17505828084519,0.1575,0,0.980120741175193,0.95991052443935,0.0754485525671854,1.06483803686428,0.690077480629843,0.309922519370157,0.996703706774865,1.01144439661756,0.0258877280435518,1.06459621038637,0.41371725654869,0.581483703259348,LVRT,0.196675849278836,1,0,0,0,0.196675849278836,1,0,0,0,1,1,0.125,1,0.00904015603186759,1,0.999657769880689,1.22174042391143,1,1,0.660554672528685,0.8435800519156,1,0.00340644796493205,0.998298069888108,1.00093347190852,1.00076628064241,0.00263540202040962,0.916619295974213,0.0828215775448301,0.75021316940394,1.00044716008638,0.999268205912166,0.250233990682438,1,0.00293693149909317,1.0014482091203,0.999069919883615,0.999480254749183,0.00237828923668524,0.802075197997644,0.00577538536231278,0.811748833728255,0.801564408147001,0.805722153083873,0.0101844255812539,0.842268654048289,0.0619340184812468,0.712766547519996,0.913428241136123,0.907947012617715,0.200661693616127,0.891115791589245,0.00262940720038667,0.889671754460213,0.894490415334882,0.891427383083406,0.00481866087466835,1.11839173849245,-0.15980704841147,0.099112650617719,0.289404025903272,0,1,1.5,0.1,1.53996192050702,1.28521453438678,1.20408436485296,1.28521453438678,1.55159884767213,1,Inf,0,1,1,reactive_wrong_sign,0,grid_current_eval_peak_pu=1.285;grid_current_global_peak_pu=1.540;action_max=0.553,1,1,,0,reactive_wrong_sign,0,reactive_wrong_sign,112.507590001258,strong_dq,E:\research_space\Hybrid-power-transformer\lab\results\hpt_v2_control_comparison\control_comparison_topology2_fault_all_t2_a_lvrt_r6_square60_pu0750_d080ms_family_sac_t2_a_lvrt_r6_5344c2a604a5_20260803_151547.csv,t2_a_lvrt_r6_square60_pu0750_d080ms,0.75,80,,
hpt_v2_topology2_paper,topology2,fault,lvrt_0750_080ms,sac_actor_always_raw,0,NaN,0.75,0.75,1,1,0.08,0.16,0.08,0,controller_filtered_lv_pu,0.285,198.534512276107,NaN,NaN,NaN,NaN,209.607862908644,210.72169124056,189.821137701422,189.821137701422,205.351197061042,0,0,0,1,208.184587860202,210.72169124056,848.683243567307,799.747850682032,968.296863368503,0.95,0.628987660780145,0.95,0.0315771314185016,0.00114723971284531,0.000172151371725484,0.600215373814146,1,1,1,3,0.0461297471809917,0.000996629120262143,0.000140961385939566,0.599437569689479,0.0321232021129586,0.00120301766706822,9.64492558808046e-05,0.600773964618478,4001,14251,5001,14251,0.0262667287819544,-0.017561882272038,0.949878400538666,0.950000000000019,0.0457878889283266,-0.00560112031224904,0.950000000000017,0.950000000000017,0.0266259970784139,-0.0180078955066007,0.949896028934887,0.950000000000022,0.0262667287819544,-0.017561882272038,0.949878400538666,0.950000000000019,1.01304311937461,1.07042518103471,1.06085405445913,-0.0130431193746078,0,0.561739943872778,0.945787500597592,1.02301776925948,0.0197135637680887,1.17129184569364,0,0,0.956915281238166,0.969548376714756,0.0702700674643427,1.06572767391617,0.970007498125469,0,1.01175350878584,1.0692119534947,0.0170131748532543,1.06104698311288,0,0.675264947010598,LVRT,0.167010327060008,1,0,0,0,0.167010327060008,1,0,0,0,1,1,0.125,1,0.0179791847370054,1,0.99968481335254,1.21037107921063,1,1,0.69195173461343,0.840577704209553,1,0.00387067412807721,0.998167845902662,1.00145838593645,1.00037095751706,0.00329054003378977,0.916776120457089,0.0845475490787445,0.749507331488696,1.00095159267187,0.999704586524544,0.251444261183176,1,0.00116161342921843,0.999431872347377,1.00038908856155,1.00017878602938,0.000957216214172574,0.831299707032132,0.00485485309806413,0.837110920160883,0.828945469933991,0.831967048902835,0.00816545022689209,0.838987228494723,0.061156481592382,0.709386055990009,0.905549507694969,0.905970323288692,0.196584267298683,0.927469582586058,0.00184717353543282,0.926650354530415,0.927230769125307,0.929538103362721,0.00288774883230579,1.05444947181086,-0.180172805855997,0.0716416624923878,0.265536638331216,0,1,1.5,0.1,1.370185862784,1.27615319404563,1.10350200260877,1.27615319404563,1.37285879800733,1,Inf,0,1,1,reactive_wrong_sign,0,grid_current_eval_peak_pu=1.276;grid_current_global_peak_pu=1.370;action_max=0.629,1,1,,0,reactive_wrong_sign,0,reactive_wrong_sign,112.836135659756,family_sac_after_finetune,E:\research_space\Hybrid-power-transformer\lab\results\hpt_v2_control_comparison\control_comparison_topology2_fault_all_t2_a_lvrt_r6_square60_pu0750_d080ms_family_sac_t2_a_lvrt_r6_5344c2a604a5_20260803_151547.csv,t2_a_lvrt_r6_square60_pu0750_d080ms,0.75,80,E:\research_space\Hybrid-power-transformer\lab\results\hpt_family_specialist_t2_a_lvrt_r6_square60_currentwindow_20260803_r1\eval_sac\family_sac_hpt_sac_actor_weights_dynamic.mat,data\models\hpt_t2_a_lvrt_joint_support_family_sac_r6_20260803.zip
hpt_v2_topology2_paper,topology2,fault,lvrt_0750_120ms,conventional_dq,0,NaN,0.75,0.75,1,1,0.08,0.2,0.12,0,controller_filtered_lv_pu,0.325,202.0448582203,NaN,NaN,NaN,NaN,206.466427004395,210.553542256102,195.961900800719,195.961900800719,210.553542256102,0,0,0,1,205.687915635842,207.606764403163,851.161818135914,799.726215904551,977.392339129142,0.95,0.55264206446224,0.95,0.00724478068595341,0.0862550688745763,0,0,1,1,0,0,0.0795532681968554,-0.00498600369153572,0,0,0.00718784573992238,0.0854180453446344,0,0,6001,16251,5001,16251,0.00622149604391157,-0.0861020263585129,0.950000000000022,0.950000000000022,0.0910264714620598,-0.00526179612435015,0.950000000000026,0.950000000000026,0.00574723936938837,-0.0850683516631122,0.950000000000022,0.950000000000022,0.00622149604391157,-0.0861020263585129,0.950000000000022,0.950000000000022,0.997627268760837,1.01401793642009,1.06395227266989,0.0023727312391631,0.0937243642329778,0.820344544708778,0.993279654459582,1.05229816168767,0.0428511711267701,1.17505828084519,0.1575,0,0.977166438910456,0.955145018401214,0.0727373773512949,1.06396743442892,0.4600899850025,0.5399100149975,0.997635704521129,1.01393210105053,0.0234737065051502,1.06397510461211,0.166366726654669,0.799840031993601,LVRT,0.196675849278836,1,0,0,0,0.196675849278836,1,0,0,0,1,1,0.125,1,0.00752409271674326,1,0.999657769880689,1.22174042391143,1,1,0.660554672528685,0.840431462600333,1,0.00340644796493205,0.998298069888108,1.00093347190852,1.00076628064241,0.00263540202040962,0.916627466801871,0.0829129409127777,0.75017641529407,1.00051717584106,0.999247158982308,0.250340760546989,1,0.00296048610316918,0.99983183501813,1.00135678507168,0.998809736974558,0.00254704809712426,0.802075197997644,0.00577538536231278,0.811748833728255,0.801564408147001,0.805722153083873,0.0101844255812539,0.839174034323514,0.0604605674838826,0.710216493625081,0.909328923666939,0.904019766530401,0.199112430041858,0.893428242370961,0.00372310233416223,0.8903446631064,0.896245524094755,0.895734495301308,0.00590086098835492,1.12398239533602,-0.157954957073315,0.0997981976372034,0.289404025903272,0,1,1.5,0.1,1.53996192050702,1.28521453438678,1.17483447867609,1.28521453438678,1.55159884767213,1,Inf,0,1,1,reactive_wrong_sign,0,grid_current_eval_peak_pu=1.285;grid_current_global_peak_pu=1.540;action_max=0.553,1,1,,0,reactive_wrong_sign,0,reactive_wrong_sign,112.673903991192,strong_dq,E:\research_space\Hybrid-power-transformer\lab\results\hpt_v2_control_comparison\control_comparison_topology2_fault_all_t2_a_lvrt_r6_square60_pu0750_d120ms_family_sac_t2_a_lvrt_r6_7cbf2b678e12_20260803_151713.csv,t2_a_lvrt_r6_square60_pu0750_d120ms,0.75,120,,
hpt_v2_topology2_paper,topology2,fault,lvrt_0750_120ms,sac_actor_always_raw,0,NaN,0.75,0.75,1,1,0.08,0.2,0.12,0,controller_filtered_lv_pu,0.325,200.354933188841,NaN,NaN,NaN,NaN,211.246934861055,213.045139087691,189.821137701422,189.821137701422,206.558146561815,0,0,0,1,209.621489078708,213.045139087691,847.458067342611,799.747850682032,968.296863368503,0.95,0.628987660780145,0.95,0.0275579388669844,0.00114852742761944,0.000364738330749995,0.602557222778466,1,1,1,3,0.0455821184591597,0.000982952083264045,-2.13450421626759e-05,0.600188982886694,0.0280098088019313,0.00116629779804361,0.000343220679068414,0.60245591183072,6001,16251,5001,16251,0.022884429437763,-0.0153969527104459,0.850970368454968,0.950000000000022,0.0453360089523408,-0.00451211306447817,0.949669976717936,0.950000000000026,0.0232519944849594,-0.015660792489106,0.879761389065654,0.950000000000022,0.022884429437763,-0.0153969527104459,0.850970368454968,0.950000000000022,1.0204917713816,1.07830790324825,1.05932258417826,-0.0204917713815958,0.0215340442986054,0.974159146841673,0.945787500597592,1.02301776925948,0.0197135637680887,1.17129184569364,0,0,0.963520159009475,0.977118774226761,0.0709683365618354,1.06380149840669,0.98000333277787,0,1.01967390554252,1.07753508345017,0.0170247842059896,1.05963989360641,0.020995800839832,0.974805038992202,LVRT,0.167010327060008,1,0,0,0,0.167010327060008,1,0,0,0,1,1,0.125,1,0.0292035704719373,1,0.99968481335254,1.21037107921063,1,1,0.69195173461343,0.84773819838374,1,0.00387067412807721,0.998167845902662,1.00145838593645,1.00037095751706,0.00329054003378977,0.916738257312643,0.0841226916752085,0.749677779280806,1.00048009960996,0.999949319193591,0.250802320329157,1,0.000486408847231434,1.0001985161712,0.999779056828793,1.00002238263724,0.000419459342404678,0.831299707032132,0.00485485309806413,0.837110920160883,0.828945469933991,0.831967048902835,0.00816545022689209,0.846074051576754,0.0610797535273843,0.716083799278883,0.913250030716946,0.91309383475866,0.197166231438062,0.934700361830357,0.000719535969114565,0.935118554166197,0.934491295712588,0.935605304418034,0.00111400870544563,1.03758157105013,-0.182288718456062,0.0674971168337869,0.267418125788753,0,1,1.5,0.1,1.370185862784,1.27615319404563,1.06258013210813,1.27615319404563,1.37285879800733,1,Inf,0,1,1,reactive_wrong_sign,0,grid_current_eval_peak_pu=1.276;grid_current_global_peak_pu=1.370;action_max=0.629,1,1,,0,reactive_wrong_sign,0,reactive_wrong_sign,112.875125365993,family_sac_after_finetune,E:\research_space\Hybrid-power-transformer\lab\results\hpt_v2_control_comparison\control_comparison_topology2_fault_all_t2_a_lvrt_r6_square60_pu0750_d120ms_family_sac_t2_a_lvrt_r6_7cbf2b678e12_20260803_151713.csv,t2_a_lvrt_r6_square60_pu0750_d120ms,0.75,120,E:\research_space\Hybrid-power-transformer\lab\results\hpt_family_specialist_t2_a_lvrt_r6_square60_currentwindow_20260803_r1\eval_sac\family_sac_hpt_sac_actor_weights_dynamic.mat,data\models\hpt_t2_a_lvrt_joint_support_family_sac_r6_20260803.zip
hpt_v2_topology2_paper,topology2,fault,lvrt_0750_160ms,conventional_dq,0,NaN,0.75,0.75,1,1,0.08,0.24,0.16,0,controller_filtered_lv_pu,0.365,202.238558985412,NaN,NaN,NaN,NaN,206.80813020354,211.064422929354,195.961900800719,195.961900800719,210.553542256102,0,0,0,1,206.150194861465,207.647017767354,850.725826389451,799.726215904551,977.392339129142,0.95,0.55264206446224,0.95,0.00269488180663396,0.0653053886372979,0,0,1,1,0,0,0.0803951314604729,0.00834970603914763,0,0,0.00315362908407967,0.0640857311620444,0,0,8000,18251,5000,18251,-0.000992659462893671,-0.0640653587488808,0.950000000000024,0.950000000000024,0.0889861494707555,-0.0164270540868402,0.950000000000031,0.950000000000031,0.000438397225955477,-0.0632459288836834,0.950000000000022,0.950000000000022,-0.000992659462893671,-0.0640653587488808,0.950000000000024,0.950000000000024,0.99926334823035,1.02002958714125,1.06340728298681,0.000736651769649923,0.170014609203798,0.747808619430241,0.993279654459582,1.05229816168767,0.0428511711267701,1.17505828084519,0.1575,0,0.978014248564804,0.953636926516325,0.0727599868250428,1.06318340119933,0.49925,0.500125,0.999153794248003,1.01992525318055,0.0226574205325645,1.0635470436745,0.11,0.8,LVRT,0.196675849278836,1,0,0,0,0.196675849278836,1,0,0,0,1,1,0.125,1,0.00542028915611281,1,0.999657769880689,1.22174042391143,1,1,0.660554672528685,0.839441770797103,1,0.00340644796493205,0.998298069888108,1.00093347190852,1.00076628064241,0.00263540202040962,0.916657252957637,0.0832417227083215,0.75004240114954,1.0006402775907,0.999302737880219,0.250597876441163,1,0.00122420499927441,0.999469527467184,1.00052972018048,1.00000047134994,0.00106019271329494,0.802075197997644,0.00577538536231278,0.811748833728255,0.801564408147001,0.805722153083873,0.0101844255812539,0.838212899547642,0.0601493945918854,0.709321121006236,0.908015761911072,0.902950760509995,0.198694640904835,0.898427939778816,0.00179792066449855,0.898628119848916,0.897549465660862,0.901154704764066,0.00360523910320407,1.12110949419922,-0.159116944435276,0.0999781247396454,0.319289813850659,0,1,1.5,0.1,1.53996192050702,1.28521453438678,1.16487360156838,1.28521453438678,1.55159884767213,1,Inf,0,1,1,reactive_wrong_sign,0,grid_current_eval_peak_pu=1.285;grid_current_global_peak_pu=1.540;action_max=0.553,1,1,,0,reactive_wrong_sign,0,reactive_wrong_sign,113.762254716236,strong_dq,E:\research_space\Hybrid-power-transformer\lab\results\hpt_v2_control_comparison\control_comparison_topology2_fault_all_t2_a_lvrt_r6_square60_pu0750_d160ms_family_sac_t2_a_lvrt_r6_8c770d87c213_20260803_151842.csv,t2_a_lvrt_r6_square60_pu0750_d160ms,0.75,160,,
hpt_v2_topology2_paper,topology2,fault,lvrt_0750_160ms,sac_actor_always_raw,0,NaN,0.75,0.75,1,1,0.08,0.24,0.16,0,controller_filtered_lv_pu,0.365,201.259394905769,NaN,NaN,NaN,NaN,209.905332189659,213.112024523423,189.821137701422,189.821137701422,208.077586553918,0,0,0,1,205.598753232265,213.075414925088,767.407678790212,664.654263013143,968.296863368503,0.95,0.628987660780145,0.95,0.0277614947300196,0.000822591555796663,-0.000228290116413341,0.601024552591608,1,1,1,3,0.0451902869740007,0.000951518732216229,-0.000192979113922593,0.600746614048869,0.0277185005076464,0.000822540652302672,-0.000234046914809576,0.601129897800315,8000,18251,5000,18251,0.0243327431427062,-0.011677279528839,0.0163838304322461,0.950000000000024,0.0448922436808954,-0.00404138091676194,0.929420516851599,0.950000000000031,0.0241893673735524,-0.0120012104009222,-0.0135374589475359,0.950000000000022,0.0243327431427062,-0.011677279528839,0.0163838304322461,0.950000000000024,1.01462725487345,1.07345585010446,0.959259598487765,-0.0146272548734538,0,0.653031409788167,0.945787500597592,1.02301776925948,0.0197135637680887,1.17129184569364,0,0,0.968362469936012,0.98280420876724,0.0712624076525391,1.06141634679973,0.985,0,1.01535561546314,1.07418446478638,0.0155687453224968,0.960582061237363,0,0.6702,LVRT,0.167010327060008,1,0,0,0,0.167010327060008,1,0,0,0,1,1,0.125,1,0.0295266885189518,1,0.830817828766429,1.21037107921063,1,1,0.69195173461343,0.85298905258441,1,0.00387067412807721,0.998167845902662,1.00145838593645,1.00037095751706,0.00329054003378977,0.916735613942518,0.0840925581079661,0.74968967582636,1.00038128046221,1.00003232629178,0.250691604635848,1,0.00167202232637439,1.00083008304626,0.999668268868485,0.999501124104969,0.00132895894129504,0.831299707032132,0.00485485309806413,0.837110920160883,0.828945469933991,0.831967048902835,0.00816545022689209,0.851244696786924,0.0607952219878932,0.721277163050249,0.918463032678682,0.91850330504469,0.197226141994441,0.930958242841014,0.000704499228911034,0.930774766954939,0.931963808395006,0.93132274020551,0.00118904144006777,1.01427856053832,-0.18010586899875,0.0639990575847037,0.267418125788753,0,1,1.5,0.1,1.370185862784,1.27615319404563,0.99401523410367,1.27615319404563,1.37285879800733,1,Inf,0,1,1,reactive_wrong_sign,0,grid_current_eval_peak_pu=1.276;grid_current_global_peak_pu=1.370;action_max=0.629,1,1,,0,reactive_wrong_sign,0,reactive_wrong_sign,112.425912488328,family_sac_after_finetune,E:\research_space\Hybrid-power-transformer\lab\results\hpt_v2_control_comparison\control_comparison_topology2_fault_all_t2_a_lvrt_r6_square60_pu0750_d160ms_family_sac_t2_a_lvrt_r6_8c770d87c213_20260803_151842.csv,t2_a_lvrt_r6_square60_pu0750_d160ms,0.75,160,E:\research_space\Hybrid-power-transformer\lab\results\hpt_family_specialist_t2_a_lvrt_r6_square60_currentwindow_20260803_r1\eval_sac\family_sac_hpt_sac_actor_weights_dynamic.mat,data\models\hpt_t2_a_lvrt_joint_support_family_sac_r6_20260803.zip
hpt_v2_topology2_paper,topology2,fault,lvrt_0750_200ms,conventional_dq,0,NaN,0.75,0.75,1,1,0.08,0.28,0.2,0,controller_filtered_lv_pu,0.405,202.751971886582,NaN,NaN,NaN,NaN,206.989922306835,211.092503702458,195.961900800719,195.961900800719,211.092503702458,0,0,0,1,206.269891771755,207.826930812157,850.504722483343,799.726215904551,977.392339129142,0.95,0.55264206446224,0.95,-0.00127779969163437,0.0638817944887862,0,0,1,1,0,0,0.0794502614629695,0.0168242223475905,0,0,0.000699315740599859,0.0641145417564213,0,0,10001,20251,5001,20251,-0.0080329135511527,-0.0608320268063822,0.950000000000026,0.950000000000026,0.0858117797901426,-0.0232291189553937,0.950000000000003,0.950000000000003,-0.00480795225309875,-0.0622761086276452,0.950000000000022,0.950000000000022,-0.0080329135511527,-0.0608320268063822,0.950000000000026,0.950000000000026,1.00031899882627,1.02388165579296,1.06313090310418,-0.000318998826274034,0.336405529953917,0.658327847267939,0.993279654459582,1.05229816168767,0.0428511711267701,1.17505828084519,0.1575,0,0.979957689060269,0.95394714381349,0.0733828038377565,1.06195783098928,0.599440055994401,0.4000599940006,1.00004534544275,1.02257227296394,0.0239026087927141,1.06300107393219,0.19376124775045,0.799840031993601,LVRT,0.196675849278836,1,0,0,0,0.196675849278836,1,0,0,0,1,1,0.125,1,0.00821744638694399,1,0.999657769880689,1.22174042391143,1,1,0.660554672528685,0.84008658507358,1,0.00340644796493205,0.998298069888108,1.00093347190852,1.00076628064241,0.00263540202040962,0.916750861229378,0.0842631055841617,0.749621041247883,1.00062350306459,0.999881446212936,0.251002461816704,1,0.00290470343442869,0.998549002970803,1.0006523701042,1.00079704379602,0.00224804082522028,0.802075197997644,0.00577538536231278,0.811748833728255,0.801564408147001,0.805722153083873,0.0101844255812539,0.838854943970442,0.0599677777987761,0.710146935432284,0.908338329766386,0.904133635812154,0.198191394334102,0.900795052440481,0.00298374845875589,0.902311232468052,0.898389682954132,0.903750846885405,0.0053611639312734,1.11123805089744,-0.158546448711276,0.0988145432966488,0.319289813850659,0,1,1.5,0.1,1.53996192050702,1.28521453438678,1.15482355814433,1.28521453438678,1.55159884767213,1,Inf,0,1,1,reactive_wrong_sign,0,grid_current_eval_peak_pu=1.285;grid_current_global_peak_pu=1.540;action_max=0.553,1,1,,0,reactive_wrong_sign,0,reactive_wrong_sign,113.623213715343,strong_dq,E:\research_space\Hybrid-power-transformer\lab\results\hpt_v2_control_comparison\control_comparison_topology2_fault_all_t2_a_lvrt_r6_square60_pu0750_d200ms_family_sac_t2_a_lvrt_r6_e35db98ebf66_20260803_152017.csv,t2_a_lvrt_r6_square60_pu0750_d200ms,0.75,200,,
hpt_v2_topology2_paper,topology2,fault,lvrt_0750_200ms,sac_actor_always_raw,0,NaN,0.75,0.75,1,1,0.08,0.28,0.2,0,controller_filtered_lv_pu,0.405,202.05260253006,NaN,NaN,NaN,NaN,208.051999611627,213.849158117022,189.821137701422,189.821137701422,209.077041584843,0,0,0,1,204.67920139547,212.821527080499,742.419933890804,651.105553244839,968.296863368503,0.95,0.628987660780145,0.95,0.0290053870116327,0.000762296848482091,-0.000400544091116456,0.601250739063191,1,1,1,3,0.0451541626370818,0.000926258870413553,-0.000317793457218942,0.60116477338689,0.0284203851240588,0.000790622118923742,-0.000480392444537079,0.601372454649479,10001,20251,5001,20251,0.0260948017178949,-0.0101888484739019,-0.0611851365352693,0.950000000000026,0.0445864936464863,-0.00449009140522617,0.865751621511625,0.950000000000003,0.0257543698491388,-0.00936229543729614,-0.18279931364173,0.950000000000022,0.0260948017178949,-0.0101888484739019,-0.0611851365352693,0.950000000000026,1.01000408920843,1.0688759916101,0.928024917363504,-0.0100040892084255,0.0289664252797893,0.658327847267939,0.945787500597592,1.02301776925948,0.0197135637680887,1.17129184569364,0,0,0.972550420405406,0.987205540955549,0.071073440005164,1.05642973025572,0.988001199880012,0,1.00827969801272,1.06781662028776,0.0148795797441156,0.912375541735217,0,0.67006598680264,LVRT,0.167010327060008,1,0,0,0,0.167010327060008,1,0,0,0,1,1,0.125,1,0.0330877203720874,1,0.813881941556048,1.21037107921063,1,1,0.69195173461343,0.856965149993667,1,0.00387067412807721,0.998167845902662,1.00145838593645,1.00037095751706,0.00329054003378977,0.91667329332921,0.0834065979983971,0.749970180692932,1.00013793298019,0.99990181097221,0.250167752287261,1,0.00097274918903976,1.00045786521475,0.999629109077877,0.999912848309345,0.000828756136876645,0.831299707032132,0.00485485309806413,0.837110920160883,0.828945469933991,0.831967048902835,0.00816545022689209,0.855127758873859,0.0605093745282585,0.725238859855527,0.922749183467113,0.922132187354969,0.197510323611586,0.92537131605415,0.000505215744281058,0.925549659306657,0.926197260974919,0.925353595035525,0.000843665939393878,0.992421760220786,-0.176508591286415,0.060939919400539,0.267418125788753,0,1,1.5,0.1,1.370185862784,1.27615319404563,0.946720012124798,1.27615319404563,1.37285879800733,1,Inf,0,1,1,reactive_wrong_sign,0,grid_current_eval_peak_pu=1.276;grid_current_global_peak_pu=1.370;action_max=0.629,1,1,,0,reactive_wrong_sign,0,reactive_wrong_sign,111.896604447864,family_sac_after_finetune,E:\research_space\Hybrid-power-transformer\lab\results\hpt_v2_control_comparison\control_comparison_topology2_fault_all_t2_a_lvrt_r6_square60_pu0750_d200ms_family_sac_t2_a_lvrt_r6_e35db98ebf66_20260803_152017.csv,t2_a_lvrt_r6_square60_pu0750_d200ms,0.75,200,E:\research_space\Hybrid-power-transformer\lab\results\hpt_family_specialist_t2_a_lvrt_r6_square60_currentwindow_20260803_r1\eval_sac\family_sac_hpt_sac_actor_weights_dynamic.mat,data\models\hpt_t2_a_lvrt_joint_support_family_sac_r6_20260803.zip
hpt_v2_topology2_paper,topology2,fault,lvrt_0750_240ms,conventional_dq,0,NaN,0.75,0.75,1,1,0.08,0.32,0.24,0,controller_filtered_lv_pu,0.445,203.081305581315,NaN,NaN,NaN,NaN,207.313068417414,211.092503702458,195.961900800719,195.961900800719,211.092503702458,0,0,0,1,206.560071960958,207.978039869877,849.670129073223,799.726215904551,977.392339129142,0.95,0.55264206446224,0.95,0.000845171135863058,0.0519262445352711,0,0,1,1,0,0,0.0785913838651835,0.0225260860681676,0,0,-0.00348068996212681,0.0556754281262304,0,0,12001,22251,5000,22251,-0.00897368173698139,-0.0474878111003015,0.950000000000028,0.950000000000028,0.0833376639453069,-0.027728868430198,0.949985485306665,0.949999999999972,-0.0146691611024913,-0.0513598711748872,0.950000000000022,0.950000000000022,-0.00897368173698139,-0.0474878111003015,0.950000000000028,0.950000000000028,1.0008958228898,1.02510906411543,1.06208766134153,-0.000895822889800278,0.301827441581785,0.599161174355902,0.993279654459582,1.05229816168767,0.0428511711267701,1.17505828084519,0.1575,0,0.981291133688277,0.954627624365884,0.0734496054338586,1.0603237771859,0.666194483793017,0.333388884259645,1.00154496333545,1.02974490009011,0.0209039620486106,1.06244234422495,0.0684,0.8,LVRT,0.196675849278836,1,0,0,0,0.196675849278836,1,0,0,0,1,1,0.125,1,0.00900315890727321,1,0.999657769880689,1.22174042391143,1,1,0.660554672528685,0.840999608364191,1,0.00340644796493205,0.998298069888108,1.00093347190852,1.00076628064241,0.00263540202040962,0.916758411406779,0.08434326481497,0.749587037528506,1.00044265755386,1.00010770371257,0.250855620025351,1,0.0018918782320149,0.99991175301917,0.999228188682859,1.0008593872846,0.0016311986017405,0.802075197997644,0.00577538536231278,0.811748833728255,0.801564408147001,0.805722153083873,0.0101844255812539,0.839772394108911,0.0593833717644748,0.711551532624644,0.909302429582102,0.904729739565837,0.197750896957459,0.90715175403039,0.00164833151012339,0.909251222593546,0.908269741271521,0.905978048981439,0.00327317361210782,1.10099298255761,-0.157797984205223,0.0972865119651442,0.319289813850659,0.000265604249667995,1,1.5,0.1,1.53996192050702,1.28521453438678,1.12224095242148,1.28521453438678,1.55159884767213,1,215.12,0,1,1,reactive_wrong_sign,0,grid_current_eval_peak_pu=1.285;grid_current_global_peak_pu=1.540;action_max=0.553,1,1,,0,reactive_wrong_sign,0,reactive_wrong_sign,113.617945121246,strong_dq,E:\research_space\Hybrid-power-transformer\lab\results\hpt_v2_control_comparison\control_comparison_topology2_fault_all_t2_a_lvrt_r6_square60_pu0750_d240ms_family_sac_t2_a_lvrt_r6_10bcb922b6d0_20260803_152149.csv,t2_a_lvrt_r6_square60_pu0750_d240ms,0.75,240,,
hpt_v2_topology2_paper,topology2,fault,lvrt_0750_240ms,sac_actor_always_raw,0,NaN,0.75,0.75,1,1,0.08,0.32,0.24,0,controller_filtered_lv_pu,0.445,202.609454211031,NaN,NaN,NaN,NaN,208.041988339177,213.477494388509,189.821137701422,189.821137701422,209.077041584843,0,0,0,1,205.013300612694,212.331323708744,746.175986645577,657.821042898883,968.296863368503,0.95,0.628987660780145,0.95,0.0308045189838751,0.000751131538278415,-0.000464725522123955,0.601434393816967,1,1,1,3,0.0452614963202102,0.000893991949090379,-0.000417886597051645,0.601453492249442,0.0286574710248779,0.000793162176940464,-0.000484950618366628,0.601346251084401,12001,22251,5000,22251,0.0280122610258539,-0.00983382047636622,-0.0353513222235673,0.950000000000028,0.0445007727597932,-0.00481604606387557,0.789945911448919,0.949999999999972,0.0259656340857629,-0.00946115483722776,-0.16707670843423,0.950000000000022,0.0280122610258539,-0.00983382047636622,-0.0353513222235673,0.950000000000028,1.00774792942409,1.06277313009225,0.93271998330697,-0.00774792942409301,0.116237267825045,0.599161174355902,0.945787500597592,1.02301776925948,0.0197135637680887,1.17129184569364,0,0,0.97538685397411,0.989942021157185,0.0709519146634669,1.04684034834746,0.990000833263895,0,1.0080699762351,1.067742454927,0.0147702278210689,0.914471694180897,0,0.6702,LVRT,0.167010327060008,1,0,0,0,0.167010327060008,1,0,0,0,1,1,0.125,1,0.0312922434227494,1,0.822276303623603,1.21037107921063,1,1,0.69195173461343,0.859366796874116,1,0.00387067412807721,0.998167845902662,1.00145838593645,1.00037095751706,0.00329054003378977,0.916653543355557,0.083189089015373,0.750059052956672,1.00002541042564,0.99989584345188,0.249966357468968,1,0.00111287833096106,1.00051772414821,0.999917378584881,0.999564665076363,0.000953059071850347,0.831299707032132,0.00485485309806413,0.837110920160883,0.828945469933991,0.831967048902835,0.00816545022689209,0.857460998994188,0.0603324693113713,0.727568639637816,0.925147163540328,0.924486380876776,0.197578523902512,0.925326908384385,0.000495284777460832,0.925746369081945,0.925988216612315,0.925156870966896,0.000831345645418343,0.975168949973562,-0.171085594263801,0.0594735662450535,0.267418125788753,0,1,1.5,0.1,1.370185862784,1.27615319404563,0.939165846437324,1.27615319404563,1.37285879800733,1,Inf,0,1,1,reactive_wrong_sign,0,grid_current_eval_peak_pu=1.276;grid_current_global_peak_pu=1.370;action_max=0.629,1,1,,0,reactive_wrong_sign,0,reactive_wrong_sign,111.783231857179,family_sac_after_finetune,E:\research_space\Hybrid-power-transformer\lab\results\hpt_v2_control_comparison\control_comparison_topology2_fault_all_t2_a_lvrt_r6_square60_pu0750_d240ms_family_sac_t2_a_lvrt_r6_10bcb922b6d0_20260803_152149.csv,t2_a_lvrt_r6_square60_pu0750_d240ms,0.75,240,E:\research_space\Hybrid-power-transformer\lab\results\hpt_family_specialist_t2_a_lvrt_r6_square60_currentwindow_20260803_r1\eval_sac\family_sac_hpt_sac_actor_weights_dynamic.mat,data\models\hpt_t2_a_lvrt_joint_support_family_sac_r6_20260803.zip
hpt_v2_topology2_paper,topology2,fault,lvrt_0750_300ms,conventional_dq,0,NaN,0.75,0.75,1,1,0.08,0.38,0.3,0,controller_filtered_lv_pu,0.505,203.425441849734,NaN,NaN,NaN,NaN,207.590472401811,211.27749192203,195.961900800719,195.961900800719,211.092503702458,0,0,0,1,206.483173557301,208.341384278211,847.723533477928,797.663966094411,977.392339129142,0.95,0.55264206446224,0.95,0.00641410663092661,0.0520337321078079,0,0,1,1,0,0,0.0768356582176566,0.0277671683999826,0,0,-0.00677471709814922,0.055266093863226,0,0,15001,25251,5001,25251,-0.00799740509382343,-0.0447332065680517,0.949762586712946,0.95000000000003,0.0801936386772036,-0.0316711010842744,0.949569547305882,0.949999999999941,-0.0255550492386348,-0.0471042038153763,0.950000000000022,0.950000000000022,-0.00799740509382343,-0.0447332065680517,0.949762586712946,0.95000000000003,1.00017243640603,1.021165634953,1.05965441684741,-0.000172436406025871,0.422254487856389,0.527983104540655,0.993279654459582,1.05229816168767,0.0428511711267701,1.17505828084519,0.1575,0,0.982754276589623,0.956337502070139,0.0732579089987492,1.05818625373935,0.732951136590894,0.266715552296514,1.00283087115481,1.03380007146821,0.0227960727473394,1.06189713235042,0.124775044991002,0.799840031993601,LVRT,0.196675849278836,1,0,0,0,0.196675849278836,1,0,0,0,1,1,0.125,1,0.00913408365222868,1,0.997079957618014,1.22174042391143,1,1,0.660554672528685,0.842678889517264,1,0.00340644796493205,0.998298069888108,1.00093347190852,1.00076628064241,0.00263540202040962,0.916736319137201,0.0841009930171229,0.749686503463055,1.00044573004695,0.999972078248123,0.250759226583897,1,0.000507207147456164,0.999787306086571,1.00022595237807,0.99998669330024,0.000438646291495513,0.802075197997644,0.00577538536231278,0.811748833728255,0.801564408147001,0.805722153083873,0.0101844255812539,0.84143054473576,0.0588505622366876,0.713736358669954,0.911397628009415,0.905793468765859,0.197661269339461,0.910733119595592,0.00300862446586503,0.913297736574029,0.913109924342504,0.907793036948033,0.00550469962599587,1.08761380096129,-0.157680297071793,0.0946897319900754,0.349062138073769,0.000823214653220827,1,1.5,0.1,1.53996192050702,1.28521453438678,1.10723359388458,1.28521453438678,1.55159884767213,1,215.12,0,1,1,reactive_wrong_sign,0,grid_current_eval_peak_pu=1.285;grid_current_global_peak_pu=1.540;action_max=0.553,1,1,,0,reactive_wrong_sign,0,reactive_wrong_sign,114.795491633366,strong_dq,E:\research_space\Hybrid-power-transformer\lab\results\hpt_v2_control_comparison\control_comparison_topology2_fault_all_t2_a_lvrt_r6_square60_pu0750_d300ms_family_sac_t2_a_lvrt_r6_e8dc1fc35ab6_20260803_152321.csv,t2_a_lvrt_r6_square60_pu0750_d300ms,0.75,300,,
hpt_v2_topology2_paper,topology2,fault,lvrt_0750_300ms,sac_actor_always_raw,0,NaN,0.75,0.75,1,1,0.08,0.38,0.3,0,controller_filtered_lv_pu,0.505,202.71088300163,NaN,NaN,NaN,NaN,208.096155980064,214.658013540829,189.821137701422,189.821137701422,209.077041584843,0,0,0,1,204.967219440795,212.478466463302,746.079397651135,657.576478820979,968.296863368503,0.95,0.628987660780145,0.95,0.0330034340026153,0.000726687307836613,-0.000545917455411506,0.60175776963947,1,1,1,3,0.0453975056825666,0.000838351582032637,-0.000541228442194175,0.601827912245589,0.0287540868796488,0.000798678868696193,-0.000487540544702886,0.6014750698804,15001,25251,5001,25251,0.030600118285258,-0.00854011058803385,0.0164294283627611,0.95000000000003,0.044789103345019,-0.00396031189923104,0.719130304029416,0.949999999999941,0.0260505054227112,-0.00950575597629444,-0.179106640690434,0.950000000000022,0.030600118285258,-0.00854011058803385,0.0164294283627611,0.95000000000003,1.00391535642724,1.05418657438331,0.932599247063919,-0.0039153564272412,0.23772439281943,0.527983104540655,0.945787500597592,1.02301776925948,0.0197135637680887,1.17129184569364,0,0,0.976371202089387,0.991289300584395,0.0706020636635306,1.02763136617814,0.99200053329778,0,1.00840758618608,1.06796177732353,0.0149304970342377,0.916027079154368,0,0.69506098780244,LVRT,0.167010327060008,1,0,0,0,0.167010327060008,1,0,0,0,1,1,0.125,1,0.0369952344967603,1,0.821970598526224,1.21037107921063,1,1,0.69195173461343,0.860576505559921,1,0.00387067412807721,0.998167845902662,1.00145838593645,1.00037095751706,0.00329054003378977,0.91662088328019,0.082829785281743,0.750205997183731,0.99991343152906,0.999811846391501,0.249707434345329,1,0.000826893638332675,1.00038995289905,0.999686143272034,0.999923775639186,0.000703809627016609,0.831299707032132,0.00485485309806413,0.837110920160883,0.828945469933991,0.831967048902835,0.00816545022689209,0.858654932856185,0.0599270354466081,0.728869166529257,0.926504532307419,0.925271953649685,0.197635365778163,0.925521451200954,0.000328858504474381,0.926146978290157,0.925936920894101,0.925411053107921,0.00073592518223613,0.958318639990455,-0.160973801432349,0.0596383843440849,0.267418125788753,0,1,1.5,0.1,1.370185862784,1.27615319404563,0.940711423199617,1.27615319404563,1.37285879800733,1,Inf,0,1,1,reactive_wrong_sign,0,grid_current_eval_peak_pu=1.276;grid_current_global_peak_pu=1.370;action_max=0.629,1,1,,0,reactive_wrong_sign,0,reactive_wrong_sign,111.773779627237,family_sac_after_finetune,E:\research_space\Hybrid-power-transformer\lab\results\hpt_v2_control_comparison\control_comparison_topology2_fault_all_t2_a_lvrt_r6_square60_pu0750_d300ms_family_sac_t2_a_lvrt_r6_e8dc1fc35ab6_20260803_152321.csv,t2_a_lvrt_r6_square60_pu0750_d300ms,0.75,300,E:\research_space\Hybrid-power-transformer\lab\results\hpt_family_specialist_t2_a_lvrt_r6_square60_currentwindow_20260803_r1\eval_sac\family_sac_hpt_sac_actor_weights_dynamic.mat,data\models\hpt_t2_a_lvrt_joint_support_family_sac_r6_20260803.zip
hpt_v2_topology2_paper,topology2,fault,lvrt_0800_080ms,conventional_dq,0,NaN,0.8,0.8,1,1,0.08,0.16,0.08,0,controller_filtered_lv_pu,0.285,203.463726880382,NaN,NaN,NaN,NaN,206.346032500338,210.045980062911,197.498875401718,197.498875401718,210.045980062911,0,0,0,1,205.454086674124,207.437074615846,851.588495239613,799.726215904551,977.392339129142,0.95,0.55264206446224,0.95,0.013310326718234,0.0905472878544788,0,0,1,1,0,0,0.0740366945721276,-0.0207248699727876,0,0,0.0138309713886051,0.0914405878145351,0,0,4001,14251,5001,14251,0.0123391671985311,-0.0906393485569994,0.950000000000019,0.950000000000019,0.0861801872453481,0.0088059239549568,0.950000000000017,0.950000000000017,0.0126632620627026,-0.0915680269248159,0.950000000000022,0.950000000000022,0.0123391671985311,-0.0906393485569994,0.950000000000019,0.950000000000019,0.996986911629348,1.00995520551911,1.06448561904952,0.00301308837065185,0.700187090739008,0.2766604303087,0.993279654459582,1.05229816168767,0.0428511711267701,1.17505828084519,0.1575,0,0.982395822209675,0.968490330696315,0.0621987584649058,1.06531106125043,0.690077480629843,0.309922519370157,0.99642470219325,1.0092353796021,0.0233741614771849,1.06462984916045,0.598680263947211,0.381523695260948,LVRT,0.154100847351293,1,0,0,0,0.154100847351293,1,0,0,0,1,1,0.125,1,0.0100121297349791,1,0.999657769880689,1.22174042391143,1,1,0.686094470850895,0.851263911972522,1,0.00340644796493205,0.998298069888108,1.00093347190852,1.00076628064241,0.00263540202040962,0.933315208894102,0.0664188259388161,0.800108752164855,0.999520097521163,1.00034377878778,0.200235026622922,1,0.00246007679971091,1.00122651839923,0.999314708234519,0.99945763930259,0.00191181016471463,0.802075197997644,0.00577538536231278,0.811748833728255,0.801564408147001,0.805722153083873,0.0101844255812539,0.850227733121165,0.0484732142822438,0.747814575894777,0.907599229661911,0.901590407265832,0.159784653767134,0.889228356603264,0.00206137976027345,0.889141894618937,0.891998698689223,0.888805364988176,0.00319333370104687,1.14591083751362,-0.136714949938561,0.0885706422295717,0.240739257408976,0,1,1.5,0.1,1.53996192050702,1.29399480574638,1.19673327513586,1.29399480574638,1.55159884767213,1,Inf,0,1,1,reactive_wrong_sign,0,grid_current_eval_peak_pu=1.294;grid_current_global_peak_pu=1.540;action_max=0.553,1,1,,0,reactive_wrong_sign,0,reactive_wrong_sign,110.467618420215,strong_dq,E:\research_space\Hybrid-power-transformer\lab\results\hpt_v2_control_comparison\control_comparison_topology2_fault_all_t2_a_lvrt_r6_square60_pu0800_d080ms_family_sac_t2_a_lvrt_r6_3bd521408743_20260803_152451.csv,t2_a_lvrt_r6_square60_pu0800_d080ms,0.8,80,,
hpt_v2_topology2_paper,topology2,fault,lvrt_0800_080ms,sac_actor_always_raw,0,NaN,0.8,0.8,1,1,0.08,0.16,0.08,0,controller_filtered_lv_pu,0.285,200.18547465336,NaN,NaN,NaN,NaN,209.509627483647,210.635602355146,190.514369670047,190.514369670047,206.048094179548,0,0,0,1,208.1858428755,210.635602355146,848.73000318836,799.747850682032,968.296863368503,0.95,0.628987660780145,0.95,0.0317547567226831,0.0011858462207247,0.000135775766860473,0.600400093161918,1,1,1,3,0.0449477385151056,0.00104298770863073,0.00019285376435765,0.599526631709911,0.0322180511437474,0.00123966459451737,8.12989487065043e-05,0.600919832245441,4001,14251,5001,14251,0.0263964185152222,-0.0176901023548825,0.94991551082928,0.950000000000019,0.0446065552148094,-0.00553190055114639,0.950000000000017,0.950000000000017,0.0266885009264066,-0.0180874445870998,0.949927759309345,0.950000000000022,0.0263964185152222,-0.0176901023548825,0.94991551082928,0.950000000000019,1.01255672741224,1.06994407961494,1.06091250398545,-0.0125567274122393,0,0.590972871842844,0.945787500597592,1.02301776925948,0.0197135637680887,1.17129184569364,0,0,0.963553655382286,0.983217012907333,0.0577520478302443,1.06638402643752,0.959760059985004,0,1.01135946852464,1.06880415290413,0.017009247773976,1.0611254203799,0,0.700259948010398,LVRT,0.120359273768342,1,0,0,0,0.120359273768342,1,0,0,0,1,1,0.125,1,0.017563296401673,1,0.99968481335254,1.21037107921063,1,1,0.710354291585164,0.852574386535308,1,0.00387067412807721,0.998167845902662,1.00145838593645,1.00037095751706,0.00329054003378977,0.933362052040416,0.0670710913492679,0.799827674421781,0.999845818235735,1.00036948539122,0.200541810969441,1,0.00169940115974985,0.999537466242851,1.00084819831488,0.999613794175875,0.0013107320720253,0.831299707032132,0.00485485309806413,0.837110920160883,0.828945469933991,0.831967048902835,0.00816545022689209,0.851388597822906,0.0489967242197569,0.747729848770647,0.904697535349667,0.905252544629038,0.157522695858391,0.927112388605835,0.00177975858138488,0.926175745302673,0.927120694720496,0.929055317861383,0.0028795725587099,1.06721945965087,-0.166976777322599,0.0561718849566503,0.237382342145848,0,1,1.5,0.1,1.370185862784,1.26788843235784,1.10476543572039,1.26788843235784,1.37285879800733,1,Inf,0,1,1,reactive_wrong_sign,0,grid_current_eval_peak_pu=1.268;grid_current_global_peak_pu=1.370;action_max=0.629,1,1,,0,reactive_wrong_sign,0,reactive_wrong_sign,111.360124251891,family_sac_after_finetune,E:\research_space\Hybrid-power-transformer\lab\results\hpt_v2_control_comparison\control_comparison_topology2_fault_all_t2_a_lvrt_r6_square60_pu0800_d080ms_family_sac_t2_a_lvrt_r6_3bd521408743_20260803_152451.csv,t2_a_lvrt_r6_square60_pu0800_d080ms,0.8,80,E:\research_space\Hybrid-power-transformer\lab\results\hpt_family_specialist_t2_a_lvrt_r6_square60_currentwindow_20260803_r1\eval_sac\family_sac_hpt_sac_actor_weights_dynamic.mat,data\models\hpt_t2_a_lvrt_joint_support_family_sac_r6_20260803.zip
hpt_v2_topology2_paper,topology2,fault,lvrt_0800_120ms,conventional_dq,0,NaN,0.8,0.8,1,1,0.08,0.2,0.12,0,controller_filtered_lv_pu,0.325,202.539580504741,NaN,NaN,NaN,NaN,206.430798719218,210.045980062911,197.498875401718,197.498875401718,210.045980062911,0,0,0,1,205.592592146572,207.487325408842,851.370930664066,799.726215904551,977.392339129142,0.95,0.55264206446224,0.95,0.0106439403393845,0.0909070958654388,0,0,1,1,0,0,0.0703292430783322,0.0136923345059924,0,0,0.0106738820119923,0.0898948873782508,0,0,6001,16251,5001,16251,0.00991482914270832,-0.0908811968350835,0.950000000000022,0.950000000000022,0.0777781933638116,-0.0221302237527213,0.950000000000026,0.950000000000026,0.00903235894846234,-0.0895987486895312,0.950000000000022,0.950000000000022,0.00991482914270832,-0.0908811968350835,0.950000000000022,0.950000000000022,0.99735343299002,1.0119647358638,1.06421366333008,0.00264656700998037,0.508613617719442,0.491386382280558,0.993279654459582,1.05229816168767,0.0428511711267701,1.17505828084519,0.1575,0,0.97960326767607,0.963546901152487,0.0596128258038115,1.06457719931007,0.4600899850025,0.5399100149975,0.997385267462534,1.01184688401226,0.0244334494074483,1.06431939068182,0.570885822835433,0.429114177164567,LVRT,0.154100847351293,1,0,0,0,0.154100847351293,1,0,0,0,1,1,0.125,1,0.00805456339135946,1,0.999657769880689,1.22174042391143,1,1,0.686094470850895,0.8478872306858,1,0.00340644796493205,0.998298069888108,1.00093347190852,1.00076628064241,0.00263540202040962,0.933275766476842,0.0658647088486779,0.800345335241485,0.999447270216686,1.00012080751004,0.199775472268555,1,0.00405043193381536,1.00131652254209,1.00067317835961,0.998007220312506,0.0033093022295894,0.802075197997644,0.00577538536231278,0.811748833728255,0.801564408147001,0.805722153083873,0.0101844255812539,0.846905714264587,0.0474862543307268,0.744632927468328,0.90335588932789,0.897843281708402,0.158722961859562,0.891556046582596,0.00325420562598601,0.889418495523946,0.894878962420171,0.892926807255428,0.00546046689622432,1.14667110346431,-0.134674164729013,0.088632199967033,0.245796358467323,0,1,1.5,0.1,1.53996192050702,1.29399480574638,1.18752257605164,1.29399480574638,1.55159884767213,1,Inf,0,1,1,reactive_wrong_sign,0,grid_current_eval_peak_pu=1.294;grid_current_global_peak_pu=1.540;action_max=0.553,1,1,,0,reactive_wrong_sign,0,reactive_wrong_sign,110.837778493901,strong_dq,E:\research_space\Hybrid-power-transformer\lab\results\hpt_v2_control_comparison\control_comparison_topology2_fault_all_t2_a_lvrt_r6_square60_pu0800_d120ms_family_sac_t2_a_lvrt_r6_60446c284f5a_20260803_152625.csv,t2_a_lvrt_r6_square60_pu0800_d120ms,0.8,120,,
hpt_v2_topology2_paper,topology2,fault,lvrt_0800_120ms,sac_actor_always_raw,0,NaN,0.8,0.8,1,1,0.08,0.2,0.12,0,controller_filtered_lv_pu,0.325,202.01515003952,NaN,NaN,NaN,NaN,210.783409307092,212.243582019081,190.514369670047,190.514369670047,207.392754180797,0,0,0,1,209.542305771485,212.243582019081,847.949180911794,799.747850682032,968.296863368503,0.95,0.628987660780145,0.95,0.0281109004284846,0.00126652399672718,0.000338464677201492,0.602775145186164,1,1,1,3,0.044436011512344,0.00101638116729945,4.72955755304898e-05,0.600363673295219,0.0287365753348805,0.00127338719709266,0.000294733648893,0.602711979260742,6001,16251,5001,16251,0.023296981206111,-0.0157823230661513,0.927581779692767,0.950000000000022,0.044190819097092,-0.00445386230596197,0.949968113057651,0.950000000000026,0.0238184041658545,-0.0161277537469107,0.931937214942958,0.950000000000022,0.023296981206111,-0.0157823230661513,0.927581779692767,0.950000000000022,1.01821953639605,1.07585885934446,1.05993647613974,-0.0182195363960475,0.0164068908941756,0.974364232977851,0.945787500597592,1.02301776925948,0.0197135637680887,1.17129184569364,0,0,0.970481485428158,0.990965800590989,0.057989138125083,1.0643830865184,0.973171138143643,0,1.0174786581417,1.07521524947271,0.0169639782381342,1.06005905089973,0.015996800639872,0.9750049990002,LVRT,0.120359273768342,1,0,0,0,0.120359273768342,1,0,0,0,1,1,0.125,1,0.0253313141018428,1,0.99968481335254,1.21037107921063,1,1,0.710354291585164,0.859729269782359,1,0.00387067412807721,0.998167845902662,1.00145838593645,1.00037095751706,0.00329054003378977,0.933342919201599,0.0668018230602314,0.799942484824377,1.00020200353408,0.999869858980017,0.200259518709707,1,0.00125925255450344,0.999793295966179,0.999588199614632,1.00061820717608,0.0010300075614431,0.831299707032132,0.00485485309806413,0.837110920160883,0.828945469933991,0.831967048902835,0.00816545022689209,0.858486192587704,0.0489998866716852,0.754502823236631,0.912522438724475,0.912205296145259,0.158019615487844,0.932662202914803,0.00118702289019041,0.933976761698688,0.931895416252107,0.933149445173195,0.00208134544658118,1.05023779986288,-0.170555674475049,0.0517840409928624,0.251507198014316,0,1,1.5,0.1,1.370185862784,1.26788843235784,1.06955278812536,1.26788843235784,1.37285879800733,1,Inf,0,1,1,reactive_wrong_sign,0,grid_current_eval_peak_pu=1.268;grid_current_global_peak_pu=1.370;action_max=0.629,1,1,,0,reactive_wrong_sign,0,reactive_wrong_sign,111.813939774087,family_sac_after_finetune,E:\research_space\Hybrid-power-transformer\lab\results\hpt_v2_control_comparison\control_comparison_topology2_fault_all_t2_a_lvrt_r6_square60_pu0800_d120ms_family_sac_t2_a_lvrt_r6_60446c284f5a_20260803_152625.csv,t2_a_lvrt_r6_square60_pu0800_d120ms,0.8,120,E:\research_space\Hybrid-power-transformer\lab\results\hpt_family_specialist_t2_a_lvrt_r6_square60_currentwindow_20260803_r1\eval_sac\family_sac_hpt_sac_actor_weights_dynamic.mat,data\models\hpt_t2_a_lvrt_joint_support_family_sac_r6_20260803.zip
hpt_v2_topology2_paper,topology2,fault,lvrt_0800_160ms,conventional_dq,0,NaN,0.8,0.8,1,1,0.08,0.24,0.16,0,controller_filtered_lv_pu,0.365,202.763793162469,NaN,NaN,NaN,NaN,206.741621264055,210.050742188175,197.498875401718,197.498875401718,210.045980062911,0,0,0,1,205.998035332749,207.837727144838,850.957677471322,799.726215904551,977.392339129142,0.95,0.55264206446224,0.95,0.00345216732067853,0.0678445229002401,0,0,1,1,0,0,0.0700366936496623,0.0230779572937336,0,0,0.00384788538694888,0.066821496528253,0,0,8000,18251,5000,18251,0.000740018773874395,-0.0668929690986271,0.950000000000024,0.950000000000024,0.0757680651022489,-0.0298310781935662,0.950000000000031,0.950000000000031,0.00202753066429984,-0.0661938130774349,0.950000000000022,0.950000000000022,0.000740018773874395,-0.0668929690986271,0.950000000000024,0.950000000000024,0.9989577194743,1.01843081356146,1.06369709683915,0.0010422805257008,0.263148283418554,0.730460189919649,0.993279654459582,1.05229816168767,0.0428511711267701,1.17505828084519,0.1575,0,0.980574070783009,0.963165480960281,0.0600150658786888,1.06391813800025,0.498125,0.500125,0.998853892236891,1.01835826444087,0.0236463329835197,1.06376811145255,0.193,0.8,LVRT,0.154100847351293,1,0,0,0,0.154100847351293,1,0,0,0,1,1,0.125,1,0.00500832874286772,1,0.999657769880689,1.22174042391143,1,1,0.686094470850895,0.847929288881483,1,0.00340644796493205,0.998298069888108,1.00093347190852,1.00076628064241,0.00263540202040962,0.933292566835121,0.0660963086510411,0.800244562420222,0.99974381644159,0.999950399760864,0.199705837340642,1,0.00223390372400629,0.999068673883878,1.00099951713994,0.999930873385518,0.0019308432560583,0.802075197997644,0.00577538536231278,0.811748833728255,0.801564408147001,0.805722153083873,0.0101844255812539,0.846925184776378,0.0476181523051382,0.744327860942558,0.903208256036653,0.898327019337464,0.158880395094096,0.897091628838632,0.00141782853157014,0.896638255725885,0.89750744448752,0.899336825374262,0.00269856964837677,1.14048854785273,-0.139377060613995,0.0867208918107729,0.324485506328109,0.000623830318153462,1,1.5,0.1,1.53996192050702,1.29399480574638,1.16907831182544,1.29399480574638,1.55159884767213,1,145.36,0,1,1,reactive_wrong_sign,0,grid_current_eval_peak_pu=1.294;grid_current_global_peak_pu=1.540;action_max=0.553,1,1,,0,reactive_wrong_sign,0,reactive_wrong_sign,113.87833736782,strong_dq,E:\research_space\Hybrid-power-transformer\lab\results\hpt_v2_control_comparison\control_comparison_topology2_fault_all_t2_a_lvrt_r6_square60_pu0800_d160ms_family_sac_t2_a_lvrt_r6_394683173d3e_20260803_152800.csv,t2_a_lvrt_r6_square60_pu0800_d160ms,0.8,160,,
hpt_v2_topology2_paper,topology2,fault,lvrt_0800_160ms,sac_actor_always_raw,0,NaN,0.8,0.8,1,1,0.08,0.24,0.16,0,controller_filtered_lv_pu,0.365,202.760387011381,NaN,NaN,NaN,NaN,210.723701346831,213.237393239117,190.514369670047,190.514369670047,208.512533225635,0,0,0,1,205.796125758858,213.237393239117,784.218841539932,666.091438274029,968.296863368503,0.95,0.628987660780145,0.95,0.0271508553046521,0.00084657181159537,-5.64210692080825e-05,0.60108686540644,1,1,1,3,0.0440002388307253,0.000998814476682152,-0.000108687838824156,0.60100925329759,0.0270592333922733,0.00084381216049848,-4.88598531125977e-05,0.60117789333166,8000,18251,5000,18251,0.0233589830770633,-0.0127902891418128,0.0955225813495589,0.950000000000024,0.0436014209190297,-0.0043276524747717,0.942367690639407,0.950000000000031,0.0231333220107182,-0.0132183697609638,0.065753451474146,0.950000000000022,0.0233589830770633,-0.0127902891418128,0.0955225813495589,0.950000000000024,1.01758965620057,1.0760358532701,0.980273551924915,-0.0175896562005711,0,0.643718042366691,0.945787500597592,1.02301776925948,0.0197135637680887,1.17129184569364,0,0,0.974962522170567,0.996602116107893,0.0582638184453375,1.06278895105312,0.979875,0,1.0185358825667,1.07698366633643,0.0158608806380999,0.983608000856802,0,0.66,LVRT,0.120359273768342,1,0,0,0,0.120359273768342,1,0,0,0,1,1,0.125,1,0.0301323344884883,1,0.832614297842537,1.21037107921063,1,1,0.710354291585164,0.86485218452255,1,0.00387067412807721,0.998167845902662,1.00145838593645,1.00037095751706,0.00329054003378977,0.933310829287605,0.0663516991196572,0.800135013076428,0.999865025992063,0.999966183740602,0.199831170664175,1,0.000974628094049275,1.00045434851869,0.999925124375758,0.999620349018655,0.000833999500031643,0.831299707032132,0.00485485309806413,0.837110920160883,0.828945469933991,0.831967048902835,0.00816545022689209,0.863553117749738,0.0489087462770218,0.759432749478323,0.917519850878061,0.917656323670789,0.158223574192465,0.933411393397151,0.000735468222431826,0.933112756203391,0.934259593170856,0.934141203754738,0.00114683696746563,1.0290608357633,-0.169523745814917,0.048358533014915,0.253693827551637,0,1,1.5,0.1,1.370185862784,1.26788843235784,0.995576913675535,1.26788843235784,1.37285879800733,1,Inf,0,1,1,reactive_wrong_sign,0,grid_current_eval_peak_pu=1.268;grid_current_global_peak_pu=1.370;action_max=0.629,1,1,,0,reactive_wrong_sign,0,reactive_wrong_sign,111.740415969156,family_sac_after_finetune,E:\research_space\Hybrid-power-transformer\lab\results\hpt_v2_control_comparison\control_comparison_topology2_fault_all_t2_a_lvrt_r6_square60_pu0800_d160ms_family_sac_t2_a_lvrt_r6_394683173d3e_20260803_152800.csv,t2_a_lvrt_r6_square60_pu0800_d160ms,0.8,160,E:\research_space\Hybrid-power-transformer\lab\results\hpt_family_specialist_t2_a_lvrt_r6_square60_currentwindow_20260803_r1\eval_sac\family_sac_hpt_sac_actor_weights_dynamic.mat,data\models\hpt_t2_a_lvrt_joint_support_family_sac_r6_20260803.zip
hpt_v2_topology2_paper,topology2,fault,lvrt_0800_200ms,conventional_dq,0,NaN,0.8,0.8,1,1,0.08,0.28,0.2,0,controller_filtered_lv_pu,0.405,203.227650581928,NaN,NaN,NaN,NaN,206.909001368552,210.271292081356,197.498875401718,197.498875401718,210.109098593059,0,0,0,1,206.181714403883,207.615693162619,850.590020432609,799.726215904551,977.392339129142,0.95,0.55264206446224,0.95,0.000634159105675345,0.0549389997300439,0,0,1,1,0,0,0.0691020115137418,0.0280439532919964,0,0,0.00196484408769039,0.0555349054424205,0,0,10001,20251,5001,20251,-0.00178162548269275,-0.0536570061561936,0.950000000000026,0.950000000000026,0.0727944220097115,-0.0334012047370457,0.950000000000003,0.950000000000003,-0.000360317045674042,-0.0547841160348854,0.950000000000022,0.950000000000022,-0.00178162548269275,-0.0536570061561936,0.950000000000026,0.950000000000026,0.999779051247992,1.02376592627874,1.06323752554076,0.000220948752007439,0.15339038841343,0.811882817643186,0.993279654459582,1.05229816168767,0.0428511711267701,1.17505828084519,0.1575,0,0.982288073491791,0.964165572363874,0.0610251083149149,1.06327681919597,0.598540145985402,0.4000599940006,0.999666329391982,1.02316107633903,0.0229205277782711,1.06320781468917,0.161567686462707,0.79624075184963,LVRT,0.154100847351293,1,0,0,0,0.154100847351293,1,0,0,0,1,1,0.125,1,0.00652018811510313,1,0.999657769880689,1.22174042391143,1,1,0.686094470850895,0.849145838841161,1,0.00340644796493205,0.998298069888108,1.00093347190852,1.00076628064241,0.00263540202040962,0.933343113291149,0.0668038158036419,0.799941318606844,0.999955184583323,1.0001181564832,0.200176837876352,1,0.00383352678426399,0.998166023214265,1.00140251148209,1.00042870815365,0.00323648826782187,0.802075197997644,0.00577538536231278,0.811748833728255,0.801564408147001,0.805722153083873,0.0101844255812539,0.848114557776175,0.0477928487691146,0.745496642488203,0.904182691506526,0.89997954379411,0.158686049018324,0.90129109271564,0.00270605030916017,0.902358261848398,0.899108462015216,0.904644140616057,0.00553567860084136,1.12959925749027,-0.141586629833585,0.0842622422281083,0.324485506328109,0.000453103760761214,1,1.5,0.1,1.53996192050702,1.29399480574638,1.16123557882794,1.29399480574638,1.55159884767213,1,145.36,0,1,1,reactive_wrong_sign,0,grid_current_eval_peak_pu=1.294;grid_current_global_peak_pu=1.540;action_max=0.553,1,1,,0,reactive_wrong_sign,0,reactive_wrong_sign,113.752089863028,strong_dq,E:\research_space\Hybrid-power-transformer\lab\results\hpt_v2_control_comparison\control_comparison_topology2_fault_all_t2_a_lvrt_r6_square60_pu0800_d200ms_family_sac_t2_a_lvrt_r6_f9db645e0feb_20260803_152934.csv,t2_a_lvrt_r6_square60_pu0800_d200ms,0.8,200,,
hpt_v2_topology2_paper,topology2,fault,lvrt_0800_200ms,sac_actor_always_raw,0,NaN,0.8,0.8,1,1,0.08,0.28,0.2,0,controller_filtered_lv_pu,0.405,203.607766441915,NaN,NaN,NaN,NaN,208.693733286873,214.050596525812,190.514369670047,190.514369670047,210.461079762842,0,0,0,1,206.036077582875,212.703092194396,752.525696172492,676.814384649452,968.296863368503,0.95,0.628987660780145,0.95,0.0289365411169761,0.000783156441027695,-0.000349524839628638,0.601298748913865,1,1,1,3,0.0439845982006089,0.000963196079883467,-0.000236797632447343,0.601423502122687,0.0283338361245261,0.000825093346731979,-0.000409008595742971,0.60137627097611,10001,20251,5001,20251,0.0255952812762696,-0.0115062922340189,-0.0810658148780432,0.950000000000026,0.0431213243369345,-0.00541732832049659,0.887376186913186,0.950000000000003,0.0251363446157988,-0.0109930679404206,-0.160450582590039,0.950000000000022,0.0255952812762696,-0.0115062922340189,-0.0810658148780432,0.950000000000026,1.01275922836559,1.07141722610273,0.940657120215616,-0.0127592283655863,0.0167873601053325,0.658327847267939,0.945787500597592,1.02301776925948,0.0197135637680887,1.17129184569364,0,0,0.979588346168167,1.00123193409314,0.058205353373097,1.05925894487957,0.983901609839016,0,1.01092447891361,1.0703473753998,0.0150147778154479,0.927136144365667,0,0.655268946210758,LVRT,0.120359273768342,1,0,0,0,0.120359273768342,1,0,0,0,1,1,0.125,1,0.0340608527816986,1,0.846017980811814,1.21037107921063,1,1,0.710354291585164,0.868959928690062,1,0.00387067412807721,0.998167845902662,1.00145838593645,1.00037095751706,0.00329054003378977,0.933299402921052,0.0661916424187414,0.800203556579967,0.999866145381606,0.999879360286622,0.199675803706655,1,0.000523140314246336,1.00023611285567,0.999784477579768,0.99997935825192,0.000451635275905362,0.831299707032132,0.00485485309806413,0.837110920160883,0.828945469933991,0.831967048902835,0.00816545022689209,0.867551467039088,0.0487232287549427,0.763509801406714,0.92201741774874,0.921418062336385,0.158507616342026,0.927650912675595,0.000251735149951653,0.928296045988697,0.927837563738482,0.927712878452078,0.000583167536618273,1.00650115100873,-0.165805855533067,0.0452937091830149,0.253693827551637,0,1,1.5,0.1,1.370185862784,1.26788843235784,0.935615380201719,1.26788843235784,1.37285879800733,1,Inf,0,1,1,reactive_wrong_sign,0,grid_current_eval_peak_pu=1.268;grid_current_global_peak_pu=1.370;action_max=0.629,1,1,,0,reactive_wrong_sign,0,reactive_wrong_sign,111.164946471057,family_sac_after_finetune,E:\research_space\Hybrid-power-transformer\lab\results\hpt_v2_control_comparison\control_comparison_topology2_fault_all_t2_a_lvrt_r6_square60_pu0800_d200ms_family_sac_t2_a_lvrt_r6_f9db645e0feb_20260803_152934.csv,t2_a_lvrt_r6_square60_pu0800_d200ms,0.8,200,E:\research_space\Hybrid-power-transformer\lab\results\hpt_family_specialist_t2_a_lvrt_r6_square60_currentwindow_20260803_r1\eval_sac\family_sac_hpt_sac_actor_weights_dynamic.mat,data\models\hpt_t2_a_lvrt_joint_support_family_sac_r6_20260803.zip
hpt_v2_topology2_paper,topology2,fault,lvrt_0800_240ms,conventional_dq,0,NaN,0.8,0.8,1,1,0.08,0.32,0.24,0,controller_filtered_lv_pu,0.445,203.545925794363,NaN,NaN,NaN,NaN,207.160632777317,210.496467642741,197.498875401718,197.498875401718,210.109098593059,0,0,0,1,206.281169823774,207.90058682097,849.96461556099,799.726215904551,977.392339129142,0.95,0.55264206446224,0.95,0.00163683958383844,0.0547646605043223,0,0,1,1,0,0,0.0675218457930891,0.032103094001093,0,0,-0.00142146511950988,0.0557524573096757,0,0,12001,22251,5000,22251,-0.00594514815450212,-0.0514669547047273,0.950000000000028,0.950000000000028,0.0697627564803175,-0.0362916971852989,0.949999999999972,0.949999999999972,-0.00954163302861048,-0.0528098303323709,0.950000000000022,0.950000000000022,-0.00594514815450212,-0.0514669547047273,0.950000000000028,0.950000000000028,1.0004325874523,1.02315358107613,1.06245576945124,-0.000432587452300364,0.288496105452367,0.710904733373277,0.993279654459582,1.05229816168767,0.0428511711267701,1.17505828084519,0.1575,0,0.983585936318176,0.965513821198537,0.0612682902819453,1.06252431473532,0.665444546287809,0.333388884259645,1.00087789252793,1.02720071470639,0.0223051190958174,1.06269139969025,0.2402,0.759,LVRT,0.154100847351293,1,0,0,0,0.154100847351293,1,0,0,0,1,1,0.125,1,0.00824802304324979,1,0.999657769880689,1.22174042391143,1,1,0.686094470850895,0.850529547529561,1,0.00340644796493205,0.998298069888108,1.00093347190852,1.00076628064241,0.00263540202040962,0.933359545953236,0.0670347977349207,0.799842711369363,0.999915305172014,1.00028124315292,0.200438531783556,1,0.00290332648744841,0.999096630383182,0.999466965869997,1.00143482428543,0.00233819390224985,0.802075197997644,0.00577538536231278,0.811748833728255,0.801564408147001,0.805722153083873,0.0101844255812539,0.84948713313064,0.0476071256971396,0.747100875175425,0.905562903157317,0.901420071798454,0.158462027981892,0.904899851576193,0.00296199204685697,0.908049622423823,0.902136144417255,0.906832238111817,0.0059134780065676,1.11855259483088,-0.142116970163105,0.082001129646236,0.324485506328109,0.00107913669064748,1,1.5,0.1,1.53996192050702,1.29399480574638,1.13983692574766,1.29399480574638,1.55159884767213,1,145.36,0,1,1,reactive_wrong_sign,0,grid_current_eval_peak_pu=1.294;grid_current_global_peak_pu=1.540;action_max=0.553,1,1,,0,reactive_wrong_sign,0,reactive_wrong_sign,113.702361649715,strong_dq,E:\research_space\Hybrid-power-transformer\lab\results\hpt_v2_control_comparison\control_comparison_topology2_fault_all_t2_a_lvrt_r6_square60_pu0800_d240ms_family_sac_t2_a_lvrt_r6_4c7cbc97c0c9_20260803_153109.csv,t2_a_lvrt_r6_square60_pu0800_d240ms,0.8,240,,
hpt_v2_topology2_paper,topology2,fault,lvrt_0800_240ms,sac_actor_always_raw,0,NaN,0.8,0.8,1,1,0.08,0.32,0.24,0,controller_filtered_lv_pu,0.445,204.207294178433,NaN,NaN,NaN,NaN,208.9904734161,213.648976450515,190.514369670047,190.514369670047,210.461079762842,0,0,0,1,206.289404288216,212.610300573092,756.363319230754,680.358173639183,968.296863368503,0.95,0.628987660780145,0.95,0.030877384352309,0.000752784010832571,-0.00038527367990843,0.601468320217421,1,1,1,3,0.0441881188634985,0.000919284034983693,-0.000346557835933932,0.601724981031396,0.0285709038887017,0.000824306997349395,-0.000359492430113511,0.601285421671123,12001,22251,5000,22251,0.0273713985923929,-0.0121002056152277,-0.0201120155783757,0.950000000000028,0.04299289251198,-0.00621451731348396,0.800576366204988,0.949999999999972,0.0250752477473384,-0.0119662605022713,-0.130742387356218,0.950000000000022,0.0273713985923929,-0.0121002056152277,-0.0201120155783757,0.950000000000028,1.01127320415785,1.06648875421655,0.945454149038441,-0.0112732041578469,0.119982025164769,0.599161174355902,0.945787500597592,1.02301776925948,0.0197135637680887,1.17129184569364,0,0,0.982569351123093,1.00393435944917,0.058439722820686,1.04701123219496,0.986584451295725,0,1.01181676906824,1.07122364235988,0.0150251844209142,0.936668695232471,0,0.6752,LVRT,0.120359273768342,1,0,0,0,0.120359273768342,1,0,0,0,1,1,0.125,1,0.0321206591812331,1,0.850447717048979,1.21037107921063,1,1,0.710354291585164,0.871268050376031,1,0.00387067412807721,0.998167845902662,1.00145838593645,1.00037095751706,0.00329054003378977,0.93329923105028,0.0661892442702484,0.800204587559144,0.999888662115898,0.999855554104748,0.199684074556754,1,0.000737608089861863,1.00028866862532,0.999656847219969,1.0000543821343,0.000631821405355498,0.831299707032132,0.00485485309806413,0.837110920160883,0.828945469933991,0.831967048902835,0.00816545022689209,0.869737395289137,0.048786769746132,0.765530307999539,0.92433405412744,0.923911055369289,0.158803746127901,0.928503251320385,0.000869933576772922,0.929548424380691,0.928020133573176,0.92884332177761,0.00152829080751546,0.986241193954199,-0.158543425545605,0.0440327756377453,0.253693827551637,0,1,1.5,0.1,1.370185862784,1.26788843235784,0.946685082140766,1.26788843235784,1.37285879800733,1,Inf,0,1,1,reactive_wrong_sign,0,grid_current_eval_peak_pu=1.268;grid_current_global_peak_pu=1.370;action_max=0.629,1,1,,0,reactive_wrong_sign,0,reactive_wrong_sign,111.104388949599,family_sac_after_finetune,E:\research_space\Hybrid-power-transformer\lab\results\hpt_v2_control_comparison\control_comparison_topology2_fault_all_t2_a_lvrt_r6_square60_pu0800_d240ms_family_sac_t2_a_lvrt_r6_4c7cbc97c0c9_20260803_153109.csv,t2_a_lvrt_r6_square60_pu0800_d240ms,0.8,240,E:\research_space\Hybrid-power-transformer\lab\results\hpt_family_specialist_t2_a_lvrt_r6_square60_currentwindow_20260803_r1\eval_sac\family_sac_hpt_sac_actor_weights_dynamic.mat,data\models\hpt_t2_a_lvrt_joint_support_family_sac_r6_20260803.zip
hpt_v2_topology2_paper,topology2,fault,lvrt_0800_300ms,conventional_dq,0,NaN,0.8,0.8,1,1,0.08,0.38,0.3,0,controller_filtered_lv_pu,0.505,203.886602840416,NaN,NaN,NaN,NaN,207.532588366763,210.839602029399,197.498875401718,197.498875401718,210.331278612703,0,0,0,1,206.424024615325,208.33888001972,848.862390442842,799.726215904551,977.392339129142,0.95,0.55264206446224,0.95,0.00499099892052305,0.0562923259605746,0,0,1,1,0,0,0.0650999026860581,0.0365867095132323,0,0,-0.00585240672613992,0.0558143685712354,0,0,15001,25251,5001,25251,-0.00861723076734948,-0.0497663901433488,0.949993545274984,0.95000000000003,0.0658416411664004,-0.0394206085594566,0.949995409104577,0.949999999999941,-0.0224286390408677,-0.0487643515524473,0.950000000000022,0.950000000000022,-0.00861723076734948,-0.0497663901433488,0.949993545274984,0.95000000000003,1.00019493297171,1.02170289615294,1.06107798805355,-0.000194932971714754,0.352032734952481,0.527983104540655,0.993279654459582,1.05229816168767,0.0428511711267701,1.17505828084519,0.1575,0,0.985013990913547,0.967597414322799,0.0612891548315919,1.06141045804769,0.732351176588227,0.266715552296514,1.00245862234564,1.03239704941903,0.0220589000149487,1.0619085895968,0.0683863227354529,0.799840031993601,LVRT,0.154100847351293,1,0,0,0,0.154100847351293,1,0,0,0,1,1,0.125,1,0.00774896524882629,1,0.999657769880689,1.22174042391143,1,1,0.686094470850895,0.852532293163369,1,0.00340644796493205,0.998298069888108,1.00093347190852,1.00076628064241,0.00263540202040962,0.93335021942933,0.0669037024366795,0.799898678398186,0.999928225858588,1.00019839586709,0.200299717468905,1,0.00271837777432546,1.00058173078533,0.99864436888711,1.00077251386551,0.00212814497840373,0.802075197997644,0.00577538536231278,0.811748833728255,0.801564408147001,0.805722153083873,0.0101844255812539,0.851460728442628,0.0473499968507502,0.74926816642473,0.908003759671928,0.902979006114241,0.158735593247198,0.909531485569778,0.00320497919119448,0.912360746484748,0.91185454948024,0.906491937621756,0.00586880886299159,1.10456931030768,-0.142823135406407,0.0792041657799828,0.324485506328109,0.00195913797928911,1,1.5,0.1,1.53996192050702,1.29399480574638,1.1148280276091,1.29399480574638,1.55159884767213,1,145.36,0,1,1,reactive_wrong_sign,0,grid_current_eval_peak_pu=1.294;grid_current_global_peak_pu=1.540;action_max=0.553,1,1,,0,reactive_wrong_sign,0,reactive_wrong_sign,113.708617358394,strong_dq,E:\research_space\Hybrid-power-transformer\lab\results\hpt_v2_control_comparison\control_comparison_topology2_fault_all_t2_a_lvrt_r6_square60_pu0800_d300ms_family_sac_t2_a_lvrt_r6_f2bf0d215677_20260803_153239.csv,t2_a_lvrt_r6_square60_pu0800_d300ms,0.8,300,,
hpt_v2_topology2_paper,topology2,fault,lvrt_0800_300ms,sac_actor_always_raw,0,NaN,0.8,0.8,1,1,0.08,0.38,0.3,0,controller_filtered_lv_pu,0.505,204.267576238983,NaN,NaN,NaN,NaN,208.521796056062,212.856710443147,190.514369670047,190.514369670047,210.461079762842,0,0,0,1,205.074988251759,212.856710443147,745.387705796011,658.204301223063,968.296863368503,0.95,0.628987660780145,0.95,0.032291967671247,0.000723627185695154,-0.000503180512876125,0.601817734388748,1,1,1,3,0.0444263313633125,0.000854251835931335,-0.000479383645573803,0.602111811815896,0.0281690523880395,0.000815185687179292,-0.000407048961106105,0.601368850476738,15001,25251,5001,25251,0.0297618237435454,-0.0089073166320016,0.00870074034003908,0.95000000000003,0.0433856235871384,-0.00535827567737089,0.730558441829049,0.949999999999941,0.0252584062560286,-0.0101193638974585,-0.178755380817367,0.950000000000022,0.0297618237435454,-0.0089073166320016,0.00870074034003908,0.95000000000003,1.00576884940778,1.05753896587856,0.931734632245014,-0.00576884940777621,0.224524815205913,0.527983104540655,0.945787500597592,1.02301776925948,0.0197135637680887,1.17129184569364,0,0,0.983522673189315,1.00498931672735,0.0582872072041832,1.02511455887528,0.989267382174522,0,1.00997710641588,1.06948714209329,0.0150022507465036,0.923348674494953,0,0.675064987002599,LVRT,0.120359273768342,1,0,0,0,0.120359273768342,1,0,0,0,1,1,0.125,1,0.028293287164959,1,0.822755376528829,1.21037107921063,1,1,0.710354291585164,0.87220594204645,1,0.00387067412807721,0.998167845902662,1.00145838593645,1.00037095751706,0.00329054003378977,0.933302403118428,0.0662336560492813,0.800185559796207,0.999902851239813,0.999865158304505,0.199717291443607,1,0.000496842352521397,1.00012427493301,1.00012413080295,0.999751547973477,0.000372726959529206,0.831299707032132,0.00485485309806413,0.837110920160883,0.828945469933991,0.831967048902835,0.00816545022689209,0.87063907685537,0.0485277581130932,0.766448566037711,0.925567651452452,0.924406587339599,0.159119085414741,0.92690890485641,0.000413103320447206,0.927391750838515,0.927536278955616,0.926783220659782,0.000753058295833975,0.967500721776602,-0.14651912510396,0.0443945572234842,0.253693827551637,0,1,1.5,0.1,1.370185862784,1.26788843235784,0.94330737717297,1.26788843235784,1.37285879800733,1,Inf,0,1,1,reactive_wrong_sign,0,grid_current_eval_peak_pu=1.268;grid_current_global_peak_pu=1.370;action_max=0.629,1,1,,0,reactive_wrong_sign,0,reactive_wrong_sign,110.998597065481,family_sac_after_finetune,E:\research_space\Hybrid-power-transformer\lab\results\hpt_v2_control_comparison\control_comparison_topology2_fault_all_t2_a_lvrt_r6_square60_pu0800_d300ms_family_sac_t2_a_lvrt_r6_f2bf0d215677_20260803_153239.csv,t2_a_lvrt_r6_square60_pu0800_d300ms,0.8,300,E:\research_space\Hybrid-power-transformer\lab\results\hpt_family_specialist_t2_a_lvrt_r6_square60_currentwindow_20260803_r1\eval_sac\family_sac_hpt_sac_actor_weights_dynamic.mat,data\models\hpt_t2_a_lvrt_joint_support_family_sac_r6_20260803.zip
hpt_v2_topology2_paper,topology2,fault,lvrt_0825_080ms,conventional_dq,0,NaN,0.825,0.825,1,1,0.08,0.16,0.08,0,controller_filtered_lv_pu,0.285,203.95628724383,NaN,NaN,NaN,NaN,206.227815899155,209.525193490558,198.562620786549,198.562620786549,209.525193490558,0,0,0,1,205.597602202365,207.218748566652,851.73439304592,799.726215904551,977.392339129142,0.95,0.55264206446224,0.95,0.0118353846666159,0.088659975107058,0,0,1,1,0,0,0.0659384258326913,-0.0287295224650154,0,0,0.012372610761378,0.0870255459863804,0,0,4001,14251,5001,14251,0.0110268372192292,-0.0887717655395728,0.950000000000019,0.950000000000019,0.07914348151908,0.0172912544885795,0.950000000000017,0.950000000000017,0.0114128159617884,-0.0871653308234908,0.950000000000022,0.950000000000022,0.0110268372192292,-0.0887717655395728,0.950000000000019,0.950000000000019,0.996389677215212,1.00968730135776,1.0646679913074,0.00361032278478837,0.307530402245089,0.668147801683817,0.993279654459582,1.05229816168767,0.0428511711267701,1.17505828084519,0.1575,0,0.984642147509925,0.977041566022519,0.0571425267921174,1.06545853502839,0.690077480629843,0.309922519370157,0.995979910057181,1.00924189171725,0.0230711948186468,1.06482394140769,0.262947410517896,0.71625674865027,LVRT,0.134239713944681,1,0,0,0,0.134239713944681,1,0,0,0,1,1,0.125,1,0.00992163653987344,1,0.999657769880689,1.22174042391143,1,1,0.712929142485468,0.859011757412367,1,0.00340644796493205,0.998298069888108,1.00093347190852,1.00076628064241,0.00263540202040962,0.941619593680553,0.05757428655028,0.82533280753968,0.999654429105636,0.999942025058775,0.174609217519096,1,0.00200595071093209,1.00100246883812,0.999495920268589,0.999500856801248,0.00150654856953494,0.802075197997644,0.00577538536231278,0.811748833728255,0.801564408147001,0.805722153083873,0.0101844255812539,0.858059479981953,0.0433330954800116,0.76756979145795,0.908440470869529,0.903772335242471,0.140870679411579,0.889193816489831,0.00195148258510619,0.889320976775351,0.891966315366069,0.888551461180464,0.00341485418560405,1.14634733148925,-0.132204255361947,0.0780049283928425,0.239344796493402,0,1,1.5,0.1,1.53996192050702,1.26020606221127,1.19449008858818,1.26020606221127,1.55159884767213,1,Inf,0,1,1,reactive_wrong_sign,0,grid_current_eval_peak_pu=1.260;grid_current_global_peak_pu=1.540;action_max=0.553,1,1,,0,reactive_wrong_sign,0,reactive_wrong_sign,110.336971231139,strong_dq,E:\research_space\Hybrid-power-transformer\lab\results\hpt_v2_control_comparison\control_comparison_topology2_fault_all_t2_a_lvrt_r6_square60_pu0825_d080ms_family_sac_t2_a_lvrt_r6_df29afc67921_20260803_153411.csv,t2_a_lvrt_r6_square60_pu0825_d080ms,0.825,80,,
hpt_v2_topology2_paper,topology2,fault,lvrt_0825_080ms,sac_actor_always_raw,0,NaN,0.825,0.825,1,1,0.08,0.16,0.08,0,controller_filtered_lv_pu,0.285,201.066285591707,NaN,NaN,NaN,NaN,209.542448643099,210.620794732538,191.610895101948,191.610895101948,206.57460113288,0,0,0,1,208.179742902962,210.620794732538,848.732655633297,799.747850682032,968.296863368503,0.95,0.628987660780145,0.95,0.0316385796830038,0.00119107625513699,0.000151677929455543,0.60041545799744,1,1,1,3,0.0443141235892779,0.00105597721413924,0.000235241696209117,0.599675499567608,0.0321332499319457,0.00124885988473409,8.84531344916852e-05,0.601005400897693,4001,14251,5001,14251,0.0262940315657198,-0.0176344017403761,0.949938218462517,0.950000000000019,0.0439738376184467,-0.00549102697124648,0.950000000000017,0.950000000000017,0.0266121414208581,-0.0180494878515276,0.949947174994152,0.950000000000022,0.0262940315657198,-0.0176344017403761,0.949938218462517,0.950000000000019,1.0126978263591,1.07007372637372,1.06091581954162,-0.0126978263591009,0,0.555893358278765,0.945787500597592,1.02301776925948,0.0197135637680887,1.17129184569364,0,0,0.967427158138467,0.990221913131688,0.0518785800327282,1.06652927898152,0.959760059985004,0,1.01145626614225,1.06892333445079,0.0169817200802998,1.06110324813516,0,0.670265946810638,LVRT,0.100656498077046,1,0,0,0,0.100656498077046,1,0,0,0,1,1,0.125,1,0.0174917619929393,1,0.99968481335254,1.21037107921063,1,1,0.721989438492775,0.858710306714433,1,0.00387067412807721,0.998167845902662,1.00145838593645,1.00037095751706,0.00329054003378977,0.941645340848934,0.0579890776410227,0.825150790223009,0.999898754018083,0.99991844479949,0.174767654576481,1,0.00106052308781632,0.999806937858837,1.00052409183103,0.999668759477374,0.000855332353653775,0.831299707032132,0.00485485309806413,0.837110920160883,0.828945469933991,0.831967048902835,0.00816545022689209,0.857680197076109,0.0430840322319124,0.766955742263491,0.904233942811454,0.905222851252958,0.138267108989467,0.927200217887982,0.00178467415952645,0.926316977126842,0.927120185123749,0.929171332794097,0.00285435566725545,1.07348336002567,-0.161328121498696,0.0478253196084614,0.222012386034368,0,1,1.5,0.1,1.370185862784,1.25983013121896,1.09448589033126,1.25983013121896,1.37285879800733,1,Inf,0,1,1,reactive_wrong_sign,0,grid_current_eval_peak_pu=1.260;grid_current_global_peak_pu=1.370;action_max=0.629,1,1,,0,reactive_wrong_sign,0,reactive_wrong_sign,110.575728051653,family_sac_after_finetune,E:\research_space\Hybrid-power-transformer\lab\results\hpt_v2_control_comparison\control_comparison_topology2_fault_all_t2_a_lvrt_r6_square60_pu0825_d080ms_family_sac_t2_a_lvrt_r6_df29afc67921_20260803_153411.csv,t2_a_lvrt_r6_square60_pu0825_d080ms,0.825,80,E:\research_space\Hybrid-power-transformer\lab\results\hpt_family_specialist_t2_a_lvrt_r6_square60_currentwindow_20260803_r1\eval_sac\family_sac_hpt_sac_actor_weights_dynamic.mat,data\models\hpt_t2_a_lvrt_joint_support_family_sac_r6_20260803.zip
hpt_v2_topology2_paper,topology2,fault,lvrt_0825_120ms,conventional_dq,0,NaN,0.825,0.825,1,1,0.08,0.2,0.12,0,controller_filtered_lv_pu,0.325,203.291570791331,NaN,NaN,NaN,NaN,206.324464638672,209.525193490558,198.562620786549,198.562620786549,209.525193490558,0,0,0,1,205.732316481149,207.34006399548,851.564550293316,799.726215904551,977.392339129142,0.95,0.55264206446224,0.95,0.0105322923112774,0.0925950099675014,0,0,1,1,0,0,0.0612211739743382,0.00450881312494484,0,0,0.0107195334759797,0.0919842289323136,0,0,6001,16251,5001,16251,0.0100908484138696,-0.0926507876010571,0.950000000000022,0.950000000000022,0.0694882284760373,-0.0125248057385072,0.950000000000026,0.950000000000026,0.00978676016876474,-0.0919249868932699,0.950000000000022,0.950000000000022,0.0100908484138696,-0.0926507876010571,0.950000000000022,0.950000000000022,0.996824382422833,1.01091357416559,1.06445568786665,0.00317561757716605,0.275020508613618,0.724979491386382,0.993279654459582,1.05229816168767,0.0428511711267701,1.17505828084519,0.1575,0,0.982641416434983,0.971635212061645,0.0540469568598976,1.06472887914921,0.4600899850025,0.5399100149975,0.996892864614874,1.01087727658365,0.0224972233845096,1.06450117037345,0.343131373725255,0.656868626274745,LVRT,0.134239713944681,1,0,0,0,0.134239713944681,1,0,0,0,1,1,0.125,1,0.00826579567810981,1,0.999657769880689,1.22174042391143,1,1,0.712929142485468,0.855095952022679,1,0.00340644796493205,0.998298069888108,1.00093347190852,1.00076628064241,0.00263540202040962,0.941590712515524,0.0571079804487455,0.825536930892751,0.99981056579822,0.999538272551656,0.174273634905469,1,0.0013301419220008,1.00048320661018,1.00015397585697,0.999362485722022,0.00112072088816231,0.802075197997644,0.00577538536231278,0.811748833728255,0.801564408147001,0.805722153083873,0.0101844255812539,0.854224668259963,0.0419782105952503,0.764412911144379,0.903904418064004,0.899017229164571,0.139491506919625,0.890690426982162,0.00259490089249023,0.889164093213665,0.893556866960804,0.89157973424122,0.00439277374713985,1.15103352348346,-0.129652307865879,0.0791677274859486,0.239344796493402,0,1,1.5,0.1,1.53996192050702,1.26020606221127,1.18869323395464,1.26020606221127,1.55159884767213,1,Inf,0,1,1,reactive_wrong_sign,0,grid_current_eval_peak_pu=1.260;grid_current_global_peak_pu=1.540;action_max=0.553,1,1,,0,reactive_wrong_sign,0,reactive_wrong_sign,110.450584773736,strong_dq,E:\research_space\Hybrid-power-transformer\lab\results\hpt_v2_control_comparison\control_comparison_topology2_fault_all_t2_a_lvrt_r6_square60_pu0825_d120ms_family_sac_t2_a_lvrt_r6_dec816c40380_20260803_153539.csv,t2_a_lvrt_r6_square60_pu0825_d120ms,0.825,120,,
hpt_v2_topology2_paper,topology2,fault,lvrt_0825_120ms,sac_actor_always_raw,0,NaN,0.825,0.825,1,1,0.08,0.2,0.12,0,controller_filtered_lv_pu,0.325,202.810258738903,NaN,NaN,NaN,NaN,210.362509483438,211.80056835268,191.610895101948,191.610895101948,207.771490302054,0,0,0,1,209.2260471096,211.80056835268,848.313481319451,799.747850682032,968.296863368503,0.95,0.628987660780145,0.95,0.0292429857288901,0.00124845656682494,0.000329063519522306,0.601821150889672,1,1,1,3,0.0438165588714811,0.00101369605015405,9.23643576755656e-05,0.600519827679671,0.029775342451207,0.00125597839714788,0.000296525018322777,0.601731281042332,6001,16251,5001,16251,0.0242725672065317,-0.0163571677931145,0.945611622325994,0.950000000000022,0.0434920494890185,-0.00464674806232649,0.950000000000026,0.950000000000026,0.0247147548850736,-0.016653424913701,0.947183845270565,0.950000000000022,0.0242725672065317,-0.0163571677931145,0.945611622325994,0.950000000000022,1.01612000901024,1.07365476375081,1.06039185164931,-0.016120009010236,0.00574241181296144,0.926579163248564,0.945787500597592,1.02301776925948,0.0197135637680887,1.17129184569364,0,0,0.974193188465124,0.997770527582397,0.0518502213082483,1.06455634298487,0.973171138143643,0,1.01544512355597,1.07303517182391,0.0167792640130624,1.0604815730463,0.00559888022395521,0.928414317136573,LVRT,0.100656498077046,1,0,0,0,0.100656498077046,1,0,0,0,1,1,0.125,1,0.0231911514622236,1,0.99968481335254,1.21037107921063,1,1,0.721989438492775,0.865687870587308,1,0.00387067412807721,0.998167845902662,1.00145838593645,1.00037095751706,0.00329054003378977,0.941624637378766,0.0576584927305477,0.825297159647917,1.00011802603508,0.999521594181476,0.174820866387162,1,0.000651873756273957,0.999676894306626,1.00012405619006,1.00019896981521,0.000522075508582413,0.831299707032132,0.00485485309806413,0.837110920160883,0.828945469933991,0.831967048902835,0.00816545022689209,0.864621088551244,0.0430057645897161,0.77361238201871,0.911674536834008,0.912153472449238,0.138541090430528,0.93074260913712,0.00172068912578334,0.931755232963733,0.929385012088818,0.932089170144935,0.00270415805611687,1.05724081967705,-0.164492950543654,0.0438023913266535,0.227238925617417,0,1,1.5,0.1,1.370185862784,1.25983013121896,1.07723348742132,1.25983013121896,1.37285879800733,1,Inf,0,1,1,reactive_wrong_sign,0,grid_current_eval_peak_pu=1.260;grid_current_global_peak_pu=1.370;action_max=0.629,1,1,,0,reactive_wrong_sign,0,reactive_wrong_sign,110.600007173604,family_sac_after_finetune,E:\research_space\Hybrid-power-transformer\lab\results\hpt_v2_control_comparison\control_comparison_topology2_fault_all_t2_a_lvrt_r6_square60_pu0825_d120ms_family_sac_t2_a_lvrt_r6_dec816c40380_20260803_153539.csv,t2_a_lvrt_r6_square60_pu0825_d120ms,0.825,120,E:\research_space\Hybrid-power-transformer\lab\results\hpt_family_specialist_t2_a_lvrt_r6_square60_currentwindow_20260803_r1\eval_sac\family_sac_hpt_sac_actor_weights_dynamic.mat,data\models\hpt_t2_a_lvrt_joint_support_family_sac_r6_20260803.zip
hpt_v2_topology2_paper,topology2,fault,lvrt_0825_160ms,conventional_dq,0,NaN,0.825,0.825,1,1,0.08,0.24,0.16,0,controller_filtered_lv_pu,0.365,203.424417677401,NaN,NaN,NaN,NaN,206.492067987711,209.600491270645,198.562620786549,198.562620786549,209.525193490558,0,0,0,1,205.660865980833,208.10461855456,851.168848525144,799.726215904551,977.392339129142,0.95,0.55264206446224,0.95,0.00663846220088463,0.0797214834499706,0,0,1,1,0,0,0.0618800418398777,0.0181314933547194,0,0,0.00701842754930694,0.0791360605201756,0,0,8000,18251,5000,18251,0.00499072105020585,-0.079183978066456,0.950000000000024,0.950000000000024,0.0674871832573394,-0.0244041222183431,0.950000000000031,0.950000000000031,0.00589239779509381,-0.0787644325419638,0.950000000000022,0.950000000000022,0.00499072105020585,-0.079183978066456,0.950000000000024,0.950000000000024,0.997734736384264,1.0142862385688,1.06396106065643,0.00226526361573593,0.195398100803506,0.802775748721695,0.993279654459582,1.05229816168767,0.0428511711267701,1.17505828084519,0.1575,0,0.983258368009192,0.970119480550772,0.0540222951441895,1.06416952257739,0.49625,0.500125,0.997652542800514,1.01426780478208,0.0261434091989711,1.06401982530826,0.198,0.8,LVRT,0.134239713944681,1,0,0,0,0.134239713944681,1,0,0,0,1,1,0.125,1,0.00646924646940394,1,0.999657769880689,1.22174042391143,1,1,0.712929142485468,0.854085538064273,1,0.00340644796493205,0.998298069888108,1.00093347190852,1.00076628064241,0.00263540202040962,0.941613638996376,0.0574784570281375,0.825374898100312,0.999939647247983,0.999605748024059,0.174564749147671,1,0.00261574340609585,1.00008600957935,1.00108660103722,0.99882610632052,0.00226049471669809,0.802075197997644,0.00577538536231278,0.811748833728255,0.801564408147001,0.805722153083873,0.0101844255812539,0.853228535208973,0.042131554420157,0.76310803729261,0.903208030261692,0.898167870945813,0.140099992969081,0.893490259756919,0.00362973440518942,0.890443658596398,0.896619393418176,0.895542672803627,0.0061757348217781,1.14813139504542,-0.132259523262547,0.0783865652458361,0.297963053597825,0,1,1.5,0.1,1.53996192050702,1.26020606221127,1.17228030862515,1.26020606221127,1.55159884767213,1,Inf,0,1,1,reactive_wrong_sign,0,grid_current_eval_peak_pu=1.260;grid_current_global_peak_pu=1.540;action_max=0.553,1,1,,0,reactive_wrong_sign,0,reactive_wrong_sign,112.735225010891,strong_dq,E:\research_space\Hybrid-power-transformer\lab\results\hpt_v2_control_comparison\control_comparison_topology2_fault_all_t2_a_lvrt_r6_square60_pu0825_d160ms_family_sac_t2_a_lvrt_r6_3d50c8fbf510_20260803_153734.csv,t2_a_lvrt_r6_square60_pu0825_d160ms,0.825,160,,
hpt_v2_topology2_paper,topology2,fault,lvrt_0825_160ms,sac_actor_always_raw,0,NaN,0.825,0.825,1,1,0.08,0.24,0.16,0,controller_filtered_lv_pu,0.365,203.30388493754,NaN,NaN,NaN,NaN,212.033471908295,213.341004991366,191.610895101948,191.610895101948,207.771490302054,0,0,0,1,209.428278254146,213.341004991366,830.209752842553,735.005494341732,968.296863368503,0.95,0.628987660780145,0.95,0.0268691734643536,0.000978644986291146,0.000296737335982994,0.602560296860817,1,1,1,3,0.0432489378745054,0.000986967849900152,-6.70837457303745e-05,0.601180337366714,0.0265802044261254,0.000975885687032554,0.000330397288529362,0.602499659906566,8000,18251,5000,18251,0.0223825536951752,-0.0148975715352921,0.424628257255592,0.950000000000024,0.0429123238890893,-0.00407215052831484,0.949102995677245,0.950000000000031,0.0221388040720783,-0.0147424324776707,0.424593609488415,0.950000000000022,0.0223825536951752,-0.0148975715352921,0.424628257255592,0.950000000000024,1.02276919130186,1.08075517174291,1.03776219105319,-0.0227691913018579,0.0213659605551497,0.974981738495252,0.945787500597592,1.02301776925948,0.0197135637680887,1.17129184569364,0,0,0.977442147155517,1.00316729976472,0.052465801538308,1.06335777842512,0.979875,0,1.02342680190577,1.08151450924435,0.0167644807120378,1.04222091513659,0.0234,0.9726,LVRT,0.100656498077046,1,0,0,0,0.100656498077046,1,0,0,0,1,1,0.125,1,0.0306328743544231,1,0.918756867927165,1.21037107921063,1,1,0.721989438492775,0.87048787553294,1,0.00387067412807721,0.998167845902662,1.00145838593645,1.00037095751706,0.00329054003378977,0.941635086718352,0.0578315783042647,0.825223298571452,1.00030874340021,0.999420339370475,0.175085444828759,1,0.00193145158380869,1.0006560887553,0.999057874632229,1.00028533687757,0.00159821412307269,0.831299707032132,0.00485485309806413,0.837110920160883,0.828945469933991,0.831967048902835,0.00816545022689209,0.869370710819993,0.0432370131880918,0.777951934048628,0.916550785952128,0.91731959471044,0.139367660661812,0.937817755622379,0.000329584308798121,0.938271525511283,0.938521431555299,0.937954148780299,0.000567282774999561,1.03910149482724,-0.164051152873318,0.0410751874841392,0.227238925617417,0,1,1.5,0.1,1.370185862784,1.25983013121896,1.02435538711135,1.25983013121896,1.37285879800733,1,Inf,0,1,1,reactive_wrong_sign,0,grid_current_eval_peak_pu=1.260;grid_current_global_peak_pu=1.370;action_max=0.629,1,1,,0,reactive_wrong_sign,0,reactive_wrong_sign,110.835474418848,family_sac_after_finetune,E:\research_space\Hybrid-power-transformer\lab\results\hpt_v2_control_comparison\control_comparison_topology2_fault_all_t2_a_lvrt_r6_square60_pu0825_d160ms_family_sac_t2_a_lvrt_r6_3d50c8fbf510_20260803_153734.csv,t2_a_lvrt_r6_square60_pu0825_d160ms,0.825,160,E:\research_space\Hybrid-power-transformer\lab\results\hpt_family_specialist_t2_a_lvrt_r6_square60_currentwindow_20260803_r1\eval_sac\family_sac_hpt_sac_actor_weights_dynamic.mat,data\models\hpt_t2_a_lvrt_joint_support_family_sac_r6_20260803.zip
hpt_v2_topology2_paper,topology2,fault,lvrt_0825_200ms,conventional_dq,0,NaN,0.825,0.825,1,1,0.08,0.28,0.2,0,controller_filtered_lv_pu,0.405,203.790479703871,NaN,NaN,NaN,NaN,206.835697962082,209.726122389018,198.562620786549,198.562620786549,209.616040907087,0,0,0,1,206.138273344247,207.661957565591,850.781759943787,799.726215904551,977.392339129142,0.95,0.55264206446224,0.95,0.00174430000462013,0.0549035999886054,0,0,1,1,0,0,0.0611840989294068,0.0261026783490455,0,0,0.00282714367712079,0.0566131248231002,0,0,10001,20251,5001,20251,-0.000500974394570547,-0.0536582094424737,0.950000000000026,0.950000000000026,0.0644293147232677,-0.0309767354486432,0.950000000000003,0.950000000000003,0.0013715348987021,-0.0561365847945064,0.950000000000022,0.950000000000022,-0.000500974394570547,-0.0536582094424737,0.950000000000026,0.950000000000026,0.999457319692527,1.02286225535842,1.06347719992974,0.000542680307471806,0.335582620144832,0.658327847267939,0.993279654459582,1.05229816168767,0.0428511711267701,1.17505828084519,0.1575,0,0.984660139851208,0.9705275146768,0.054946917763579,1.06363904787829,0.597040295970403,0.4000599940006,0.999263791382615,1.02192934881675,0.0227220906449556,1.06343138692682,0.199360127974405,0.793241351729654,LVRT,0.134239713944681,1,0,0,0,0.134239713944681,1,0,0,0,1,1,0.125,1,0.00775299174402067,1,0.999657769880689,1.22174042391143,1,1,0.712929142485468,0.854737605537253,1,0.00340644796493205,0.998298069888108,1.00093347190852,1.00076628064241,0.00263540202040962,0.941668326464427,0.0583635175779974,0.824988268499222,1.00029689462164,0.999717241228731,0.175308626122418,1,0.00154582897446112,0.999626580294992,1.00077246958692,0.999600502243093,0.0011719673438244,0.802075197997644,0.00577538536231278,0.811748833728255,0.801564408147001,0.805722153083873,0.0101844255812539,0.853830482838144,0.0426621407988723,0.763401992621601,0.903760337510224,0.899654404715138,0.140358344888623,0.900147440845245,0.00221889826608433,0.90050815972043,0.898705161730343,0.903253869339983,0.00454870760963991,1.13946895643748,-0.133686152302569,0.0770194049038441,0.297963053597825,0,1,1.5,0.1,1.53996192050702,1.26020606221127,1.16039190425199,1.26020606221127,1.55159884767213,1,Inf,0,1,1,reactive_wrong_sign,0,grid_current_eval_peak_pu=1.260;grid_current_global_peak_pu=1.540;action_max=0.553,1,1,,0,reactive_wrong_sign,0,reactive_wrong_sign,112.593286610722,strong_dq,E:\research_space\Hybrid-power-transformer\lab\results\hpt_v2_control_comparison\control_comparison_topology2_fault_all_t2_a_lvrt_r6_square60_pu0825_d200ms_family_sac_t2_a_lvrt_r6_aea1a923e364_20260803_153909.csv,t2_a_lvrt_r6_square60_pu0825_d200ms,0.825,200,,
hpt_v2_topology2_paper,topology2,fault,lvrt_0825_200ms,sac_actor_always_raw,0,NaN,0.825,0.825,1,1,0.08,0.28,0.2,0,controller_filtered_lv_pu,0.405,203.900068665614,NaN,NaN,NaN,NaN,208.640552732435,213.023829626749,191.610895101948,191.610895101948,209.731391834429,0,0,0,1,205.021832894058,213.023829626749,752.356134057488,656.335772048421,968.296863368503,0.95,0.628987660780145,0.95,0.0279983674249255,0.000790903462205542,-0.000256486142775267,0.601022749000158,1,1,1,3,0.0431116197901441,0.000973277870224827,-0.000169324746071956,0.601517465622079,0.027520325693253,0.000815892108550228,-0.000333777100101793,0.601105514597958,10001,20251,5001,20251,0.024964595464261,-0.0104731867700221,-0.0127881396565789,0.950000000000026,0.0424174047651234,-0.00483049848899917,0.924521620591917,0.950000000000003,0.0246626247353565,-0.00986924210201883,-0.150638721168476,0.950000000000022,0.024964595464261,-0.0104731867700221,-0.0127881396565789,0.950000000000026,1.01180000554527,1.07087414801597,0.94044516757186,-0.0118000055452709,0.00427913100724161,0.658327847267939,0.945787500597592,1.02301776925948,0.0197135637680887,1.17129184569364,0,0,0.981188876326504,1.00745280798081,0.0519026942224898,1.06137250745451,0.983901609839016,0,1.01064205068589,1.06997032207481,0.0149749542112828,0.926344312641973,0,0.640071985602879,LVRT,0.100656498077046,1,0,0,0,0.100656498077046,1,0,0,0,1,1,0.125,1,0.0291006262161804,1,0.820419715060527,1.21037107921063,1,1,0.721989438492775,0.87430394671555,1,0.00387067412807721,0.998167845902662,1.00145838593645,1.00037095751706,0.00329054003378977,0.941655862465698,0.0581591881695763,0.825076398044757,1.0000346607525,0.99987272256871,0.174958262707742,1,0.00105187222168935,0.999982527049535,1.00046385142529,0.999553414073954,0.000910437351339284,0.831299707032132,0.00485485309806413,0.837110920160883,0.828945469933991,0.831967048902835,0.00816545022689209,0.873145348232949,0.0427003324568026,0.782241590930821,0.92038819852924,0.920679306510112,0.138437715579291,0.927238497983626,0.000137080589674819,0.927658326065314,0.927699732681025,0.92739656225663,0.000303170424394705,1.02074501532442,-0.162304235136481,0.0382833107377205,0.227238925617417,0,1,1.5,0.1,1.370185862784,1.25983013121896,0.963364587039363,1.25983013121896,1.37285879800733,1,Inf,0,1,1,reactive_wrong_sign,0,grid_current_eval_peak_pu=1.260;grid_current_global_peak_pu=1.370;action_max=0.629,1,1,,0,reactive_wrong_sign,0,reactive_wrong_sign,110.037653838061,family_sac_after_finetune,E:\research_space\Hybrid-power-transformer\lab\results\hpt_v2_control_comparison\control_comparison_topology2_fault_all_t2_a_lvrt_r6_square60_pu0825_d200ms_family_sac_t2_a_lvrt_r6_aea1a923e364_20260803_153909.csv,t2_a_lvrt_r6_square60_pu0825_d200ms,0.825,200,E:\research_space\Hybrid-power-transformer\lab\results\hpt_family_specialist_t2_a_lvrt_r6_square60_currentwindow_20260803_r1\eval_sac\family_sac_hpt_sac_actor_weights_dynamic.mat,data\models\hpt_t2_a_lvrt_joint_support_family_sac_r6_20260803.zip
hpt_v2_topology2_paper,topology2,fault,lvrt_0825_240ms,conventional_dq,0,NaN,0.825,0.825,1,1,0.08,0.32,0.24,0,controller_filtered_lv_pu,0.445,204.020088160245,NaN,NaN,NaN,NaN,206.879732040007,210.205629387621,198.562620786549,198.562620786549,209.836654827762,0,0,0,1,206.111143489672,207.585180817553,850.474211695922,799.726215904551,977.392339129142,0.95,0.55264206446224,0.95,0.00487549635310287,0.0538940019327179,0,0,1,1,0,0,0.0606267290196447,0.0295739264972061,0,0,0.00193888519305731,0.0553228130251482,0,0,12001,22251,5000,22251,0.00237239889820549,-0.0526466134159918,0.950000000000028,0.950000000000028,0.0625577338986389,-0.0334554374520854,0.949999999999972,0.949999999999972,-0.000120605154844741,-0.054633853983873,0.950000000000022,0.950000000000022,0.00237239889820549,-0.0526466134159918,0.950000000000028,0.950000000000028,0.999163530805421,1.01963520924586,1.0630927646199,0.00083646919457846,0.22079089275015,0.759586578789694,0.993279654459582,1.05229816168767,0.0428511711267701,1.17505828084519,0.1575,0,0.985602228893612,0.971508416286311,0.0559448380511953,1.06322874893352,0.664194650445796,0.333388884259645,0.99955985499012,1.02286629877203,0.0231796180835578,1.06326573459021,0.15,0.8238,LVRT,0.134239713944681,1,0,0,0,0.134239713944681,1,0,0,0,1,1,0.125,1,0.00584992582450927,1,0.999657769880689,1.22174042391143,1,1,0.712929142485468,0.85579811645528,1,0.00340644796493205,0.998298069888108,1.00093347190852,1.00076628064241,0.00263540202040962,0.941717070403771,0.0591512109396551,0.824643503765406,1.00054129334155,0.999890577458159,0.175897789576144,1,0.00345981911546246,0.999039190864622,1.00172477613043,0.999233790462978,0.0026855852658038,0.802075197997644,0.00577538536231278,0.811748833728255,0.801564408147001,0.805722153083873,0.0101844255812539,0.854849915571107,0.0427150440229374,0.764508780897234,0.904630464718409,0.901070420970544,0.140121683821176,0.901001746509207,0.00247704555151433,0.90199620772146,0.898965613491764,0.904236248483271,0.00527063499150726,1.13139675261974,-0.135116154920384,0.0752090445443829,0.297963053597825,0,1,1.5,0.1,1.53996192050702,1.26020606221127,1.16015029888016,1.26020606221127,1.55159884767213,1,Inf,0,1,1,reactive_wrong_sign,0,grid_current_eval_peak_pu=1.260;grid_current_global_peak_pu=1.540;action_max=0.553,1,1,,0,reactive_wrong_sign,0,reactive_wrong_sign,112.538558103863,strong_dq,E:\research_space\Hybrid-power-transformer\lab\results\hpt_v2_control_comparison\control_comparison_topology2_fault_all_t2_a_lvrt_r6_square60_pu0825_d240ms_family_sac_t2_a_lvrt_r6_5563a759fab8_20260803_154035.csv,t2_a_lvrt_r6_square60_pu0825_d240ms,0.825,240,,
hpt_v2_topology2_paper,topology2,fault,lvrt_0825_240ms,sac_actor_always_raw,0,NaN,0.825,0.825,1,1,0.08,0.32,0.24,0,controller_filtered_lv_pu,0.445,204.677919752101,NaN,NaN,NaN,NaN,208.800757814705,213.825884865581,191.610895101948,191.610895101948,211.119141370063,0,0,0,1,206.794284122251,212.158633953642,758.05752826882,698.545053916599,968.296863368503,0.95,0.628987660780145,0.95,0.030653220983457,0.000793807323506855,-0.000400869574296456,0.601556954872741,1,1,1,3,0.04326022642599,0.000936277326777941,-0.000273527488568203,0.601793994315301,0.0286839500438079,0.000859490300464962,-0.000390541704910958,0.601398534046316,12001,22251,5000,22251,0.0267180461023479,-0.0134752208973108,-0.034138197314684,0.950000000000028,0.0420052518165173,-0.00639012892934326,0.847390164934795,0.949999999999972,0.0248633583037716,-0.0130091176006175,-0.111600413531078,0.950000000000022,0.0267180461023479,-0.0134752208973108,-0.034138197314684,0.950000000000028,1.01211035530146,1.06754933235927,0.947571910336025,-0.0121103553014578,0.108747753145596,0.599161174355902,0.945787500597592,1.02301776925948,0.0197135637680887,1.17129184569364,0,0,0.985176589037409,1.0109446610623,0.0522400229268016,1.05564302814914,0.986584451295725,0,1.01096485435124,1.07049299187105,0.0148590463203208,0.932473182492265,0,0.6602,LVRT,0.100656498077046,1,0,0,0,0.100656498077046,1,0,0,0,1,1,0.125,1,0.0329752892057065,1,0.873181317395749,1.21037107921063,1,1,0.721989438492775,0.877331836684419,1,0.00387067412807721,0.998167845902662,1.00145838593645,1.00037095751706,0.00329054003378977,0.941652461362253,0.0581046288549774,0.825100446705472,1.00006175417233,0.999816466084171,0.174961307466862,1,0.000943416272233342,0.999948786365145,0.999619437210279,1.00043160955574,0.000812172345456194,0.831299707032132,0.00485485309806413,0.837110920160883,0.828945469933991,0.831967048902835,0.00816545022689209,0.876052794237433,0.0428610794599979,0.784917012990598,0.923548744246805,0.923888154050602,0.138971141060004,0.92794464527539,0.00141507797735138,0.928858413588001,0.926803204248923,0.929000450150914,0.00219724590199102,1.00117239904649,-0.157752281947688,0.0363380168761484,0.227238925617417,0,1,1.5,0.1,1.370185862784,1.25983013121896,0.944833114686178,1.25983013121896,1.37285879800733,1,Inf,0,1,1,reactive_wrong_sign,0,grid_current_eval_peak_pu=1.260;grid_current_global_peak_pu=1.370;action_max=0.629,1,1,,0,reactive_wrong_sign,0,reactive_wrong_sign,109.914124637217,family_sac_after_finetune,E:\research_space\Hybrid-power-transformer\lab\results\hpt_v2_control_comparison\control_comparison_topology2_fault_all_t2_a_lvrt_r6_square60_pu0825_d240ms_family_sac_t2_a_lvrt_r6_5563a759fab8_20260803_154035.csv,t2_a_lvrt_r6_square60_pu0825_d240ms,0.825,240,E:\research_space\Hybrid-power-transformer\lab\results\hpt_family_specialist_t2_a_lvrt_r6_square60_currentwindow_20260803_r1\eval_sac\family_sac_hpt_sac_actor_weights_dynamic.mat,data\models\hpt_t2_a_lvrt_joint_support_family_sac_r6_20260803.zip
hpt_v2_topology2_paper,topology2,fault,lvrt_0825_300ms,conventional_dq,0,NaN,0.825,0.825,1,1,0.08,0.38,0.3,0,controller_filtered_lv_pu,0.505,204.287547927188,NaN,NaN,NaN,NaN,207.120990237339,210.486534764677,198.562620786549,198.562620786549,210.26336855502,0,0,0,1,206.165435216791,207.950168099407,849.636228031047,799.726215904551,977.392339129142,0.95,0.55264206446224,0.95,0.00692318588473307,0.0574068863168459,0,0,1,1,0,0,0.0585898726487694,0.0344489225828105,0,0,-0.00175155600394539,0.0570315929438065,0,0,15001,25251,5001,25251,-0.000844536056116707,-0.0535012451200443,0.95000000000003,0.95000000000003,0.0589680634417765,-0.0369889686358622,0.949999999999941,0.949999999999941,-0.00912321309772254,-0.0540204036429564,0.950000000000022,0.950000000000022,-0.000844536056116707,-0.0535012451200443,0.95000000000003,0.95000000000003,0.999070411143995,1.01942611041898,1.06204528503881,0.000929588856004085,0.901531151003168,0.0984688489968321,0.993279654459582,1.05229816168767,0.0428511711267701,1.17505828084519,0.1575,0,0.986782845738898,0.973308279501337,0.0560167748467513,1.06244201230974,0.73135124325045,0.266715552296514,1.0005918695835,1.02815617169026,0.0232984579075886,1.06269113861588,0.900819836032793,0.0991801639672066,LVRT,0.134239713944681,1,0,0,0,0.134239713944681,1,0,0,0,1,1,0.125,1,0.00852100251607801,1,0.999657769880689,1.22174042391143,1,1,0.712929142485468,0.857554494949037,1,0.00340644796493205,0.998298069888108,1.00093347190852,1.00076628064241,0.00263540202040962,0.941718966069978,0.0591776952477611,0.824630085745307,1.00027425601167,1.00017397163914,0.17564417026636,1,0.00268259121151528,0.999622540536569,0.999073595083651,1.00130251575528,0.00222892067162564,0.802075197997644,0.00577538536231278,0.811748833728255,0.801564408147001,0.805722153083873,0.0101844255812539,0.856589451285748,0.0422769389762387,0.766654187536988,0.906453999132753,0.902492653164687,0.139799811595765,0.905715265615685,0.00154451408626554,0.908016721186831,0.904899749869962,0.906608407315771,0.00311697131686915,1.11831889925918,-0.136017713252559,0.0726590662311349,0.297963053597825,0,1,1.5,0.1,1.53996192050702,1.26020606221127,1.13734163450713,1.26020606221127,1.55159884767213,1,Inf,0,1,1,reactive_wrong_sign,0,grid_current_eval_peak_pu=1.260;grid_current_global_peak_pu=1.540;action_max=0.553,1,1,,0,reactive_wrong_sign,0,reactive_wrong_sign,112.485210605943,strong_dq,E:\research_space\Hybrid-power-transformer\lab\results\hpt_v2_control_comparison\control_comparison_topology2_fault_all_t2_a_lvrt_r6_square60_pu0825_d300ms_family_sac_t2_a_lvrt_r6_138e20247fe0_20260803_154210.csv,t2_a_lvrt_r6_square60_pu0825_d300ms,0.825,300,,
hpt_v2_topology2_paper,topology2,fault,lvrt_0825_300ms,sac_actor_always_raw,0,NaN,0.825,0.825,1,1,0.08,0.38,0.3,0,controller_filtered_lv_pu,0.505,204.987467628712,NaN,NaN,NaN,NaN,209.414887258381,214.144255432676,191.610895101948,191.610895101948,211.119141370063,0,0,0,1,205.614830428676,212.713732275411,754.669183540439,670.363651307518,968.296863368503,0.95,0.628987660780145,0.95,0.0328076320792948,0.000719441199244665,-0.000455903930809507,0.602057399096087,1,1,1,3,0.0435656118207744,0.00086838411020004,-0.000413039065465002,0.602188587606927,0.0284240876534839,0.0008197334315807,-0.000329110877373369,0.601617137268296,15001,25251,5001,25251,0.0295379081412728,-0.0113259478022521,0.0486751485427174,0.95000000000003,0.0421730448481628,-0.00652621180875695,0.763948783503502,0.949999999999941,0.0248261338263339,-0.0122866419252945,-0.114935758378672,0.950000000000022,0.0295379081412728,-0.0113259478022521,0.0486751485427174,0.95000000000003,1.0095087686502,1.06063799153092,0.943336479425548,-0.0095087686501953,0.257391763463569,0.527983104540655,0.945787500597592,1.02301776925948,0.0197135637680887,1.17129184569364,0,0,0.987033858219478,1.01240901520768,0.0522634841451388,1.03343677020248,0.989267382174522,0,1.0131514960702,1.07227022009986,0.0151874331382178,0.945286340567093,0,0.724855028994201,LVRT,0.100656498077046,1,0,0,0,0.100656498077046,1,0,0,0,1,1,0.125,1,0.0345133112689651,1,0.837954564134397,1.21037107921063,1,1,0.721989438492775,0.878568570648464,1,0.00387067412807721,0.998167845902662,1.00145838593645,1.00037095751706,0.00329054003378977,0.94165561912747,0.0581568119683663,0.825078121243196,1.00016446572436,0.999740790256989,0.17508634448116,1,0.00105202772820589,1.00032368539833,0.999478950344575,1.00019715668922,0.000844735053756795,0.831299707032132,0.00485485309806413,0.837110920160883,0.828945469933991,0.831967048902835,0.00816545022689209,0.877199668796291,0.0427952012947851,0.785951138888189,0.924970335134659,0.924970073449935,0.13901919624647,0.929448998148003,0.000543896289550079,0.929854254363378,0.929330591261909,0.930153556226797,0.000822964964887754,0.979370974588826,-0.145282926538188,0.0362416825620747,0.227238925617417,0,1,1.5,0.1,1.370185862784,1.25983013121896,0.948828043145577,1.25983013121896,1.37285879800733,1,Inf,0,1,1,reactive_wrong_sign,0,grid_current_eval_peak_pu=1.260;grid_current_global_peak_pu=1.370;action_max=0.629,1,1,,0,reactive_wrong_sign,0,reactive_wrong_sign,109.97504095063,family_sac_after_finetune,E:\research_space\Hybrid-power-transformer\lab\results\hpt_v2_control_comparison\control_comparison_topology2_fault_all_t2_a_lvrt_r6_square60_pu0825_d300ms_family_sac_t2_a_lvrt_r6_138e20247fe0_20260803_154210.csv,t2_a_lvrt_r6_square60_pu0825_d300ms,0.825,300,E:\research_space\Hybrid-power-transformer\lab\results\hpt_family_specialist_t2_a_lvrt_r6_square60_currentwindow_20260803_r1\eval_sac\family_sac_hpt_sac_actor_weights_dynamic.mat,data\models\hpt_t2_a_lvrt_joint_support_family_sac_r6_20260803.zip
hpt_v2_topology2_paper,topology2,fault,lvrt_0850_080ms,conventional_dq,0,NaN,0.85,0.85,1,1,0.08,0.16,0.08,0,controller_filtered_lv_pu,0.285,203.893418349706,NaN,NaN,NaN,NaN,206.287964794886,209.006462083604,199.105396910655,199.105396910655,209.006462083604,0,0,0,1,205.328386623374,207.358941248091,851.780792871041,799.726215904551,977.392339129142,0.95,0.55264206446224,0.95,0.0144408505720816,0.0886019226259122,0,0,1,1,0,0,0.0638714997996383,-0.00251635505971997,0,0,0.0149654881357512,0.0891694026626522,0,0,4001,14251,5001,14251,0.013602742946748,-0.0887407420618708,0.950000000000019,0.950000000000019,0.0687722353207846,-0.00606319356084609,0.950000000000017,0.950000000000017,0.013887577474131,-0.0893502331642668,0.950000000000022,0.950000000000022,0.013602742946748,-0.0887407420618708,0.950000000000019,0.950000000000019,0.996613279524623,1.0088683406739,1.0647259910888,0.00338672047537818,0.699017773620206,0.2766604303087,0.993279654459582,1.05229816168767,0.0428511711267701,1.17505828084519,0.1575,0,0.984695304591585,0.975769515496205,0.0470495148211238,1.06576636334217,0.690077480629843,0.309922519370157,0.996035497229876,1.00800403528755,0.022393380035565,1.06485128444187,0.597680463907219,0.381523695260948,LVRT,0.111861820824421,1,0,0,0,0.111861820824421,1,0,0,0,1,1,0.125,1,0.011006947969862,1,0.999657769880689,1.22174042391143,1,1,0.725240815808114,0.857898370297595,1,0.00340644796493205,0.998298069888108,1.00093347190852,1.00076628064241,0.00263540202040962,0.950059324264789,0.0511335577935005,0.849495602221066,0.999927442997521,1.00066556596567,0.151169963744603,1,0.00226527072938224,1.00086192274195,0.998932292579569,1.00020482224743,0.001929630162385,0.802075197997644,0.00577538536231278,0.811748833728255,0.801564408147001,0.805722153083873,0.0101844255812539,0.857211646814107,0.0346658046959231,0.781904493705876,0.900237820358412,0.894055279821673,0.118333326652537,0.888200809497173,0.00182567139990383,0.888696570271181,0.890756601066341,0.887460405476127,0.00329619559021404,1.16741003742638,-0.118089933736037,0.076159615793225,0.211715185208585,0,1,1.5,0.1,1.53996192050702,1.28504528473703,1.19446991259901,1.28504528473703,1.55159884767213,1,Inf,0,1,1,reactive_wrong_sign,0,grid_current_eval_peak_pu=1.285;grid_current_global_peak_pu=1.540;action_max=0.553,1,1,,0,reactive_wrong_sign,0,reactive_wrong_sign,109.232330779425,strong_dq,E:\research_space\Hybrid-power-transformer\lab\results\hpt_v2_control_comparison\control_comparison_topology2_fault_all_t2_a_lvrt_r6_square60_pu0850_d080ms_family_sac_t2_a_lvrt_r6_85c07129c610_20260803_154344.csv,t2_a_lvrt_r6_square60_pu0850_d080ms,0.85,80,,
hpt_v2_topology2_paper,topology2,fault,lvrt_0850_080ms,sac_actor_always_raw,0,NaN,0.85,0.85,1,1,0.08,0.16,0.08,0,controller_filtered_lv_pu,0.285,202.095876737377,NaN,NaN,NaN,NaN,209.251126197136,210.457040113171,193.005286208103,193.005286208103,207.355668263985,0,0,0,1,208.201488785145,210.457040113171,848.86032103022,799.747850682032,968.296863368503,0.95,0.628987660780145,0.95,0.0318953291037837,0.00123675365946856,0.000141968474996585,0.600153448807389,1,1,1,3,0.0440302858139969,0.00104501142116944,0.00024408886082736,0.599779942159949,0.0322082645197035,0.00127189177519853,0.000122048106397783,0.600551771915073,4001,14251,5001,14251,0.0264913321106402,-0.017804576239996,0.950000000000019,0.950000000000019,0.0436919254595055,-0.00545100171391411,0.950000000000017,0.950000000000017,0.0266688369876289,-0.0181020728230789,0.950000000000022,0.950000000000022,0.0264913321106402,-0.017804576239996,0.950000000000019,0.950000000000019,1.01128676028449,1.06864211120275,1.06107540128778,-0.0112867602844862,0,0.624415341440599,0.945787500597592,1.02301776925948,0.0197135637680887,1.17129184569364,0,0,0.972080939607076,0.996921175313333,0.0456903800671197,1.06670187973743,0.958510372406898,0,1.01037957753368,1.06769954434385,0.0169794792615519,1.06125916245147,0,0.728854229154169,LVRT,0.0823926869956664,1,0,0,0,0.0823926869956664,1,0,0,0,1,1,0.125,1,0.0167006768752236,1,0.99968481335254,1.21037107921063,1,1,0.733857658786605,0.864612338746848,1,0.00387067412807721,0.998167845902662,1.00145838593645,1.00037095751706,0.00329054003378977,0.950007239066547,0.0501377746828814,0.849938465996657,0.999966513758887,1.00010587040092,0.150167404404261,1,0.00160149013305587,1.0000042320124,1.00069110106343,0.999304186026332,0.00138691503709548,0.831299707032132,0.00485485309806413,0.837110920160883,0.828945469933991,0.831967048902835,0.00816545022689209,0.863745186337031,0.0369878737467646,0.786048072083419,0.903733021189949,0.904618574146278,0.118570502062858,0.926147279042663,0.00232938075021809,0.924416880928046,0.926714155899294,0.928302353355849,0.00388547242780304,1.08300114889637,-0.157897258769085,0.0396322693556058,0.211863477037897,0,1,1.5,0.1,1.370185862784,1.25605656045846,1.09591345062702,1.25605656045846,1.37285879800733,1,Inf,0,1,1,reactive_wrong_sign,0,grid_current_eval_peak_pu=1.256;grid_current_global_peak_pu=1.370;action_max=0.629,1,1,,0,reactive_wrong_sign,0,reactive_wrong_sign,109.905588973468,family_sac_after_finetune,E:\research_space\Hybrid-power-transformer\lab\results\hpt_v2_control_comparison\control_comparison_topology2_fault_all_t2_a_lvrt_r6_square60_pu0850_d080ms_family_sac_t2_a_lvrt_r6_85c07129c610_20260803_154344.csv,t2_a_lvrt_r6_square60_pu0850_d080ms,0.85,80,E:\research_space\Hybrid-power-transformer\lab\results\hpt_family_specialist_t2_a_lvrt_r6_square60_currentwindow_20260803_r1\eval_sac\family_sac_hpt_sac_actor_weights_dynamic.mat,data\models\hpt_t2_a_lvrt_joint_support_family_sac_r6_20260803.zip
hpt_v2_topology2_paper,topology2,fault,lvrt_0850_120ms,conventional_dq,0,NaN,0.85,0.85,1,1,0.08,0.2,0.12,0,controller_filtered_lv_pu,0.325,203.322266650388,NaN,NaN,NaN,NaN,206.289444779007,209.006462083604,199.105396910655,199.105396910655,209.006462083604,0,0,0,1,205.6779029216,207.230130989211,851.680072336629,799.726215904551,977.392339129142,0.95,0.55264206446224,0.95,0.0111869223073436,0.0891470737429621,0,0,1,1,0,0,0.0590879866212553,0.0242043440601542,0,0,0.0115875374891149,0.0891658784388467,0,0,6001,16251,5001,16251,0.0107876387916631,-0.0892037297390023,0.950000000000022,0.950000000000022,0.0616813868979997,-0.0303496040839664,0.950000000000026,0.950000000000026,0.0111183113116935,-0.0892341658893136,0.950000000000022,0.950000000000022,0.0107876387916631,-0.0892037297390023,0.950000000000022,0.950000000000022,0.996670269359459,1.01044943727536,1.06460009042079,0.00332973064054073,0.303527481542248,0.696472518457752,0.993279654459582,1.05229816168767,0.0428511711267701,1.17505828084519,0.1575,0,0.9829854361659,0.972408001395553,0.0449061734036899,1.06501932799278,0.4600899850025,0.5399100149975,0.996697382439811,1.01037551137011,0.0225268294968971,1.06467358671132,0.300339932013597,0.629074185162967,LVRT,0.111861820824421,1,0,0,0,0.111861820824421,1,0,0,0,1,1,0.125,1,0.0078713411551965,1,0.999657769880689,1.22174042391143,1,1,0.725240815808114,0.855765689287359,1,0.00340644796493205,0.998298069888108,1.00093347190852,1.00076628064241,0.00263540202040962,0.949987339221962,0.049763937608443,0.850107615356985,0.999631429623644,1.00024185888952,0.150134243532536,1,0.00158239220828827,1.00078921070106,0.99964972603191,0.9995605939555,0.00122861674556321,0.802075197997644,0.00577538536231278,0.811748833728255,0.801564408147001,0.805722153083873,0.0101844255812539,0.855102502469499,0.0340237002003378,0.779900150196989,0.897678136152384,0.891647869322676,0.117777985955395,0.890213957520648,0.00237305744950317,0.889362484729698,0.893328404573723,0.890370963559071,0.00396591984402532,1.16360369988088,-0.1180624405144,0.0744994972558373,0.232918799121586,0.00219298245614035,1,1.5,0.1,1.53996192050702,1.28504528473703,1.19626793576249,1.28504528473703,1.55159884767213,1,104.84,0,1,1,reactive_wrong_sign,0,grid_current_eval_peak_pu=1.285;grid_current_global_peak_pu=1.540;action_max=0.553,1,1,,0,reactive_wrong_sign,0,reactive_wrong_sign,110.194409678984,strong_dq,E:\research_space\Hybrid-power-transformer\lab\results\hpt_v2_control_comparison\control_comparison_topology2_fault_all_t2_a_lvrt_r6_square60_pu0850_d120ms_family_sac_t2_a_lvrt_r6_65b84113bca3_20260803_154519.csv,t2_a_lvrt_r6_square60_pu0850_d120ms,0.85,120,,
hpt_v2_topology2_paper,topology2,fault,lvrt_0850_120ms,sac_actor_always_raw,0,NaN,0.85,0.85,1,1,0.08,0.2,0.12,0,controller_filtered_lv_pu,0.325,203.778072736773,NaN,NaN,NaN,NaN,210.082594284335,211.511253261239,193.005286208103,193.005286208103,208.310519475916,0,0,0,1,208.854810444592,211.511253261239,848.479193375055,799.747850682032,968.296863368503,0.95,0.628987660780145,0.95,0.0302480687572566,0.00126272611247852,0.000229605641412836,0.601927953855875,1,1,1,3,0.0435210476048324,0.00100770220325658,9.50666428369724e-05,0.600649912737675,0.0306645143314222,0.00127384173353793,0.000195074451905001,0.60188947420528,6001,16251,5001,16251,0.0251218052027702,-0.0168948239842421,0.948734707360007,0.950000000000022,0.0428703911295422,-0.00557187603649061,0.950000000000026,0.950000000000026,0.0254632958901037,-0.0171335238335945,0.949131407152404,0.950000000000022,0.0251218052027702,-0.0168948239842421,0.948734707360007,0.950000000000022,1.01481811532347,1.07232231138834,1.06059899171882,-0.01481811532347,0.00574241181296144,0.851107465135357,0.945787500597592,1.02301776925948,0.0197135637680887,1.17129184569364,0,0,0.97866064439682,1.00459741545636,0.0457780384510024,1.06474648919069,0.972337943676054,0,1.01419374401268,1.07174437000436,0.0168555210364451,1.06065831676701,0.00559888022395521,0.854829034193161,LVRT,0.0823926869956664,1,0,0,0,0.0823926869956664,1,0,0,0,1,1,0.125,1,0.0217934940156488,1,0.99968481335254,1.21037107921063,1,1,0.733857658786605,0.871680080023754,1,0.00387067412807721,0.998167845902662,1.00145838593645,1.00037095751706,0.00329054003378977,0.949973183441362,0.0494995913648575,0.850227921392322,1.0002992094718,0.999432405918742,0.150071288079482,1,0.0020677784234656,0.999008832320973,1.00023915485739,1.00075121085855,0.00174237853758025,0.831299707032132,0.00485485309806413,0.837110920160883,0.828945469933991,0.831967048902835,0.00816545022689209,0.870768104991809,0.0371070690363195,0.792626107184115,0.911325786715241,0.911739707553758,0.119113600369643,0.929637878223709,0.00173668792131886,0.929963492621653,0.928520329467918,0.931430841398263,0.00291051193034502,1.06496844106442,-0.160002644195253,0.0357781960855631,0.211863477037897,0,1,1.5,0.1,1.370185862784,1.25605656045846,1.0795892084006,1.25605656045846,1.37285879800733,1,Inf,0,1,1,reactive_wrong_sign,0,grid_current_eval_peak_pu=1.256;grid_current_global_peak_pu=1.370;action_max=0.629,1,1,,0,reactive_wrong_sign,0,reactive_wrong_sign,109.735443391028,family_sac_after_finetune,E:\research_space\Hybrid-power-transformer\lab\results\hpt_v2_control_comparison\control_comparison_topology2_fault_all_t2_a_lvrt_r6_square60_pu0850_d120ms_family_sac_t2_a_lvrt_r6_65b84113bca3_20260803_154519.csv,t2_a_lvrt_r6_square60_pu0850_d120ms,0.85,120,E:\research_space\Hybrid-power-transformer\lab\results\hpt_family_specialist_t2_a_lvrt_r6_square60_currentwindow_20260803_r1\eval_sac\family_sac_hpt_sac_actor_weights_dynamic.mat,data\models\hpt_t2_a_lvrt_joint_support_family_sac_r6_20260803.zip
hpt_v2_topology2_paper,topology2,fault,lvrt_0850_160ms,conventional_dq,0,NaN,0.85,0.85,1,1,0.08,0.24,0.16,0,controller_filtered_lv_pu,0.365,203.51229549806,NaN,NaN,NaN,NaN,206.3098928011,209.526740865324,199.105396910655,199.105396910655,209.006462083604,0,0,0,1,205.618362199459,207.66985252021,851.317155662495,799.726215904551,977.392339129142,0.95,0.55264206446224,0.95,0.00913128297890059,0.0868186430989871,0,0,1,1,0,0,0.0586411085650687,0.0341900488829719,0,0,0.00910295069211134,0.0863902902489039,0,0,8000,18251,5000,18251,0.00792981177273383,-0.0865081360160816,0.950000000000024,0.950000000000024,0.0599876298106916,-0.039011432060535,0.950000000000031,0.950000000000031,0.00830616722731409,-0.0861787214044735,0.950000000000022,0.950000000000022,0.00792981177273383,-0.0865081360160816,0.950000000000024,0.950000000000024,0.997079610633625,1.01226263959669,1.06414644457812,0.00292038936637461,0.242512783053324,0.730460189919649,0.993279654459582,1.05229816168767,0.0428511711267701,1.17505828084519,0.1575,0,0.983802844093254,0.972151540048424,0.0463052775773955,1.06447686767456,0.49625,0.500125,0.996936157975208,1.01225539656792,0.0231638336631274,1.06419056683427,0.171,0.8,LVRT,0.111861820824421,1,0,0,0,0.111861820824421,1,0,0,0,1,1,0.125,1,0.00667457874657595,1,0.999657769880689,1.22174042391143,1,1,0.725240815808114,0.855837912083515,1,0.00340644796493205,0.998298069888108,1.00093347190852,1.00076628064241,0.00263540202040962,0.949958805757399,0.0492225755989452,0.850350085410282,0.99946525404389,1.0001226454535,0.149772560043221,1,0.00273929074318938,1.00109592499374,1.00016247728329,0.998740190437677,0.00235573455605808,0.802075197997644,0.00577538536231278,0.811748833728255,0.801564408147001,0.805722153083873,0.0101844255812539,0.855137176838407,0.0346473554263431,0.77924703425527,0.89805809288212,0.892369811948593,0.11881105862685,0.891698103310876,0.0028420317979834,0.88977220298467,0.894921502205635,0.892340838075836,0.00514929922096497,1.15859046086842,-0.12155428231376,0.0730722756656033,0.250984544815471,0.00113122171945701,1,1.5,0.1,1.53996192050702,1.28504528473703,1.18310701451402,1.28504528473703,1.55159884767213,1,104.84,0,1,1,reactive_wrong_sign,0,grid_current_eval_peak_pu=1.285;grid_current_global_peak_pu=1.540;action_max=0.553,1,1,,0,reactive_wrong_sign,0,reactive_wrong_sign,110.874944132787,strong_dq,E:\research_space\Hybrid-power-transformer\lab\results\hpt_v2_control_comparison\control_comparison_topology2_fault_all_t2_a_lvrt_r6_square60_pu0850_d160ms_family_sac_t2_a_lvrt_r6_6749dcc5122e_20260803_154711.csv,t2_a_lvrt_r6_square60_pu0850_d160ms,0.85,160,,
hpt_v2_topology2_paper,topology2,fault,lvrt_0850_160ms,sac_actor_always_raw,0,NaN,0.85,0.85,1,1,0.08,0.24,0.16,0,controller_filtered_lv_pu,0.365,204.08214997259,NaN,NaN,NaN,NaN,211.825958207345,213.337003803268,193.005286208103,193.005286208103,208.310519475916,0,0,0,1,210.375700880931,213.337003803268,845.315106050503,799.747850682032,968.296863368503,0.95,0.628987660780145,0.95,0.0269236519476934,0.001058726616932,0.000386213812919897,0.602598752564848,1,1,1,3,0.0429454874324204,0.000984544051975465,-5.71398843621678e-05,0.601319899337937,0.0267938109042745,0.0010782712911292,0.000404264554661327,0.602565058802786,8000,18251,5000,18251,0.022394317567562,-0.0149834843426344,0.67178379777322,0.950000000000024,0.0423396630665495,-0.00484631239804252,0.949516198711886,0.950000000000031,0.0222753116049277,-0.0149293894912954,0.714498602548936,0.950000000000022,0.022394317567562,-0.0149834843426344,0.67178379777322,0.950000000000024,1.02235540097032,1.08027157895056,1.05664388256313,-0.0223554009703219,0.0151570489408327,0.981738495252009,0.945787500597592,1.02301776925948,0.0197135637680887,1.17129184569364,0,0,0.981400996975655,1.00991151394021,0.0464809960305921,1.06355769403226,0.97925,0,1.02234215647748,1.08035894833216,0.0169225306207813,1.05792355754381,0.0166,0.98,LVRT,0.0823926869956664,1,0,0,0,0.0823926869956664,1,0,0,0,1,1,0.125,1,0.0306135449433216,1,0.99968481335254,1.21037107921063,1,1,0.733857658786605,0.876363125280497,1,0.00387067412807721,0.998167845902662,1.00145838593645,1.00037095751706,0.00329054003378977,0.949984714297746,0.049717967374494,0.850129928912408,1.00034052860952,0.999506422374452,0.150210599697114,1,0.000754503254602945,1.00030603474429,0.999655916651711,1.0000379418589,0.000650118092575943,0.831299707032132,0.00485485309806413,0.837110920160883,0.828945469933991,0.831967048902835,0.00816545022689209,0.875391533135593,0.0373317019098945,0.79683803446028,0.916113826154496,0.916779348429261,0.119941313968981,0.937119528836177,0.000323152204728716,0.9373473841489,0.937362508389806,0.937826611388421,0.000479227239520744,1.04692069360703,-0.158959104928281,0.033437952305814,0.211863477037897,0,1,1.5,0.1,1.370185862784,1.25605656045846,1.04528704747109,1.25605656045846,1.37285879800733,1,Inf,0,1,1,reactive_wrong_sign,0,grid_current_eval_peak_pu=1.256;grid_current_global_peak_pu=1.370;action_max=0.629,1,1,,0,reactive_wrong_sign,0,reactive_wrong_sign,110.023300728467,family_sac_after_finetune,E:\research_space\Hybrid-power-transformer\lab\results\hpt_v2_control_comparison\control_comparison_topology2_fault_all_t2_a_lvrt_r6_square60_pu0850_d160ms_family_sac_t2_a_lvrt_r6_6749dcc5122e_20260803_154711.csv,t2_a_lvrt_r6_square60_pu0850_d160ms,0.85,160,E:\research_space\Hybrid-power-transformer\lab\results\hpt_family_specialist_t2_a_lvrt_r6_square60_currentwindow_20260803_r1\eval_sac\family_sac_hpt_sac_actor_weights_dynamic.mat,data\models\hpt_t2_a_lvrt_joint_support_family_sac_r6_20260803.zip
hpt_v2_topology2_paper,topology2,fault,lvrt_0850_200ms,conventional_dq,0,NaN,0.85,0.85,1,1,0.08,0.28,0.2,0,controller_filtered_lv_pu,0.405,203.889334143511,NaN,NaN,NaN,NaN,206.749094922961,209.675369795157,199.105396910655,199.105396910655,209.675369795157,0,0,0,1,205.834205045904,207.697357516512,851.079251957745,799.726215904551,977.392339129142,0.95,0.55264206446224,0.95,0.00590088548726154,0.0668150418098186,0,0,1,1,0,0,0.0576444165623089,0.038546929665116,0,0,0.00711298084487671,0.0661454748290172,0,0,10001,20251,5001,20251,0.000559970844080564,-0.0649487924057224,0.950000000000026,0.950000000000026,0.0575671821082175,-0.0422455538496415,0.950000000000003,0.950000000000003,0.00183939274078389,-0.0645582764371366,0.950000000000022,0.950000000000022,0.000559970844080564,-0.0649487924057224,0.950000000000026,0.950000000000026,0.998952243133715,1.01720400040749,1.06384906494718,0.00104775686628512,1,0,0.993279654459582,1.05229816168767,0.0428511711267701,1.17505828084519,0.1575,0,0.985241655545191,0.973067317323484,0.0475953165840438,1.06402390737603,0.597040295970403,0.4000599940006,0.998820030781945,1.01658625787215,0.0238603246585743,1.06383430011379,1,0,LVRT,0.111861820824421,1,0,0,0,0.111861820824421,1,0,0,0,1,1,0.125,1,0.00563185968162117,1,0.999657769880689,1.22174042391143,1,1,0.725240815808114,0.856928479114552,1,0.00340644796493205,0.998298069888108,1.00093347190852,1.00076628064241,0.00263540202040962,0.949968577554572,0.0494041769322188,0.850267050313236,0.999685449819129,1.00000027451728,0.149733224204045,1,0.00404052001437192,0.99908502643773,1.00201530437933,0.998896611135263,0.0031186932440713,0.802075197997644,0.00577538536231278,0.811748833728255,0.801564408147001,0.805722153083873,0.0101844255812539,0.856203858032327,0.0355851359636953,0.779498046068563,0.899503893811768,0.894176301589588,0.120005847743205,0.895545218760027,0.00277593874352783,0.892952613584514,0.897892007539727,0.898060160535572,0.0051075469510579,1.15109284489626,-0.124160611425967,0.071198388517677,0.256148102639116,0.000786163522012579,1,1.5,0.1,1.53996192050702,1.28504528473703,1.17346946004682,1.28504528473703,1.55159884767213,1,104.84,0,1,1,reactive_wrong_sign,0,grid_current_eval_peak_pu=1.285;grid_current_global_peak_pu=1.540;action_max=0.553,1,1,,0,reactive_wrong_sign,0,reactive_wrong_sign,110.91823829227,strong_dq,E:\research_space\Hybrid-power-transformer\lab\results\hpt_v2_control_comparison\control_comparison_topology2_fault_all_t2_a_lvrt_r6_square60_pu0850_d200ms_family_sac_t2_a_lvrt_r6_c5f7e473dee5_20260803_154915.csv,t2_a_lvrt_r6_square60_pu0850_d200ms,0.85,200,,
hpt_v2_topology2_paper,topology2,fault,lvrt_0850_200ms,sac_actor_always_raw,0,NaN,0.85,0.85,1,1,0.08,0.28,0.2,0,controller_filtered_lv_pu,0.405,204.71505510323,NaN,NaN,NaN,NaN,209.411840380572,213.143397187778,193.005286208103,193.005286208103,210.498185589333,0,0,0,1,205.486473454276,213.063579606525,765.453808690581,666.332564671807,968.296863368503,0.95,0.628987660780145,0.95,0.0282634708035763,0.00082521546907966,-0.000231306475731402,0.601307461367304,1,1,1,3,0.0427792931745252,0.000968396811109616,-0.000157988101084141,0.601676390126229,0.0275876080121196,0.000841587243295468,-0.000289393986966307,0.601378339106435,10001,20251,5001,20251,0.0246707625600485,-0.0122268681949403,0.0313417360550799,0.950000000000026,0.041738586510205,-0.00587449965335555,0.936130975157842,0.950000000000003,0.0240952250087373,-0.0118629589870393,-0.0975055850123056,0.950000000000022,0.0246707625600485,-0.0122268681949403,0.0313417360550799,0.950000000000026,1.01437108068447,1.07286619089012,0.956817260863227,-0.0143710806844729,0.0167873601053325,0.658327847267939,0.945787500597592,1.02301776925948,0.0197135637680887,1.17129184569364,0,0,0.985171523904622,1.0141421287368,0.0459660340994086,1.06227622509574,0.983401659834017,0,1.01369916122954,1.07274566379047,0.0153066708084791,0.945563697589596,0,0.655268946210758,LVRT,0.0823926869956664,1,0,0,0,0.0823926869956664,1,0,0,0,1,1,0.125,1,0.0296782472839496,1,0.832915705839759,1.21037107921063,1,1,0.733857658786605,0.880077469804878,1,0.00387067412807721,0.998167845902662,1.00145838593645,1.00037095751706,0.00329054003378977,0.950013707319034,0.0502636501730635,0.849883483813648,1.00032780603794,0.999809190500657,0.15044432222429,1,0.000709328241695974,1.0003546010734,0.99982234582711,0.999822958776235,0.000532255246284633,0.831299707032132,0.00485485309806413,0.837110920160883,0.828945469933991,0.831967048902835,0.00816545022689209,0.879077681643528,0.0368769555816623,0.801017074551237,0.919637185733415,0.920278360162704,0.119261285611466,0.929677836309245,0.000584063178641455,0.929575064528963,0.930176691250627,0.930365235462987,0.000790170934023657,1.0301800462893,-0.157700196679111,0.0309692753773121,0.211863477037897,0,1,1.5,0.1,1.370185862784,1.25605656045846,0.974796189318725,1.25605656045846,1.37285879800733,1,Inf,0,1,1,reactive_wrong_sign,0,grid_current_eval_peak_pu=1.256;grid_current_global_peak_pu=1.370;action_max=0.629,1,1,,0,reactive_wrong_sign,0,reactive_wrong_sign,109.413896136984,family_sac_after_finetune,E:\research_space\Hybrid-power-transformer\lab\results\hpt_v2_control_comparison\control_comparison_topology2_fault_all_t2_a_lvrt_r6_square60_pu0850_d200ms_family_sac_t2_a_lvrt_r6_c5f7e473dee5_20260803_154915.csv,t2_a_lvrt_r6_square60_pu0850_d200ms,0.85,200,E:\research_space\Hybrid-power-transformer\lab\results\hpt_family_specialist_t2_a_lvrt_r6_square60_currentwindow_20260803_r1\eval_sac\family_sac_hpt_sac_actor_weights_dynamic.mat,data\models\hpt_t2_a_lvrt_joint_support_family_sac_r6_20260803.zip
hpt_v2_topology2_paper,topology2,fault,lvrt_0850_240ms,conventional_dq,0,NaN,0.85,0.85,1,1,0.08,0.32,0.24,0,controller_filtered_lv_pu,0.445,204.154022422544,NaN,NaN,NaN,NaN,206.731258808073,209.675369795157,199.105396910655,199.105396910655,209.675369795157,0,0,0,1,206.006943750575,207.672792910102,850.943435537799,799.726215904551,977.392339129142,0.95,0.55264206446224,0.95,0.00725355352177827,0.0610801958043821,0,0,1,1,0,0,0.056267939388668,0.0425577943005465,0,0,0.00455169652398519,0.0631197246395153,0,0,12001,22251,5000,22251,0.00529611057132598,-0.0603657871975137,0.950000000000028,0.950000000000028,0.0550657888217879,-0.0453425583970198,0.949999999999972,0.949999999999972,0.00324641804924707,-0.0627040510458181,0.950000000000022,0.950000000000022,0.00529611057132598,-0.0603657871975137,0.950000000000028,0.950000000000028,0.998443006989818,1.01587583213491,1.06367929442225,0.00155699301018281,0.267076093469143,0.727980826842421,0.993279654459582,1.05229816168767,0.0428511711267701,1.17505828084519,0.1575,0,0.986301021235263,0.974069231303463,0.0483156799310692,1.06367153692376,0.664194650445796,0.333388884259645,0.998743082340549,1.01841698595752,0.0223064608115802,1.06380669672453,0.2124,0.781,LVRT,0.111861820824421,1,0,0,0,0.111861820824421,1,0,0,0,1,1,0.125,1,0.00479737318562667,1,0.999657769880689,1.22174042391143,1,1,0.725240815808114,0.858004281932649,1,0.00340644796493205,0.998298069888108,1.00093347190852,1.00076628064241,0.00263540202040962,0.950012015095906,0.0502284247949802,0.84989786572091,1.0001138052656,1.00000633899492,0.15021593954469,1,0.00306790177759781,0.99896207564675,1.00149615787575,0.999540002791113,0.00253408222899485,0.802075197997644,0.00577538536231278,0.811748833728255,0.801564408147001,0.805722153083873,0.0101844255812539,0.857264938748527,0.0360088103853978,0.780412599193152,0.900448203789678,0.895866446894438,0.120035604596525,0.897076664882587,0.00164765730384085,0.895919816027767,0.89806155977619,0.899327568476862,0.00340775244909591,1.14469425669912,-0.125895369539397,0.0694181565573003,0.256148102639116,0.000600961538461538,1,1.5,0.1,1.53996192050702,1.28504528473703,1.17217162646147,1.28504528473703,1.55159884767213,1,104.84,0,1,1,reactive_wrong_sign,0,grid_current_eval_peak_pu=1.285;grid_current_global_peak_pu=1.540;action_max=0.553,1,1,,0,reactive_wrong_sign,0,reactive_wrong_sign,110.868867859441,strong_dq,E:\research_space\Hybrid-power-transformer\lab\results\hpt_v2_control_comparison\control_comparison_topology2_fault_all_t2_a_lvrt_r6_square60_pu0850_d240ms_family_sac_t2_a_lvrt_r6_076f5cb5ef88_20260803_155111.csv,t2_a_lvrt_r6_square60_pu0850_d240ms,0.85,240,,
hpt_v2_topology2_paper,topology2,fault,lvrt_0850_240ms,sac_actor_always_raw,0,NaN,0.85,0.85,1,1,0.08,0.32,0.24,0,controller_filtered_lv_pu,0.445,205.529789703477,NaN,NaN,NaN,NaN,208.395876440319,214.53201679222,193.005286208103,193.005286208103,212.149215853659,0,0,0,1,206.122805063923,212.486326393263,750.542136043509,677.073027335406,968.296863368503,0.95,0.628987660780145,0.95,0.0305520962043042,0.000803961161735387,-0.000432927589011699,0.601667549222522,1,1,1,3,0.042902809089971,0.000942935173479094,-0.000246741008420275,0.601907154222568,0.0286158076541641,0.000866441695713196,-0.000450048054131245,0.60157197493224,12001,22251,5000,22251,0.0268744932315207,-0.0126363286841277,-0.0578325067654437,0.950000000000028,0.0411120361216301,-0.00808228182791785,0.871630764690628,0.949999999999972,0.0252630090346158,-0.0114734431211107,-0.138908633101856,0.950000000000022,0.0268744932315207,-0.0126363286841277,-0.0578325067654437,0.950000000000028,1.01191871741751,1.06730964521952,0.938177670054388,-0.0119187174175072,0.108747753145596,0.599161174355902,0.945787500597592,1.02301776925948,0.0197135637680887,1.17129184569364,0,0,0.989394541759228,1.01782571458601,0.0460413984953237,1.05836792112682,0.986167819348388,0,1.00945685823568,1.06903008898323,0.0148221605263209,0.918053715581822,0,0.6602,LVRT,0.0823926869956664,1,0,0,0,0.0823926869956664,1,0,0,0,1,1,0.125,1,0.0363865545517856,1,0.846341284169257,1.21037107921063,1,1,0.733857658786605,0.883263300773077,1,0.00387067412807721,0.998167845902662,1.00145838593645,1.00037095751706,0.00329054003378977,0.950004062077379,0.0500849547264155,0.849965481319273,1.00042301521111,0.999617431526664,0.150457533891837,1,0.00163633998418951,1.00073035782801,0.99931556098259,0.999953579172295,0.00141479684541593,0.831299707032132,0.00485485309806413,0.837110920160883,0.828945469933991,0.831967048902835,0.00816545022689209,0.882162852606324,0.0369458422331539,0.803971246177463,0.923050531763996,0.923471594011373,0.11950034783391,0.926539982997314,0.000635663638178393,0.927396787482073,0.926269892409595,0.926786174430511,0.00112689507247812,1.01125916378784,-0.15414403501462,0.0289303398252825,0.211863477037897,0,1,1.5,0.1,1.370185862784,1.25605656045846,0.935502512309283,1.25605656045846,1.37285879800733,1,Inf,0,1,1,reactive_wrong_sign,0,grid_current_eval_peak_pu=1.256;grid_current_global_peak_pu=1.370;action_max=0.629,1,1,,0,reactive_wrong_sign,0,reactive_wrong_sign,109.047756428884,family_sac_after_finetune,E:\research_space\Hybrid-power-transformer\lab\results\hpt_v2_control_comparison\control_comparison_topology2_fault_all_t2_a_lvrt_r6_square60_pu0850_d240ms_family_sac_t2_a_lvrt_r6_076f5cb5ef88_20260803_155111.csv,t2_a_lvrt_r6_square60_pu0850_d240ms,0.85,240,E:\research_space\Hybrid-power-transformer\lab\results\hpt_family_specialist_t2_a_lvrt_r6_square60_currentwindow_20260803_r1\eval_sac\family_sac_hpt_sac_actor_weights_dynamic.mat,data\models\hpt_t2_a_lvrt_joint_support_family_sac_r6_20260803.zip
hpt_v2_topology2_paper,topology2,fault,lvrt_0850_300ms,conventional_dq,0,NaN,0.85,0.85,1,1,0.08,0.38,0.3,0,controller_filtered_lv_pu,0.505,204.396011124257,NaN,NaN,NaN,NaN,206.730841674013,209.730340496373,199.105396910655,199.105396910655,209.675369795157,0,0,0,1,206.109624653368,207.773969880627,850.668331500111,799.726215904551,977.392339129142,0.95,0.55264206446224,0.95,0.0125161478976352,0.0630111986425122,0,0,1,1,0,0,0.0550024715670992,0.0463659621091979,0,0,0.00448832508439457,0.0628218308613603,0,0,15001,25251,5001,25251,0.0095245504699729,-0.0618515758662323,0.95000000000003,0.95000000000003,0.0527832566018678,-0.0482611880071151,0.949999999999941,0.949999999999941,0.00278171397265267,-0.0622811118382809,0.950000000000022,0.950000000000022,0.0095245504699729,-0.0618515758662323,0.95000000000003,0.95000000000003,0.997563708577829,1.01191134732236,1.06333541437514,0.00243629142216997,0.459477296726505,0.527983104540655,0.993279654459582,1.05229816168767,0.0428511711267701,1.17505828084519,0.1575,0,0.987357393845021,0.975232539324641,0.0488804954386179,1.06330542435379,0.73135124325045,0.266715552296514,0.998782674093388,1.01864234499234,0.023196211094162,1.06370531813788,0.181163767246551,0.799840031993601,LVRT,0.111861820824421,1,0,0,0,0.111861820824421,1,0,0,0,1,1,0.125,1,0.00430133017696621,1,0.999657769880689,1.22174042391143,1,1,0.725240815808114,0.859172558128339,1,0.00340644796493205,0.998298069888108,1.00093347190852,1.00076628064241,0.00263540202040962,0.950044657642001,0.0508491231609217,0.849620326041121,1.00033857893073,1.00010793341296,0.150718252889613,1,0.00208837535179826,0.999033531559749,1.00082599160594,1.00013965892032,0.00179246004618761,0.802075197997644,0.00577538536231278,0.811748833728255,0.801564408147001,0.805722153083873,0.0101844255812539,0.858422436372072,0.03635601376256,0.78140933574954,0.901491717648724,0.897783147746606,0.120082381899184,0.897369388331307,0.00169458474982846,0.896692884257598,0.897736035767861,0.899727059487184,0.00303417522958592,1.13827600834435,-0.127361192922751,0.0675072459126231,0.256148102639116,0.000454959053685168,1,1.5,0.1,1.53996192050702,1.28504528473703,1.16906210181762,1.28504528473703,1.55159884767213,1,104.84,0,1,1,reactive_wrong_sign,0,grid_current_eval_peak_pu=1.285;grid_current_global_peak_pu=1.540;action_max=0.553,1,1,,0,reactive_wrong_sign,0,reactive_wrong_sign,110.820553545911,strong_dq,E:\research_space\Hybrid-power-transformer\lab\results\hpt_v2_control_comparison\control_comparison_topology2_fault_all_t2_a_lvrt_r6_square60_pu0850_d300ms_family_sac_t2_a_lvrt_r6_cb6bc41bb353_20260803_155318.csv,t2_a_lvrt_r6_square60_pu0850_d300ms,0.85,300,,
hpt_v2_topology2_paper,topology2,fault,lvrt_0850_300ms,sac_actor_always_raw,0,NaN,0.85,0.85,1,1,0.08,0.38,0.3,0,controller_filtered_lv_pu,0.505,205.944684557683,NaN,NaN,NaN,NaN,209.655754664624,213.29920432873,193.005286208103,193.005286208103,212.149215853659,0,0,0,1,205.714056138524,212.801895822998,753.001100766489,671.596668675619,968.296863368503,0.95,0.628987660780145,0.95,0.0325358053113545,0.00070958095400302,-0.00041767598393114,0.601985195807489,1,1,1,3,0.0432563734570677,0.000871904951766999,-0.000385900640740017,0.602263004207897,0.0280499074187332,0.000815763688197418,-0.000278245649211962,0.601539943282561,15001,25251,5001,25251,0.0291583469623969,-0.011685818026302,0.0721196709355194,0.95000000000003,0.0412011651517897,-0.00866838083989452,0.778082556026206,0.949999999999941,0.024504470258089,-0.0121038979966428,-0.106826731376491,0.950000000000022,0.0291583469623969,-0.011685818026302,0.0721196709355194,0.95000000000003,1.01065977242282,1.06206240238689,0.941251375958111,-0.0106597724228175,0.254223864836325,0.527983104540655,0.945787500597592,1.02301776925948,0.0197135637680887,1.17129184569364,0,0,0.991608783826587,1.01945888418948,0.0460674454688364,1.03558639971619,0.988934071061929,0,1.01386770986752,1.07294953616586,0.0154046769741434,0.948070502989598,0,0.72005598880224,LVRT,0.0823926869956664,1,0,0,0,0.0823926869956664,1,0,0,0,1,1,0.125,1,0.0304309387861335,1,0.839495835844524,1.21037107921063,1,1,0.733857658786605,0.884609885923875,1,0.00387067412807721,0.998167845902662,1.00145838593645,1.00037095751706,0.00329054003378977,0.950030943942207,0.0506031529168595,0.849736954926168,1.00072086603408,0.999588206263474,0.150983911107913,1,0.00104992700474347,1.00052291778086,0.999699691371094,0.999777184210469,0.000823226409766726,0.831299707032132,0.00485485309806413,0.837110920160883,0.828945469933991,0.831967048902835,0.00816545022689209,0.883390608725571,0.0368456109247194,0.805175964919889,0.924501457517797,0.924695454622925,0.119519489703036,0.930044909483235,0.000660790963608023,0.93041640955968,0.929831425362987,0.930899224449359,0.00106779908637224,0.987459363247893,-0.140898463034763,0.0286378580578761,0.211863477037897,0,1,1.5,0.1,1.370185862784,1.25605656045846,0.942140701025498,1.25605656045846,1.37285879800733,1,Inf,0,1,1,reactive_wrong_sign,0,grid_current_eval_peak_pu=1.256;grid_current_global_peak_pu=1.370;action_max=0.629,1,1,,0,reactive_wrong_sign,0,reactive_wrong_sign,109.216753102904,family_sac_after_finetune,E:\research_space\Hybrid-power-transformer\lab\results\hpt_v2_control_comparison\control_comparison_topology2_fault_all_t2_a_lvrt_r6_square60_pu0850_d300ms_family_sac_t2_a_lvrt_r6_cb6bc41bb353_20260803_155318.csv,t2_a_lvrt_r6_square60_pu0850_d300ms,0.85,300,E:\research_space\Hybrid-power-transformer\lab\results\hpt_family_specialist_t2_a_lvrt_r6_square60_currentwindow_20260803_r1\eval_sac\family_sac_hpt_sac_actor_weights_dynamic.mat,data\models\hpt_t2_a_lvrt_joint_support_family_sac_r6_20260803.zip
hpt_v2_topology2_paper,topology2,fault,lvrt_0875_080ms,conventional_dq,0,NaN,0.875,0.875,1,1,0.08,0.16,0.08,0,controller_filtered_lv_pu,0.285,204.331493544634,NaN,NaN,NaN,NaN,206.188875752083,208.572905204379,200.354690959386,200.354690959386,208.572905204379,0,0,0,1,205.358921891083,207.249017471076,851.827998303357,799.726215904551,977.392339129142,0.95,0.55264206446224,0.95,0.0140755211470445,0.0908011502330611,0,0,1,1,0,0,0.0562604151017047,-0.0116904845808927,0,0,0.0147567237911983,0.0915630617776542,0,0,4001,14251,5001,14251,0.0131768130371858,-0.0909466428356202,0.950000000000019,0.950000000000019,0.0627267156216018,0.00385248619872927,0.950000000000017,0.950000000000017,0.0136302588891467,-0.0917472861689678,0.950000000000022,0.950000000000022,0.0131768130371858,-0.0909466428356202,0.950000000000019,0.950000000000019,0.996211667368998,1.00885795485164,1.0647849978792,0.00378833263100299,0.465154349859682,0.510523854069224,0.993279654459582,1.05229816168767,0.0428511711267701,1.17505828084519,0.1575,0,0.986542680689364,0.985812003391357,0.0444322386935145,1.06572450158998,0.690077480629843,0.309922519370157,0.995622345332217,1.00795514552588,0.0230443850095629,1.06491896858345,0.397720455908818,0.581483703259348,LVRT,0.0928970577748104,1,0,0,0,0.0928970577748104,1,0,0,0,1,1,0.125,1,0.0113034159310054,1,0.999657769880689,1.22174042391143,1,1,0.746138410378927,0.867073702330035,1,0.00340644796493205,0.998298069888108,1.00093347190852,1.00076628064241,0.00263540202040962,0.958277844718683,0.0403909171104487,0.875582437015974,0.999756886038271,0.999577131156692,0.124174449022298,1,0.00136059476948549,1.00067353203348,0.999581545894894,0.999744575076062,0.00109198613858451,0.802075197997644,0.00577538536231278,0.811748833728255,0.801564408147001,0.805722153083873,0.0101844255812539,0.86629420055521,0.0301437846518058,0.802651801600652,0.902293220310803,0.898462587307245,0.0996414187101514,0.888126972431858,0.00171281747524082,0.888772285533913,0.89044546808182,0.887353770735689,0.00309169734613086,1.16638818917622,-0.109587625844585,0.0660770353396709,0.228051108751967,0,1,1.5,0.1,1.53996192050702,1.25613637674157,1.20200950035966,1.25613637674157,1.55159884767213,1,Inf,0,1,1,reactive_wrong_sign,0,grid_current_eval_peak_pu=1.256;grid_current_global_peak_pu=1.540;action_max=0.553,1,1,,0,reactive_wrong_sign,0,reactive_wrong_sign,109.817970490735,strong_dq,E:\research_space\Hybrid-power-transformer\lab\results\hpt_v2_control_comparison\control_comparison_topology2_fault_all_t2_a_lvrt_r6_square60_pu0875_d080ms_family_sac_t2_a_lvrt_r6_b80c5c73277f_20260803_155510.csv,t2_a_lvrt_r6_square60_pu0875_d080ms,0.875,80,,
hpt_v2_topology2_paper,topology2,fault,lvrt_0875_080ms,sac_actor_always_raw,0,NaN,0.875,0.875,1,1,0.08,0.16,0.08,0,controller_filtered_lv_pu,0.285,202.965724999505,NaN,NaN,NaN,NaN,209.250833254977,210.655430825351,194.296389965036,194.296389965036,207.583855600589,0,0,0,1,208.204995096425,210.472435791818,848.891694481428,799.747850682032,968.296863368503,0.95,0.628987660780145,0.95,0.0317034686699092,0.00128110643662087,0.000148486687301407,0.600544034854137,1,1,1,3,0.0433699723536473,0.00102740623434544,0.000279946981703761,0.600013800836619,0.0320466769523965,0.00129834356968902,0.000137784504654767,0.600930276595871,4001,14251,5001,14251,0.0263047673563049,-0.0177419613624829,0.950000000000019,0.950000000000019,0.0428933768039396,-0.0057468970166281,0.950000000000017,0.950000000000017,0.0265182499940626,-0.018039251081259,0.950000000000022,0.950000000000022,0.0263047673563049,-0.0177419613624829,0.950000000000019,0.950000000000019,1.01127781530425,1.06862805604163,1.06111461810178,-0.0112778153042455,0,0.694340505144995,0.945787500597592,1.02301776925948,0.0197135637680887,1.17129184569364,0,0,0.975946317208947,1.00368826584287,0.0398183000491624,1.0669031336861,0.958510372406898,0,1.01078141126186,1.0676993100487,0.0170972357515817,1.0612619967481,0,0.788642271545691,LVRT,0.0636299032127325,1,0,0,0,0.0636299032127325,1,0,0,0,1,1,0.125,1,0.0176590861128079,1,0.99968481335254,1.21037107921063,1,1,0.745734181652944,0.870637428731747,1,0.00387067412807721,0.998167845902662,1.00145838593645,1.00037095751706,0.00329054003378977,0.958301948738255,0.0409469090195751,0.875329477990607,0.999624605626575,0.999998706743593,0.124669228752986,1,0.00130696970602676,0.999785442589794,1.00064162948216,0.999572607734339,0.00106902174781697,0.831299707032132,0.00485485309806413,0.837110920160883,0.828945469933991,0.831967048902835,0.00816545022689209,0.869890519235288,0.0310226333891571,0.805041997618135,0.903177955517964,0.904523938775674,0.0994819411575395,0.926183511391322,0.00247716648668191,0.924303747405011,0.926781389883367,0.928464627540836,0.00416088013582423,1.08976315229914,-0.150866219057764,0.0314921737235288,0.185184548985528,0,1,1.5,0.1,1.370185862784,1.25164927798565,1.08796248167487,1.25164927798565,1.37285879800733,1,Inf,0,1,1,reactive_wrong_sign,0,grid_current_eval_peak_pu=1.252;grid_current_global_peak_pu=1.370;action_max=0.629,1,1,,0,reactive_wrong_sign,0,reactive_wrong_sign,108.664403610516,family_sac_after_finetune,E:\research_space\Hybrid-power-transformer\lab\results\hpt_v2_control_comparison\control_comparison_topology2_fault_all_t2_a_lvrt_r6_square60_pu0875_d080ms_family_sac_t2_a_lvrt_r6_b80c5c73277f_20260803_155510.csv,t2_a_lvrt_r6_square60_pu0875_d080ms,0.875,80,E:\research_space\Hybrid-power-transformer\lab\results\hpt_family_specialist_t2_a_lvrt_r6_square60_currentwindow_20260803_r1\eval_sac\family_sac_hpt_sac_actor_weights_dynamic.mat,data\models\hpt_t2_a_lvrt_joint_support_family_sac_r6_20260803.zip
hpt_v2_topology2_paper,topology2,fault,lvrt_0875_120ms,conventional_dq,0,NaN,0.875,0.875,1,1,0.08,0.2,0.12,0,controller_filtered_lv_pu,0.325,203.734961349092,NaN,NaN,NaN,NaN,206.245431823249,208.572905204379,200.313539632912,200.313539632912,208.572905204379,0,0,0,1,205.615502091562,207.064320454906,851.676015307312,799.726215904551,977.392339129142,0.95,0.55264206446224,0.95,0.0107243807712977,0.0922771530608096,0,0,1,1,0,0,0.052729546032074,0.0207980751248074,0,0,0.0112146381840599,0.0911718501896262,0,0,6001,16251,5001,16251,0.0102788886297736,-0.0923340147609018,0.950000000000022,0.950000000000022,0.0563378122789334,-0.0263919858463687,0.950000000000026,0.950000000000026,0.0107072246210017,-0.0912417074677519,0.950000000000022,0.950000000000022,0.0102788886297736,-0.0923340147609018,0.950000000000022,0.950000000000022,0.996518449477298,1.01033726259922,1.06459501913414,0.00348155052270131,0.203650533223954,0.796349466776046,0.993279654459582,1.05229816168767,0.0428511711267701,1.17505828084519,0.1575,0,0.984734342528938,0.981019920963802,0.0413632772161213,1.06508247646537,0.4600899850025,0.5399100149975,0.996525010618106,1.01022888054691,0.0221606445041181,1.06467477921464,0.273545290941812,0.726454709058188,LVRT,0.0926982590961937,1,0,0,0,0.0926982590961937,1,0,0,0,1,1,0.125,1,0.00885345296556972,1,0.999657769880689,1.22174042391143,1,1,0.746138410378927,0.863496605811886,1,0.00340644796493205,0.998298069888108,1.00093347190852,1.00076628064241,0.00263540202040962,0.95827526958083,0.0403319317162003,0.875609457762664,0.999541666149246,0.999761434629493,0.124151976866828,1,0.00180295059392233,1.00084198278728,0.999856929471537,0.999300478373836,0.00154150441344397,0.802075197997644,0.00577538536231278,0.811748833728255,0.801564408147001,0.805722153083873,0.0101844255812539,0.862801659881398,0.0289828500070096,0.799790330508132,0.898456999586974,0.894012957833962,0.0986666690788421,0.890083602083202,0.00214603283273718,0.889354479851069,0.892813135860018,0.890404400519866,0.00345865600894941,1.16694977865179,-0.108899612488791,0.0659093064906572,0.231511003160215,0,1,1.5,0.1,1.53996192050702,1.25613637674157,1.19554181392445,1.25613637674157,1.55159884767213,1,Inf,0,1,1,reactive_wrong_sign,0,grid_current_eval_peak_pu=1.256;grid_current_global_peak_pu=1.540;action_max=0.553,1,1,,0,reactive_wrong_sign,0,reactive_wrong_sign,110.06436149194,strong_dq,E:\research_space\Hybrid-power-transformer\lab\results\hpt_v2_control_comparison\control_comparison_topology2_fault_all_t2_a_lvrt_r6_square60_pu0875_d120ms_family_sac_t2_a_lvrt_r6_9ac517f0de23_20260803_155645.csv,t2_a_lvrt_r6_square60_pu0875_d120ms,0.875,120,,
hpt_v2_topology2_paper,topology2,fault,lvrt_0875_120ms,sac_actor_always_raw,0,NaN,0.875,0.875,1,1,0.08,0.2,0.12,0,controller_filtered_lv_pu,0.325,204.360020720919,NaN,NaN,NaN,NaN,209.928001247318,211.214482236328,194.296389965036,194.296389965036,207.891951938801,0,0,0,1,208.733390513877,211.214482236328,848.578794531285,799.747850682032,968.296863368503,0.95,0.628987660780145,0.95,0.0307607440083852,0.0011783598144947,0.000278726134872537,0.600606246215921,1,1,1,3,0.0427487793244347,0.000997008468967778,0.000132877609119561,0.600857634646161,0.0309854727804726,0.00121488415633742,0.000237915930436099,0.600898384715816,6001,16251,5001,16251,0.0256035503811737,-0.0170899878933232,0.94960473889628,0.950000000000022,0.0421684765377898,-0.00527208084108965,0.950000000000026,0.950000000000026,0.0257686648866344,-0.0172496578893885,0.949655612310601,0.950000000000022,0.0256035503811737,-0.0170899878933232,0.94960473889628,0.950000000000022,1.01409729496103,1.07151706367022,1.06072349316411,-0.014097294961029,0,0.665094339622642,0.945787500597592,1.02301776925948,0.0197135637680887,1.17129184569364,0,0,0.981354843401061,1.01144997786296,0.0400590641210459,1.06493831833904,0.972337943676054,0,1.0135722871785,1.07106344784715,0.016950562692358,1.06074620464373,0,0.723455308938212,LVRT,0.0636299032127325,1,0,0,0,0.0636299032127325,1,0,0,0,1,1,0.125,1,0.0203598175668014,1,0.99968481335254,1.21037107921063,1,1,0.745734181652944,0.877675575212821,1,0.00387067412807721,0.998167845902662,1.00145838593645,1.00037095751706,0.00329054003378977,0.958294715472018,0.0407786497810821,0.875405393796985,0.999825154051118,0.999711374487652,0.124419760254133,1,0.00204105948084047,0.998995802938541,1.00066150634287,1.00034190926642,0.00166570340433163,0.831299707032132,0.00485485309806413,0.837110920160883,0.828945469933991,0.831967048902835,0.00816545022689209,0.876865377231725,0.0307800235685226,0.811934914383616,0.910677698540639,0.911389853465742,0.0994549390821256,0.929013880613959,0.00182855834354557,0.929038415228968,0.927990886351481,0.931009321107504,0.00301843475602267,1.06922236635602,-0.152771546582514,0.0282863830665489,0.185184548985528,0,1,1.5,0.1,1.370185862784,1.25164927798565,1.07604544701399,1.25164927798565,1.37285879800733,1,Inf,0,1,1,reactive_wrong_sign,0,grid_current_eval_peak_pu=1.252;grid_current_global_peak_pu=1.370;action_max=0.629,1,1,,0,reactive_wrong_sign,0,reactive_wrong_sign,108.520978064701,family_sac_after_finetune,E:\research_space\Hybrid-power-transformer\lab\results\hpt_v2_control_comparison\control_comparison_topology2_fault_all_t2_a_lvrt_r6_square60_pu0875_d120ms_family_sac_t2_a_lvrt_r6_9ac517f0de23_20260803_155645.csv,t2_a_lvrt_r6_square60_pu0875_d120ms,0.875,120,E:\research_space\Hybrid-power-transformer\lab\results\hpt_family_specialist_t2_a_lvrt_r6_square60_currentwindow_20260803_r1\eval_sac\family_sac_hpt_sac_actor_weights_dynamic.mat,data\models\hpt_t2_a_lvrt_joint_support_family_sac_r6_20260803.zip
hpt_v2_topology2_paper,topology2,fault,lvrt_0875_160ms,conventional_dq,0,NaN,0.875,0.875,1,1,0.08,0.24,0.16,0,controller_filtered_lv_pu,0.365,203.847414933268,NaN,NaN,NaN,NaN,206.437436268879,209.177438850789,200.313539632912,200.313539632912,208.649914304447,0,0,0,1,205.69149134423,207.559698355018,851.33395771486,799.726215904551,977.392339129142,0.95,0.55264206446224,0.95,0.00754192997659887,0.072519463648101,0,0,1,1,0,0,0.0530663683634967,0.0324365028325492,0,0,0.00786126980265704,0.0717309257470664,0,0,8000,18251,5000,18251,0.00609798328653496,-0.0720860330263245,0.950000000000024,0.950000000000024,0.0550156156347786,-0.0368305128420505,0.950000000000031,0.950000000000031,0.00732582828008205,-0.0715924408854388,0.950000000000022,0.950000000000022,0.00609798328653496,-0.0720860330263245,0.950000000000024,0.950000000000024,0.997524866065744,1.01362207391319,1.06416744714358,0.0024751339342553,0.267531044558072,0.730460189919649,0.993279654459582,1.05229816168767,0.0428511711267701,1.17505828084519,0.1575,0,0.985245885372137,0.980069952256464,0.0415090899311254,1.06463346238651,0.493875,0.500125,0.997352300530056,1.01363266698564,0.0244933297340598,1.06420404497364,0.1978,0.8,LVRT,0.0926982590961937,1,0,0,0,0.0926982590961937,1,0,0,0,1,1,0.125,1,0.00632129785396363,1,0.999657769880689,1.22174042391143,1,1,0.735928637887274,0.862934489185631,1,0.00340644796493205,0.998298069888108,1.00093347190852,1.00076628064241,0.00263540202040962,0.958270961155728,0.0402322763743147,0.875654663101607,0.999572813802428,0.999678577003895,0.124023913902288,1,0.00311471857464327,1.00097706755692,1.00056098946391,0.998460122683002,0.0025169448739144,0.802075197997644,0.00577538536231278,0.811748833728255,0.801564408147001,0.805722153083873,0.0101844255812539,0.862281626111669,0.029180357398686,0.798718530667633,0.898335094237559,0.89362618827765,0.0996165635699254,0.892907456226794,0.00312065471327096,0.890706575810706,0.896157685572447,0.894154176922777,0.00545110976174078,1.16334668641992,-0.112905043553763,0.0646643587236012,0.231511003160215,0,1,1.5,0.1,1.53996192050702,1.25613637674157,1.18414039574215,1.25613637674157,1.55159884767213,1,Inf,0,1,1,reactive_wrong_sign,0,grid_current_eval_peak_pu=1.256;grid_current_global_peak_pu=1.540;action_max=0.553,1,1,,0,reactive_wrong_sign,0,reactive_wrong_sign,110.003469885979,strong_dq,E:\research_space\Hybrid-power-transformer\lab\results\hpt_v2_control_comparison\control_comparison_topology2_fault_all_t2_a_lvrt_r6_square60_pu0875_d160ms_family_sac_t2_a_lvrt_r6_6d40cd578d5d_20260803_155820.csv,t2_a_lvrt_r6_square60_pu0875_d160ms,0.875,160,,
hpt_v2_topology2_paper,topology2,fault,lvrt_0875_160ms,sac_actor_always_raw,0,NaN,0.875,0.875,1,1,0.08,0.24,0.16,0,controller_filtered_lv_pu,0.365,204.250236856249,NaN,NaN,NaN,NaN,211.230285741666,212.874734604593,194.296389965036,194.296389965036,207.891951938801,0,0,0,1,209.708379241363,212.874734604593,847.72897199368,799.747850682032,968.296863368503,0.95,0.628987660780145,0.95,0.0274484644864219,0.00119785948114295,0.000393571221637598,0.602788971772773,1,1,1,3,0.0419958353334661,0.000979502566580222,-5.24457211841579e-05,0.601616807220918,0.027396136810763,0.00121259919021778,0.000400393664882749,0.602763957212317,8000,18251,5000,18251,0.0227714544906399,-0.015372629920583,0.887810092075968,0.950000000000024,0.0415588260260786,-0.00424891555246765,0.950000000000031,0.950000000000031,0.0227204461320569,-0.0153558912363877,0.897376199831269,0.950000000000022,0.0227714544906399,-0.015372629920583,0.887810092075968,0.950000000000024,1.01961458771745,1.07736718635259,1.0596612149921,-0.019614587717446,0.0147918188458729,0.976990504017531,0.945787500597592,1.02301776925948,0.0197135637680887,1.17129184569364,0,0,0.982136965181512,1.01690716631994,0.0403123999795139,1.06387290173658,0.97925,0,1.01958244198363,1.07740400560322,0.0168521227766244,1.05970525417784,0.0162,0.9748,LVRT,0.0636299032127325,1,0,0,0,0.0636299032127325,1,0,0,0,1,1,0.125,1,0.0283803604086603,1,0.99968481335254,1.21037107921063,1,1,0.745734181652944,0.882425489370352,1,0.00387067412807721,0.998167845902662,1.00145838593645,1.00037095751706,0.00329054003378977,0.958298894896616,0.0408749232685292,0.875361529186852,0.999868831868512,0.999717858156102,0.124507302681661,1,0.00111917011480289,1.00030013892781,0.999440766600893,1.00025885955448,0.000859372326916888,0.831299707032132,0.00485485309806413,0.837110920160883,0.828945469933991,0.831967048902835,0.00816545022689209,0.881577328562533,0.0312462960047017,0.816023340092129,0.915535877229591,0.916553345237772,0.100530005145644,0.934522357857509,0.000852791841691662,0.935600409933343,0.934129060015616,0.934906658324517,0.0014713499177275,1.05197712468577,-0.152800140390824,0.0255791459618853,0.185184548985528,0,1,1.5,0.1,1.370185862784,1.25164927798565,1.0523685349485,1.25164927798565,1.37285879800733,1,Inf,0,1,1,reactive_wrong_sign,0,grid_current_eval_peak_pu=1.252;grid_current_global_peak_pu=1.370;action_max=0.629,1,1,,0,reactive_wrong_sign,0,reactive_wrong_sign,108.803391736505,family_sac_after_finetune,E:\research_space\Hybrid-power-transformer\lab\results\hpt_v2_control_comparison\control_comparison_topology2_fault_all_t2_a_lvrt_r6_square60_pu0875_d160ms_family_sac_t2_a_lvrt_r6_6d40cd578d5d_20260803_155820.csv,t2_a_lvrt_r6_square60_pu0875_d160ms,0.875,160,E:\research_space\Hybrid-power-transformer\lab\results\hpt_family_specialist_t2_a_lvrt_r6_square60_currentwindow_20260803_r1\eval_sac\family_sac_hpt_sac_actor_weights_dynamic.mat,data\models\hpt_t2_a_lvrt_joint_support_family_sac_r6_20260803.zip
hpt_v2_topology2_paper,topology2,fault,lvrt_0875_200ms,conventional_dq,0,NaN,0.875,0.875,1,1,0.08,0.28,0.2,0,controller_filtered_lv_pu,0.405,204.20231629562,NaN,NaN,NaN,NaN,206.512124069713,209.595733015539,200.313539632912,200.313539632912,209.595733015539,0,0,0,1,205.72104772993,207.880939516278,851.301820378808,799.726215904551,977.392339129142,0.95,0.55264206446224,0.95,0.00627703805791367,0.0701823695695504,0,0,1,1,0,0,0.0515726054918883,0.0400091607783577,0,0,0.00733907628660321,0.0720978139954232,0,0,10001,20251,5001,20251,0.00423726051181182,-0.0693497941357452,0.950000000000026,0.950000000000026,0.0515113775862022,-0.0431300802674725,0.950000000000003,0.950000000000003,0.00676428455637831,-0.0718974173087881,0.950000000000022,0.950000000000022,0.00423726051181182,-0.0693497941357452,0.950000000000026,0.950000000000026,0.998134350234463,1.01554732667003,1.06412727547351,0.00186564976553694,0.340026333113891,0.658327847267939,0.993279654459582,1.05229816168767,0.0428511711267701,1.17505828084519,0.1575,0,0.986650739236499,0.980488787103029,0.0425675441428975,1.06420151746094,0.595140485951405,0.4000599940006,0.997743937340041,1.01425499875457,0.0250001823326994,1.06414806661928,0.264547090581884,0.733453309338132,LVRT,0.0926982590961937,1,0,0,0,0.0926982590961937,1,0,0,0,1,1,0.125,1,0.00617851338198083,1,0.999657769880689,1.22174042391143,1,1,0.735928637887274,0.86352115738014,1,0.00340644796493205,0.998298069888108,1.00093347190852,1.00076628064241,0.00263540202040962,0.958280043402876,0.0404466023859461,0.875559370175923,0.999984750761189,0.999375569625253,0.124425380585266,1,0.00224981386362255,1.00025023179071,1.00082431183354,0.998924506980161,0.00189980485338049,0.802075197997644,0.00577538536231278,0.811748833728255,0.801564408147001,0.805722153083873,0.0101844255812539,0.8628679956134,0.030089199253712,0.79852363729417,0.899381092102375,0.894857559231267,0.100857454808205,0.893358921616949,0.00293303818856755,0.890906842814613,0.896329279918681,0.894973083263916,0.0054224371040681,1.1560169451221,-0.114861450109701,0.062709763042917,0.261231948844719,0,1,1.5,0.1,1.53996192050702,1.25613637674157,1.18372634291522,1.25613637674157,1.55159884767213,1,Inf,0,1,1,reactive_wrong_sign,0,grid_current_eval_peak_pu=1.256;grid_current_global_peak_pu=1.540;action_max=0.553,1,1,,0,reactive_wrong_sign,0,reactive_wrong_sign,111.106389880722,strong_dq,E:\research_space\Hybrid-power-transformer\lab\results\hpt_v2_control_comparison\control_comparison_topology2_fault_all_t2_a_lvrt_r6_square60_pu0875_d200ms_family_sac_t2_a_lvrt_r6_b4a3d6242fe3_20260803_155957.csv,t2_a_lvrt_r6_square60_pu0875_d200ms,0.875,200,,
hpt_v2_topology2_paper,topology2,fault,lvrt_0875_200ms,sac_actor_always_raw,0,NaN,0.875,0.875,1,1,0.08,0.28,0.2,0,controller_filtered_lv_pu,0.405,204.318239395937,NaN,NaN,NaN,NaN,211.910107375188,213.090326168537,194.296389965036,194.296389965036,207.891951938801,0,0,0,1,209.048905760272,213.090326168537,822.830661031405,717.606731876896,968.296863368503,0.95,0.628987660780145,0.95,0.0260107484399556,0.00105082719122058,0.000342995614665213,0.602957319789263,1,1,1,3,0.0411861002867148,0.000971011423410946,-0.000102357861670382,0.601805409571846,0.0253439420244037,0.00101439331434847,0.000391592567466139,0.603031907725358,10001,20251,5001,20251,0.0216760722486025,-0.0143133889895772,0.379140246070272,0.950000000000026,0.0408109183736366,-0.00367255253929292,0.948968057684061,0.950000000000003,0.0210625055318351,-0.0141322232120287,0.313048609860529,0.950000000000022,0.0216760722486025,-0.0143133889895772,0.379140246070272,0.950000000000026,1.02127540194272,1.08002954950379,1.02853832628926,-0.0212754019427164,0.0131665569453588,0.983377221856485,0.945787500597592,1.02301776925948,0.0197135637680887,1.17129184569364,0,0,0.983414729185452,1.02078883350491,0.0399204935344071,1.06309711225671,0.884611538846115,0.0987901209879012,1.02309251953998,1.08128020996766,0.0165614767947337,1.02933509421296,0.015996800639872,0.979804039192162,LVRT,0.0636299032127325,1,0,0,0,0.0636299032127325,1,0,0,0,1,1,0.125,1,0.0294218655484877,1,0.89700841484612,1.21037107921063,1,1,0.745734181652944,0.885812373536948,1,0.00387067412807721,0.998167845902662,1.00145838593645,1.00037095751706,0.00329054003378977,0.958334529937214,0.0416946983985009,0.874987436010175,1.00010042829916,0.999913921695609,0.125112992288984,1,0.00130024232504821,1.00026185507424,0.999353527410118,1.00038430042479,0.00103077301467683,0.831299707032132,0.00485485309806413,0.837110920160883,0.828945469933991,0.831967048902835,0.00816545022689209,0.884948165221257,0.0310704998815205,0.819635995285074,0.918572927950592,0.920054020372792,0.100418025087718,0.937552746544961,0.000286161878949917,0.93778579021325,0.937973390597448,0.938134978231134,0.000349188017884234,1.03789203577207,-0.151663284106524,0.0235607830391407,0.185184548985528,0,1,1.5,0.1,1.370185862784,1.25164927798565,1.01127452187428,1.25164927798565,1.37285879800733,1,Inf,0,1,1,reactive_wrong_sign,0,grid_current_eval_peak_pu=1.252;grid_current_global_peak_pu=1.370;action_max=0.629,1,1,,0,reactive_wrong_sign,0,reactive_wrong_sign,108.925755555271,family_sac_after_finetune,E:\research_space\Hybrid-power-transformer\lab\results\hpt_v2_control_comparison\control_comparison_topology2_fault_all_t2_a_lvrt_r6_square60_pu0875_d200ms_family_sac_t2_a_lvrt_r6_b4a3d6242fe3_20260803_155957.csv,t2_a_lvrt_r6_square60_pu0875_d200ms,0.875,200,E:\research_space\Hybrid-power-transformer\lab\results\hpt_family_specialist_t2_a_lvrt_r6_square60_currentwindow_20260803_r1\eval_sac\family_sac_hpt_sac_actor_weights_dynamic.mat,data\models\hpt_t2_a_lvrt_joint_support_family_sac_r6_20260803.zip
hpt_v2_topology2_paper,topology2,fault,lvrt_0875_240ms,conventional_dq,0,NaN,0.875,0.875,1,1,0.08,0.32,0.24,0,controller_filtered_lv_pu,0.445,204.407349001753,NaN,NaN,NaN,NaN,206.532742204204,209.595733015539,200.313539632912,200.313539632912,209.595733015539,0,0,0,1,205.786717436449,207.889659146164,851.175759659533,799.726215904551,977.392339129142,0.95,0.55264206446224,0.95,0.00995789317622299,0.069943699391786,0,0,1,1,0,0,0.0509782131965626,0.0455950289443249,0,0,0.00713144540772365,0.0720159320823541,0,0,12001,22251,5000,22251,0.00787551875034916,-0.0692701515347771,0.950000000000028,0.950000000000028,0.0500175108485831,-0.0479812141605624,0.949999999999972,0.949999999999972,0.00643280749389567,-0.0717870341427376,0.950000000000022,0.950000000000022,0.00787551875034916,-0.0692701515347771,0.950000000000028,0.950000000000028,0.997752503965221,1.01277254818605,1.06396969957442,0.00224749603477909,0.399490713001798,0.599161174355902,0.993279654459582,1.05229816168767,0.0428511711267701,1.17505828084519,0.1575,0,0.987513907422624,0.980724349111042,0.0427639427016905,1.06391543789613,0.662611449045913,0.333388884259645,0.997829857042085,1.01490834108317,0.0246751291097794,1.06406549512747,0.2644,0.7338,LVRT,0.0926982590961937,1,0,0,0,0.0926982590961937,1,0,0,0,1,1,0.125,1,0.00586126842295276,1,0.999657769880689,1.22174042391143,1,1,0.735928637887274,0.863847130404907,1,0.00340644796493205,0.998298069888108,1.00093347190852,1.00076628064241,0.00263540202040962,0.958294808889903,0.0407917509484673,0.875404422628367,1.00020007541607,0.999337380934099,0.124795652787706,1,0.00162518525480562,1.00002151600016,1.00069248123915,0.99928550751433,0.00140697372481925,0.802075197997644,0.00577538536231278,0.811748833728255,0.801564408147001,0.805722153083873,0.0101844255812539,0.863208724622725,0.0304135409944435,0.798463601140052,0.899914335666823,0.895430457886379,0.10145073452677,0.894007969292397,0.00288253038010654,0.891570646793244,0.896552956385548,0.896111000033494,0.00498230959230431,1.15156757491818,-0.115908882922998,0.0615499237147657,0.261231948844719,0,1,1.5,0.1,1.53996192050702,1.25613637674157,1.17655769393431,1.25613637674157,1.55159884767213,1,Inf,0,1,1,reactive_wrong_sign,0,grid_current_eval_peak_pu=1.256;grid_current_global_peak_pu=1.540;action_max=0.553,1,1,,0,reactive_wrong_sign,0,reactive_wrong_sign,111.061259712597,strong_dq,E:\research_space\Hybrid-power-transformer\lab\results\hpt_v2_control_comparison\control_comparison_topology2_fault_all_t2_a_lvrt_r6_square60_pu0875_d240ms_family_sac_t2_a_lvrt_r6_68e97dde1d72_20260803_160138.csv,t2_a_lvrt_r6_square60_pu0875_d240ms,0.875,240,,
hpt_v2_topology2_paper,topology2,fault,lvrt_0875_240ms,sac_actor_always_raw,0,NaN,0.875,0.875,1,1,0.08,0.32,0.24,0,controller_filtered_lv_pu,0.445,204.378191146035,NaN,NaN,NaN,NaN,208.669865068534,213.146225906288,194.296389965036,194.296389965036,207.891951938801,0,0,0,1,205.596956624375,212.761934860455,760.353349909929,663.702712965743,968.296863368503,0.95,0.628987660780145,0.95,0.0278548385941335,0.00105692785820364,-0.000162729517408725,0.60284583615832,1,1,1,3,0.0400213655331214,0.00101983496764905,-0.000147234339048363,0.601863510067446,0.0277317742410772,0.00099543918832423,-0.000186757833162264,0.603137986640744,12001,22251,5000,22251,0.0250485183660523,-0.00974813471199741,0.0193811353504263,0.950000000000028,0.0397085730045763,-0.00327472408028695,0.933420855139833,0.949999999999972,0.0247624528936161,-0.0103000521988654,-0.158821027318539,0.950000000000022,0.0250485183660523,-0.00974813471199741,0.0193811353504263,0.950000000000028,1.00981167228546,1.06926528453761,0.950441687387411,-0.00981167228545861,0.0139304973037747,0.814559616536848,0.945787500597592,1.02301776925948,0.0197135637680887,1.17129184569364,0,0,0.984399839855936,1.02448058338233,0.0393210350105372,1.06242189845291,0.737188567619365,0.248979251729023,1.01088603001686,1.07027180008028,0.0150415478573613,0.925396644183806,0.0186,0.8026,LVRT,0.0636299032127325,1,0,0,0,0.0636299032127325,1,0,0,0,1,1,0.125,1,0.0296919125907642,1,0.829628391207178,1.21037107921063,1,1,0.745734181652944,0.889044726098772,1,0.00387067412807721,0.998167845902662,1.00145838593645,1.00037095751706,0.00329054003378977,0.958329039880618,0.0415679225570285,0.875045080096817,0.999983735156326,0.999964742652052,0.124938655059509,1,0.000795746447435185,1.00039697151729,0.999823609114638,0.999779300663914,0.000617670853370639,0.831299707032132,0.00485485309806413,0.837110920160883,0.828945469933991,0.831967048902835,0.00816545022689209,0.888134211243548,0.0307919265155324,0.82298996673047,0.921988046250663,0.922904099574156,0.0999141328436863,0.927509418643929,0.000588629831068203,0.927922362701636,0.928274633438689,0.927274014306072,0.00100061913261759,1.02115424395279,-0.150065618858663,0.0212500616348746,0.185184548985528,0,1,1.5,0.1,1.370185862784,1.25164927798565,0.940425620576158,1.25164927798565,1.37285879800733,1,Inf,0,1,1,reactive_wrong_sign,0,grid_current_eval_peak_pu=1.252;grid_current_global_peak_pu=1.370;action_max=0.629,1,1,,0,reactive_wrong_sign,0,reactive_wrong_sign,108.265716743921,family_sac_after_finetune,E:\research_space\Hybrid-power-transformer\lab\results\hpt_v2_control_comparison\control_comparison_topology2_fault_all_t2_a_lvrt_r6_square60_pu0875_d240ms_family_sac_t2_a_lvrt_r6_68e97dde1d72_20260803_160138.csv,t2_a_lvrt_r6_square60_pu0875_d240ms,0.875,240,E:\research_space\Hybrid-power-transformer\lab\results\hpt_family_specialist_t2_a_lvrt_r6_square60_currentwindow_20260803_r1\eval_sac\family_sac_hpt_sac_actor_weights_dynamic.mat,data\models\hpt_t2_a_lvrt_joint_support_family_sac_r6_20260803.zip
hpt_v2_topology2_paper,topology2,fault,lvrt_0875_300ms,conventional_dq,0,NaN,0.875,0.875,1,1,0.08,0.38,0.3,0,controller_filtered_lv_pu,0.505,204.607630513527,NaN,NaN,NaN,NaN,206.571189392105,209.595733015539,200.313539632912,200.313539632912,209.595733015539,0,0,0,1,205.876214991944,207.776472961307,850.913517442896,799.726215904551,977.392339129142,0.95,0.55264206446224,0.95,0.013735650011277,0.0716440556121444,0,0,1,1,0,0,0.0504273283785626,0.0494298564127088,0,0,0.00611414260381898,0.0722948636377264,0,0,15001,25251,5001,25251,0.011223536271461,-0.0708630480611242,0.95000000000003,0.95000000000003,0.0485526624376657,-0.051170800849851,0.949999999999941,0.949999999999941,0.00559296538924107,-0.0720982969834281,0.950000000000022,0.950000000000022,0.011223536271461,-0.0708630480611242,0.95000000000003,0.95000000000003,0.997140844136805,1.00987818990362,1.06364189680362,0.00285915586319497,0.434134107708553,0.527983104540655,0.993279654459582,1.05229816168767,0.0428511711267701,1.17505828084519,0.1575,0,0.988360651228594,0.981301759812823,0.0428922226669354,1.06365023890194,0.730084661022599,0.266715552296514,0.998095493835591,1.01561035085628,0.0238253633464655,1.06395970347062,0.142771445710858,0.799840031993601,LVRT,0.0926982590961937,1,0,0,0,0.0926982590961937,1,0,0,0,1,1,0.125,1,0.00542891308239768,1,0.999657769880689,1.22174042391143,1,1,0.735928637887274,0.864547294382063,1,0.00340644796493205,0.998298069888108,1.00093347190852,1.00076628064241,0.00263540202040962,0.958306171600157,0.0410560780404242,0.875285163767809,1.00032410056874,0.999349680898406,0.125038936800928,1,0.00296368490656502,0.999189908021419,1.00147854683441,0.999329899451917,0.00228863881299596,0.802075197997644,0.00577538536231278,0.811748833728255,0.801564408147001,0.805722153083873,0.0101844255812539,0.86391040498594,0.0305862905232553,0.798939635833063,0.900576043908159,0.896490617668069,0.101636408075096,0.894678349983398,0.00339653206206285,0.891959829857889,0.897282591455953,0.897264052956751,0.00532276159806481,1.14695401948914,-0.117268181470787,0.0597530837433528,0.261231948844719,0.000648088139987038,1,1.5,0.1,1.53996192050702,1.25613637674157,1.17194633875773,1.25613637674157,1.55159884767213,1,267.58,0,1,1,reactive_wrong_sign,0,grid_current_eval_peak_pu=1.256;grid_current_global_peak_pu=1.540;action_max=0.553,1,1,,0,reactive_wrong_sign,0,reactive_wrong_sign,111.013513972662,strong_dq,E:\research_space\Hybrid-power-transformer\lab\results\hpt_v2_control_comparison\control_comparison_topology2_fault_all_t2_a_lvrt_r6_square60_pu0875_d300ms_family_sac_t2_a_lvrt_r6_4e737536cda8_20260803_160318.csv,t2_a_lvrt_r6_square60_pu0875_d300ms,0.875,300,,
hpt_v2_topology2_paper,topology2,fault,lvrt_0875_300ms,sac_actor_always_raw,0,NaN,0.875,0.875,1,1,0.08,0.38,0.3,0,controller_filtered_lv_pu,0.505,204.637577665069,NaN,NaN,NaN,NaN,207.57516480498,208.73459381642,194.296389965036,194.296389965036,208.21662887883,0,0,0,1,206.91392657462,208.236595496106,720.348297328556,678.861744380373,968.296863368503,0.95,0.628987660780145,0.95,0.0323077494102591,0.000876713220202792,-0.000574571388232808,0.602450905498698,1,1,1,3,0.0394885304770273,0.0010053332624424,-0.000246467757171686,0.602003868231308,0.0298505009297784,0.00100877700023066,-0.000574959866299545,0.602319649613912,15001,25251,5001,25251,0.0295600831314331,-0.00964304284910657,0.00265356056857814,0.95000000000003,0.0390706319560314,-0.00335061040485249,0.746005350621148,0.949999999999941,0.0265778568235212,-0.0113228528752572,0.0475401186171426,0.950000000000022,0.0295600831314331,-0.00964304284910657,0.00265356056857814,0.95000000000003,1.00027100566845,1.05859233904627,0.900435371660694,-0.000271005668451834,0.214625131995776,0.527983104540655,0.945787500597592,1.02301776925948,0.0197135637680887,1.17129184569364,0,0,0.986044574949452,1.02846880031659,0.0387453778204874,1.04962698217253,0.720551963202453,0.266648890073995,1.00270668047559,1.06362064505628,0.0140287527922434,0.893403247275811,0,0.660067986402719,LVRT,0.0636299032127325,1,0,0,0,0.0636299032127325,1,0,0,0,1,1,0.125,1,0.00837968027256175,1,0.848577180475467,1.21037107921063,1,1,0.745734181652944,0.892373217076979,1,0.00387067412807721,0.998167845902662,1.00145838593645,1.00037095751706,0.00329054003378977,0.958322751247608,0.0414232802953077,0.875111104847603,0.999941713297794,0.999931297613263,0.124830608450192,1,0.00181920073370608,0.999266632347111,1.00083252277674,0.999900224437425,0.00156589042962757,0.831299707032132,0.00485485309806413,0.837110920160883,0.828945469933991,0.831967048902835,0.00816545022689209,0.891235619148227,0.0305027774478702,0.826478242305219,0.925105532187806,0.926216528097363,0.0997382857921441,0.922484362705935,0.00190765189026893,0.922169238070038,0.921469187433048,0.924485241872589,0.00301605443954114,0.988740445590425,-0.139258540179213,0.0191501136252646,0.185184548985528,0,1,1.5,0.1,1.370185862784,1.25164927798565,0.911551296540065,1.25164927798565,1.37285879800733,1,Inf,0,1,1,reactive_wrong_sign,0,grid_current_eval_peak_pu=1.252;grid_current_global_peak_pu=1.370;action_max=0.629,1,1,,0,reactive_wrong_sign,0,reactive_wrong_sign,107.994899387403,family_sac_after_finetune,E:\research_space\Hybrid-power-transformer\lab\results\hpt_v2_control_comparison\control_comparison_topology2_fault_all_t2_a_lvrt_r6_square60_pu0875_d300ms_family_sac_t2_a_lvrt_r6_4e737536cda8_20260803_160318.csv,t2_a_lvrt_r6_square60_pu0875_d300ms,0.875,300,E:\research_space\Hybrid-power-transformer\lab\results\hpt_family_specialist_t2_a_lvrt_r6_square60_currentwindow_20260803_r1\eval_sac\family_sac_hpt_sac_actor_weights_dynamic.mat,data\models\hpt_t2_a_lvrt_joint_support_family_sac_r6_20260803.zip
